{
  "credit": "MadewithBlockbench",
  "ambientocclusion": false,
  "texture_size": [
    64,
    64
  ],
  "textures": {
    "1": "elitecreatures:exotic_garden_decoration_v1/pot_1"
  },
  "elements": [
    {
      "from": [
        2,
        3,
        2
      ],
      "to": [
        14,
        14,
        14
      ],
      "rotation": {
        "angle": 0,
        "axis": "y",
        "origin": [
          8,
          8.5,
          8
        ]
      },
      "faces": {
        "north": {
          "uv": [
            0,
            10.25,
            3,
            13
          ],
          "texture": "#1"
        },
        "east": {
          "uv": [
            3,
            10.25,
            0,
            13
          ],
          "texture": "#1"
        },
        "south": {
          "uv": [
            0,
            10.25,
            3,
            13
          ],
          "texture": "#1"
        },
        "west": {
          "uv": [
            3,
            10.25,
            0,
            13
          ],
          "texture": "#1"
        },
        "up": {
          "uv": [
            0,
            13,
            3,
            15.75
          ],
          "texture": "#1"
        },
        "down": {
          "uv": [
            0,
            13,
            3,
            15.75
          ],
          "texture": "#1"
        }
      }
    },
    {
      "from": [
        4,
        14,
        4
      ],
      "to": [
        12,
        16,
        12
      ],
      "rotation": {
        "angle": 0,
        "axis": "y",
        "origin": [
          8,
          8.5,
          8
        ]
      },
      "faces": {
        "north": {
          "uv": [
            0.5,
            11,
            2.5,
            11.5
          ],
          "texture": "#1"
        },
        "east": {
          "uv": [
            2.5,
            11,
            0.5,
            11.5
          ],
          "texture": "#1"
        },
        "south": {
          "uv": [
            0.5,
            11,
            2.5,
            11.5
          ],
          "texture": "#1"
        },
        "west": {
          "uv": [
            2.5,
            11,
            0.5,
            11.5
          ],
          "texture": "#1"
        },
        "up": {
          "uv": [
            0.5,
            13.75,
            2.5,
            15.75
          ],
          "texture": "#1"
        }
      }
    },
    {
      "from": [
        7.5,
        0,
        7.5
      ],
      "to": [
        8.5,
        6,
        8.5
      ],
      "rotation": {
        "angle": 0,
        "axis": "y",
        "origin": [
          8,
          0,
          8
        ]
      },
      "faces": {
        "north": {
          "uv": [
            0,
            15.75,
            1.5,
            16
          ],
          "rotation": 90,
          "texture": "#1"
        },
        "east": {
          "uv": [
            1.5,
            15.75,
            0,
            16
          ],
          "rotation": 90,
          "texture": "#1"
        },
        "south": {
          "uv": [
            0,
            15.75,
            1.5,
            16
          ],
          "rotation": 90,
          "texture": "#1"
        },
        "west": {
          "uv": [
            1.5,
            15.75,
            0,
            16
          ],
          "rotation": 90,
          "texture": "#1"
        },
        "up": {
          "uv": [
            1.5,
            15.75,
            1.75,
            16
          ],
          "texture": "#1"
        },
        "down": {
          "uv": [
            1.5,
            15.75,
            1.75,
            16
          ],
          "texture": "#1"
        }
      }
    },
    {
      "from": [
        4,
        4,
        4
      ],
      "to": [
        12,
        12,
        12
      ],
      "rotation": {
        "angle": -45,
        "axis": "z",
        "origin": [
          9,
          0,
          8
        ]
      },
      "faces": {
        "north": {
          "uv": [
            0.5,
            10.75,
            2.5,
            12.75
          ],
          "texture": "#1"
        },
        "east": {
          "uv": [
            2.5,
            10.75,
            0.5,
            12.75
          ],
          "texture": "#1"
        },
        "south": {
          "uv": [
            0.5,
            10.75,
            2.5,
            12.75
          ],
          "texture": "#1"
        },
        "west": {
          "uv": [
            2.5,
            10.75,
            0.5,
            12.75
          ],
          "texture": "#1"
        },
        "up": {
          "uv": [
            0.5,
            13.5,
            2.5,
            15.5
          ],
          "texture": "#1"
        },
        "down": {
          "uv": [
            0.5,
            13.5,
            2.5,
            15.5
          ],
          "texture": "#1"
        }
      }
    },
    {
      "from": [
        7.35,
        0,
        7.6
      ],
      "to": [
        8.15,
        6,
        8.4
      ],
      "rotation": {
        "angle": -45,
        "axis": "z",
        "origin": [
          9,
          0,
          8
        ]
      },
      "faces": {
        "north": {
          "uv": [
            0,
            15.75,
            1.5,
            16
          ],
          "rotation": 90,
          "texture": "#1"
        },
        "east": {
          "uv": [
            1.5,
            15.75,
            0,
            16
          ],
          "rotation": 90,
          "texture": "#1"
        },
        "south": {
          "uv": [
            0,
            15.75,
            1.5,
            16
          ],
          "rotation": 90,
          "texture": "#1"
        },
        "west": {
          "uv": [
            1.5,
            15.75,
            0,
            16
          ],
          "rotation": 90,
          "texture": "#1"
        },
        "up": {
          "uv": [
            1.5,
            15.75,
            1.75,
            16
          ],
          "texture": "#1"
        },
        "down": {
          "uv": [
            1.5,
            15.75,
            1.75,
            16
          ],
          "texture": "#1"
        }
      }
    },
    {
      "from": [
        4,
        4,
        4
      ],
      "to": [
        12,
        12,
        12
      ],
      "rotation": {
        "angle": 45,
        "axis": "z",
        "origin": [
          7,
          0,
          8
        ]
      },
      "faces": {
        "north": {
          "uv": [
            2.5,
            10.75,
            0.5,
            12.75
          ],
          "texture": "#1"
        },
        "east": {
          "uv": [
            0.5,
            10.75,
            2.5,
            12.75
          ],
          "texture": "#1"
        },
        "south": {
          "uv": [
            2.5,
            10.75,
            0.5,
            12.75
          ],
          "texture": "#1"
        },
        "west": {
          "uv": [
            0.5,
            10.75,
            2.5,
            12.75
          ],
          "texture": "#1"
        },
        "up": {
          "uv": [
            2.5,
            13.5,
            0.5,
            15.5
          ],
          "texture": "#1"
        },
        "down": {
          "uv": [
            2.5,
            13.5,
            0.5,
            15.5
          ],
          "texture": "#1"
        }
      }
    },
    {
      "from": [
        7.85,
        0,
        7.6
      ],
      "to": [
        8.65,
        6,
        8.4
      ],
      "rotation": {
        "angle": 45,
        "axis": "z",
        "origin": [
          7,
          0,
          8
        ]
      },
      "faces": {
        "north": {
          "uv": [
            0,
            16,
            1.5,
            15.75
          ],
          "rotation": 90,
          "texture": "#1"
        },
        "east": {
          "uv": [
            1.5,
            16,
            0,
            15.75
          ],
          "rotation": 90,
          "texture": "#1"
        },
        "south": {
          "uv": [
            0,
            16,
            1.5,
            15.75
          ],
          "rotation": 90,
          "texture": "#1"
        },
        "west": {
          "uv": [
            1.5,
            16,
            0,
            15.75
          ],
          "rotation": 90,
          "texture": "#1"
        },
        "up": {
          "uv": [
            1.75,
            15.75,
            1.5,
            16
          ],
          "texture": "#1"
        },
        "down": {
          "uv": [
            1.75,
            15.75,
            1.5,
            16
          ],
          "texture": "#1"
        }
      }
    },
    {
      "from": [
        4,
        5,
        5
      ],
      "to": [
        12,
        13,
        13
      ],
      "rotation": {
        "angle": -45,
        "axis": "x",
        "origin": [
          7,
          0,
          8
        ]
      },
      "faces": {
        "north": {
          "uv": [
            0.5,
            10.75,
            2.5,
            12.75
          ],
          "texture": "#1"
        },
        "east": {
          "uv": [
            2.5,
            10.75,
            0.5,
            12.75
          ],
          "texture": "#1"
        },
        "south": {
          "uv": [
            0.5,
            10.75,
            2.5,
            12.75
          ],
          "texture": "#1"
        },
        "west": {
          "uv": [
            2.5,
            10.75,
            0.5,
            12.75
          ],
          "texture": "#1"
        },
        "up": {
          "uv": [
            2.5,
            13.5,
            0.5,
            15.5
          ],
          "rotation": 90,
          "texture": "#1"
        },
        "down": {
          "uv": [
            2.5,
            13.5,
            0.5,
            15.5
          ],
          "rotation": 270,
          "texture": "#1"
        }
      }
    },
    {
      "from": [
        7.6,
        1,
        8.85
      ],
      "to": [
        8.4,
        7,
        9.65
      ],
      "rotation": {
        "angle": -45,
        "axis": "x",
        "origin": [
          7,
          0,
          8
        ]
      },
      "faces": {
        "north": {
          "uv": [
            1.5,
            16,
            0,
            15.75
          ],
          "rotation": 90,
          "texture": "#1"
        },
        "east": {
          "uv": [
            0,
            16,
            1.5,
            15.75
          ],
          "rotation": 90,
          "texture": "#1"
        },
        "south": {
          "uv": [
            1.5,
            16,
            0,
            15.75
          ],
          "rotation": 90,
          "texture": "#1"
        },
        "west": {
          "uv": [
            0,
            16,
            1.5,
            15.75
          ],
          "rotation": 90,
          "texture": "#1"
        },
        "up": {
          "uv": [
            1.75,
            15.75,
            1.5,
            16
          ],
          "rotation": 90,
          "texture": "#1"
        },
        "down": {
          "uv": [
            1.75,
            15.75,
            1.5,
            16
          ],
          "rotation": 270,
          "texture": "#1"
        }
      }
    },
    {
      "from": [
        4,
        5,
        3
      ],
      "to": [
        12,
        13,
        11
      ],
      "rotation": {
        "angle": 45,
        "axis": "x",
        "origin": [
          7,
          0,
          8
        ]
      },
      "faces": {
        "north": {
          "uv": [
            2.5,
            10.75,
            0.5,
            12.75
          ],
          "texture": "#1"
        },
        "east": {
          "uv": [
            0.5,
            10.75,
            2.5,
            12.75
          ],
          "texture": "#1"
        },
        "south": {
          "uv": [
            2.5,
            10.75,
            0.5,
            12.75
          ],
          "texture": "#1"
        },
        "west": {
          "uv": [
            0.5,
            10.75,
            2.5,
            12.75
          ],
          "texture": "#1"
        },
        "up": {
          "uv": [
            0.5,
            13.5,
            2.5,
            15.5
          ],
          "rotation": 90,
          "texture": "#1"
        },
        "down": {
          "uv": [
            0.5,
            13.5,
            2.5,
            15.5
          ],
          "rotation": 270,
          "texture": "#1"
        }
      }
    },
    {
      "from": [
        7.6,
        1,
        6.35
      ],
      "to": [
        8.4,
        7,
        7.15
      ],
      "rotation": {
        "angle": 45,
        "axis": "x",
        "origin": [
          7,
          0,
          8
        ]
      },
      "faces": {
        "north": {
          "uv": [
            1.5,
            15.75,
            0,
            16
          ],
          "rotation": 90,
          "texture": "#1"
        },
        "east": {
          "uv": [
            0,
            15.75,
            1.5,
            16
          ],
          "rotation": 90,
          "texture": "#1"
        },
        "south": {
          "uv": [
            1.5,
            15.75,
            0,
            16
          ],
          "rotation": 90,
          "texture": "#1"
        },
        "west": {
          "uv": [
            0,
            15.75,
            1.5,
            16
          ],
          "rotation": 90,
          "texture": "#1"
        },
        "up": {
          "uv": [
            1.5,
            15.75,
            1.75,
            16
          ],
          "rotation": 90,
          "texture": "#1"
        },
        "down": {
          "uv": [
            1.5,
            15.75,
            1.75,
            16
          ],
          "rotation": 270,
          "texture": "#1"
        }
      }
    }
  ],
  "display": {
    "thirdperson_righthand": {
      "translation": [
        0,
        3.75,
        1.5
      ],
      "scale": [
        0.5,
        0.5,
        0.5
      ]
    },
    "thirdperson_lefthand": {
      "rotation": [
        2,
        0,
        0
      ],
      "translation": [
        0,
        4,
        1.25
      ],
      "scale": [
        0.5,
        0.5,
        0.5
      ]
    },
    "firstperson_lefthand": {
      "translation": [
        10.25,
        0,
        0
      ]
    },
    "ground": {
      "translation": [
        0.5,
        1,
        -0.75
      ],
      "scale": [
        0.5,
        0.5,
        0.5
      ]
    },
    "gui": {
      "rotation": [
        9,
        -40,
        0
      ],
      "scale": [
        0.7,
        0.7,
        0.7
      ]
    },
    "head": {
      "translation": [
        0,
        -27.25,
        0
      ],
      "scale": [
        2,
        2,
        2
      ]
    },
    "fixed": {
      "translation": [
        -0.25,
        0,
        -0.25
      ],
      "scale": [
        0.7,
        0.7,
        0.7
      ]
    }
  },
  "groups": [
    {
      "name": "vase1",
      "origin": [
        -7,
        14.5,
        8
      ],
      "color": 0,
      "children": [
        {
          "name": "group",
          "origin": [
            8,
            8,
            8
          ],
          "color": 0,
          "children": [
            0,
            1,
            2,
            {
              "name": "group",
              "origin": [
                8.5,
                9,
                8
              ],
              "color": 0,
              "children": [
                3,
                4
              ]
            },
            {
              "name": "group",
              "origin": [
                8.5,
                9,
                8
              ],
              "color": 0,
              "children": [
                5,
                6
              ]
            },
            {
              "name": "group",
              "origin": [
                8.5,
                9,
                8
              ],
              "color": 0,
              "children": [
                7,
                8
              ]
            },
            {
              "name": "group",
              "origin": [
                8.5,
                9,
                8
              ],
              "color": 0,
              "children": [
                9,
                10
              ]
            }
          ]
        }
      ]
    }
  ]
}