{
  "credit": "MadewithBlockbench",
  "ambientocclusion": false,
  "texture_size": [
    64,
    64
  ],
  "textures": {
    "1": "elitecreatures:exotic_garden_decoration_v1/pot_1"
  },
  "elements": [
    {
      "from": [
        7,
        11,
        7
      ],
      "to": [
        9,
        13,
        9
      ],
      "rotation": {
        "angle": 0,
        "axis": "y",
        "origin": [
          8,
          -2,
          8
        ]
      },
      "faces": {
        "north": {
          "uv": [
            11,
            7.5,
            10.5,
            8
          ],
          "texture": "#1"
        },
        "east": {
          "uv": [
            11,
            7.5,
            10.5,
            8
          ],
          "texture": "#1"
        },
        "south": {
          "uv": [
            11,
            7.5,
            10.5,
            8
          ],
          "texture": "#1"
        },
        "west": {
          "uv": [
            11,
            7.5,
            10.5,
            8
          ],
          "texture": "#1"
        },
        "up": {
          "uv": [
            11,
            7,
            10.5,
            7.5
          ],
          "texture": "#1"
        },
        "down": {
          "uv": [
            11,
            6.5,
            10.5,
            7
          ],
          "texture": "#1"
        }
      }
    },
    {
      "from": [
        6,
        13,
        8
      ],
      "to": [
        10,
        15,
        8
      ],
      "rotation": {
        "angle": -45,
        "axis": "y",
        "origin": [
          8,
          14,
          8
        ]
      },
      "faces": {
        "north": {
          "uv": [
            11.5,
            6,
            10.5,
            6.5
          ],
          "texture": "#1"
        },
        "south": {
          "uv": [
            10.5,
            6,
            11.5,
            6.5
          ],
          "texture": "#1"
        }
      }
    },
    {
      "from": [
        6,
        13,
        8
      ],
      "to": [
        10,
        15,
        8
      ],
      "rotation": {
        "angle": 45,
        "axis": "y",
        "origin": [
          8,
          14,
          8
        ]
      },
      "faces": {
        "north": {
          "uv": [
            11.5,
            6,
            10.5,
            6.5
          ],
          "texture": "#1"
        },
        "south": {
          "uv": [
            10.5,
            6,
            11.5,
            6.5
          ],
          "texture": "#1"
        }
      }
    },
    {
      "from": [
        4.07589,
        4.62686,
        4
      ],
      "to": [
        4.07589,
        9.62686,
        12
      ],
      "rotation": {
        "angle": 45,
        "axis": "z",
        "origin": [
          4.1,
          4.65,
          8
        ]
      },
      "faces": {
        "north": {
          "uv": [
            11,
            0,
            15,
            0.5
          ],
          "texture": "#1"
        },
        "east": {
          "uv": [
            7.75,
            9.25,
            9.75,
            10.5
          ],
          "texture": "#1"
        },
        "south": {
          "uv": [
            11,
            0,
            15,
            0.5
          ],
          "texture": "#1"
        },
        "west": {
          "uv": [
            9.75,
            9.25,
            7.75,
            10.5
          ],
          "texture": "#1"
        },
        "up": {
          "uv": [
            11,
            4,
            7,
            0
          ],
          "texture": "#1"
        },
        "down": {
          "uv": [
            10.5,
            4,
            6.5,
            8
          ],
          "texture": "#1"
        }
      }
    },
    {
      "from": [
        -4.42711,
        8.12589,
        4
      ],
      "to": [
        0.57289,
        8.12589,
        12
      ],
      "rotation": {
        "angle": -22.5,
        "axis": "z",
        "origin": [
          0.6,
          8.15,
          8
        ]
      },
      "faces": {
        "north": {
          "uv": [
            11,
            0,
            15,
            0.5
          ],
          "rotation": 90,
          "texture": "#1"
        },
        "east": {
          "uv": [
            10.5,
            4,
            6.5,
            8
          ],
          "rotation": 270,
          "texture": "#1"
        },
        "south": {
          "uv": [
            11,
            0,
            15,
            0.5
          ],
          "rotation": 270,
          "texture": "#1"
        },
        "west": {
          "uv": [
            11,
            4,
            7,
            0
          ],
          "rotation": 270,
          "texture": "#1"
        },
        "up": {
          "uv": [
            7.75,
            10.5,
            9.75,
            11.75
          ],
          "rotation": 270,
          "texture": "#1"
        },
        "down": {
          "uv": [
            9.75,
            10.5,
            7.75,
            11.75
          ],
          "rotation": 270,
          "texture": "#1"
        }
      }
    },
    {
      "from": [
        6,
        0,
        4
      ],
      "to": [
        6,
        5,
        12
      ],
      "rotation": {
        "angle": 22.5,
        "axis": "z",
        "origin": [
          6,
          0,
          8
        ]
      },
      "faces": {
        "north": {
          "uv": [
            11,
            0,
            15,
            0.5
          ],
          "texture": "#1"
        },
        "east": {
          "uv": [
            7.75,
            8,
            9.75,
            9.25
          ],
          "texture": "#1"
        },
        "south": {
          "uv": [
            11,
            0,
            15,
            0.5
          ],
          "texture": "#1"
        },
        "west": {
          "uv": [
            9.75,
            8,
            7.75,
            9.25
          ],
          "texture": "#1"
        },
        "up": {
          "uv": [
            11,
            4,
            7,
            0
          ],
          "texture": "#1"
        },
        "down": {
          "uv": [
            10.5,
            4,
            6.5,
            8
          ],
          "texture": "#1"
        }
      }
    },
    {
      "from": [
        11.92411,
        4.62686,
        4
      ],
      "to": [
        11.92411,
        9.62686,
        12
      ],
      "rotation": {
        "angle": -45,
        "axis": "z",
        "origin": [
          11.9,
          4.65,
          8
        ]
      },
      "faces": {
        "north": {
          "uv": [
            15,
            0,
            11,
            0.5
          ],
          "texture": "#1"
        },
        "east": {
          "uv": [
            7.75,
            9.25,
            9.75,
            10.5
          ],
          "texture": "#1"
        },
        "south": {
          "uv": [
            15,
            0,
            11,
            0.5
          ],
          "texture": "#1"
        },
        "west": {
          "uv": [
            9.75,
            9.25,
            7.75,
            10.5
          ],
          "texture": "#1"
        },
        "up": {
          "uv": [
            7,
            4,
            11,
            0
          ],
          "texture": "#1"
        },
        "down": {
          "uv": [
            6.5,
            4,
            10.5,
            8
          ],
          "texture": "#1"
        }
      }
    },
    {
      "from": [
        15.42711,
        8.12589,
        4
      ],
      "to": [
        20.42711,
        8.12589,
        12
      ],
      "rotation": {
        "angle": 22.5,
        "axis": "z",
        "origin": [
          15.4,
          8.15,
          8
        ]
      },
      "faces": {
        "north": {
          "uv": [
            11,
            0.5,
            15,
            0
          ],
          "rotation": 90,
          "texture": "#1"
        },
        "east": {
          "uv": [
            11,
            0,
            7,
            4
          ],
          "rotation": 270,
          "texture": "#1"
        },
        "south": {
          "uv": [
            11,
            0.5,
            15,
            0
          ],
          "rotation": 270,
          "texture": "#1"
        },
        "west": {
          "uv": [
            10.5,
            8,
            6.5,
            4
          ],
          "rotation": 270,
          "texture": "#1"
        },
        "up": {
          "uv": [
            7.75,
            11.75,
            9.75,
            10.5
          ],
          "rotation": 270,
          "texture": "#1"
        },
        "down": {
          "uv": [
            9.75,
            11.75,
            7.75,
            10.5
          ],
          "rotation": 270,
          "texture": "#1"
        }
      }
    },
    {
      "from": [
        10,
        0,
        4
      ],
      "to": [
        10,
        5,
        12
      ],
      "rotation": {
        "angle": -22.5,
        "axis": "z",
        "origin": [
          10,
          0,
          8
        ]
      },
      "faces": {
        "north": {
          "uv": [
            15,
            0,
            11,
            0.5
          ],
          "texture": "#1"
        },
        "east": {
          "uv": [
            7.75,
            8,
            9.75,
            9.25
          ],
          "texture": "#1"
        },
        "south": {
          "uv": [
            15,
            0,
            11,
            0.5
          ],
          "texture": "#1"
        },
        "west": {
          "uv": [
            9.75,
            8,
            7.75,
            9.25
          ],
          "texture": "#1"
        },
        "up": {
          "uv": [
            7,
            4,
            11,
            0
          ],
          "texture": "#1"
        },
        "down": {
          "uv": [
            6.5,
            4,
            10.5,
            8
          ],
          "texture": "#1"
        }
      }
    },
    {
      "from": [
        4,
        4.62686,
        12.02411
      ],
      "to": [
        12,
        9.62686,
        12.02411
      ],
      "rotation": {
        "angle": 45,
        "axis": "x",
        "origin": [
          8,
          4.65,
          12
        ]
      },
      "faces": {
        "north": {
          "uv": [
            9.75,
            9.25,
            7.75,
            10.5
          ],
          "texture": "#1"
        },
        "east": {
          "uv": [
            15,
            0,
            11,
            0.5
          ],
          "texture": "#1"
        },
        "south": {
          "uv": [
            7.75,
            9.25,
            9.75,
            10.5
          ],
          "texture": "#1"
        },
        "west": {
          "uv": [
            15,
            0,
            11,
            0.5
          ],
          "texture": "#1"
        },
        "up": {
          "uv": [
            7,
            4,
            11,
            0
          ],
          "rotation": 90,
          "texture": "#1"
        },
        "down": {
          "uv": [
            6.5,
            4,
            10.5,
            8
          ],
          "rotation": 270,
          "texture": "#1"
        }
      }
    },
    {
      "from": [
        4,
        8.12589,
        15.52711
      ],
      "to": [
        12,
        8.12589,
        20.52711
      ],
      "rotation": {
        "angle": -22.5,
        "axis": "x",
        "origin": [
          8,
          8.15,
          15.5
        ]
      },
      "faces": {
        "north": {
          "uv": [
            10.5,
            8,
            6.5,
            4
          ],
          "rotation": 270,
          "texture": "#1"
        },
        "east": {
          "uv": [
            11,
            0.5,
            15,
            0
          ],
          "rotation": 90,
          "texture": "#1"
        },
        "south": {
          "uv": [
            11,
            0,
            7,
            4
          ],
          "rotation": 270,
          "texture": "#1"
        },
        "west": {
          "uv": [
            11,
            0.5,
            15,
            0
          ],
          "rotation": 270,
          "texture": "#1"
        },
        "up": {
          "uv": [
            7.75,
            11.75,
            9.75,
            10.5
          ],
          "texture": "#1"
        },
        "down": {
          "uv": [
            9.75,
            11.75,
            7.75,
            10.5
          ],
          "rotation": 180,
          "texture": "#1"
        }
      }
    },
    {
      "from": [
        4,
        0,
        10.1
      ],
      "to": [
        12,
        5,
        10.1
      ],
      "rotation": {
        "angle": 22.5,
        "axis": "x",
        "origin": [
          8,
          0,
          10.1
        ]
      },
      "faces": {
        "north": {
          "uv": [
            9.75,
            8,
            7.75,
            9.25
          ],
          "texture": "#1"
        },
        "east": {
          "uv": [
            15,
            0,
            11,
            0.5
          ],
          "texture": "#1"
        },
        "south": {
          "uv": [
            7.75,
            8,
            9.75,
            9.25
          ],
          "texture": "#1"
        },
        "west": {
          "uv": [
            15,
            0,
            11,
            0.5
          ],
          "texture": "#1"
        },
        "up": {
          "uv": [
            7,
            4,
            11,
            0
          ],
          "rotation": 90,
          "texture": "#1"
        },
        "down": {
          "uv": [
            6.5,
            4,
            10.5,
            8
          ],
          "rotation": 270,
          "texture": "#1"
        }
      }
    },
    {
      "from": [
        4,
        4.62686,
        3.97589
      ],
      "to": [
        12,
        9.62686,
        3.97589
      ],
      "rotation": {
        "angle": -45,
        "axis": "x",
        "origin": [
          8,
          4.65,
          4
        ]
      },
      "faces": {
        "north": {
          "uv": [
            9.75,
            9.25,
            7.75,
            10.5
          ],
          "texture": "#1"
        },
        "east": {
          "uv": [
            11,
            0,
            15,
            0.5
          ],
          "texture": "#1"
        },
        "south": {
          "uv": [
            7.75,
            9.25,
            9.75,
            10.5
          ],
          "texture": "#1"
        },
        "west": {
          "uv": [
            11,
            0,
            15,
            0.5
          ],
          "texture": "#1"
        },
        "up": {
          "uv": [
            11,
            4,
            7,
            0
          ],
          "rotation": 90,
          "texture": "#1"
        },
        "down": {
          "uv": [
            10.5,
            4,
            6.5,
            8
          ],
          "rotation": 270,
          "texture": "#1"
        }
      }
    },
    {
      "from": [
        4,
        8.12589,
        -4.52711
      ],
      "to": [
        12,
        8.12589,
        0.47289
      ],
      "rotation": {
        "angle": 22.5,
        "axis": "x",
        "origin": [
          8,
          8.15,
          0.5
        ]
      },
      "faces": {
        "north": {
          "uv": [
            11,
            4,
            7,
            0
          ],
          "rotation": 270,
          "texture": "#1"
        },
        "east": {
          "uv": [
            11,
            0,
            15,
            0.5
          ],
          "rotation": 90,
          "texture": "#1"
        },
        "south": {
          "uv": [
            10.5,
            4,
            6.5,
            8
          ],
          "rotation": 270,
          "texture": "#1"
        },
        "west": {
          "uv": [
            11,
            0,
            15,
            0.5
          ],
          "rotation": 270,
          "texture": "#1"
        },
        "up": {
          "uv": [
            7.75,
            10.5,
            9.75,
            11.75
          ],
          "texture": "#1"
        },
        "down": {
          "uv": [
            9.75,
            10.5,
            7.75,
            11.75
          ],
          "rotation": 180,
          "texture": "#1"
        }
      }
    },
    {
      "from": [
        4,
        0,
        5.9
      ],
      "to": [
        12,
        5,
        5.9
      ],
      "rotation": {
        "angle": -22.5,
        "axis": "x",
        "origin": [
          8,
          0,
          5.9
        ]
      },
      "faces": {
        "north": {
          "uv": [
            9.75,
            8,
            7.75,
            9.25
          ],
          "texture": "#1"
        },
        "east": {
          "uv": [
            11,
            0,
            15,
            0.5
          ],
          "texture": "#1"
        },
        "south": {
          "uv": [
            7.75,
            8,
            9.75,
            9.25
          ],
          "texture": "#1"
        },
        "west": {
          "uv": [
            11,
            0,
            15,
            0.5
          ],
          "texture": "#1"
        },
        "up": {
          "uv": [
            11,
            4,
            7,
            0
          ],
          "rotation": 90,
          "texture": "#1"
        },
        "down": {
          "uv": [
            10.5,
            4,
            6.5,
            8
          ],
          "rotation": 270,
          "texture": "#1"
        }
      }
    },
    {
      "from": [
        7,
        0,
        6
      ],
      "to": [
        7,
        16,
        10
      ],
      "rotation": {
        "angle": 22.5,
        "axis": "z",
        "origin": [
          7,
          0,
          8
        ]
      },
      "faces": {
        "north": {
          "uv": [
            11,
            0,
            15,
            0.5
          ],
          "texture": "#1"
        },
        "east": {
          "uv": [
            9.75,
            8,
            10.75,
            12
          ],
          "texture": "#1"
        },
        "south": {
          "uv": [
            11,
            0,
            15,
            0.5
          ],
          "texture": "#1"
        },
        "west": {
          "uv": [
            10.75,
            8,
            9.75,
            12
          ],
          "texture": "#1"
        },
        "up": {
          "uv": [
            11,
            4,
            7,
            0
          ],
          "texture": "#1"
        },
        "down": {
          "uv": [
            10.5,
            4,
            6.5,
            8
          ],
          "texture": "#1"
        }
      }
    },
    {
      "from": [
        8,
        0,
        6
      ],
      "to": [
        8,
        11,
        10
      ],
      "rotation": {
        "angle": 0,
        "axis": "y",
        "origin": [
          8,
          8,
          8
        ]
      },
      "faces": {
        "north": {
          "uv": [
            11,
            0,
            15,
            0.5
          ],
          "texture": "#1"
        },
        "east": {
          "uv": [
            9.75,
            12,
            10.75,
            9.25
          ],
          "texture": "#1"
        },
        "south": {
          "uv": [
            11,
            0,
            15,
            0.5
          ],
          "texture": "#1"
        },
        "west": {
          "uv": [
            10.75,
            12,
            9.75,
            9.25
          ],
          "texture": "#1"
        },
        "up": {
          "uv": [
            11,
            4,
            7,
            0
          ],
          "texture": "#1"
        },
        "down": {
          "uv": [
            10.5,
            4,
            6.5,
            8
          ],
          "texture": "#1"
        }
      }
    },
    {
      "from": [
        9,
        0,
        6
      ],
      "to": [
        9,
        16,
        10
      ],
      "rotation": {
        "angle": -22.5,
        "axis": "z",
        "origin": [
          9,
          0,
          8
        ]
      },
      "faces": {
        "north": {
          "uv": [
            11,
            0,
            15,
            0.5
          ],
          "texture": "#1"
        },
        "east": {
          "uv": [
            9.75,
            8,
            10.75,
            12
          ],
          "texture": "#1"
        },
        "south": {
          "uv": [
            11,
            0,
            15,
            0.5
          ],
          "texture": "#1"
        },
        "west": {
          "uv": [
            10.75,
            8,
            9.75,
            12
          ],
          "texture": "#1"
        },
        "up": {
          "uv": [
            11,
            4,
            7,
            0
          ],
          "texture": "#1"
        },
        "down": {
          "uv": [
            10.5,
            4,
            6.5,
            8
          ],
          "texture": "#1"
        }
      }
    }
  ],
  "display": {
    "thirdperson_righthand": {
      "translation": [
        0,
        4,
        2.5
      ],
      "scale": [
        0.5,
        0.5,
        0.5
      ]
    },
    "thirdperson_lefthand": {
      "translation": [
        0,
        4,
        2.5
      ],
      "scale": [
        0.5,
        0.5,
        0.5
      ]
    },
    "ground": {
      "translation": [
        0,
        4.5,
        0
      ],
      "scale": [
        0.8,
        0.8,
        0.8
      ]
    },
    "gui": {
      "rotation": [
        40,
        -40,
        0
      ],
      "translation": [
        -0.5,
        -0.25,
        0
      ],
      "scale": [
        0.8,
        0.8,
        0.8
      ]
    },
    "head": {
      "translation": [
        0,
        -27.25,
        -0.5
      ],
      "scale": [
        2,
        2,
        2
      ]
    },
    "fixed": {
      "translation": [
        0,
        0.75,
        -0.25
      ]
    }
  },
  "groups": [
    {
      "name": "vase1",
      "origin": [
        -7,
        14.5,
        8
      ],
      "color": 0,
      "children": [
        0,
        1,
        2,
        {
          "name": "group",
          "origin": [
            8,
            8,
            8
          ],
          "color": 0,
          "children": [
            {
              "name": "group",
              "origin": [
                4,
                10,
                8
              ],
              "color": 0,
              "children": [
                3,
                4
              ]
            },
            5
          ]
        },
        {
          "name": "group",
          "origin": [
            8,
            8,
            8
          ],
          "color": 0,
          "children": [
            {
              "name": "group",
              "origin": [
                4,
                10,
                8
              ],
              "color": 0,
              "children": [
                6,
                7
              ]
            },
            8
          ]
        },
        {
          "name": "group",
          "origin": [
            8,
            8,
            8
          ],
          "color": 0,
          "children": [
            {
              "name": "group",
              "origin": [
                4,
                10,
                8
              ],
              "color": 0,
              "children": [
                9,
                10
              ]
            },
            11
          ]
        },
        {
          "name": "group",
          "origin": [
            8,
            8,
            8
          ],
          "color": 0,
          "children": [
            {
              "name": "group",
              "origin": [
                4,
                10,
                8
              ],
              "color": 0,
              "children": [
                12,
                13
              ]
            },
            14
          ]
        }
      ]
    },
    15,
    16,
    17
  ]
}