{
  "credit": "MadewithBlockbench",
  "ambientocclusion": false,
  "texture_size": [
    64,
    64
  ],
  "textures": {
    "1": "elitecreatures:exotic_garden_decoration_v1/pot_1"
  },
  "elements": [
    {
      "from": [
        11,
        0,
        1
      ],
      "to": [
        11,
        13,
        15
      ],
      "rotation": {
        "angle": 0,
        "axis": "y",
        "origin": [
          8,
          15.5,
          8
        ]
      },
      "faces": {
        "east": {
          "uv": [
            3.5,
            7,
            0,
            10.25
          ],
          "texture": "#1"
        },
        "west": {
          "uv": [
            0,
            7,
            3.5,
            10.25
          ],
          "texture": "#1"
        }
      }
    },
    {
      "from": [
        5,
        0,
        1
      ],
      "to": [
        5,
        13,
        15
      ],
      "rotation": {
        "angle": 0,
        "axis": "y",
        "origin": [
          8,
          15.5,
          8
        ]
      },
      "faces": {
        "east": {
          "uv": [
            3.5,
            7,
            0,
            10.25
          ],
          "texture": "#1"
        },
        "west": {
          "uv": [
            0,
            7,
            3.5,
            10.25
          ],
          "texture": "#1"
        }
      }
    },
    {
      "from": [
        1,
        0,
        11
      ],
      "to": [
        15,
        13,
        11
      ],
      "rotation": {
        "angle": 0,
        "axis": "y",
        "origin": [
          8,
          15.5,
          8
        ]
      },
      "faces": {
        "north": {
          "uv": [
            0,
            7,
            3.5,
            10.25
          ],
          "texture": "#1"
        },
        "south": {
          "uv": [
            3.5,
            7,
            0,
            10.25
          ],
          "texture": "#1"
        }
      }
    },
    {
      "from": [
        1,
        0,
        5
      ],
      "to": [
        15,
        13,
        5
      ],
      "rotation": {
        "angle": 0,
        "axis": "y",
        "origin": [
          8,
          15.5,
          8
        ]
      },
      "faces": {
        "north": {
          "uv": [
            0,
            7,
            3.5,
            10.25
          ],
          "texture": "#1"
        },
        "south": {
          "uv": [
            3.5,
            7,
            0,
            10.25
          ],
          "texture": "#1"
        }
      }
    }
  ],
  "display": {
    "thirdperson_righthand": {
      "translation": [
        0,
        3.75,
        2.5
      ],
      "scale": [
        0.5,
        0.5,
        0.5
      ]
    },
    "thirdperson_lefthand": {
      "translation": [
        0,
        3.75,
        2.25
      ],
      "scale": [
        0.5,
        0.5,
        0.5
      ]
    },
    "firstperson_righthand": {
      "translation": [
        2.5,
        2.5,
        0
      ]
    },
    "ground": {
      "translation": [
        0.25,
        1.75,
        0.75
      ],
      "scale": [
        0.6,
        0.6,
        0.6
      ]
    },
    "gui": {
      "rotation": [
        0,
        -59,
        0
      ],
      "translation": [
        0.25,
        2.75,
        0
      ],
      "scale": [
        1.15,
        1.15,
        1.15
      ]
    },
    "head": {
      "translation": [
        0,
        -26.25,
        0
      ],
      "scale": [
        2,
        2.15,
        2
      ]
    },
    "fixed": {
      "translation": [
        0,
        1.5,
        -0.25
      ],
      "scale": [
        0.8,
        0.8,
        0.8
      ]
    }
  },
  "groups": [
    {
      "name": "vase1",
      "origin": [
        -7,
        14.5,
        8
      ],
      "color": 0,
      "children": [
        {
          "name": "group",
          "origin": [
            8,
            8,
            8
          ],
          "color": 0,
          "children": [
            0,
            1
          ]
        },
        {
          "name": "group",
          "origin": [
            8,
            8,
            8
          ],
          "color": 0,
          "children": [
            2,
            3
          ]
        }
      ]
    }
  ]
}