{
  "credit": "MadewithBlockbench",
  "ambientocclusion": false,
  "texture_size": [
    64,
    64
  ],
  "textures": {
    "1": "elitecreatures:exotic_garden_decoration_v1/pot_1"
  },
  "elements": [
    {
      "from": [
        5,
        0,
        8
      ],
      "to": [
        9,
        6,
        12
      ],
      "rotation": {
        "angle": 0,
        "axis": "y",
        "origin": [
          7.09567,
          6.36627,
          10
        ]
      },
      "faces": {
        "north": {
          "uv": [
            13.5,
            6.25,
            12.5,
            7.75
          ],
          "texture": "#1"
        },
        "east": {
          "uv": [
            13.5,
            6.25,
            12.5,
            7.75
          ],
          "texture": "#1"
        },
        "south": {
          "uv": [
            13.5,
            6.25,
            12.5,
            7.75
          ],
          "texture": "#1"
        },
        "west": {
          "uv": [
            13.5,
            6.25,
            12.5,
            7.75
          ],
          "texture": "#1"
        },
        "up": {
          "uv": [
            13.5,
            5.25,
            12.5,
            6.25
          ],
          "texture": "#1"
        },
        "down": {
          "uv": [
            12.5,
            5.25,
            12,
            5.75
          ],
          "texture": "#1"
        }
      }
    },
    {
      "from": [
        6,
        6,
        9
      ],
      "to": [
        8,
        7,
        11
      ],
      "rotation": {
        "angle": 0,
        "axis": "y",
        "origin": [
          7.09567,
          6.36627,
          10
        ]
      },
      "faces": {
        "north": {
          "uv": [
            8,
            12.25,
            7.5,
            12.5
          ],
          "texture": "#1"
        },
        "east": {
          "uv": [
            8,
            12.25,
            7.5,
            12.5
          ],
          "texture": "#1"
        },
        "south": {
          "uv": [
            8,
            12.25,
            7.5,
            12.5
          ],
          "texture": "#1"
        },
        "west": {
          "uv": [
            8,
            12.25,
            7.5,
            12.5
          ],
          "texture": "#1"
        },
        "up": {
          "uv": [
            8,
            11.75,
            7.5,
            12.25
          ],
          "texture": "#1"
        }
      }
    },
    {
      "from": [
        6.5,
        7,
        9.5
      ],
      "to": [
        7.5,
        9,
        10.5
      ],
      "rotation": {
        "angle": 0,
        "axis": "y",
        "origin": [
          7.09567,
          6.36627,
          10
        ]
      },
      "faces": {
        "north": {
          "uv": [
            10.75,
            5.25,
            10.5,
            5.75
          ],
          "texture": "#1"
        },
        "east": {
          "uv": [
            10.75,
            5.25,
            10.5,
            5.75
          ],
          "texture": "#1"
        },
        "south": {
          "uv": [
            10.75,
            5.25,
            10.5,
            5.75
          ],
          "texture": "#1"
        },
        "west": {
          "uv": [
            10.75,
            5.25,
            10.5,
            5.75
          ],
          "texture": "#1"
        }
      }
    },
    {
      "from": [
        5.53746,
        8.57157,
        9.5
      ],
      "to": [
        6.53746,
        10.57157,
        10.5
      ],
      "rotation": {
        "angle": -22.5,
        "axis": "z",
        "origin": [
          7.09567,
          6.36627,
          10
        ]
      },
      "faces": {
        "north": {
          "uv": [
            11,
            5.25,
            10.75,
            5.75
          ],
          "texture": "#1"
        },
        "east": {
          "uv": [
            11,
            5.25,
            10.75,
            5.75
          ],
          "texture": "#1"
        },
        "south": {
          "uv": [
            11,
            5.25,
            10.75,
            5.75
          ],
          "texture": "#1"
        },
        "west": {
          "uv": [
            11,
            5.25,
            10.75,
            5.75
          ],
          "texture": "#1"
        },
        "up": {
          "uv": [
            11.25,
            5.25,
            11,
            5.5
          ],
          "texture": "#1"
        }
      }
    },
    {
      "from": [
        8.07133,
        6.37395,
        6
      ],
      "to": [
        8.07133,
        11.37395,
        14
      ],
      "rotation": {
        "angle": -22.5,
        "axis": "z",
        "origin": [
          7.09567,
          6.36627,
          10
        ]
      },
      "faces": {
        "north": {
          "uv": [
            15,
            0,
            11,
            0.5
          ],
          "texture": "#1"
        },
        "east": {
          "uv": [
            7.75,
            10.5,
            9.75,
            11.75
          ],
          "texture": "#1"
        },
        "south": {
          "uv": [
            15,
            0,
            11,
            0.5
          ],
          "texture": "#1"
        },
        "west": {
          "uv": [
            9.75,
            10.5,
            7.75,
            11.75
          ],
          "texture": "#1"
        },
        "up": {
          "uv": [
            7,
            4,
            11,
            0
          ],
          "texture": "#1"
        },
        "down": {
          "uv": [
            6.5,
            4,
            10.5,
            8
          ],
          "texture": "#1"
        }
      }
    },
    {
      "from": [
        5.94324,
        6.44718,
        6
      ],
      "to": [
        5.94324,
        10.44718,
        14
      ],
      "rotation": {
        "angle": 22.5,
        "axis": "z",
        "origin": [
          7.09567,
          6.36627,
          10
        ]
      },
      "faces": {
        "north": {
          "uv": [
            11,
            0,
            15,
            0.5
          ],
          "texture": "#1"
        },
        "east": {
          "uv": [
            9.75,
            10.625,
            7.75,
            11.625
          ],
          "texture": "#1"
        },
        "south": {
          "uv": [
            11,
            0,
            15,
            0.5
          ],
          "texture": "#1"
        },
        "west": {
          "uv": [
            7.75,
            10.625,
            9.75,
            11.625
          ],
          "texture": "#1"
        },
        "up": {
          "uv": [
            11,
            4,
            7,
            0
          ],
          "texture": "#1"
        },
        "down": {
          "uv": [
            10.5,
            4,
            6.5,
            8
          ],
          "texture": "#1"
        }
      }
    },
    {
      "from": [
        3.09567,
        6.37395,
        11.12566
      ],
      "to": [
        11.09567,
        11.37395,
        11.12566
      ],
      "rotation": {
        "angle": 22.5,
        "axis": "x",
        "origin": [
          7.09567,
          6.36627,
          10
        ]
      },
      "faces": {
        "north": {
          "uv": [
            9.75,
            10.5,
            7.75,
            11.75
          ],
          "texture": "#1"
        },
        "east": {
          "uv": [
            15,
            0,
            11,
            0.5
          ],
          "texture": "#1"
        },
        "south": {
          "uv": [
            7.75,
            10.5,
            9.75,
            11.75
          ],
          "texture": "#1"
        },
        "west": {
          "uv": [
            15,
            0,
            11,
            0.5
          ],
          "texture": "#1"
        },
        "up": {
          "uv": [
            7,
            4,
            11,
            0
          ],
          "rotation": 90,
          "texture": "#1"
        },
        "down": {
          "uv": [
            6.5,
            4,
            10.5,
            8
          ],
          "rotation": 270,
          "texture": "#1"
        }
      }
    },
    {
      "from": [
        3.09567,
        6.44718,
        8.84757
      ],
      "to": [
        11.09567,
        10.44718,
        8.84757
      ],
      "rotation": {
        "angle": -22.5,
        "axis": "x",
        "origin": [
          7.09567,
          6.36627,
          10
        ]
      },
      "faces": {
        "north": {
          "uv": [
            7.75,
            10.625,
            9.75,
            11.625
          ],
          "texture": "#1"
        },
        "east": {
          "uv": [
            11,
            0,
            15,
            0.5
          ],
          "texture": "#1"
        },
        "south": {
          "uv": [
            9.75,
            10.625,
            7.75,
            11.625
          ],
          "texture": "#1"
        },
        "west": {
          "uv": [
            11,
            0,
            15,
            0.5
          ],
          "texture": "#1"
        },
        "up": {
          "uv": [
            11,
            4,
            7,
            0
          ],
          "rotation": 90,
          "texture": "#1"
        },
        "down": {
          "uv": [
            10.5,
            4,
            6.5,
            8
          ],
          "rotation": 270,
          "texture": "#1"
        }
      }
    },
    {
      "from": [
        3,
        0,
        6
      ],
      "to": [
        10,
        4,
        6
      ],
      "rotation": {
        "angle": 45,
        "axis": "y",
        "origin": [
          6.5,
          2,
          4
        ]
      },
      "faces": {
        "north": {
          "uv": [
            12.5,
            7.75,
            13.5,
            9.5
          ],
          "rotation": 90,
          "texture": "#1"
        },
        "east": {
          "uv": [
            0,
            0,
            0,
            1
          ],
          "texture": "#missing"
        },
        "south": {
          "uv": [
            12.5,
            9.5,
            13.5,
            7.75
          ],
          "rotation": 90,
          "texture": "#1"
        },
        "west": {
          "uv": [
            0,
            0,
            0,
            1
          ],
          "texture": "#missing"
        },
        "up": {
          "uv": [
            0,
            0,
            1.75,
            0
          ],
          "texture": "#missing"
        },
        "down": {
          "uv": [
            0,
            0,
            1.75,
            0
          ],
          "texture": "#missing"
        }
      }
    },
    {
      "from": [
        2,
        0,
        7
      ],
      "to": [
        9,
        4,
        7
      ],
      "rotation": {
        "angle": 0,
        "axis": "y",
        "origin": [
          5.5,
          2,
          5
        ]
      },
      "faces": {
        "north": {
          "uv": [
            12.5,
            9.5,
            13.5,
            7.75
          ],
          "rotation": 90,
          "texture": "#1"
        },
        "east": {
          "uv": [
            0,
            0,
            0,
            1
          ],
          "texture": "#missing"
        },
        "south": {
          "uv": [
            12.5,
            7.75,
            13.5,
            9.5
          ],
          "rotation": 90,
          "texture": "#1"
        },
        "west": {
          "uv": [
            0,
            0,
            0,
            1
          ],
          "texture": "#missing"
        },
        "up": {
          "uv": [
            0,
            0,
            1.75,
            0
          ],
          "rotation": 180,
          "texture": "#missing"
        },
        "down": {
          "uv": [
            0,
            0,
            1.75,
            0
          ],
          "rotation": 180,
          "texture": "#missing"
        }
      }
    },
    {
      "from": [
        9,
        0,
        5
      ],
      "to": [
        12,
        4,
        8
      ],
      "rotation": {
        "angle": 0,
        "axis": "y",
        "origin": [
          11.09567,
          6.36627,
          7
        ]
      },
      "faces": {
        "north": {
          "uv": [
            12.5,
            5.75,
            11.75,
            6.75
          ],
          "texture": "#1"
        },
        "east": {
          "uv": [
            12.5,
            5.75,
            11.75,
            6.75
          ],
          "texture": "#1"
        },
        "south": {
          "uv": [
            12.5,
            5.75,
            11.75,
            6.75
          ],
          "texture": "#1"
        },
        "west": {
          "uv": [
            12.5,
            5.75,
            11.75,
            6.75
          ],
          "texture": "#1"
        },
        "up": {
          "uv": [
            13.375,
            5.375,
            12.625,
            6.125
          ],
          "texture": "#1"
        },
        "down": {
          "uv": [
            12.5,
            5.25,
            12,
            5.75
          ],
          "texture": "#1"
        }
      }
    },
    {
      "from": [
        9.5,
        4,
        5.5
      ],
      "to": [
        11.5,
        5,
        7.5
      ],
      "rotation": {
        "angle": 0,
        "axis": "y",
        "origin": [
          10.59567,
          4.36627,
          6.5
        ]
      },
      "faces": {
        "north": {
          "uv": [
            8,
            12.25,
            7.5,
            12.5
          ],
          "texture": "#1"
        },
        "east": {
          "uv": [
            8,
            12.25,
            7.5,
            12.5
          ],
          "texture": "#1"
        },
        "south": {
          "uv": [
            8,
            12.25,
            7.5,
            12.5
          ],
          "texture": "#1"
        },
        "west": {
          "uv": [
            8,
            12.25,
            7.5,
            12.5
          ],
          "texture": "#1"
        },
        "up": {
          "uv": [
            8,
            11.75,
            7.5,
            12.25
          ],
          "texture": "#1"
        }
      }
    },
    {
      "from": [
        10,
        5,
        6
      ],
      "to": [
        11,
        7,
        7
      ],
      "rotation": {
        "angle": 0,
        "axis": "y",
        "origin": [
          10.59567,
          4.36627,
          6.5
        ]
      },
      "faces": {
        "north": {
          "uv": [
            10.75,
            5.25,
            10.5,
            5.75
          ],
          "texture": "#1"
        },
        "east": {
          "uv": [
            10.75,
            5.25,
            10.5,
            5.75
          ],
          "texture": "#1"
        },
        "south": {
          "uv": [
            10.75,
            5.25,
            10.5,
            5.75
          ],
          "texture": "#1"
        },
        "west": {
          "uv": [
            10.75,
            5.25,
            10.5,
            5.75
          ],
          "texture": "#1"
        }
      }
    },
    {
      "from": [
        9.03746,
        6.57157,
        6
      ],
      "to": [
        10.03746,
        8.57157,
        7
      ],
      "rotation": {
        "angle": -22.5,
        "axis": "z",
        "origin": [
          10.59567,
          4.36627,
          6.5
        ]
      },
      "faces": {
        "north": {
          "uv": [
            11,
            5.25,
            10.75,
            5.75
          ],
          "texture": "#1"
        },
        "east": {
          "uv": [
            11,
            5.25,
            10.75,
            5.75
          ],
          "texture": "#1"
        },
        "south": {
          "uv": [
            11,
            5.25,
            10.75,
            5.75
          ],
          "texture": "#1"
        },
        "west": {
          "uv": [
            11,
            5.25,
            10.75,
            5.75
          ],
          "texture": "#1"
        },
        "up": {
          "uv": [
            11.25,
            5.25,
            11,
            5.5
          ],
          "texture": "#1"
        }
      }
    },
    {
      "from": [
        11.57133,
        4.37395,
        4.5
      ],
      "to": [
        11.57133,
        7.37395,
        8.5
      ],
      "rotation": {
        "angle": -22.5,
        "axis": "z",
        "origin": [
          10.59567,
          4.36627,
          6.5
        ]
      },
      "faces": {
        "north": {
          "uv": [
            15,
            0,
            11,
            0.5
          ],
          "texture": "#1"
        },
        "east": {
          "uv": [
            8.5,
            10.5,
            9.5,
            11.25
          ],
          "texture": "#1"
        },
        "south": {
          "uv": [
            15,
            0,
            11,
            0.5
          ],
          "texture": "#1"
        },
        "west": {
          "uv": [
            9.5,
            10.5,
            8.5,
            11.25
          ],
          "texture": "#1"
        },
        "up": {
          "uv": [
            7,
            4,
            11,
            0
          ],
          "texture": "#1"
        },
        "down": {
          "uv": [
            6.5,
            4,
            10.5,
            8
          ],
          "texture": "#1"
        }
      }
    },
    {
      "from": [
        9.44324,
        4.44718,
        2.5
      ],
      "to": [
        9.44324,
        8.44718,
        10.5
      ],
      "rotation": {
        "angle": 22.5,
        "axis": "z",
        "origin": [
          10.59567,
          4.36627,
          6.5
        ]
      },
      "faces": {
        "north": {
          "uv": [
            11,
            0,
            15,
            0.5
          ],
          "texture": "#1"
        },
        "east": {
          "uv": [
            9.75,
            10.625,
            7.75,
            11.625
          ],
          "texture": "#1"
        },
        "south": {
          "uv": [
            11,
            0,
            15,
            0.5
          ],
          "texture": "#1"
        },
        "west": {
          "uv": [
            7.75,
            10.625,
            9.75,
            11.625
          ],
          "texture": "#1"
        },
        "up": {
          "uv": [
            11,
            4,
            7,
            0
          ],
          "texture": "#1"
        },
        "down": {
          "uv": [
            10.5,
            4,
            6.5,
            8
          ],
          "texture": "#1"
        }
      }
    },
    {
      "from": [
        8.59567,
        4.37395,
        7.47566
      ],
      "to": [
        12.59567,
        7.37395,
        7.47566
      ],
      "rotation": {
        "angle": 22.5,
        "axis": "x",
        "origin": [
          10.59567,
          4.36627,
          6.5
        ]
      },
      "faces": {
        "north": {
          "uv": [
            9.5,
            10.5,
            8.5,
            11.25
          ],
          "texture": "#1"
        },
        "east": {
          "uv": [
            15,
            0,
            11,
            0.5
          ],
          "texture": "#1"
        },
        "south": {
          "uv": [
            8.5,
            10.5,
            9.5,
            11.25
          ],
          "texture": "#1"
        },
        "west": {
          "uv": [
            15,
            0,
            11,
            0.5
          ],
          "texture": "#1"
        },
        "up": {
          "uv": [
            7,
            4,
            11,
            0
          ],
          "rotation": 90,
          "texture": "#1"
        },
        "down": {
          "uv": [
            6.5,
            4,
            10.5,
            8
          ],
          "rotation": 270,
          "texture": "#1"
        }
      }
    },
    {
      "from": [
        8.59567,
        4.44718,
        5.34757
      ],
      "to": [
        12.59567,
        7.44718,
        5.34757
      ],
      "rotation": {
        "angle": -22.5,
        "axis": "x",
        "origin": [
          10.59567,
          4.36627,
          6.5
        ]
      },
      "faces": {
        "north": {
          "uv": [
            8.25,
            10.625,
            9.25,
            11.375
          ],
          "texture": "#1"
        },
        "east": {
          "uv": [
            11,
            0,
            15,
            0.5
          ],
          "texture": "#1"
        },
        "south": {
          "uv": [
            9.25,
            10.625,
            8.25,
            11.375
          ],
          "texture": "#1"
        },
        "west": {
          "uv": [
            11,
            0,
            15,
            0.5
          ],
          "texture": "#1"
        },
        "up": {
          "uv": [
            11,
            4,
            7,
            0
          ],
          "rotation": 90,
          "texture": "#1"
        },
        "down": {
          "uv": [
            10.5,
            4,
            6.5,
            8
          ],
          "rotation": 270,
          "texture": "#1"
        }
      }
    },
    {
      "from": [
        10,
        -1,
        10
      ],
      "to": [
        13,
        3,
        13
      ],
      "rotation": {
        "angle": -22.5,
        "axis": "z",
        "origin": [
          11.40433,
          3.86627,
          11.40433
        ]
      },
      "faces": {
        "north": {
          "uv": [
            12.5,
            5.75,
            11.75,
            6.75
          ],
          "texture": "#1"
        },
        "east": {
          "uv": [
            12.5,
            5.75,
            11.75,
            6.75
          ],
          "texture": "#1"
        },
        "south": {
          "uv": [
            12.5,
            5.75,
            11.75,
            6.75
          ],
          "texture": "#1"
        },
        "west": {
          "uv": [
            12.5,
            5.75,
            11.75,
            6.75
          ],
          "texture": "#1"
        },
        "up": {
          "uv": [
            13.375,
            5.375,
            12.625,
            6.125
          ],
          "texture": "#1"
        },
        "down": {
          "uv": [
            12.5,
            5.25,
            12,
            5.75
          ],
          "texture": "#1"
        }
      }
    },
    {
      "from": [
        10.5,
        3,
        10.5
      ],
      "to": [
        12.5,
        4,
        12.5
      ],
      "rotation": {
        "angle": -22.5,
        "axis": "z",
        "origin": [
          11.40433,
          3.86627,
          11.40433
        ]
      },
      "faces": {
        "north": {
          "uv": [
            8,
            12.25,
            7.5,
            12.5
          ],
          "texture": "#1"
        },
        "east": {
          "uv": [
            8,
            12.25,
            7.5,
            12.5
          ],
          "texture": "#1"
        },
        "south": {
          "uv": [
            8,
            12.25,
            7.5,
            12.5
          ],
          "texture": "#1"
        },
        "west": {
          "uv": [
            8,
            12.25,
            7.5,
            12.5
          ],
          "texture": "#1"
        },
        "up": {
          "uv": [
            8,
            11.75,
            7.5,
            12.25
          ],
          "texture": "#1"
        }
      }
    },
    {
      "from": [
        11,
        4,
        11
      ],
      "to": [
        12,
        6,
        12
      ],
      "rotation": {
        "angle": -22.5,
        "axis": "z",
        "origin": [
          11.40433,
          3.86627,
          11.40433
        ]
      },
      "faces": {
        "north": {
          "uv": [
            10.75,
            5.25,
            10.5,
            5.75
          ],
          "texture": "#1"
        },
        "east": {
          "uv": [
            10.75,
            5.25,
            10.5,
            5.75
          ],
          "texture": "#1"
        },
        "south": {
          "uv": [
            10.75,
            5.25,
            10.5,
            5.75
          ],
          "texture": "#1"
        },
        "west": {
          "uv": [
            10.75,
            5.25,
            10.5,
            5.75
          ],
          "texture": "#1"
        }
      }
    },
    {
      "from": [
        10.21423,
        5.68285,
        11
      ],
      "to": [
        11.21423,
        7.68285,
        12
      ],
      "rotation": {
        "angle": -45,
        "axis": "z",
        "origin": [
          11.40433,
          3.86627,
          11.40433
        ]
      },
      "faces": {
        "north": {
          "uv": [
            11,
            5.25,
            10.75,
            5.75
          ],
          "texture": "#1"
        },
        "east": {
          "uv": [
            11,
            5.25,
            10.75,
            5.75
          ],
          "texture": "#1"
        },
        "south": {
          "uv": [
            11,
            5.25,
            10.75,
            5.75
          ],
          "texture": "#1"
        },
        "west": {
          "uv": [
            11,
            5.25,
            10.75,
            5.75
          ],
          "texture": "#1"
        },
        "up": {
          "uv": [
            11.25,
            5.25,
            11,
            5.5
          ],
          "texture": "#1"
        }
      }
    },
    {
      "from": [
        12.7481,
        3.48524,
        9.5
      ],
      "to": [
        12.7481,
        6.48524,
        13.5
      ],
      "rotation": {
        "angle": -45,
        "axis": "z",
        "origin": [
          11.40433,
          3.86627,
          11.40433
        ]
      },
      "faces": {
        "north": {
          "uv": [
            15,
            0,
            11,
            0.5
          ],
          "texture": "#1"
        },
        "east": {
          "uv": [
            8.5,
            10.5,
            9.5,
            11.25
          ],
          "texture": "#1"
        },
        "south": {
          "uv": [
            15,
            0,
            11,
            0.5
          ],
          "texture": "#1"
        },
        "west": {
          "uv": [
            9.5,
            10.5,
            8.5,
            11.25
          ],
          "texture": "#1"
        },
        "up": {
          "uv": [
            7,
            4,
            11,
            0
          ],
          "texture": "#1"
        },
        "down": {
          "uv": [
            6.5,
            4,
            10.5,
            8
          ],
          "texture": "#1"
        }
      }
    },
    {
      "from": [
        10.23733,
        3.41201,
        7.5
      ],
      "to": [
        10.23733,
        7.41201,
        15.5
      ],
      "rotation": {
        "angle": 0,
        "axis": "y",
        "origin": [
          11.40433,
          3.86627,
          11.40433
        ]
      },
      "faces": {
        "north": {
          "uv": [
            11,
            0,
            15,
            0.5
          ],
          "texture": "#1"
        },
        "east": {
          "uv": [
            9.75,
            10.625,
            7.75,
            11.625
          ],
          "texture": "#1"
        },
        "south": {
          "uv": [
            11,
            0,
            15,
            0.5
          ],
          "texture": "#1"
        },
        "west": {
          "uv": [
            7.75,
            10.625,
            9.75,
            11.625
          ],
          "texture": "#1"
        },
        "up": {
          "uv": [
            11,
            4,
            7,
            0
          ],
          "texture": "#1"
        },
        "down": {
          "uv": [
            10.5,
            4,
            6.5,
            8
          ],
          "texture": "#1"
        }
      }
    },
    {
      "from": [
        9.84567,
        2.94862,
        12.65972
      ],
      "to": [
        13.84567,
        5.94862,
        12.65972
      ],
      "rotation": {
        "angle": -22.5,
        "axis": "z",
        "origin": [
          11.40433,
          3.86627,
          11.40433
        ]
      },
      "faces": {
        "north": {
          "uv": [
            9.5,
            10.5,
            8.5,
            11.25
          ],
          "texture": "#1"
        },
        "east": {
          "uv": [
            15,
            0,
            11,
            0.5
          ],
          "texture": "#1"
        },
        "south": {
          "uv": [
            8.5,
            10.5,
            9.5,
            11.25
          ],
          "texture": "#1"
        },
        "west": {
          "uv": [
            15,
            0,
            11,
            0.5
          ],
          "texture": "#1"
        },
        "up": {
          "uv": [
            7,
            4,
            11,
            0
          ],
          "rotation": 90,
          "texture": "#1"
        },
        "down": {
          "uv": [
            6.5,
            4,
            10.5,
            8
          ],
          "rotation": 270,
          "texture": "#1"
        }
      }
    },
    {
      "from": [
        9.59567,
        3.04862,
        10.14894
      ],
      "to": [
        13.59567,
        6.04862,
        10.14894
      ],
      "rotation": {
        "angle": -22.5,
        "axis": "z",
        "origin": [
          11.40433,
          3.86627,
          11.40433
        ]
      },
      "faces": {
        "north": {
          "uv": [
            8.25,
            10.625,
            9.25,
            11.375
          ],
          "texture": "#1"
        },
        "east": {
          "uv": [
            11,
            0,
            15,
            0.5
          ],
          "texture": "#1"
        },
        "south": {
          "uv": [
            9.25,
            10.625,
            8.25,
            11.375
          ],
          "texture": "#1"
        },
        "west": {
          "uv": [
            11,
            0,
            15,
            0.5
          ],
          "texture": "#1"
        },
        "up": {
          "uv": [
            11,
            4,
            7,
            0
          ],
          "rotation": 90,
          "texture": "#1"
        },
        "down": {
          "uv": [
            10.5,
            4,
            6.5,
            8
          ],
          "rotation": 270,
          "texture": "#1"
        }
      }
    }
  ],
  "display": {
    "thirdperson_righthand": {
      "translation": [
        -0.25,
        2.75,
        2
      ],
      "scale": [
        0.5,
        0.5,
        0.5
      ]
    },
    "thirdperson_lefthand": {
      "translation": [
        0.25,
        3.25,
        2
      ],
      "scale": [
        0.5,
        0.5,
        0.5
      ]
    },
    "ground": {
      "translation": [
        0,
        4.5,
        0
      ],
      "scale": [
        0.8,
        0.8,
        0.8
      ]
    },
    "gui": {
      "rotation": [
        40,
        -40,
        0
      ],
      "translation": [
        0,
        4.25,
        0
      ],
      "scale": [
        1.11,
        1.12,
        1.1
      ]
    },
    "head": {
      "translation": [
        0,
        -22.25,
        -1.5
      ],
      "scale": [
        2,
        2,
        2
      ]
    },
    "fixed": {
      "rotation": [
        0,
        -64,
        0
      ],
      "translation": [
        0,
        4,
        -2
      ],
      "scale": [
        1.1,
        1.1,
        1.1
      ]
    }
  },
  "groups": [
    {
      "name": "vase1",
      "origin": [
        -7,
        14.5,
        8
      ],
      "color": 0,
      "children": [
        0,
        1,
        2,
        3,
        {
          "name": "group",
          "origin": [
            8,
            8,
            8
          ],
          "color": 0,
          "children": [
            4,
            5
          ]
        },
        {
          "name": "group",
          "origin": [
            8,
            8,
            8
          ],
          "color": 0,
          "children": [
            6,
            7,
            8,
            9
          ]
        }
      ]
    },
    {
      "name": "vase1",
      "origin": [
        -7,
        14.5,
        8
      ],
      "color": 0,
      "children": [
        10,
        11,
        12,
        13,
        {
          "name": "group",
          "origin": [
            8,
            8,
            8
          ],
          "color": 0,
          "children": [
            14,
            15
          ]
        },
        {
          "name": "group",
          "origin": [
            8,
            8,
            8
          ],
          "color": 0,
          "children": [
            16,
            17
          ]
        }
      ]
    },
    {
      "name": "vase1",
      "origin": [
        -7,
        14.5,
        8
      ],
      "color": 0,
      "children": [
        18,
        19,
        20,
        21,
        {
          "name": "group",
          "origin": [
            8,
            8,
            8
          ],
          "color": 0,
          "children": [
            22,
            23
          ]
        },
        {
          "name": "group",
          "origin": [
            8,
            8,
            8
          ],
          "color": 0,
          "children": [
            24,
            25
          ]
        }
      ]
    }
  ]
}