{
  "credit": "MadewithBlockbench",
  "ambientocclusion": false,
  "texture_size": [
    64,
    64
  ],
  "textures": {
    "1": "elitecreatures:exotic_garden_decoration_v1/pot_1"
  },
  "elements": [
    {
      "from": [
        5,
        0,
        5
      ],
      "to": [
        11,
        5,
        11
      ],
      "rotation": {
        "angle": 0,
        "axis": "y",
        "origin": [
          8,
          -2,
          8
        ]
      },
      "faces": {
        "north": {
          "uv": [
            3.75,
            8.75,
            5.25,
            10
          ],
          "texture": "#1"
        },
        "east": {
          "uv": [
            3.75,
            8.75,
            5.25,
            10
          ],
          "texture": "#1"
        },
        "south": {
          "uv": [
            3.75,
            8.75,
            5.25,
            10
          ],
          "texture": "#1"
        },
        "west": {
          "uv": [
            3.75,
            8.75,
            5.25,
            10
          ],
          "texture": "#1"
        },
        "up": {
          "uv": [
            3.75,
            10,
            5.25,
            11.5
          ],
          "texture": "#1"
        },
        "down": {
          "uv": [
            3.75,
            10,
            5.25,
            11.5
          ],
          "texture": "#1"
        }
      }
    },
    {
      "from": [
        7,
        0,
        12
      ],
      "to": [
        11,
        5,
        12
      ],
      "rotation": {
        "angle": 22.5,
        "axis": "x",
        "origin": [
          9,
          0,
          12
        ]
      },
      "faces": {
        "north": {
          "uv": [
            4.5,
            12.75,
            5.5,
            14
          ],
          "texture": "#1"
        },
        "east": {
          "uv": [
            3.75,
            8.75,
            5.25,
            10
          ],
          "texture": "#1"
        },
        "south": {
          "uv": [
            5.5,
            12.75,
            4.5,
            14
          ],
          "texture": "#1"
        },
        "west": {
          "uv": [
            3.75,
            8.75,
            5.25,
            10
          ],
          "texture": "#1"
        },
        "up": {
          "uv": [
            3.75,
            10,
            5.25,
            11.5
          ],
          "texture": "#1"
        },
        "down": {
          "uv": [
            3.75,
            10,
            5.25,
            11.5
          ],
          "texture": "#1"
        }
      }
    },
    {
      "from": [
        8.5,
        4.59503,
        13.92306
      ],
      "to": [
        9.5,
        4.59503,
        16.92306
      ],
      "rotation": {
        "angle": -45,
        "axis": "x",
        "origin": [
          9,
          4.6,
          13.9
        ]
      },
      "faces": {
        "north": {
          "uv": [
            3.75,
            10,
            5.25,
            11.5
          ],
          "rotation": 180,
          "texture": "#1"
        },
        "east": {
          "uv": [
            3.75,
            8.75,
            5.25,
            10
          ],
          "rotation": 270,
          "texture": "#1"
        },
        "south": {
          "uv": [
            3.75,
            10,
            5.25,
            11.5
          ],
          "texture": "#1"
        },
        "west": {
          "uv": [
            3.75,
            8.75,
            5.25,
            10
          ],
          "rotation": 90,
          "texture": "#1"
        },
        "up": {
          "uv": [
            5.5,
            13.25,
            5.75,
            14
          ],
          "rotation": 180,
          "texture": "#1"
        },
        "down": {
          "uv": [
            5.75,
            13.25,
            5.5,
            14
          ],
          "texture": "#1"
        }
      }
    },
    {
      "from": [
        5,
        0,
        5
      ],
      "to": [
        5,
        5,
        9
      ],
      "rotation": {
        "angle": 22.5,
        "axis": "z",
        "origin": [
          5,
          0,
          7
        ]
      },
      "faces": {
        "north": {
          "uv": [
            3.75,
            8.75,
            5.25,
            10
          ],
          "texture": "#1"
        },
        "east": {
          "uv": [
            4.5,
            12.75,
            5.5,
            14
          ],
          "texture": "#1"
        },
        "south": {
          "uv": [
            3.75,
            8.75,
            5.25,
            10
          ],
          "texture": "#1"
        },
        "west": {
          "uv": [
            5.5,
            12.75,
            4.5,
            14
          ],
          "texture": "#1"
        },
        "up": {
          "uv": [
            3.75,
            10,
            5.25,
            11.5
          ],
          "rotation": 90,
          "texture": "#1"
        },
        "down": {
          "uv": [
            3.75,
            10,
            5.25,
            11.5
          ],
          "rotation": 270,
          "texture": "#1"
        }
      }
    },
    {
      "from": [
        0.07694,
        4.59503,
        6.5
      ],
      "to": [
        3.07694,
        4.59503,
        7.5
      ],
      "rotation": {
        "angle": -45,
        "axis": "z",
        "origin": [
          3.1,
          4.6,
          7
        ]
      },
      "faces": {
        "north": {
          "uv": [
            3.75,
            8.75,
            5.25,
            10
          ],
          "rotation": 90,
          "texture": "#1"
        },
        "east": {
          "uv": [
            3.75,
            10,
            5.25,
            11.5
          ],
          "rotation": 180,
          "texture": "#1"
        },
        "south": {
          "uv": [
            3.75,
            8.75,
            5.25,
            10
          ],
          "rotation": 270,
          "texture": "#1"
        },
        "west": {
          "uv": [
            3.75,
            10,
            5.25,
            11.5
          ],
          "texture": "#1"
        },
        "up": {
          "uv": [
            5.5,
            13.25,
            5.75,
            14
          ],
          "rotation": 270,
          "texture": "#1"
        },
        "down": {
          "uv": [
            5.75,
            13.25,
            5.5,
            14
          ],
          "rotation": 270,
          "texture": "#1"
        }
      }
    },
    {
      "from": [
        11,
        0,
        6
      ],
      "to": [
        11,
        5,
        10
      ],
      "rotation": {
        "angle": -22.5,
        "axis": "z",
        "origin": [
          11,
          0,
          8
        ]
      },
      "faces": {
        "north": {
          "uv": [
            5.25,
            8.75,
            3.75,
            10
          ],
          "texture": "#1"
        },
        "east": {
          "uv": [
            4.5,
            12.75,
            5.5,
            14
          ],
          "texture": "#1"
        },
        "south": {
          "uv": [
            5.25,
            8.75,
            3.75,
            10
          ],
          "texture": "#1"
        },
        "west": {
          "uv": [
            5.5,
            12.75,
            4.5,
            14
          ],
          "texture": "#1"
        },
        "up": {
          "uv": [
            3.75,
            11.5,
            5.25,
            10
          ],
          "rotation": 90,
          "texture": "#1"
        },
        "down": {
          "uv": [
            3.75,
            11.5,
            5.25,
            10
          ],
          "rotation": 270,
          "texture": "#1"
        }
      }
    },
    {
      "from": [
        12.92306,
        4.59503,
        7.5
      ],
      "to": [
        15.92306,
        4.59503,
        8.5
      ],
      "rotation": {
        "angle": 45,
        "axis": "z",
        "origin": [
          12.9,
          4.6,
          8
        ]
      },
      "faces": {
        "north": {
          "uv": [
            3.75,
            10,
            5.25,
            8.75
          ],
          "rotation": 90,
          "texture": "#1"
        },
        "east": {
          "uv": [
            5.25,
            10,
            3.75,
            11.5
          ],
          "texture": "#1"
        },
        "south": {
          "uv": [
            3.75,
            10,
            5.25,
            8.75
          ],
          "rotation": 270,
          "texture": "#1"
        },
        "west": {
          "uv": [
            5.25,
            10,
            3.75,
            11.5
          ],
          "rotation": 180,
          "texture": "#1"
        },
        "up": {
          "uv": [
            5.5,
            14,
            5.75,
            13.25
          ],
          "rotation": 270,
          "texture": "#1"
        },
        "down": {
          "uv": [
            5.75,
            14,
            5.5,
            13.25
          ],
          "rotation": 270,
          "texture": "#1"
        }
      }
    },
    {
      "from": [
        5,
        3.03281,
        11.52751
      ],
      "to": [
        9,
        3.03281,
        16.52751
      ],
      "rotation": {
        "angle": -45,
        "axis": "x",
        "origin": [
          7,
          2.74157,
          15.96859
        ]
      },
      "faces": {
        "north": {
          "uv": [
            3.75,
            10,
            5.25,
            11.5
          ],
          "rotation": 180,
          "texture": "#1"
        },
        "east": {
          "uv": [
            3.75,
            8.75,
            5.25,
            10
          ],
          "rotation": 270,
          "texture": "#1"
        },
        "south": {
          "uv": [
            3.75,
            10,
            5.25,
            11.5
          ],
          "texture": "#1"
        },
        "west": {
          "uv": [
            3.75,
            8.75,
            5.25,
            10
          ],
          "rotation": 90,
          "texture": "#1"
        },
        "up": {
          "uv": [
            4.5,
            12.75,
            5.5,
            14
          ],
          "rotation": 180,
          "texture": "#1"
        },
        "down": {
          "uv": [
            5.5,
            12.75,
            4.5,
            14
          ],
          "texture": "#1"
        }
      }
    },
    {
      "from": [
        6.5,
        3.21533,
        16.37337
      ],
      "to": [
        7.5,
        3.21533,
        19.37337
      ],
      "rotation": {
        "angle": -22.5,
        "axis": "x",
        "origin": [
          7,
          2.74157,
          15.96859
        ]
      },
      "faces": {
        "north": {
          "uv": [
            3.75,
            10,
            5.25,
            11.5
          ],
          "rotation": 180,
          "texture": "#1"
        },
        "east": {
          "uv": [
            3.75,
            8.75,
            5.25,
            10
          ],
          "rotation": 270,
          "texture": "#1"
        },
        "south": {
          "uv": [
            3.75,
            10,
            5.25,
            11.5
          ],
          "texture": "#1"
        },
        "west": {
          "uv": [
            3.75,
            8.75,
            5.25,
            10
          ],
          "rotation": 90,
          "texture": "#1"
        },
        "up": {
          "uv": [
            5.5,
            13.25,
            5.75,
            14
          ],
          "rotation": 180,
          "texture": "#1"
        },
        "down": {
          "uv": [
            5.75,
            13.25,
            5.5,
            14
          ],
          "texture": "#1"
        }
      }
    },
    {
      "from": [
        6,
        3.03281,
        -0.52751
      ],
      "to": [
        10,
        3.03281,
        4.47249
      ],
      "rotation": {
        "angle": 45,
        "axis": "x",
        "origin": [
          8,
          2.74157,
          0.03141
        ]
      },
      "faces": {
        "north": {
          "uv": [
            5.25,
            10,
            3.75,
            11.5
          ],
          "texture": "#1"
        },
        "east": {
          "uv": [
            3.75,
            10,
            5.25,
            8.75
          ],
          "rotation": 270,
          "texture": "#1"
        },
        "south": {
          "uv": [
            5.25,
            10,
            3.75,
            11.5
          ],
          "rotation": 180,
          "texture": "#1"
        },
        "west": {
          "uv": [
            3.75,
            10,
            5.25,
            8.75
          ],
          "rotation": 90,
          "texture": "#1"
        },
        "up": {
          "uv": [
            4.5,
            14,
            5.5,
            12.75
          ],
          "rotation": 180,
          "texture": "#1"
        },
        "down": {
          "uv": [
            5.5,
            14,
            4.5,
            12.75
          ],
          "texture": "#1"
        }
      }
    },
    {
      "from": [
        7.5,
        3.21533,
        -3.37337
      ],
      "to": [
        8.5,
        3.21533,
        -0.37337
      ],
      "rotation": {
        "angle": 22.5,
        "axis": "x",
        "origin": [
          8,
          2.74157,
          0.03141
        ]
      },
      "faces": {
        "north": {
          "uv": [
            5.25,
            10,
            3.75,
            11.5
          ],
          "texture": "#1"
        },
        "east": {
          "uv": [
            3.75,
            10,
            5.25,
            8.75
          ],
          "rotation": 270,
          "texture": "#1"
        },
        "south": {
          "uv": [
            5.25,
            10,
            3.75,
            11.5
          ],
          "rotation": 180,
          "texture": "#1"
        },
        "west": {
          "uv": [
            3.75,
            10,
            5.25,
            8.75
          ],
          "rotation": 90,
          "texture": "#1"
        },
        "up": {
          "uv": [
            5.5,
            14,
            5.75,
            13.25
          ],
          "rotation": 180,
          "texture": "#1"
        },
        "down": {
          "uv": [
            5.75,
            14,
            5.5,
            13.25
          ],
          "texture": "#1"
        }
      }
    },
    {
      "from": [
        5,
        0,
        4
      ],
      "to": [
        9,
        5,
        4
      ],
      "rotation": {
        "angle": -22.5,
        "axis": "x",
        "origin": [
          7,
          0,
          4
        ]
      },
      "faces": {
        "north": {
          "uv": [
            4.5,
            12.75,
            5.5,
            14
          ],
          "texture": "#1"
        },
        "east": {
          "uv": [
            5.25,
            8.75,
            3.75,
            10
          ],
          "texture": "#1"
        },
        "south": {
          "uv": [
            5.5,
            12.75,
            4.5,
            14
          ],
          "texture": "#1"
        },
        "west": {
          "uv": [
            5.25,
            8.75,
            3.75,
            10
          ],
          "texture": "#1"
        },
        "up": {
          "uv": [
            3.75,
            11.5,
            5.25,
            10
          ],
          "texture": "#1"
        },
        "down": {
          "uv": [
            3.75,
            11.5,
            5.25,
            10
          ],
          "texture": "#1"
        }
      }
    },
    {
      "from": [
        6.5,
        4.59503,
        -0.92306
      ],
      "to": [
        7.5,
        4.59503,
        2.07694
      ],
      "rotation": {
        "angle": 45,
        "axis": "x",
        "origin": [
          7,
          4.6,
          2.1
        ]
      },
      "faces": {
        "north": {
          "uv": [
            5.25,
            10,
            3.75,
            11.5
          ],
          "texture": "#1"
        },
        "east": {
          "uv": [
            3.75,
            10,
            5.25,
            8.75
          ],
          "rotation": 270,
          "texture": "#1"
        },
        "south": {
          "uv": [
            5.25,
            10,
            3.75,
            11.5
          ],
          "rotation": 180,
          "texture": "#1"
        },
        "west": {
          "uv": [
            3.75,
            10,
            5.25,
            8.75
          ],
          "rotation": 90,
          "texture": "#1"
        },
        "up": {
          "uv": [
            5.5,
            14,
            5.75,
            13.25
          ],
          "rotation": 180,
          "texture": "#1"
        },
        "down": {
          "uv": [
            5.75,
            14,
            5.5,
            13.25
          ],
          "texture": "#1"
        }
      }
    },
    {
      "from": [
        6,
        5,
        6
      ],
      "to": [
        10,
        10,
        10
      ],
      "rotation": {
        "angle": 0,
        "axis": "y",
        "origin": [
          8,
          -2,
          8
        ]
      },
      "faces": {
        "north": {
          "uv": [
            5.25,
            8.75,
            6.25,
            10
          ],
          "texture": "#1"
        },
        "east": {
          "uv": [
            5.25,
            8.75,
            6.25,
            10
          ],
          "texture": "#1"
        },
        "south": {
          "uv": [
            5.25,
            8.75,
            6.25,
            10
          ],
          "texture": "#1"
        },
        "west": {
          "uv": [
            5.25,
            8.75,
            6.25,
            10
          ],
          "texture": "#1"
        },
        "up": {
          "uv": [
            5.25,
            10,
            6.25,
            11
          ],
          "texture": "#1"
        },
        "down": {
          "uv": [
            5.25,
            10,
            6.25,
            11
          ],
          "texture": "#1"
        }
      }
    },
    {
      "from": [
        7,
        10,
        7
      ],
      "to": [
        9,
        14,
        9
      ],
      "rotation": {
        "angle": 0,
        "axis": "y",
        "origin": [
          8,
          -2,
          8
        ]
      },
      "faces": {
        "north": {
          "uv": [
            5.5,
            8.75,
            6,
            9.75
          ],
          "texture": "#1"
        },
        "east": {
          "uv": [
            5.5,
            8.75,
            6,
            9.75
          ],
          "texture": "#1"
        },
        "south": {
          "uv": [
            5.5,
            8.75,
            6,
            9.75
          ],
          "texture": "#1"
        },
        "west": {
          "uv": [
            5.5,
            8.75,
            6,
            9.75
          ],
          "texture": "#1"
        },
        "up": {
          "uv": [
            5.5,
            10,
            6,
            10.5
          ],
          "texture": "#1"
        },
        "down": {
          "uv": [
            5.5,
            10,
            6,
            10.5
          ],
          "texture": "#1"
        }
      }
    },
    {
      "from": [
        8,
        14,
        5
      ],
      "to": [
        8,
        22,
        11
      ],
      "rotation": {
        "angle": 0,
        "axis": "y",
        "origin": [
          8,
          -2,
          8
        ]
      },
      "faces": {
        "east": {
          "uv": [
            4.5,
            14,
            6,
            16
          ],
          "texture": "#1"
        },
        "west": {
          "uv": [
            4.5,
            14,
            6,
            16
          ],
          "texture": "#1"
        }
      }
    },
    {
      "from": [
        8,
        9,
        9
      ],
      "to": [
        8,
        17,
        15
      ],
      "rotation": {
        "angle": 45,
        "axis": "x",
        "origin": [
          8,
          12,
          10
        ]
      },
      "faces": {
        "east": {
          "uv": [
            4.5,
            14,
            6,
            16
          ],
          "texture": "#1"
        },
        "west": {
          "uv": [
            4.5,
            14,
            6,
            16
          ],
          "texture": "#1"
        }
      }
    },
    {
      "from": [
        7.5,
        13,
        7
      ],
      "to": [
        7.5,
        18,
        11
      ],
      "rotation": {
        "angle": 45,
        "axis": "x",
        "origin": [
          7.5,
          13.5,
          9
        ]
      },
      "faces": {
        "east": {
          "uv": [
            6,
            14.75,
            7,
            16
          ],
          "texture": "#1"
        },
        "west": {
          "uv": [
            6,
            14.75,
            7,
            16
          ],
          "texture": "#1"
        }
      }
    },
    {
      "from": [
        8.5,
        11,
        2
      ],
      "to": [
        8.5,
        16,
        6
      ],
      "rotation": {
        "angle": -45,
        "axis": "x",
        "origin": [
          7.5,
          13.5,
          7
        ]
      },
      "faces": {
        "east": {
          "uv": [
            7,
            14.75,
            6,
            16
          ],
          "texture": "#1"
        },
        "west": {
          "uv": [
            7,
            14.75,
            6,
            16
          ],
          "texture": "#1"
        }
      }
    }
  ],
  "display": {
    "thirdperson_righthand": {
      "translation": [
        0,
        3,
        2
      ],
      "scale": [
        0.5,
        0.5,
        0.5
      ]
    },
    "thirdperson_lefthand": {
      "translation": [
        0,
        3.25,
        2
      ],
      "scale": [
        0.5,
        0.5,
        0.5
      ]
    },
    "ground": {
      "translation": [
        0,
        4.5,
        0
      ],
      "scale": [
        0.8,
        0.8,
        0.8
      ]
    },
    "gui": {
      "rotation": [
        0,
        55,
        0
      ],
      "translation": [
        0,
        -2,
        0
      ],
      "scale": [
        0.7,
        0.7,
        0.7
      ]
    },
    "head": {
      "translation": [
        0.25,
        -27,
        0
      ],
      "scale": [
        2,
        2,
        2
      ]
    },
    "fixed": {
      "rotation": [
        0,
        90,
        0
      ],
      "translation": [
        -0.25,
        -1.75,
        -0.5
      ],
      "scale": [
        0.7,
        0.7,
        0.7
      ]
    }
  },
  "groups": [
    {
      "name": "vase1",
      "origin": [
        -7,
        14.5,
        8
      ],
      "color": 0,
      "children": [
        0,
        {
          "name": "group",
          "origin": [
            8,
            10,
            12
          ],
          "color": 0,
          "children": [
            1,
            2
          ]
        },
        {
          "name": "group",
          "origin": [
            8,
            10,
            12
          ],
          "color": 0,
          "children": [
            3,
            4
          ]
        },
        {
          "name": "group",
          "origin": [
            8,
            10,
            12
          ],
          "color": 0,
          "children": [
            5,
            6
          ]
        },
        {
          "name": "group",
          "origin": [
            8,
            10,
            12
          ],
          "color": 0,
          "children": [
            7,
            8
          ]
        },
        {
          "name": "group",
          "origin": [
            8,
            10,
            12
          ],
          "color": 0,
          "children": [
            9,
            10
          ]
        },
        {
          "name": "group",
          "origin": [
            8,
            10,
            12
          ],
          "color": 0,
          "children": [
            11,
            12
          ]
        },
        13,
        14,
        15,
        16,
        17,
        18
      ]
    }
  ]
}