{
  "credit": "MadewithBlockbench",
  "ambientocclusion": false,
  "texture_size": [
    64,
    64
  ],
  "textures": {
    "1": "elitecreatures:exotic_garden_decoration_v1/pot_1"
  },
  "elements": [
    {
      "from": [
        7.5,
        -0.5,
        5.5
      ],
      "to": [
        8.5,
        13.5,
        6.5
      ],
      "rotation": {
        "angle": -22.5,
        "axis": "x",
        "origin": [
          8,
          0.5,
          6
        ]
      },
      "faces": {
        "north": {
          "uv": [
            7.25,
            12.25,
            7.5,
            15.75
          ],
          "texture": "#1"
        },
        "east": {
          "uv": [
            7.25,
            12.25,
            7.5,
            15.75
          ],
          "texture": "#1"
        },
        "south": {
          "uv": [
            7.25,
            12.25,
            7.5,
            15.75
          ],
          "texture": "#1"
        },
        "west": {
          "uv": [
            7.25,
            12.25,
            7.5,
            15.75
          ],
          "texture": "#1"
        },
        "up": {
          "uv": [
            7.25,
            12.25,
            7.5,
            12.5
          ],
          "texture": "#1"
        },
        "down": {
          "uv": [
            7.25,
            12.25,
            7.5,
            12.5
          ],
          "texture": "#1"
        }
      }
    },
    {
      "from": [
        7.6,
        5.5,
        3.6
      ],
      "to": [
        8.4,
        17.5,
        4.4
      ],
      "rotation": {
        "angle": 0,
        "axis": "y",
        "origin": [
          8,
          0.5,
          6
        ]
      },
      "faces": {
        "north": {
          "uv": [
            7.25,
            12.25,
            7.5,
            15.25
          ],
          "texture": "#1"
        },
        "east": {
          "uv": [
            7.25,
            12.25,
            7.5,
            15.25
          ],
          "texture": "#1"
        },
        "south": {
          "uv": [
            7.25,
            12.25,
            7.5,
            15.25
          ],
          "texture": "#1"
        },
        "west": {
          "uv": [
            7.25,
            12.25,
            7.5,
            15.25
          ],
          "texture": "#1"
        },
        "up": {
          "uv": [
            7.25,
            12.25,
            7.5,
            12.5
          ],
          "texture": "#1"
        },
        "down": {
          "uv": [
            7.25,
            12.25,
            7.5,
            12.5
          ],
          "texture": "#1"
        }
      }
    },
    {
      "from": [
        11.6,
        5.5,
        9.6
      ],
      "to": [
        12.4,
        12.5,
        10.4
      ],
      "rotation": {
        "angle": 0,
        "axis": "y",
        "origin": [
          8,
          0.5,
          6
        ]
      },
      "faces": {
        "north": {
          "uv": [
            7.25,
            12.25,
            7.45,
            14
          ],
          "texture": "#1"
        },
        "east": {
          "uv": [
            7.25,
            12.25,
            7.45,
            14
          ],
          "texture": "#1"
        },
        "south": {
          "uv": [
            7.25,
            12.25,
            7.45,
            14
          ],
          "texture": "#1"
        },
        "west": {
          "uv": [
            7.25,
            12.25,
            7.45,
            14
          ],
          "texture": "#1"
        },
        "up": {
          "uv": [
            7.25,
            12.25,
            7.45,
            12.45
          ],
          "texture": "#1"
        },
        "down": {
          "uv": [
            7.25,
            12.25,
            7.45,
            12.45
          ],
          "texture": "#1"
        }
      }
    },
    {
      "from": [
        4.5,
        -0.5,
        7.5
      ],
      "to": [
        5.5,
        10.5,
        8.5
      ],
      "rotation": {
        "angle": 0,
        "axis": "y",
        "origin": [
          8,
          0.5,
          6
        ]
      },
      "faces": {
        "north": {
          "uv": [
            7.25,
            12.25,
            7.5,
            15
          ],
          "texture": "#1"
        },
        "east": {
          "uv": [
            7.25,
            12.25,
            7.5,
            15
          ],
          "texture": "#1"
        },
        "south": {
          "uv": [
            7.25,
            12.25,
            7.5,
            15
          ],
          "texture": "#1"
        },
        "west": {
          "uv": [
            7.25,
            12.25,
            7.5,
            15
          ],
          "texture": "#1"
        },
        "up": {
          "uv": [
            7.25,
            12.25,
            7.5,
            12.5
          ],
          "texture": "#1"
        },
        "down": {
          "uv": [
            7.25,
            12.25,
            7.5,
            12.5
          ],
          "texture": "#1"
        }
      }
    },
    {
      "from": [
        9.5,
        -0.5,
        9.5
      ],
      "to": [
        10.5,
        13.5,
        10.5
      ],
      "rotation": {
        "angle": -22.5,
        "axis": "z",
        "origin": [
          8,
          0.5,
          8
        ]
      },
      "faces": {
        "north": {
          "uv": [
            7.25,
            12.25,
            7.5,
            15.75
          ],
          "texture": "#1"
        },
        "east": {
          "uv": [
            7.25,
            12.25,
            7.5,
            15.75
          ],
          "texture": "#1"
        },
        "south": {
          "uv": [
            7.25,
            12.25,
            7.5,
            15.75
          ],
          "texture": "#1"
        },
        "west": {
          "uv": [
            7.25,
            12.25,
            7.5,
            15.75
          ],
          "texture": "#1"
        },
        "up": {
          "uv": [
            7.25,
            12.25,
            7.5,
            12.5
          ],
          "texture": "#1"
        },
        "down": {
          "uv": [
            7.25,
            12.25,
            7.5,
            12.5
          ],
          "texture": "#1"
        }
      }
    },
    {
      "from": [
        6.5,
        0.5,
        12.5
      ],
      "to": [
        7.5,
        7.5,
        13.5
      ],
      "rotation": {
        "angle": 22.5,
        "axis": "x",
        "origin": [
          6,
          5.875,
          11
        ]
      },
      "faces": {
        "north": {
          "uv": [
            7.25,
            12.25,
            7.5,
            14
          ],
          "texture": "#1"
        },
        "east": {
          "uv": [
            7.25,
            12.25,
            7.5,
            14
          ],
          "texture": "#1"
        },
        "south": {
          "uv": [
            7.25,
            12.25,
            7.5,
            14
          ],
          "texture": "#1"
        },
        "west": {
          "uv": [
            7.25,
            12.25,
            7.5,
            14
          ],
          "texture": "#1"
        },
        "up": {
          "uv": [
            7.25,
            12.25,
            7.5,
            12.5
          ],
          "texture": "#1"
        },
        "down": {
          "uv": [
            7.25,
            12.25,
            7.5,
            12.5
          ],
          "texture": "#1"
        }
      }
    },
    {
      "from": [
        5,
        7.75,
        11
      ],
      "to": [
        9,
        7.75,
        15
      ],
      "rotation": {
        "angle": 22.5,
        "axis": "x",
        "origin": [
          6,
          5.875,
          11
        ]
      },
      "faces": {
        "up": {
          "uv": [
            4.25,
            11.75,
            5.25,
            12.75
          ],
          "texture": "#1"
        },
        "down": {
          "uv": [
            5.25,
            11.75,
            4.25,
            12.75
          ],
          "texture": "#1"
        }
      }
    },
    {
      "from": [
        5,
        3.75,
        11
      ],
      "to": [
        5,
        7.75,
        15
      ],
      "rotation": {
        "angle": 22.5,
        "axis": "x",
        "origin": [
          6,
          5.875,
          11
        ]
      },
      "faces": {
        "east": {
          "uv": [
            4.25,
            11.75,
            3.25,
            12.75
          ],
          "texture": "#1"
        },
        "west": {
          "uv": [
            3.25,
            11.75,
            4.25,
            12.75
          ],
          "texture": "#1"
        }
      }
    },
    {
      "from": [
        9,
        3.75,
        11
      ],
      "to": [
        9,
        7.75,
        15
      ],
      "rotation": {
        "angle": 22.5,
        "axis": "x",
        "origin": [
          6,
          5.875,
          11
        ]
      },
      "faces": {
        "east": {
          "uv": [
            4.25,
            11.75,
            3.25,
            12.75
          ],
          "texture": "#1"
        },
        "west": {
          "uv": [
            3.25,
            11.75,
            4.25,
            12.75
          ],
          "texture": "#1"
        }
      }
    },
    {
      "from": [
        5,
        3.75,
        11
      ],
      "to": [
        9,
        7.75,
        11
      ],
      "rotation": {
        "angle": 22.5,
        "axis": "x",
        "origin": [
          6,
          5.875,
          11
        ]
      },
      "faces": {
        "north": {
          "uv": [
            3.25,
            11.75,
            4.25,
            12.75
          ],
          "texture": "#1"
        },
        "south": {
          "uv": [
            4.25,
            11.75,
            3.25,
            12.75
          ],
          "texture": "#1"
        }
      }
    },
    {
      "from": [
        5,
        3.75,
        15
      ],
      "to": [
        9,
        7.75,
        15
      ],
      "rotation": {
        "angle": 22.5,
        "axis": "x",
        "origin": [
          6,
          5.875,
          11
        ]
      },
      "faces": {
        "north": {
          "uv": [
            3.25,
            11.75,
            4.25,
            12.75
          ],
          "texture": "#1"
        },
        "south": {
          "uv": [
            4.25,
            11.75,
            3.25,
            12.75
          ],
          "texture": "#1"
        }
      }
    },
    {
      "from": [
        6,
        17.75,
        2
      ],
      "to": [
        10,
        17.75,
        6
      ],
      "rotation": {
        "angle": 0,
        "axis": "y",
        "origin": [
          0,
          -9.5,
          0
        ]
      },
      "faces": {
        "up": {
          "uv": [
            4.25,
            11.75,
            5.25,
            12.75
          ],
          "texture": "#1"
        },
        "down": {
          "uv": [
            5.25,
            11.75,
            4.25,
            12.75
          ],
          "texture": "#1"
        }
      }
    },
    {
      "from": [
        6,
        13.75,
        2
      ],
      "to": [
        6,
        17.75,
        6
      ],
      "rotation": {
        "angle": 0,
        "axis": "y",
        "origin": [
          0,
          -9.5,
          0
        ]
      },
      "faces": {
        "east": {
          "uv": [
            4.25,
            11.75,
            3.25,
            12.75
          ],
          "texture": "#1"
        },
        "west": {
          "uv": [
            3.25,
            11.75,
            4.25,
            12.75
          ],
          "texture": "#1"
        }
      }
    },
    {
      "from": [
        10,
        13.75,
        2
      ],
      "to": [
        10,
        17.75,
        6
      ],
      "rotation": {
        "angle": 0,
        "axis": "y",
        "origin": [
          0,
          -9.5,
          0
        ]
      },
      "faces": {
        "east": {
          "uv": [
            4.25,
            11.75,
            3.25,
            12.75
          ],
          "texture": "#1"
        },
        "west": {
          "uv": [
            3.25,
            11.75,
            4.25,
            12.75
          ],
          "texture": "#1"
        }
      }
    },
    {
      "from": [
        6,
        13.75,
        2
      ],
      "to": [
        10,
        17.75,
        2
      ],
      "rotation": {
        "angle": 0,
        "axis": "y",
        "origin": [
          7,
          19.5,
          7
        ]
      },
      "faces": {
        "north": {
          "uv": [
            3.25,
            11.75,
            4.25,
            12.75
          ],
          "texture": "#1"
        },
        "south": {
          "uv": [
            4.25,
            11.75,
            3.25,
            12.75
          ],
          "texture": "#1"
        }
      }
    },
    {
      "from": [
        6,
        13.75,
        6
      ],
      "to": [
        10,
        17.75,
        6
      ],
      "rotation": {
        "angle": 0,
        "axis": "y",
        "origin": [
          7,
          19.5,
          7
        ]
      },
      "faces": {
        "north": {
          "uv": [
            3.25,
            11.75,
            4.25,
            12.75
          ],
          "texture": "#1"
        },
        "south": {
          "uv": [
            4.25,
            11.75,
            3.25,
            12.75
          ],
          "texture": "#1"
        }
      }
    },
    {
      "from": [
        10,
        14.75,
        7
      ],
      "to": [
        14,
        14.75,
        11
      ],
      "rotation": {
        "angle": 0,
        "axis": "y",
        "origin": [
          0,
          -9.5,
          0
        ]
      },
      "faces": {
        "up": {
          "uv": [
            4.25,
            11.75,
            5.25,
            12.75
          ],
          "texture": "#1"
        },
        "down": {
          "uv": [
            5.25,
            11.75,
            4.25,
            12.75
          ],
          "texture": "#1"
        }
      }
    },
    {
      "from": [
        10,
        10.75,
        7
      ],
      "to": [
        10,
        14.75,
        11
      ],
      "rotation": {
        "angle": 0,
        "axis": "y",
        "origin": [
          0,
          -9.5,
          0
        ]
      },
      "faces": {
        "east": {
          "uv": [
            4.25,
            11.75,
            3.25,
            12.75
          ],
          "texture": "#1"
        },
        "west": {
          "uv": [
            3.25,
            11.75,
            4.25,
            12.75
          ],
          "texture": "#1"
        }
      }
    },
    {
      "from": [
        14,
        10.75,
        7
      ],
      "to": [
        14,
        14.75,
        11
      ],
      "rotation": {
        "angle": 0,
        "axis": "y",
        "origin": [
          0,
          -9.5,
          0
        ]
      },
      "faces": {
        "east": {
          "uv": [
            4.25,
            11.75,
            3.25,
            12.75
          ],
          "texture": "#1"
        },
        "west": {
          "uv": [
            3.25,
            11.75,
            4.25,
            12.75
          ],
          "texture": "#1"
        }
      }
    },
    {
      "from": [
        10,
        10.75,
        7
      ],
      "to": [
        14,
        14.75,
        7
      ],
      "rotation": {
        "angle": 0,
        "axis": "y",
        "origin": [
          7,
          19.5,
          7
        ]
      },
      "faces": {
        "north": {
          "uv": [
            3.25,
            11.75,
            4.25,
            12.75
          ],
          "texture": "#1"
        },
        "south": {
          "uv": [
            4.25,
            11.75,
            3.25,
            12.75
          ],
          "texture": "#1"
        }
      }
    },
    {
      "from": [
        10,
        10.75,
        11
      ],
      "to": [
        14,
        14.75,
        11
      ],
      "rotation": {
        "angle": 0,
        "axis": "y",
        "origin": [
          7,
          19.5,
          7
        ]
      },
      "faces": {
        "north": {
          "uv": [
            3.25,
            11.75,
            4.25,
            12.75
          ],
          "texture": "#1"
        },
        "south": {
          "uv": [
            4.25,
            11.75,
            3.25,
            12.75
          ],
          "texture": "#1"
        }
      }
    },
    {
      "from": [
        2,
        10.75,
        5
      ],
      "to": [
        8,
        10.75,
        11
      ],
      "rotation": {
        "angle": 0,
        "axis": "y",
        "origin": [
          5,
          9.5,
          8
        ]
      },
      "faces": {
        "up": {
          "uv": [
            6.25,
            8,
            7.75,
            9.5
          ],
          "texture": "#1"
        },
        "down": {
          "uv": [
            7.75,
            8,
            6.25,
            9.5
          ],
          "texture": "#1"
        }
      }
    },
    {
      "from": [
        2,
        5.75,
        5
      ],
      "to": [
        2,
        10.75,
        11
      ],
      "rotation": {
        "angle": 0,
        "axis": "y",
        "origin": [
          5,
          9.5,
          8
        ]
      },
      "faces": {
        "east": {
          "uv": [
            7.75,
            9.5,
            6.25,
            10.75
          ],
          "texture": "#1"
        },
        "west": {
          "uv": [
            6.25,
            9.5,
            7.75,
            10.75
          ],
          "texture": "#1"
        }
      }
    },
    {
      "from": [
        8,
        5.75,
        5
      ],
      "to": [
        8,
        10.75,
        11
      ],
      "rotation": {
        "angle": 0,
        "axis": "y",
        "origin": [
          5,
          9.5,
          8
        ]
      },
      "faces": {
        "east": {
          "uv": [
            7.75,
            9.5,
            6.25,
            10.75
          ],
          "texture": "#1"
        },
        "west": {
          "uv": [
            6.25,
            9.5,
            7.75,
            10.75
          ],
          "texture": "#1"
        }
      }
    },
    {
      "from": [
        2,
        5.75,
        11
      ],
      "to": [
        8,
        10.75,
        11
      ],
      "rotation": {
        "angle": 0,
        "axis": "y",
        "origin": [
          5,
          9.5,
          8
        ]
      },
      "faces": {
        "north": {
          "uv": [
            6.25,
            9.5,
            7.75,
            10.75
          ],
          "texture": "#1"
        },
        "south": {
          "uv": [
            7.75,
            9.5,
            6.25,
            10.75
          ],
          "texture": "#1"
        }
      }
    },
    {
      "from": [
        2,
        5.75,
        5
      ],
      "to": [
        8,
        10.75,
        5
      ],
      "rotation": {
        "angle": 0,
        "axis": "y",
        "origin": [
          5,
          9.5,
          8
        ]
      },
      "faces": {
        "north": {
          "uv": [
            6.25,
            9.5,
            7.75,
            10.75
          ],
          "texture": "#1"
        },
        "south": {
          "uv": [
            7.75,
            9.5,
            6.25,
            10.75
          ],
          "texture": "#1"
        }
      }
    },
    {
      "from": [
        11,
        12.75,
        6.5
      ],
      "to": [
        17,
        12.75,
        12.5
      ],
      "rotation": {
        "angle": 0,
        "axis": "y",
        "origin": [
          5,
          9.5,
          8
        ]
      },
      "faces": {
        "up": {
          "uv": [
            6.25,
            8,
            7.75,
            9.5
          ],
          "texture": "#1"
        },
        "down": {
          "uv": [
            7.75,
            8,
            6.25,
            9.5
          ],
          "texture": "#1"
        }
      }
    },
    {
      "from": [
        11,
        7.75,
        6.5
      ],
      "to": [
        11,
        12.75,
        12.5
      ],
      "rotation": {
        "angle": 0,
        "axis": "y",
        "origin": [
          5,
          9.5,
          8
        ]
      },
      "faces": {
        "east": {
          "uv": [
            7.75,
            9.5,
            6.25,
            10.75
          ],
          "texture": "#1"
        },
        "west": {
          "uv": [
            6.25,
            9.5,
            7.75,
            10.75
          ],
          "texture": "#1"
        }
      }
    },
    {
      "from": [
        17,
        7.75,
        6.5
      ],
      "to": [
        17,
        12.75,
        12.5
      ],
      "rotation": {
        "angle": 0,
        "axis": "y",
        "origin": [
          5,
          9.5,
          8
        ]
      },
      "faces": {
        "east": {
          "uv": [
            7.75,
            9.5,
            6.25,
            10.75
          ],
          "texture": "#1"
        },
        "west": {
          "uv": [
            6.25,
            9.5,
            7.75,
            10.75
          ],
          "texture": "#1"
        }
      }
    },
    {
      "from": [
        11,
        7.75,
        12.5
      ],
      "to": [
        17,
        12.75,
        12.5
      ],
      "rotation": {
        "angle": 0,
        "axis": "y",
        "origin": [
          5,
          9.5,
          8
        ]
      },
      "faces": {
        "north": {
          "uv": [
            6.25,
            9.5,
            7.75,
            10.75
          ],
          "texture": "#1"
        },
        "south": {
          "uv": [
            7.75,
            9.5,
            6.25,
            10.75
          ],
          "texture": "#1"
        }
      }
    },
    {
      "from": [
        11,
        7.75,
        6.5
      ],
      "to": [
        17,
        12.75,
        6.5
      ],
      "rotation": {
        "angle": 0,
        "axis": "y",
        "origin": [
          5,
          9.5,
          8
        ]
      },
      "faces": {
        "north": {
          "uv": [
            6.25,
            9.5,
            7.75,
            10.75
          ],
          "texture": "#1"
        },
        "south": {
          "uv": [
            7.75,
            9.5,
            6.25,
            10.75
          ],
          "texture": "#1"
        }
      }
    },
    {
      "from": [
        4.5,
        12.75,
        -2
      ],
      "to": [
        10.5,
        12.75,
        4
      ],
      "rotation": {
        "angle": 0,
        "axis": "y",
        "origin": [
          5,
          9.5,
          8
        ]
      },
      "faces": {
        "up": {
          "uv": [
            6.25,
            8,
            7.75,
            9.5
          ],
          "texture": "#1"
        },
        "down": {
          "uv": [
            7.75,
            8,
            6.25,
            9.5
          ],
          "texture": "#1"
        }
      }
    },
    {
      "from": [
        4.5,
        7.75,
        -2
      ],
      "to": [
        4.5,
        12.75,
        4
      ],
      "rotation": {
        "angle": 0,
        "axis": "y",
        "origin": [
          5,
          9.5,
          8
        ]
      },
      "faces": {
        "east": {
          "uv": [
            7.75,
            9.5,
            6.25,
            10.75
          ],
          "texture": "#1"
        },
        "west": {
          "uv": [
            6.25,
            9.5,
            7.75,
            10.75
          ],
          "texture": "#1"
        }
      }
    },
    {
      "from": [
        10.5,
        7.75,
        -2
      ],
      "to": [
        10.5,
        12.75,
        4
      ],
      "rotation": {
        "angle": 0,
        "axis": "y",
        "origin": [
          5,
          9.5,
          8
        ]
      },
      "faces": {
        "east": {
          "uv": [
            7.75,
            9.5,
            6.25,
            10.75
          ],
          "texture": "#1"
        },
        "west": {
          "uv": [
            6.25,
            9.5,
            7.75,
            10.75
          ],
          "texture": "#1"
        }
      }
    },
    {
      "from": [
        4.5,
        7.75,
        4
      ],
      "to": [
        10.5,
        12.75,
        4
      ],
      "rotation": {
        "angle": 0,
        "axis": "y",
        "origin": [
          5,
          9.5,
          8
        ]
      },
      "faces": {
        "north": {
          "uv": [
            6.25,
            9.5,
            7.75,
            10.75
          ],
          "texture": "#1"
        },
        "south": {
          "uv": [
            7.75,
            9.5,
            6.25,
            10.75
          ],
          "texture": "#1"
        }
      }
    },
    {
      "from": [
        4.5,
        7.75,
        -2
      ],
      "to": [
        10.5,
        12.75,
        -2
      ],
      "rotation": {
        "angle": 0,
        "axis": "y",
        "origin": [
          5,
          9.5,
          8
        ]
      },
      "faces": {
        "north": {
          "uv": [
            6.25,
            9.5,
            7.75,
            10.75
          ],
          "texture": "#1"
        },
        "south": {
          "uv": [
            7.75,
            9.5,
            6.25,
            10.75
          ],
          "texture": "#1"
        }
      }
    },
    {
      "from": [
        7,
        5.5,
        0.75
      ],
      "to": [
        9,
        7.5,
        2.75
      ],
      "rotation": {
        "angle": 0,
        "axis": "y",
        "origin": [
          0,
          -9.5,
          0
        ]
      },
      "faces": {
        "north": {
          "uv": [
            4.5,
            8.25,
            5,
            8.75
          ],
          "texture": "#1"
        },
        "east": {
          "uv": [
            4.5,
            8.25,
            5,
            8.75
          ],
          "texture": "#1"
        },
        "south": {
          "uv": [
            4.5,
            8.25,
            5,
            8.75
          ],
          "texture": "#1"
        },
        "west": {
          "uv": [
            4.5,
            8.25,
            5,
            8.75
          ],
          "texture": "#1"
        },
        "up": {
          "uv": [
            5,
            8.25,
            5.5,
            8.75
          ],
          "texture": "#1"
        },
        "down": {
          "uv": [
            5,
            8.25,
            5.5,
            8.75
          ],
          "texture": "#1"
        }
      }
    },
    {
      "from": [
        8,
        7.5,
        0.5
      ],
      "to": [
        8,
        9.5,
        2.5
      ],
      "rotation": {
        "angle": 0,
        "axis": "y",
        "origin": [
          0,
          -9.5,
          0
        ]
      },
      "faces": {
        "east": {
          "uv": [
            4.5,
            8.25,
            4,
            8.75
          ],
          "texture": "#1"
        },
        "west": {
          "uv": [
            4,
            8.25,
            4.5,
            8.75
          ],
          "texture": "#1"
        }
      }
    },
    {
      "from": [
        13,
        6.5,
        7.25
      ],
      "to": [
        15,
        8.5,
        9.25
      ],
      "rotation": {
        "angle": 0,
        "axis": "y",
        "origin": [
          0,
          -9.5,
          0
        ]
      },
      "faces": {
        "north": {
          "uv": [
            4.5,
            8.25,
            5,
            8.75
          ],
          "texture": "#1"
        },
        "east": {
          "uv": [
            4.5,
            8.25,
            5,
            8.75
          ],
          "texture": "#1"
        },
        "south": {
          "uv": [
            4.5,
            8.25,
            5,
            8.75
          ],
          "texture": "#1"
        },
        "west": {
          "uv": [
            4.5,
            8.25,
            5,
            8.75
          ],
          "texture": "#1"
        },
        "up": {
          "uv": [
            5,
            8.25,
            5.5,
            8.75
          ],
          "texture": "#1"
        },
        "down": {
          "uv": [
            5,
            8.25,
            5.5,
            8.75
          ],
          "texture": "#1"
        }
      }
    },
    {
      "from": [
        14,
        8.5,
        7
      ],
      "to": [
        14,
        10.5,
        9
      ],
      "rotation": {
        "angle": 0,
        "axis": "y",
        "origin": [
          0,
          -9.5,
          0
        ]
      },
      "faces": {
        "east": {
          "uv": [
            4.5,
            8.25,
            4,
            8.75
          ],
          "texture": "#1"
        },
        "west": {
          "uv": [
            4,
            8.25,
            4.5,
            8.75
          ],
          "texture": "#1"
        }
      }
    },
    {
      "from": [
        2.5,
        4.5,
        8.25
      ],
      "to": [
        4.5,
        6.5,
        10.25
      ],
      "rotation": {
        "angle": 0,
        "axis": "y",
        "origin": [
          0,
          -9.5,
          0
        ]
      },
      "faces": {
        "north": {
          "uv": [
            4.5,
            8.25,
            5,
            8.75
          ],
          "texture": "#1"
        },
        "east": {
          "uv": [
            4.5,
            8.25,
            5,
            8.75
          ],
          "texture": "#1"
        },
        "south": {
          "uv": [
            4.5,
            8.25,
            5,
            8.75
          ],
          "texture": "#1"
        },
        "west": {
          "uv": [
            4.5,
            8.25,
            5,
            8.75
          ],
          "texture": "#1"
        },
        "up": {
          "uv": [
            5,
            8.25,
            5.5,
            8.75
          ],
          "texture": "#1"
        },
        "down": {
          "uv": [
            5,
            8.25,
            5.5,
            8.75
          ],
          "texture": "#1"
        }
      }
    },
    {
      "from": [
        3.5,
        6.5,
        8
      ],
      "to": [
        3.5,
        8.5,
        10
      ],
      "rotation": {
        "angle": 0,
        "axis": "y",
        "origin": [
          0,
          -9.5,
          0
        ]
      },
      "faces": {
        "east": {
          "uv": [
            4.5,
            8.25,
            4,
            8.75
          ],
          "texture": "#1"
        },
        "west": {
          "uv": [
            4,
            8.25,
            4.5,
            8.75
          ],
          "texture": "#1"
        }
      }
    },
    {
      "from": [
        9,
        0.5,
        11
      ],
      "to": [
        11,
        2.5,
        13
      ],
      "rotation": {
        "angle": -45,
        "axis": "y",
        "origin": [
          10,
          2.5,
          11.125
        ]
      },
      "faces": {
        "north": {
          "uv": [
            4.5,
            8.25,
            5,
            8.75
          ],
          "texture": "#1"
        },
        "east": {
          "uv": [
            4.5,
            8.25,
            5,
            8.75
          ],
          "texture": "#1"
        },
        "south": {
          "uv": [
            4.5,
            8.25,
            5,
            8.75
          ],
          "texture": "#1"
        },
        "west": {
          "uv": [
            4.5,
            8.25,
            5,
            8.75
          ],
          "texture": "#1"
        },
        "up": {
          "uv": [
            5,
            8.25,
            5.5,
            8.75
          ],
          "texture": "#1"
        },
        "down": {
          "uv": [
            5,
            8.25,
            5.5,
            8.75
          ],
          "texture": "#1"
        }
      }
    },
    {
      "from": [
        10,
        2.5,
        10.75
      ],
      "to": [
        10,
        4.5,
        12.75
      ],
      "rotation": {
        "angle": -45,
        "axis": "y",
        "origin": [
          10,
          2.5,
          11.125
        ]
      },
      "faces": {
        "east": {
          "uv": [
            4.5,
            8.25,
            4,
            8.75
          ],
          "texture": "#1"
        },
        "west": {
          "uv": [
            4,
            8.25,
            4.5,
            8.75
          ],
          "texture": "#1"
        }
      }
    },
    {
      "from": [
        10.125,
        0.5,
        6.125
      ],
      "to": [
        12.125,
        2.5,
        8.125
      ],
      "rotation": {
        "angle": 0,
        "axis": "y",
        "origin": [
          13.25,
          2.5,
          7.125
        ]
      },
      "faces": {
        "north": {
          "uv": [
            4.5,
            8.25,
            5,
            8.75
          ],
          "texture": "#1"
        },
        "east": {
          "uv": [
            4.5,
            8.25,
            5,
            8.75
          ],
          "texture": "#1"
        },
        "south": {
          "uv": [
            4.5,
            8.25,
            5,
            8.75
          ],
          "texture": "#1"
        },
        "west": {
          "uv": [
            4.5,
            8.25,
            5,
            8.75
          ],
          "texture": "#1"
        },
        "up": {
          "uv": [
            5,
            8.25,
            5.5,
            8.75
          ],
          "rotation": 90,
          "texture": "#1"
        },
        "down": {
          "uv": [
            5,
            8.25,
            5.5,
            8.75
          ],
          "rotation": 270,
          "texture": "#1"
        }
      }
    },
    {
      "from": [
        10.375,
        2.5,
        7.125
      ],
      "to": [
        12.375,
        4.5,
        7.125
      ],
      "rotation": {
        "angle": 0,
        "axis": "y",
        "origin": [
          13.25,
          2.5,
          7.125
        ]
      },
      "faces": {
        "north": {
          "uv": [
            4,
            8.25,
            4.5,
            8.75
          ],
          "texture": "#1"
        },
        "south": {
          "uv": [
            4.5,
            8.25,
            4,
            8.75
          ],
          "texture": "#1"
        }
      }
    }
  ],
  "display": {
    "thirdperson_righthand": {
      "translation": [
        0,
        4,
        2
      ],
      "scale": [
        0.5,
        0.5,
        0.5
      ]
    },
    "thirdperson_lefthand": {
      "translation": [
        0,
        4,
        1.25
      ],
      "scale": [
        0.5,
        0.5,
        0.5
      ]
    },
    "ground": {
      "translation": [
        0,
        2.75,
        0
      ],
      "scale": [
        0.6,
        0.6,
        0.6
      ]
    },
    "gui": {
      "rotation": [
        40,
        -40,
        0
      ],
      "translation": [
        -0.5,
        -0.75,
        0
      ],
      "scale": [
        0.7,
        0.7,
        0.7
      ]
    },
    "head": {
      "translation": [
        0,
        -25.25,
        -1.25
      ],
      "scale": [
        2,
        2,
        2
      ]
    },
    "fixed": {
      "rotation": [
        0,
        51,
        0
      ],
      "translation": [
        0,
        0,
        0.75
      ],
      "scale": [
        0.8,
        0.8,
        0.8
      ]
    }
  },
  "groups": [
    {
      "name": "vase1",
      "origin": [
        -7,
        14.5,
        8
      ],
      "color": 0,
      "children": [
        0,
        1,
        2,
        3,
        4
      ]
    },
    {
      "name": "group",
      "origin": [
        7,
        29,
        7
      ],
      "color": 0,
      "children": [
        5,
        6,
        7,
        8,
        9,
        10
      ]
    },
    {
      "name": "group",
      "origin": [
        7,
        29,
        7
      ],
      "color": 0,
      "children": [
        11,
        12,
        13,
        14,
        15
      ]
    },
    {
      "name": "group",
      "origin": [
        7,
        29,
        7
      ],
      "color": 0,
      "children": [
        16,
        17,
        18,
        19,
        20
      ]
    },
    {
      "name": "group",
      "origin": [
        7,
        29,
        7
      ],
      "color": 0,
      "children": [
        21,
        22,
        23,
        24,
        25
      ]
    },
    {
      "name": "group",
      "origin": [
        7,
        29,
        7
      ],
      "color": 0,
      "children": [
        26,
        27,
        28,
        29,
        30
      ]
    },
    {
      "name": "group",
      "origin": [
        7,
        29,
        7
      ],
      "color": 0,
      "children": [
        31,
        32,
        33,
        34,
        35
      ]
    },
    {
      "name": "group",
      "origin": [
        0,
        0,
        0
      ],
      "color": 0,
      "children": [
        36,
        37
      ]
    },
    {
      "name": "group",
      "origin": [
        0,
        0,
        0
      ],
      "color": 0,
      "children": [
        38,
        39
      ]
    },
    {
      "name": "group",
      "origin": [
        0,
        0,
        0
      ],
      "color": 0,
      "children": [
        40,
        41
      ]
    },
    {
      "name": "group",
      "origin": [
        0,
        0,
        0
      ],
      "color": 0,
      "children": [
        42,
        43
      ]
    },
    {
      "name": "group",
      "origin": [
        0,
        0,
        0
      ],
      "color": 0,
      "children": [
        44,
        45
      ]
    }
  ]
}