{
  "credit": "MadewithBlockbench",
  "texture_size": [
    64,
    64
  ],
  "textures": {
    "0": "elitecreatures:dungeon_decoration_v1/dungeon_weaponstand",
    "particle": "elitecreatures:dungeon_decoration_v1/dungeon_weaponstand"
  },
  "elements": [
    {
      "from": [
        11,
        0,
        4
      ],
      "to": [
        15,
        3,
        16
      ],
      "faces": {
        "north": {
          "uv": [
            6.25,
            5.75,
            7.25,
            6.5
          ],
          "texture": "#0"
        },
        "east": {
          "uv": [
            3,
            4.75,
            6,
            5.5
          ],
          "texture": "#0"
        },
        "south": {
          "uv": [
            6.25,
            5.75,
            7.25,
            6.5
          ],
          "texture": "#0"
        },
        "west": {
          "uv": [
            3,
            4.75,
            6,
            5.5
          ],
          "texture": "#0"
        },
        "up": {
          "uv": [
            3,
            7.25,
            2,
            4.25
          ],
          "texture": "#0"
        },
        "down": {
          "uv": [
            3,
            7.25,
            2,
            4.25
          ],
          "texture": "#0"
        }
      }
    },
    {
      "from": [
        -11,
        1,
        8
      ],
      "to": [
        11,
        3,
        12
      ],
      "faces": {
        "north": {
          "uv": [
            3,
            4.25,
            8.5,
            4.75
          ],
          "texture": "#0"
        },
        "east": {
          "uv": [
            6.25,
            6.5,
            7.25,
            7
          ],
          "texture": "#0"
        },
        "south": {
          "uv": [
            3,
            4.25,
            8.5,
            4.75
          ],
          "texture": "#0"
        },
        "west": {
          "uv": [
            6.25,
            6.5,
            7.25,
            7
          ],
          "texture": "#0"
        },
        "up": {
          "uv": [
            7.5,
            4.25,
            2,
            3.25
          ],
          "texture": "#0"
        },
        "down": {
          "uv": [
            7.5,
            4.25,
            2,
            3.25
          ],
          "texture": "#0"
        }
      }
    },
    {
      "from": [
        11,
        3,
        8
      ],
      "to": [
        15,
        26,
        12
      ],
      "faces": {
        "north": {
          "uv": [
            0,
            3.25,
            1,
            9
          ],
          "texture": "#0"
        },
        "east": {
          "uv": [
            1,
            3.25,
            2,
            9
          ],
          "texture": "#0"
        },
        "south": {
          "uv": [
            0,
            3.25,
            1,
            9
          ],
          "texture": "#0"
        },
        "west": {
          "uv": [
            1,
            3.25,
            2,
            9
          ],
          "texture": "#0"
        },
        "up": {
          "uv": [
            6.25,
            6.75,
            5.25,
            5.75
          ],
          "texture": "#0"
        },
        "down": {
          "uv": [
            6.25,
            6.75,
            5.25,
            5.75
          ],
          "texture": "#0"
        }
      }
    },
    {
      "from": [
        -15,
        0,
        4
      ],
      "to": [
        -11,
        3,
        16
      ],
      "rotation": {
        "angle": 0,
        "axis": "y",
        "origin": [
          16,
          0,
          0
        ]
      },
      "faces": {
        "north": {
          "uv": [
            7.25,
            5.75,
            6.25,
            6.5
          ],
          "texture": "#0"
        },
        "east": {
          "uv": [
            6,
            4.75,
            3,
            5.5
          ],
          "texture": "#0"
        },
        "south": {
          "uv": [
            7.25,
            5.75,
            6.25,
            6.5
          ],
          "texture": "#0"
        },
        "west": {
          "uv": [
            6,
            4.75,
            3,
            5.5
          ],
          "texture": "#0"
        },
        "up": {
          "uv": [
            2,
            7.25,
            3,
            4.25
          ],
          "texture": "#0"
        },
        "down": {
          "uv": [
            2,
            7.25,
            3,
            4.25
          ],
          "texture": "#0"
        }
      }
    },
    {
      "from": [
        -15,
        3,
        8
      ],
      "to": [
        -11,
        26,
        12
      ],
      "rotation": {
        "angle": 0,
        "axis": "y",
        "origin": [
          16,
          0,
          0
        ]
      },
      "faces": {
        "north": {
          "uv": [
            1,
            3.25,
            0,
            9
          ],
          "texture": "#0"
        },
        "east": {
          "uv": [
            2,
            3.25,
            1,
            9
          ],
          "texture": "#0"
        },
        "south": {
          "uv": [
            1,
            3.25,
            0,
            9
          ],
          "texture": "#0"
        },
        "west": {
          "uv": [
            2,
            3.25,
            1,
            9
          ],
          "texture": "#0"
        },
        "up": {
          "uv": [
            5.25,
            6.75,
            6.25,
            5.75
          ],
          "texture": "#0"
        },
        "down": {
          "uv": [
            5.25,
            6.75,
            6.25,
            5.75
          ],
          "texture": "#0"
        }
      }
    },
    {
      "from": [
        -12,
        9,
        12
      ],
      "to": [
        21,
        13,
        13
      ],
      "rotation": {
        "angle": 22.5,
        "axis": "z",
        "origin": [
          0,
          0,
          0
        ]
      },
      "faces": {
        "north": {
          "uv": [
            0,
            1.5,
            8.25,
            2.5
          ],
          "texture": "#0"
        },
        "east": {
          "uv": [
            6,
            6.75,
            6.25,
            7.75
          ],
          "texture": "#0"
        },
        "south": {
          "uv": [
            0,
            1.5,
            8.25,
            2.5
          ],
          "texture": "#0"
        },
        "west": {
          "uv": [
            6,
            6.75,
            6.25,
            7.75
          ],
          "texture": "#0"
        },
        "up": {
          "uv": [
            12,
            5.75,
            3.75,
            5.5
          ],
          "texture": "#0"
        },
        "down": {
          "uv": [
            12,
            5.75,
            3.75,
            5.5
          ],
          "texture": "#0"
        }
      }
    },
    {
      "from": [
        -16,
        20,
        7
      ],
      "to": [
        16,
        23,
        13
      ],
      "faces": {
        "north": {
          "uv": [
            0,
            2.5,
            8,
            3.25
          ],
          "texture": "#0"
        },
        "east": {
          "uv": [
            3.75,
            5.75,
            5.25,
            6.5
          ],
          "texture": "#0"
        },
        "south": {
          "uv": [
            0,
            2.5,
            8,
            3.25
          ],
          "texture": "#0"
        },
        "west": {
          "uv": [
            3.75,
            5.75,
            5.25,
            6.5
          ],
          "texture": "#0"
        },
        "up": {
          "uv": [
            8,
            1.5,
            0,
            0
          ],
          "texture": "#0"
        },
        "down": {
          "uv": [
            8,
            1.5,
            0,
            0
          ],
          "texture": "#0"
        }
      }
    },
    {
      "from": [
        12,
        20,
        5
      ],
      "to": [
        14,
        23,
        7
      ],
      "rotation": {
        "angle": 0,
        "axis": "y",
        "origin": [
          3,
          0,
          0
        ]
      },
      "faces": {
        "north": {
          "uv": [
            4,
            7,
            4.5,
            7.75
          ],
          "texture": "#0"
        },
        "east": {
          "uv": [
            4.5,
            7,
            5,
            7.75
          ],
          "texture": "#0"
        },
        "south": {
          "uv": [
            4,
            7,
            4.5,
            7.75
          ],
          "texture": "#0"
        },
        "west": {
          "uv": [
            4.5,
            7,
            5,
            7.75
          ],
          "texture": "#0"
        },
        "up": {
          "uv": [
            2.5,
            7.75,
            2,
            7.25
          ],
          "texture": "#0"
        },
        "down": {
          "uv": [
            2.5,
            7.75,
            2,
            7.25
          ],
          "texture": "#0"
        }
      }
    },
    {
      "from": [
        7,
        20,
        5
      ],
      "to": [
        9,
        23,
        7
      ],
      "rotation": {
        "angle": 0,
        "axis": "y",
        "origin": [
          3,
          0,
          0
        ]
      },
      "faces": {
        "north": {
          "uv": [
            4,
            7,
            4.5,
            7.75
          ],
          "texture": "#0"
        },
        "east": {
          "uv": [
            4.5,
            7,
            5,
            7.75
          ],
          "texture": "#0"
        },
        "south": {
          "uv": [
            4,
            7,
            4.5,
            7.75
          ],
          "texture": "#0"
        },
        "west": {
          "uv": [
            4.5,
            7,
            5,
            7.75
          ],
          "texture": "#0"
        },
        "up": {
          "uv": [
            2.5,
            7.75,
            2,
            7.25
          ],
          "texture": "#0"
        },
        "down": {
          "uv": [
            2.5,
            7.75,
            2,
            7.25
          ],
          "texture": "#0"
        }
      }
    },
    {
      "from": [
        9,
        11,
        6
      ],
      "to": [
        12,
        23,
        7
      ],
      "rotation": {
        "angle": 0,
        "axis": "y",
        "origin": [
          11,
          9,
          16
        ]
      },
      "faces": {
        "north": {
          "uv": [
            3,
            5.5,
            3.75,
            8.5
          ],
          "texture": "#0"
        },
        "east": {
          "uv": [
            3.75,
            6.5,
            4,
            9.5
          ],
          "texture": "#0"
        },
        "south": {
          "uv": [
            3,
            5.5,
            3.75,
            8.5
          ],
          "texture": "#0"
        },
        "west": {
          "uv": [
            3.75,
            6.5,
            4,
            9.5
          ],
          "texture": "#0"
        },
        "up": {
          "uv": [
            8,
            5,
            7.25,
            4.75
          ],
          "texture": "#0"
        },
        "down": {
          "uv": [
            8,
            5,
            7.25,
            4.75
          ],
          "texture": "#0"
        }
      }
    },
    {
      "from": [
        11.9,
        11.9,
        6.1
      ],
      "to": [
        14,
        14,
        6.9
      ],
      "rotation": {
        "angle": 45,
        "axis": "z",
        "origin": [
          14,
          9,
          16
        ]
      },
      "faces": {
        "north": {
          "uv": [
            7,
            7,
            7.5,
            7.5
          ],
          "texture": "#0"
        },
        "east": {
          "uv": [
            5.25,
            7.25,
            5.5,
            7.75
          ],
          "texture": "#0"
        },
        "south": {
          "uv": [
            7,
            7,
            7.5,
            7.5
          ],
          "texture": "#0"
        },
        "west": {
          "uv": [
            5.25,
            7.25,
            5.5,
            7.75
          ],
          "texture": "#0"
        },
        "up": {
          "uv": [
            7.75,
            5.5,
            7.25,
            5.25
          ],
          "texture": "#0"
        },
        "down": {
          "uv": [
            7.75,
            5.5,
            7.25,
            5.25
          ],
          "texture": "#0"
        }
      }
    },
    {
      "from": [
        8,
        23,
        5
      ],
      "to": [
        13,
        25,
        8
      ],
      "rotation": {
        "angle": 0,
        "axis": "y",
        "origin": [
          11,
          9,
          16
        ]
      },
      "faces": {
        "north": {
          "uv": [
            4,
            6.5,
            5.25,
            7
          ],
          "texture": "#0"
        },
        "east": {
          "uv": [
            5.25,
            6.75,
            6,
            7.25
          ],
          "texture": "#0"
        },
        "south": {
          "uv": [
            4,
            6.5,
            5.25,
            7
          ],
          "texture": "#0"
        },
        "west": {
          "uv": [
            5.25,
            6.75,
            6,
            7.25
          ],
          "texture": "#0"
        },
        "up": {
          "uv": [
            7.25,
            5.5,
            6,
            4.75
          ],
          "texture": "#0"
        },
        "down": {
          "uv": [
            7.25,
            5.5,
            6,
            4.75
          ],
          "texture": "#0"
        }
      }
    },
    {
      "from": [
        10,
        25,
        6
      ],
      "to": [
        11,
        29,
        7
      ],
      "rotation": {
        "angle": 0,
        "axis": "y",
        "origin": [
          11,
          9,
          16
        ]
      },
      "faces": {
        "north": {
          "uv": [
            5,
            7,
            5.25,
            8
          ],
          "texture": "#0"
        },
        "east": {
          "uv": [
            6.25,
            7,
            6.5,
            8
          ],
          "texture": "#0"
        },
        "south": {
          "uv": [
            5,
            7,
            5.25,
            8
          ],
          "texture": "#0"
        },
        "west": {
          "uv": [
            6.25,
            7,
            6.5,
            8
          ],
          "texture": "#0"
        },
        "up": {
          "uv": [
            5.75,
            7.5,
            5.5,
            7.25
          ],
          "texture": "#0"
        },
        "down": {
          "uv": [
            5.75,
            7.5,
            5.5,
            7.25
          ],
          "texture": "#0"
        }
      }
    },
    {
      "from": [
        9.5,
        29,
        5.5
      ],
      "to": [
        11.5,
        30,
        7.5
      ],
      "rotation": {
        "angle": 0,
        "axis": "y",
        "origin": [
          11,
          9,
          16
        ]
      },
      "faces": {
        "north": {
          "uv": [
            2.5,
            7.25,
            3,
            7.5
          ],
          "texture": "#0"
        },
        "east": {
          "uv": [
            7.25,
            5,
            7.75,
            5.25
          ],
          "texture": "#0"
        },
        "south": {
          "uv": [
            2.5,
            7.25,
            3,
            7.5
          ],
          "texture": "#0"
        },
        "west": {
          "uv": [
            7.25,
            5,
            7.75,
            5.25
          ],
          "texture": "#0"
        },
        "up": {
          "uv": [
            7,
            7.5,
            6.5,
            7
          ],
          "texture": "#0"
        },
        "down": {
          "uv": [
            7,
            7.5,
            6.5,
            7
          ],
          "texture": "#0"
        }
      }
    },
    {
      "from": [
        0.5,
        29,
        5.5
      ],
      "to": [
        2.5,
        30,
        7.5
      ],
      "rotation": {
        "angle": 0,
        "axis": "y",
        "origin": [
          2,
          9,
          16
        ]
      },
      "faces": {
        "north": {
          "uv": [
            2.5,
            7.25,
            3,
            7.5
          ],
          "texture": "#0"
        },
        "east": {
          "uv": [
            7.25,
            5,
            7.75,
            5.25
          ],
          "texture": "#0"
        },
        "south": {
          "uv": [
            2.5,
            7.25,
            3,
            7.5
          ],
          "texture": "#0"
        },
        "west": {
          "uv": [
            7.25,
            5,
            7.75,
            5.25
          ],
          "texture": "#0"
        },
        "up": {
          "uv": [
            7,
            7.5,
            6.5,
            7
          ],
          "texture": "#0"
        },
        "down": {
          "uv": [
            7,
            7.5,
            6.5,
            7
          ],
          "texture": "#0"
        }
      }
    },
    {
      "from": [
        1,
        25,
        6
      ],
      "to": [
        2,
        29,
        7
      ],
      "rotation": {
        "angle": 0,
        "axis": "y",
        "origin": [
          2,
          9,
          16
        ]
      },
      "faces": {
        "north": {
          "uv": [
            5,
            7,
            5.25,
            8
          ],
          "texture": "#0"
        },
        "east": {
          "uv": [
            6.25,
            7,
            6.5,
            8
          ],
          "texture": "#0"
        },
        "south": {
          "uv": [
            5,
            7,
            5.25,
            8
          ],
          "texture": "#0"
        },
        "west": {
          "uv": [
            6.25,
            7,
            6.5,
            8
          ],
          "texture": "#0"
        },
        "up": {
          "uv": [
            5.75,
            7.5,
            5.5,
            7.25
          ],
          "texture": "#0"
        },
        "down": {
          "uv": [
            5.75,
            7.5,
            5.5,
            7.25
          ],
          "texture": "#0"
        }
      }
    },
    {
      "from": [
        -1,
        23,
        5
      ],
      "to": [
        4,
        25,
        8
      ],
      "rotation": {
        "angle": 0,
        "axis": "y",
        "origin": [
          2,
          9,
          16
        ]
      },
      "faces": {
        "north": {
          "uv": [
            4,
            6.5,
            5.25,
            7
          ],
          "texture": "#0"
        },
        "east": {
          "uv": [
            5.25,
            6.75,
            6,
            7.25
          ],
          "texture": "#0"
        },
        "south": {
          "uv": [
            4,
            6.5,
            5.25,
            7
          ],
          "texture": "#0"
        },
        "west": {
          "uv": [
            5.25,
            6.75,
            6,
            7.25
          ],
          "texture": "#0"
        },
        "up": {
          "uv": [
            7.25,
            5.5,
            6,
            4.75
          ],
          "texture": "#0"
        },
        "down": {
          "uv": [
            7.25,
            5.5,
            6,
            4.75
          ],
          "texture": "#0"
        }
      }
    },
    {
      "from": [
        -2,
        20,
        5
      ],
      "to": [
        0,
        23,
        7
      ],
      "rotation": {
        "angle": 0,
        "axis": "y",
        "origin": [
          -6,
          0,
          0
        ]
      },
      "faces": {
        "north": {
          "uv": [
            4,
            7,
            4.5,
            7.75
          ],
          "texture": "#0"
        },
        "east": {
          "uv": [
            4.5,
            7,
            5,
            7.75
          ],
          "texture": "#0"
        },
        "south": {
          "uv": [
            4,
            7,
            4.5,
            7.75
          ],
          "texture": "#0"
        },
        "west": {
          "uv": [
            4.5,
            7,
            5,
            7.75
          ],
          "texture": "#0"
        },
        "up": {
          "uv": [
            2.5,
            7.75,
            2,
            7.25
          ],
          "texture": "#0"
        },
        "down": {
          "uv": [
            2.5,
            7.75,
            2,
            7.25
          ],
          "texture": "#0"
        }
      }
    },
    {
      "from": [
        0,
        11,
        6
      ],
      "to": [
        3,
        23,
        7
      ],
      "rotation": {
        "angle": 0,
        "axis": "y",
        "origin": [
          2,
          9,
          16
        ]
      },
      "faces": {
        "north": {
          "uv": [
            3,
            5.5,
            3.75,
            8.5
          ],
          "texture": "#0"
        },
        "east": {
          "uv": [
            3.75,
            6.5,
            4,
            9.5
          ],
          "texture": "#0"
        },
        "south": {
          "uv": [
            3,
            5.5,
            3.75,
            8.5
          ],
          "texture": "#0"
        },
        "west": {
          "uv": [
            3.75,
            6.5,
            4,
            9.5
          ],
          "texture": "#0"
        },
        "up": {
          "uv": [
            8,
            5,
            7.25,
            4.75
          ],
          "texture": "#0"
        },
        "down": {
          "uv": [
            8,
            5,
            7.25,
            4.75
          ],
          "texture": "#0"
        }
      }
    },
    {
      "from": [
        3,
        20,
        5
      ],
      "to": [
        5,
        23,
        7
      ],
      "rotation": {
        "angle": 0,
        "axis": "y",
        "origin": [
          -6,
          0,
          0
        ]
      },
      "faces": {
        "north": {
          "uv": [
            4,
            7,
            4.5,
            7.75
          ],
          "texture": "#0"
        },
        "east": {
          "uv": [
            4.5,
            7,
            5,
            7.75
          ],
          "texture": "#0"
        },
        "south": {
          "uv": [
            4,
            7,
            4.5,
            7.75
          ],
          "texture": "#0"
        },
        "west": {
          "uv": [
            4.5,
            7,
            5,
            7.75
          ],
          "texture": "#0"
        },
        "up": {
          "uv": [
            2.5,
            7.75,
            2,
            7.25
          ],
          "texture": "#0"
        },
        "down": {
          "uv": [
            2.5,
            7.75,
            2,
            7.25
          ],
          "texture": "#0"
        }
      }
    },
    {
      "from": [
        2.9,
        11.9,
        6.1
      ],
      "to": [
        5,
        14,
        6.9
      ],
      "rotation": {
        "angle": 45,
        "axis": "z",
        "origin": [
          5,
          9,
          16
        ]
      },
      "faces": {
        "north": {
          "uv": [
            7,
            7,
            7.5,
            7.5
          ],
          "texture": "#0"
        },
        "east": {
          "uv": [
            5.25,
            7.25,
            5.5,
            7.75
          ],
          "texture": "#0"
        },
        "south": {
          "uv": [
            7,
            7,
            7.5,
            7.5
          ],
          "texture": "#0"
        },
        "west": {
          "uv": [
            5.25,
            7.25,
            5.5,
            7.75
          ],
          "texture": "#0"
        },
        "up": {
          "uv": [
            7.75,
            5.5,
            7.25,
            5.25
          ],
          "texture": "#0"
        },
        "down": {
          "uv": [
            7.75,
            5.5,
            7.25,
            5.25
          ],
          "texture": "#0"
        }
      }
    },
    {
      "from": [
        -11.5,
        29,
        5.5
      ],
      "to": [
        -9.5,
        30,
        7.5
      ],
      "rotation": {
        "angle": 0,
        "axis": "y",
        "origin": [
          -10,
          9,
          16
        ]
      },
      "faces": {
        "north": {
          "uv": [
            2.5,
            7.25,
            3,
            7.5
          ],
          "texture": "#0"
        },
        "east": {
          "uv": [
            7.25,
            5,
            7.75,
            5.25
          ],
          "texture": "#0"
        },
        "south": {
          "uv": [
            2.5,
            7.25,
            3,
            7.5
          ],
          "texture": "#0"
        },
        "west": {
          "uv": [
            7.25,
            5,
            7.75,
            5.25
          ],
          "texture": "#0"
        },
        "up": {
          "uv": [
            7,
            7.5,
            6.5,
            7
          ],
          "texture": "#0"
        },
        "down": {
          "uv": [
            7,
            7.5,
            6.5,
            7
          ],
          "texture": "#0"
        }
      }
    },
    {
      "from": [
        -11,
        25,
        6
      ],
      "to": [
        -10,
        29,
        7
      ],
      "rotation": {
        "angle": 0,
        "axis": "y",
        "origin": [
          -10,
          9,
          16
        ]
      },
      "faces": {
        "north": {
          "uv": [
            5,
            7,
            5.25,
            8
          ],
          "texture": "#0"
        },
        "east": {
          "uv": [
            6.25,
            7,
            6.5,
            8
          ],
          "texture": "#0"
        },
        "south": {
          "uv": [
            5,
            7,
            5.25,
            8
          ],
          "texture": "#0"
        },
        "west": {
          "uv": [
            6.25,
            7,
            6.5,
            8
          ],
          "texture": "#0"
        },
        "up": {
          "uv": [
            5.75,
            7.5,
            5.5,
            7.25
          ],
          "texture": "#0"
        },
        "down": {
          "uv": [
            5.75,
            7.5,
            5.5,
            7.25
          ],
          "texture": "#0"
        }
      }
    },
    {
      "from": [
        -13,
        23,
        5
      ],
      "to": [
        -8,
        25,
        8
      ],
      "rotation": {
        "angle": 0,
        "axis": "y",
        "origin": [
          -10,
          9,
          16
        ]
      },
      "faces": {
        "north": {
          "uv": [
            4,
            6.5,
            5.25,
            7
          ],
          "texture": "#0"
        },
        "east": {
          "uv": [
            5.25,
            6.75,
            6,
            7.25
          ],
          "texture": "#0"
        },
        "south": {
          "uv": [
            4,
            6.5,
            5.25,
            7
          ],
          "texture": "#0"
        },
        "west": {
          "uv": [
            5.25,
            6.75,
            6,
            7.25
          ],
          "texture": "#0"
        },
        "up": {
          "uv": [
            7.25,
            5.5,
            6,
            4.75
          ],
          "texture": "#0"
        },
        "down": {
          "uv": [
            7.25,
            5.5,
            6,
            4.75
          ],
          "texture": "#0"
        }
      }
    },
    {
      "from": [
        -14,
        20,
        5
      ],
      "to": [
        -12,
        23,
        7
      ],
      "rotation": {
        "angle": 0,
        "axis": "y",
        "origin": [
          -18,
          0,
          0
        ]
      },
      "faces": {
        "north": {
          "uv": [
            4,
            7,
            4.5,
            7.75
          ],
          "texture": "#0"
        },
        "east": {
          "uv": [
            4.5,
            7,
            5,
            7.75
          ],
          "texture": "#0"
        },
        "south": {
          "uv": [
            4,
            7,
            4.5,
            7.75
          ],
          "texture": "#0"
        },
        "west": {
          "uv": [
            4.5,
            7,
            5,
            7.75
          ],
          "texture": "#0"
        },
        "up": {
          "uv": [
            2.5,
            7.75,
            2,
            7.25
          ],
          "texture": "#0"
        },
        "down": {
          "uv": [
            2.5,
            7.75,
            2,
            7.25
          ],
          "texture": "#0"
        }
      }
    },
    {
      "from": [
        -12,
        11,
        6
      ],
      "to": [
        -9,
        23,
        7
      ],
      "rotation": {
        "angle": 0,
        "axis": "y",
        "origin": [
          -10,
          9,
          16
        ]
      },
      "faces": {
        "north": {
          "uv": [
            3,
            5.5,
            3.75,
            8.5
          ],
          "texture": "#0"
        },
        "east": {
          "uv": [
            3.75,
            6.5,
            4,
            9.5
          ],
          "texture": "#0"
        },
        "south": {
          "uv": [
            3,
            5.5,
            3.75,
            8.5
          ],
          "texture": "#0"
        },
        "west": {
          "uv": [
            3.75,
            6.5,
            4,
            9.5
          ],
          "texture": "#0"
        },
        "up": {
          "uv": [
            8,
            5,
            7.25,
            4.75
          ],
          "texture": "#0"
        },
        "down": {
          "uv": [
            8,
            5,
            7.25,
            4.75
          ],
          "texture": "#0"
        }
      }
    },
    {
      "from": [
        -9,
        20,
        5
      ],
      "to": [
        -7,
        23,
        7
      ],
      "rotation": {
        "angle": 0,
        "axis": "y",
        "origin": [
          -18,
          0,
          0
        ]
      },
      "faces": {
        "north": {
          "uv": [
            4,
            7,
            4.5,
            7.75
          ],
          "texture": "#0"
        },
        "east": {
          "uv": [
            4.5,
            7,
            5,
            7.75
          ],
          "texture": "#0"
        },
        "south": {
          "uv": [
            4,
            7,
            4.5,
            7.75
          ],
          "texture": "#0"
        },
        "west": {
          "uv": [
            4.5,
            7,
            5,
            7.75
          ],
          "texture": "#0"
        },
        "up": {
          "uv": [
            2.5,
            7.75,
            2,
            7.25
          ],
          "texture": "#0"
        },
        "down": {
          "uv": [
            2.5,
            7.75,
            2,
            7.25
          ],
          "texture": "#0"
        }
      }
    },
    {
      "from": [
        -9.1,
        11.9,
        6.1
      ],
      "to": [
        -7,
        14,
        6.9
      ],
      "rotation": {
        "angle": 45,
        "axis": "z",
        "origin": [
          -7,
          9,
          16
        ]
      },
      "faces": {
        "north": {
          "uv": [
            7,
            7,
            7.5,
            7.5
          ],
          "texture": "#0"
        },
        "east": {
          "uv": [
            5.25,
            7.25,
            5.5,
            7.75
          ],
          "texture": "#0"
        },
        "south": {
          "uv": [
            7,
            7,
            7.5,
            7.5
          ],
          "texture": "#0"
        },
        "west": {
          "uv": [
            5.25,
            7.25,
            5.5,
            7.75
          ],
          "texture": "#0"
        },
        "up": {
          "uv": [
            7.75,
            5.5,
            7.25,
            5.25
          ],
          "texture": "#0"
        },
        "down": {
          "uv": [
            7.75,
            5.5,
            7.25,
            5.25
          ],
          "texture": "#0"
        }
      }
    }
  ],
  "gui_light": "front",
  "display": {
    "thirdperson_righthand": {
      "scale": [
        0.18,
        0.18,
        0.18
      ]
    },
    "thirdperson_lefthand": {
      "scale": [
        0.18,
        0.18,
        0.18
      ]
    },
    "firstperson_righthand": {
      "rotation": [
        0,
        150,
        0
      ],
      "translation": [
        -5.25,
        0.25,
        0
      ],
      "scale": [
        0.31,
        0.31,
        0.31
      ]
    },
    "firstperson_lefthand": {
      "rotation": [
        0,
        150,
        0
      ],
      "translation": [
        2.75,
        0.25,
        0
      ],
      "scale": [
        0.31,
        0.31,
        0.31
      ]
    },
    "ground": {
      "translation": [
        1.5,
        0.75,
        0
      ],
      "scale": [
        0.25,
        0.25,
        0.25
      ]
    },
    "gui": {
      "rotation": [
        30,
        225,
        0
      ],
      "translation": [
        -1.75,
        -2.5,
        0
      ],
      "scale": [
        0.35,
        0.35,
        0.35
      ]
    },
    "head": {
      "translation": [
        13.75,
        -30.75,
        -3.25
      ],
      "scale": [
        1.6,
        1.6,
        1.6
      ]
    },
    "fixed": {
      "translation": [
        6.5,
        -4,
        -4
      ],
      "scale": [
        0.82,
        0.82,
        0.82
      ]
    }
  }
}