{
  "parent": "item/generated",
  "textures": {
    "layer0": "item/potion_overlay",
    "layer1": "item/potion"
    },
  "overrides": [
    {
      "predicate": {
        "custom_model_data": 1
      },
      "model": "minehammer:item/drinks/coca_cola"
    },
    {
      "predicate": {
        "custom_model_data": 2
      },
      "model": "minehammer:item/drinks/cosmopolitan_cocktail"
    },
    {
      "predicate": {
        "custom_model_data": 3
      },
      "model": "minehammer:item/drinks/margarita_cocktail"
    },
	{
      "predicate": {
        "custom_model_data": 4
      },
      "model": "minehammer:item/drinks/smoothie"
    },
    {
      "predicate": {
        "custom_model_data": 5
      },
      "model": "item/potion"
    }
  ]
}