{
  "parent": "item/generated",
  "textures": {
    "layer0": "item/bottle",
    "layer1": "item/poition",
	"particle": "item/bottle"
  },
	"elements": [
		{
			"from": [5, 0, 5],
			"to": [11, 10, 11],
			"faces": {
				"north": {"uv": [6, 6, 0, 16], "texture": "#0"},
				"east": {"uv": [0, 6, 6, 16], "texture": "#0"},
				"south": {"uv": [6, 6, 0, 16], "texture": "#0"},
				"west": {"uv": [0, 6, 6, 16], "texture": "#0"},
				"up": {"uv": [0, 6, 6, 0], "texture": "#0"},
				"down": {"uv": [0, 0, 6, 6], "texture": "#0"}
			}
		},
		{
			"from": [5.02, 0.02, 5.02],
			"to": [10.98, 9.98, 10.98],
			"faces": {
				"north": {"uv": [6, 0, 0, 10], "texture": "#1", "tintindex": 0},
				"east": {"uv": [0, 0, 6, 10], "texture": "#1", "tintindex": 0},
				"south": {"uv": [6, 0, 0, 10], "texture": "#1", "tintindex": 0},
				"west": {"uv": [0, 0, 6, 10], "texture": "#1", "tintindex": 0},
				"up": {"uv": [0, 16, 6, 10], "texture": "#1", "tintindex": 0},
				"down": {"uv": [0, 10, 6, 16], "texture": "#1", "tintindex": 0}
			}
		},
		{
			"from": [6.5, 10, 6.5],
			"to": [9.5, 15, 9.5],
			"faces": {
				"north": {"uv": [9, 11, 6, 16], "texture": "#0"},
				"east": {"uv": [6, 11, 9, 16], "texture": "#0"},
				"south": {"uv": [9, 11, 6, 16], "texture": "#0"},
				"west": {"uv": [6, 11, 9, 16], "texture": "#0"},
				"up": {"uv": [1, 1, 4, 4], "texture": "#0"},
				"down": {"uv": [2, 2, 5, 5], "texture": "#0"}
			}
		},
		{
			"from": [6.52, 10.02, 6.52],
			"to": [9.48, 14.98, 9.48],
			"faces": {
				"north": {"uv": [9, 0, 6, 5], "texture": "#1", "tintindex": 0},
				"east": {"uv": [6, 0, 9, 5], "texture": "#1", "tintindex": 0},
				"south": {"uv": [9, 0, 6, 5], "texture": "#1", "tintindex": 0},
				"west": {"uv": [6, 0, 9, 5], "texture": "#1", "tintindex": 0},
				"up": {"uv": [6, 5, 9, 8], "texture": "#1", "tintindex": 0},
				"down": {"uv": [6, 5, 9, 8], "texture": "#1", "tintindex": 0}
			}
		},
		{
			"from": [6, 15, 6],
			"to": [10, 16, 10],
			"faces": {
				"north": {"uv": [10, 3, 6, 4], "texture": "#0"},
				"east": {"uv": [6, 3, 10, 4], "texture": "#0"},
				"south": {"uv": [10, 3, 6, 4], "texture": "#0"},
				"west": {"uv": [6, 3, 10, 4], "texture": "#0"},
				"up": {"uv": [6, 4, 10, 0], "texture": "#0"},
				"down": {"uv": [6, 0, 10, 4], "texture": "#0"}
			}
		},
		{
			"from": [6.525, 14.525, 6.525],
			"to": [9.475, 18.475, 9.475],
			"faces": {
				"north": {"uv": [6, 7, 9, 11], "texture": "#0"},
				"east": {"uv": [9, 7, 6, 11], "texture": "#0"},
				"south": {"uv": [6, 7, 9, 11], "texture": "#0"},
				"west": {"uv": [9, 7, 6, 11], "texture": "#0"},
				"up": {"uv": [6, 4, 9, 7], "texture": "#0"},
				"down": {"uv": [6, 4, 9, 7], "texture": "#0"}
			}
		}
	],
	"display": {
		"thirdperson_righthand": {
			"translation": [-1, -4.75, 1.75],
			"scale": [0.8, 0.8, 0.8]
		},
		"thirdperson_lefthand": {
			"translation": [-1.25, -2.5, 1.75],
			"scale": [0.8, 0.8, 0.8]
		},
		"firstperson_righthand": {
			"translation": [1.25, 0, 0],
			"scale": [0.9, 0.9, 0.9]
		},
		"firstperson_lefthand": {
			"translation": [3.5, 0, 0],
			"scale": [0.9, 0.9, 0.9]
		},
		"gui": {
			"rotation": [30, -44, 0]
		},
		"head": {
			"translation": [0, 14, 0]
		},
		"fixed": {
			"rotation": [-90, 0, 0],
			"translation": [0, 0, -17.5],
			"scale": [2.2, 2.2, 2.2]
		}
	},
  "overrides": [
    {
      "predicate": {
        "custom_model_data": 1
      },
      "model": "minehammer:item/drinks/coca_cola"
    },
    {
      "predicate": {
        "custom_model_data": 2
      },
      "model": "minehammer:item/drinks/cosmopolitan_cocktail"
    },
    {
      "predicate": {
        "custom_model_data": 3
      },
      "model": "minehammer:item/drinks/margarita_cocktail"
    },
	{
      "predicate": {
        "custom_model_data": 4
      },
      "model": "minehammer:item/drinks/smoothie"
    },
    {
      "predicate": {
        "custom_model_data": 5
      },
      "model": "item/potion"
    }
  ]
}