{
   "parent":"item/generated",
   "textures":{
      "layer0":"item/stick"
   },
   "overrides":[
      {"predicate":{"custom_model_data":1},"model":"minehammer:item/keys/red_key"},
      {"predicate":{"custom_model_data":2},"model":"minehammer:item/keys/gold_key"},
      {"predicate":{"custom_model_data":3},"model":"minehammer:item/keys/purple_key"},
      {"predicate":{"custom_model_data":4},"model":"minehammer:item/keys/blue_key"},
      {"predicate":{"custom_model_data":5},"model":"minehammer:item/keys/green_key"},
      {"predicate":{"custom_model_data":6},"model":"minehammer:item/keys/brown_key"},
      {"predicate":{"custom_model_data":7},"model":"minehammer:item/hammer/hammer"},
	  {"predicate":{"custom_model_data":8},"model":"minehammer:item/valentines/valentines_key"},
	   {"predicate":{"custom_model_data":9},"model":"minehammer:item/coins/coins"},
	    {"predicate":{"custom_model_data":10},"model":"minehammer:item/coins/animated"},
		  {"predicate":{"custom_model_data":11},"model":"minehammer:item/fallenset/key"},
		  {"predicate": {"custom_model_data":12}, "model": "littleroom_magnus:marshmallow_on_a_stick"},
		   {"predicate":{"custom_model_data":13},"model":"item/stick"}
   ]
}