{
  "credit": "Made with Blockbench",
  "texture_size": [
    64,
    64
  ],
  "textures": {
    "0": "elitecreatures:nightclub_furniture_v2/nightclub_bar_cooler",
    "particle": "elitecreatures:nightclub_furniture_v2/nightclub_bar_cooler"
  },
  "elements": [
    {
      "from": [
        14,
        0,
        0
      ],
      "to": [
        16,
        16,
        11
      ],
      "faces": {
        "north": {
          "uv": [
            4,
            8,
            4.5,
            12
          ],
          "texture": "#0"
        },
        "east": {
          "uv": [
            4,
            0,
            6.75,
            4
          ],
          "texture": "#0"
        },
        "west": {
          "uv": [
            4,
            4,
            6.75,
            8
          ],
          "texture": "#0"
        },
        "up": {
          "uv": [
            5,
            10.75,
            4.5,
            8
          ],
          "texture": "#0"
        },
        "down": {
          "uv": [
            5.5,
            8,
            5,
            10.75
          ],
          "texture": "#0"
        }
      }
    },
    {
      "from": [
        0,
        0,
        0
      ],
      "to": [
        2,
        16,
        11
      ],
      "rotation": {
        "angle": 0,
        "axis": "y",
        "origin": [
          16,
          0,
          0
        ]
      },
      "faces": {
        "north": {
          "uv": [
            4.5,
            8,
            4,
            12
          ],
          "texture": "#0"
        },
        "east": {
          "uv": [
            6.75,
            4,
            4,
            8
          ],
          "texture": "#0"
        },
        "west": {
          "uv": [
            6.75,
            0,
            4,
            4
          ],
          "texture": "#0"
        },
        "up": {
          "uv": [
            4.5,
            10.75,
            5,
            8
          ],
          "texture": "#0"
        },
        "down": {
          "uv": [
            5,
            8,
            5.5,
            10.75
          ],
          "texture": "#0"
        }
      }
    },
    {
      "from": [
        0.5,
        2,
        -1
      ],
      "to": [
        1.5,
        14,
        0
      ],
      "faces": {
        "north": {
          "uv": [
            9.75,
            6,
            10,
            9
          ],
          "texture": "#0"
        },
        "east": {
          "uv": [
            10,
            5.75,
            10.25,
            8.75
          ],
          "texture": "#0"
        },
        "west": {
          "uv": [
            10.25,
            5.75,
            10,
            8.75
          ],
          "texture": "#0"
        },
        "up": {
          "uv": [
            10,
            6,
            9.75,
            5.75
          ],
          "texture": "#0"
        },
        "down": {
          "uv": [
            10,
            5.75,
            9.75,
            6
          ],
          "texture": "#0"
        }
      }
    },
    {
      "from": [
        2,
        2,
        0.25
      ],
      "to": [
        14,
        14,
        0.25
      ],
      "faces": {
        "north": {
          "uv": [
            6.75,
            0,
            9.75,
            3
          ],
          "texture": "#0"
        },
        "south": {
          "uv": [
            6.75,
            0,
            9.75,
            3
          ],
          "texture": "#0"
        }
      }
    },
    {
      "from": [
        10.5,
        4.5,
        1
      ],
      "to": [
        12.5,
        6.5,
        4
      ],
      "faces": {
        "north": {
          "uv": [
            15.25,
            9.875,
            15.75,
            10.375
          ],
          "texture": "#0"
        },
        "east": {
          "uv": [
            15.25,
            9.375,
            16,
            9.875
          ],
          "texture": "#0"
        },
        "south": {
          "uv": [
            15.25,
            9.875,
            15.75,
            10.375
          ],
          "texture": "#0"
        },
        "west": {
          "uv": [
            15.25,
            9.375,
            16,
            9.875
          ],
          "texture": "#0"
        },
        "up": {
          "uv": [
            15.25,
            10.125,
            14.75,
            9.375
          ],
          "texture": "#0"
        },
        "down": {
          "uv": [
            15.25,
            9.375,
            14.75,
            10.125
          ],
          "texture": "#0"
        }
      }
    },
    {
      "from": [
        6.5,
        4.5,
        1
      ],
      "to": [
        8.5,
        6.5,
        4
      ],
      "faces": {
        "north": {
          "uv": [
            13.75,
            9.875,
            14.25,
            10.375
          ],
          "texture": "#0"
        },
        "east": {
          "uv": [
            13.75,
            9.375,
            14.5,
            9.875
          ],
          "texture": "#0"
        },
        "south": {
          "uv": [
            13.75,
            9.875,
            14.25,
            10.375
          ],
          "texture": "#0"
        },
        "west": {
          "uv": [
            13.75,
            9.375,
            14.5,
            9.875
          ],
          "texture": "#0"
        },
        "up": {
          "uv": [
            13.75,
            10.125,
            13.25,
            9.375
          ],
          "texture": "#0"
        },
        "down": {
          "uv": [
            13.75,
            9.375,
            13.25,
            10.125
          ],
          "texture": "#0"
        }
      }
    },
    {
      "from": [
        10,
        4.01,
        4
      ],
      "to": [
        13,
        7.01,
        11
      ],
      "faces": {
        "north": {
          "uv": [
            14.5,
            6.125,
            15.25,
            6.875
          ],
          "texture": "#0"
        },
        "east": {
          "uv": [
            13.5,
            5.375,
            15.25,
            6.125
          ],
          "texture": "#0"
        },
        "south": {
          "uv": [
            14.5,
            6.125,
            15.25,
            6.875
          ],
          "texture": "#0"
        },
        "west": {
          "uv": [
            13.5,
            5.375,
            15.25,
            6.125
          ],
          "texture": "#0"
        },
        "up": {
          "uv": [
            16,
            7.125,
            15.25,
            5.375
          ],
          "texture": "#0"
        },
        "down": {
          "uv": [
            16,
            5.375,
            15.25,
            7.125
          ],
          "texture": "#0"
        }
      }
    },
    {
      "from": [
        2.5,
        4.01,
        4
      ],
      "to": [
        5.5,
        7.01,
        11
      ],
      "faces": {
        "north": {
          "uv": [
            14.5,
            6.125,
            15.25,
            6.875
          ],
          "texture": "#0"
        },
        "east": {
          "uv": [
            13.5,
            5.375,
            15.25,
            6.125
          ],
          "texture": "#0"
        },
        "south": {
          "uv": [
            14.5,
            6.125,
            15.25,
            6.875
          ],
          "texture": "#0"
        },
        "west": {
          "uv": [
            13.5,
            5.375,
            15.25,
            6.125
          ],
          "texture": "#0"
        },
        "up": {
          "uv": [
            16,
            7.125,
            15.25,
            5.375
          ],
          "texture": "#0"
        },
        "down": {
          "uv": [
            16,
            5.375,
            15.25,
            7.125
          ],
          "texture": "#0"
        }
      }
    },
    {
      "from": [
        3,
        4.5,
        1
      ],
      "to": [
        5,
        6.5,
        4
      ],
      "faces": {
        "north": {
          "uv": [
            15.25,
            9.875,
            15.75,
            10.375
          ],
          "texture": "#0"
        },
        "east": {
          "uv": [
            15.25,
            9.375,
            16,
            9.875
          ],
          "texture": "#0"
        },
        "south": {
          "uv": [
            15.25,
            9.875,
            15.75,
            10.375
          ],
          "texture": "#0"
        },
        "west": {
          "uv": [
            15.25,
            9.375,
            16,
            9.875
          ],
          "texture": "#0"
        },
        "up": {
          "uv": [
            15.25,
            10.125,
            14.75,
            9.375
          ],
          "texture": "#0"
        },
        "down": {
          "uv": [
            15.25,
            9.375,
            14.75,
            10.125
          ],
          "texture": "#0"
        }
      }
    },
    {
      "from": [
        6,
        4.01,
        4
      ],
      "to": [
        9,
        7.01,
        11
      ],
      "faces": {
        "north": {
          "uv": [
            14.5,
            8.125,
            15.25,
            8.875
          ],
          "texture": "#0"
        },
        "east": {
          "uv": [
            13.5,
            7.375,
            15.25,
            8.125
          ],
          "texture": "#0"
        },
        "south": {
          "uv": [
            14.5,
            8.125,
            15.25,
            8.875
          ],
          "texture": "#0"
        },
        "west": {
          "uv": [
            13.5,
            7.375,
            15.25,
            8.125
          ],
          "texture": "#0"
        },
        "up": {
          "uv": [
            16,
            9.125,
            15.25,
            7.375
          ],
          "texture": "#0"
        },
        "down": {
          "uv": [
            16,
            7.375,
            15.25,
            9.125
          ],
          "texture": "#0"
        }
      }
    },
    {
      "from": [
        9,
        9.01,
        4
      ],
      "to": [
        12,
        12.01,
        11
      ],
      "faces": {
        "north": {
          "uv": [
            14.5,
            8.125,
            15.25,
            8.875
          ],
          "texture": "#0"
        },
        "east": {
          "uv": [
            13.5,
            7.375,
            15.25,
            8.125
          ],
          "texture": "#0"
        },
        "south": {
          "uv": [
            14.5,
            8.125,
            15.25,
            8.875
          ],
          "texture": "#0"
        },
        "west": {
          "uv": [
            13.5,
            7.375,
            15.25,
            8.125
          ],
          "texture": "#0"
        },
        "up": {
          "uv": [
            16,
            9.125,
            15.25,
            7.375
          ],
          "texture": "#0"
        },
        "down": {
          "uv": [
            16,
            7.375,
            15.25,
            9.125
          ],
          "texture": "#0"
        }
      }
    },
    {
      "from": [
        9.5,
        9.5,
        1
      ],
      "to": [
        11.5,
        11.5,
        4
      ],
      "faces": {
        "north": {
          "uv": [
            13.75,
            9.875,
            14.25,
            10.375
          ],
          "texture": "#0"
        },
        "east": {
          "uv": [
            13.75,
            9.375,
            14.5,
            9.875
          ],
          "texture": "#0"
        },
        "south": {
          "uv": [
            13.75,
            9.875,
            14.25,
            10.375
          ],
          "texture": "#0"
        },
        "west": {
          "uv": [
            13.75,
            9.375,
            14.5,
            9.875
          ],
          "texture": "#0"
        },
        "up": {
          "uv": [
            13.75,
            10.125,
            13.25,
            9.375
          ],
          "texture": "#0"
        },
        "down": {
          "uv": [
            13.75,
            9.375,
            13.25,
            10.125
          ],
          "texture": "#0"
        }
      }
    },
    {
      "from": [
        5,
        9.01,
        4
      ],
      "to": [
        8,
        12.01,
        11
      ],
      "faces": {
        "north": {
          "uv": [
            14.5,
            8.125,
            15.25,
            8.875
          ],
          "texture": "#0"
        },
        "east": {
          "uv": [
            13.5,
            7.375,
            15.25,
            8.125
          ],
          "texture": "#0"
        },
        "south": {
          "uv": [
            14.5,
            8.125,
            15.25,
            8.875
          ],
          "texture": "#0"
        },
        "west": {
          "uv": [
            13.5,
            7.375,
            15.25,
            8.125
          ],
          "texture": "#0"
        },
        "up": {
          "uv": [
            16,
            9.125,
            15.25,
            7.375
          ],
          "texture": "#0"
        },
        "down": {
          "uv": [
            16,
            7.375,
            15.25,
            9.125
          ],
          "texture": "#0"
        }
      }
    },
    {
      "from": [
        5.5,
        9.5,
        1
      ],
      "to": [
        7.5,
        11.5,
        4
      ],
      "faces": {
        "north": {
          "uv": [
            13.75,
            9.875,
            14.25,
            10.375
          ],
          "texture": "#0"
        },
        "east": {
          "uv": [
            13.75,
            9.375,
            14.5,
            9.875
          ],
          "texture": "#0"
        },
        "south": {
          "uv": [
            13.75,
            9.875,
            14.25,
            10.375
          ],
          "texture": "#0"
        },
        "west": {
          "uv": [
            13.75,
            9.375,
            14.5,
            9.875
          ],
          "texture": "#0"
        },
        "up": {
          "uv": [
            13.75,
            10.125,
            13.25,
            9.375
          ],
          "texture": "#0"
        },
        "down": {
          "uv": [
            13.75,
            9.375,
            13.25,
            10.125
          ],
          "texture": "#0"
        }
      }
    },
    {
      "from": [
        2,
        0,
        0
      ],
      "to": [
        14,
        2,
        11
      ],
      "faces": {
        "north": {
          "uv": [
            6.75,
            8.5,
            9.75,
            9
          ],
          "texture": "#0"
        },
        "up": {
          "uv": [
            9.75,
            5.75,
            6.75,
            3
          ],
          "texture": "#0"
        },
        "down": {
          "uv": [
            9.75,
            5.75,
            6.75,
            8.5
          ],
          "texture": "#0"
        }
      }
    },
    {
      "from": [
        2,
        4,
        1
      ],
      "to": [
        14,
        4,
        11
      ],
      "faces": {
        "up": {
          "uv": [
            12.75,
            5.75,
            9.75,
            3.25
          ],
          "texture": "#0"
        },
        "down": {
          "uv": [
            12.75,
            3.25,
            9.75,
            5.75
          ],
          "texture": "#0"
        }
      }
    },
    {
      "from": [
        2,
        9,
        1
      ],
      "to": [
        14,
        9,
        11
      ],
      "faces": {
        "up": {
          "uv": [
            12.75,
            5.75,
            9.75,
            3.25
          ],
          "texture": "#0"
        },
        "down": {
          "uv": [
            12.75,
            3.25,
            9.75,
            5.75
          ],
          "texture": "#0"
        }
      }
    },
    {
      "from": [
        2,
        14,
        0
      ],
      "to": [
        14,
        16,
        11
      ],
      "faces": {
        "north": {
          "uv": [
            9.75,
            2.75,
            12.75,
            3.25
          ],
          "texture": "#0"
        },
        "up": {
          "uv": [
            12.75,
            2.75,
            9.75,
            0
          ],
          "texture": "#0"
        },
        "down": {
          "uv": [
            15.75,
            0,
            12.75,
            2.75
          ],
          "texture": "#0"
        }
      }
    },
    {
      "from": [
        0,
        0,
        11
      ],
      "to": [
        16,
        16,
        16
      ],
      "faces": {
        "north": {
          "uv": [
            0,
            0,
            4,
            4
          ],
          "texture": "#0"
        },
        "east": {
          "uv": [
            1.25,
            9.25,
            0,
            13.25
          ],
          "texture": "#0"
        },
        "south": {
          "uv": [
            0,
            4,
            4,
            8
          ],
          "texture": "#0"
        },
        "west": {
          "uv": [
            0,
            9.25,
            1.25,
            13.25
          ],
          "texture": "#0"
        },
        "up": {
          "uv": [
            4,
            9.25,
            0,
            8
          ],
          "texture": "#0"
        },
        "down": {
          "uv": [
            4,
            8,
            0,
            9.25
          ],
          "texture": "#0"
        }
      }
    }
  ],
  "gui_light": "front",
  "display": {
    "thirdperson_righthand": {
      "rotation": [
        75,
        45,
        0
      ],
      "translation": [
        0,
        1.25,
        0
      ],
      "scale": [
        0.22,
        0.2,
        0.2
      ]
    },
    "thirdperson_lefthand": {
      "rotation": [
        75,
        45,
        0
      ],
      "translation": [
        0,
        1.25,
        0
      ],
      "scale": [
        0.2,
        0.2,
        0.2
      ]
    },
    "firstperson_righthand": {
      "rotation": [
        0,
        107,
        0
      ],
      "scale": [
        0.56,
        0.56,
        0.56
      ]
    },
    "firstperson_lefthand": {
      "rotation": [
        0,
        107,
        0
      ],
      "scale": [
        0.56,
        0.56,
        0.56
      ]
    },
    "ground": {
      "translation": [
        0,
        2,
        0
      ],
      "scale": [
        0.5,
        0.5,
        0.5
      ]
    },
    "gui": {
      "rotation": [
        30,
        -135,
        0
      ],
      "scale": [
        0.45,
        0.45,
        0.45
      ]
    },
    "head": {
      "rotation": [
        0,
        -180,
        0
      ],
      "translation": [
        0,
        -30.25,
        0
      ],
      "scale": [
        1.6,
        1.6,
        1.6
      ]
    },
    "fixed": {
      "translation": [
        0,
        0,
        -3.5
      ]
    }
  }
}