{"textures":{"1":"modelengine:entity/bonfire"},"elements":[{"from":[6.5714283,7.9428573,16.0],"to":[7.714286,23.942858,18.285715],"rotation":{"angle":-22.5,"axis":"x","origin":[7.142857,7.9428573,17.142857]},"faces":{"east":{"uv":[8.0,7.0,9.0,14.0],"rotation":0,"texture":"#1","tintindex":0},"south":{"uv":[11.5,0.0,12.0,7.0],"rotation":0,"texture":"#1","tintindex":0},"north":{"uv":[12.0,0.0,12.5,7.0],"rotation":0,"texture":"#1","tintindex":0},"west":{"uv":[9.0,7.0,10.0,14.0],"rotation":0,"texture":"#1","tintindex":0},"up":{"uv":[13.0,10.5,12.0,10.0],"rotation":90,"texture":"#1","tintindex":0},"down":{"uv":[13.0,10.5,12.0,11.0],"rotation":270,"texture":"#1","tintindex":0}}},{"from":[-0.2857151,7.9428573,2.2857141],"to":[18.0,7.9428573,20.57143],"rotation":{"angle":0.0,"axis":"y","origin":[8.857143,7.9428573,11.428572]},"faces":{"east":{"uv":[0.0,0.0,8.0,0.0],"rotation":0,"texture":"#1","tintindex":0},"south":{"uv":[0.0,0.0,8.0,0.0],"rotation":0,"texture":"#1","tintindex":0},"north":{"uv":[0.0,0.0,8.0,0.0],"rotation":0,"texture":"#1","tintindex":0},"west":{"uv":[0.0,0.0,8.0,0.0],"rotation":0,"texture":"#1","tintindex":0},"up":{"uv":[8.0,8.0,0.0,0.0],"rotation":0,"texture":"#1","tintindex":0},"down":{"uv":[8.0,8.0,0.0,16.0],"rotation":0,"texture":"#1","tintindex":0}}},{"from":[13.428572,7.9428573,12.571428],"to":[15.714286,23.942858,13.714286],"rotation":{"angle":22.5,"axis":"z","origin":[14.571428,7.9428573,13.142858]},"faces":{"east":{"uv":[11.5,0.0,12.0,7.0],"rotation":0,"texture":"#1","tintindex":0},"south":{"uv":[9.0,7.0,10.0,14.0],"rotation":0,"texture":"#1","tintindex":0},"north":{"uv":[8.0,7.0,9.0,14.0],"rotation":0,"texture":"#1","tintindex":0},"west":{"uv":[12.0,0.0,12.5,7.0],"rotation":0,"texture":"#1","tintindex":0},"up":{"uv":[13.0,10.5,12.0,10.0],"rotation":0,"texture":"#1","tintindex":0},"down":{"uv":[13.0,10.5,12.0,11.0],"rotation":0,"texture":"#1","tintindex":0}}},{"from":[10.0,7.9428573,16.0],"to":[11.142858,19.37143,18.285715],"rotation":{"angle":-22.5,"axis":"x","origin":[10.571428,7.9428573,17.142857]},"faces":{"east":{"uv":[10.0,7.0,11.0,12.0],"rotation":0,"texture":"#1","tintindex":0},"south":{"uv":[13.0,0.0,13.5,5.0],"rotation":0,"texture":"#1","tintindex":0},"north":{"uv":[12.5,0.0,13.0,5.0],"rotation":0,"texture":"#1","tintindex":0},"west":{"uv":[11.0,7.0,12.0,12.0],"rotation":0,"texture":"#1","tintindex":0},"up":{"uv":[12.5,12.0,12.0,11.0],"rotation":0,"texture":"#1","tintindex":0},"down":{"uv":[13.0,5.0,12.5,6.0],"rotation":0,"texture":"#1","tintindex":0}}},{"from":[4.8571424,7.9428573,7.428571],"to":[12.857143,10.228572,15.428572],"rotation":{"angle":0.0,"axis":"y","origin":[9.428572,7.9428573,12.0]},"faces":{"east":{"uv":[12.0,8.0,15.5,9.0],"rotation":0,"texture":"#1","tintindex":0},"south":{"uv":[12.0,9.0,15.5,10.0],"rotation":0,"texture":"#1","tintindex":0},"north":{"uv":[12.0,7.0,15.5,8.0],"rotation":0,"texture":"#1","tintindex":0},"west":{"uv":[10.0,12.0,13.5,13.0],"rotation":0,"texture":"#1","tintindex":0},"up":{"uv":[11.5,3.5,8.0,0.0],"rotation":0,"texture":"#1","tintindex":0},"down":{"uv":[11.5,3.5,8.0,7.0],"rotation":0,"texture":"#1","tintindex":0}}},{"from":[1.9999995,7.9428573,10.285714],"to":[4.285714,19.37143,11.428572],"rotation":{"angle":-22.5,"axis":"z","origin":[3.142857,7.9428573,10.857143]},"faces":{"east":{"uv":[12.5,0.0,13.0,5.0],"rotation":0,"texture":"#1","tintindex":0},"south":{"uv":[10.0,7.0,11.0,12.0],"rotation":0,"texture":"#1","tintindex":0},"north":{"uv":[11.0,7.0,12.0,12.0],"rotation":0,"texture":"#1","tintindex":0},"west":{"uv":[13.0,0.0,13.5,5.0],"rotation":0,"texture":"#1","tintindex":0},"up":{"uv":[12.5,12.0,12.0,11.0],"rotation":90,"texture":"#1","tintindex":0},"down":{"uv":[13.0,5.0,12.5,6.0],"rotation":270,"texture":"#1","tintindex":0}}},{"from":[7.714286,7.9428573,4.5714283],"to":[8.857143,23.942858,6.857143],"rotation":{"angle":22.5,"axis":"x","origin":[8.285714,7.9428573,5.714286]},"faces":{"east":{"uv":[9.0,7.0,8.0,14.0],"rotation":0,"texture":"#1","tintindex":0},"south":{"uv":[12.5,0.0,12.0,7.0],"rotation":0,"texture":"#1","tintindex":0},"north":{"uv":[12.0,0.0,11.5,7.0],"rotation":0,"texture":"#1","tintindex":0},"west":{"uv":[10.0,7.0,9.0,14.0],"rotation":0,"texture":"#1","tintindex":0},"up":{"uv":[12.0,10.5,13.0,10.0],"rotation":90,"texture":"#1","tintindex":0},"down":{"uv":[12.0,10.5,13.0,11.0],"rotation":270,"texture":"#1","tintindex":0}}}],"display":{"head":{"translation":[0.0,-6.4,0.0],"scale":[4.0,4.0,4.0]}}}