{
  "credit": "Made with Blockbench",
  "texture_size": [
    128,
    128
  ],
  "textures": {
    "1": "elitecreatures:classroom_furniture_v1/classroom_board_04"
  },
  "elements": [
    {
      "from": [
        -8,
        2,
        15
      ],
      "to": [
        24,
        30,
        16
      ],
      "faces": {
        "north": {
          "uv": [
            0,
            0,
            4,
            3.5
          ],
          "texture": "#1"
        },
        "south": {
          "uv": [
            0,
            3.5,
            4,
            7
          ],
          "texture": "#1"
        }
      }
    },
    {
      "from": [
        -8,
        30,
        14
      ],
      "to": [
        24,
        32,
        16
      ],
      "faces": {
        "north": {
          "uv": [
            5.875,
            4.5,
            9.875,
            4.75
          ],
          "texture": "#1"
        },
        "east": {
          "uv": [
            3.25,
            7,
            3.5,
            7.25
          ],
          "texture": "#1"
        },
        "south": {
          "uv": [
            5.875,
            4.75,
            9.875,
            5
          ],
          "texture": "#1"
        },
        "west": {
          "uv": [
            3.5,
            7,
            3.75,
            7.25
          ],
          "texture": "#1"
        },
        "up": {
          "uv": [
            9.875,
            5.25,
            5.875,
            5
          ],
          "texture": "#1"
        },
        "down": {
          "uv": [
            9.875,
            5.25,
            5.875,
            5.5
          ],
          "texture": "#1"
        }
      }
    },
    {
      "from": [
        -8,
        0,
        14
      ],
      "to": [
        24,
        2,
        16
      ],
      "rotation": {
        "angle": 0,
        "axis": "y",
        "origin": [
          0,
          16,
          0
        ]
      },
      "faces": {
        "north": {
          "uv": [
            6.125,
            5.5,
            10.125,
            5.75
          ],
          "texture": "#1"
        },
        "east": {
          "uv": [
            7,
            6.5,
            7.25,
            6.75
          ],
          "texture": "#1"
        },
        "south": {
          "uv": [
            6.125,
            5.75,
            10.125,
            6
          ],
          "texture": "#1"
        },
        "west": {
          "uv": [
            7,
            6.75,
            7.25,
            7
          ],
          "texture": "#1"
        },
        "up": {
          "uv": [
            10.125,
            6.25,
            6.125,
            6
          ],
          "texture": "#1"
        },
        "down": {
          "uv": [
            10.125,
            6.25,
            6.125,
            6.5
          ],
          "texture": "#1"
        }
      }
    },
    {
      "from": [
        24,
        0,
        14
      ],
      "to": [
        26,
        32,
        16
      ],
      "faces": {
        "north": {
          "uv": [
            5.625,
            4.5,
            5.875,
            8.5
          ],
          "texture": "#1"
        },
        "east": {
          "uv": [
            4,
            5.75,
            4.25,
            9.75
          ],
          "texture": "#1"
        },
        "south": {
          "uv": [
            4.25,
            5.75,
            4.5,
            9.75
          ],
          "texture": "#1"
        },
        "west": {
          "uv": [
            4.5,
            5.75,
            4.75,
            9.75
          ],
          "texture": "#1"
        },
        "up": {
          "uv": [
            6.75,
            4.375,
            6.5,
            4.125
          ],
          "texture": "#1"
        },
        "down": {
          "uv": [
            7,
            4.125,
            6.75,
            4.375
          ],
          "texture": "#1"
        }
      }
    },
    {
      "from": [
        -10,
        0,
        14
      ],
      "to": [
        -8,
        32,
        16
      ],
      "rotation": {
        "angle": 0,
        "axis": "y",
        "origin": [
          16,
          0,
          0
        ]
      },
      "faces": {
        "north": {
          "uv": [
            4.75,
            5.75,
            5,
            9.75
          ],
          "texture": "#1"
        },
        "east": {
          "uv": [
            5,
            5.75,
            5.25,
            9.75
          ],
          "texture": "#1"
        },
        "south": {
          "uv": [
            5.25,
            5.75,
            5.5,
            9.75
          ],
          "texture": "#1"
        },
        "west": {
          "uv": [
            5.875,
            5.5,
            6.125,
            9.5
          ],
          "texture": "#1"
        },
        "up": {
          "uv": [
            4,
            7.25,
            3.75,
            7
          ],
          "texture": "#1"
        },
        "down": {
          "uv": [
            7.25,
            4.125,
            7,
            4.375
          ],
          "texture": "#1"
        }
      }
    },
    {
      "from": [
        4,
        19,
        14.8
      ],
      "to": [
        11,
        29,
        14.8
      ],
      "faces": {
        "north": {
          "uv": [
            5.625,
            2,
            6.5,
            3.25
          ],
          "texture": "#1"
        },
        "south": {
          "uv": [
            5.625,
            3.25,
            6.5,
            4.5
          ],
          "texture": "#1"
        }
      }
    },
    {
      "from": [
        -10,
        24,
        13.9
      ],
      "to": [
        26,
        32,
        13.9
      ],
      "faces": {
        "north": {
          "uv": [
            4,
            0,
            8.5,
            1
          ],
          "texture": "#1"
        },
        "south": {
          "uv": [
            4,
            1,
            8.5,
            2
          ],
          "texture": "#1"
        }
      }
    },
    {
      "from": [
        -6,
        5,
        14.9
      ],
      "to": [
        7,
        20,
        14.9
      ],
      "faces": {
        "north": {
          "uv": [
            4,
            2,
            5.625,
            3.875
          ],
          "texture": "#1"
        },
        "south": {
          "uv": [
            4,
            3.875,
            5.625,
            5.75
          ],
          "texture": "#1"
        }
      }
    },
    {
      "from": [
        23,
        10,
        14.9
      ],
      "to": [
        27,
        14,
        14.9
      ],
      "rotation": {
        "angle": 22.5,
        "axis": "z",
        "origin": [
          0,
          1,
          0
        ]
      },
      "faces": {
        "north": {
          "uv": [
            1.25,
            7,
            1.75,
            7.5
          ],
          "texture": "#1"
        },
        "south": {
          "uv": [
            1.75,
            7,
            1.25,
            7.5
          ],
          "texture": "#1"
        }
      }
    },
    {
      "from": [
        14,
        5,
        14.9
      ],
      "to": [
        21,
        10,
        14.9
      ],
      "faces": {
        "north": {
          "uv": [
            6.5,
            3.5,
            7.375,
            4.125
          ],
          "texture": "#1"
        },
        "south": {
          "uv": [
            6.125,
            6.5,
            7,
            7.125
          ],
          "texture": "#1"
        }
      }
    },
    {
      "from": [
        4,
        4,
        14.8
      ],
      "to": [
        11,
        10,
        14.8
      ],
      "faces": {
        "north": {
          "uv": [
            6.5,
            2,
            7.375,
            2.75
          ],
          "texture": "#1"
        },
        "south": {
          "uv": [
            6.5,
            2.75,
            7.375,
            3.5
          ],
          "texture": "#1"
        }
      }
    },
    {
      "from": [
        12,
        19,
        14.9
      ],
      "to": [
        16,
        23,
        14.9
      ],
      "rotation": {
        "angle": -22.5,
        "axis": "z",
        "origin": [
          0,
          1,
          0
        ]
      },
      "faces": {
        "north": {
          "uv": [
            2.25,
            7,
            2.75,
            7.5
          ],
          "texture": "#1"
        },
        "south": {
          "uv": [
            2.75,
            7,
            2.25,
            7.5
          ],
          "texture": "#1"
        }
      }
    },
    {
      "from": [
        9,
        11,
        14.9
      ],
      "to": [
        14,
        18,
        14.9
      ],
      "faces": {
        "north": {
          "uv": [
            0,
            7,
            0.625,
            7.875
          ],
          "texture": "#1"
        },
        "south": {
          "uv": [
            0.625,
            7,
            1.25,
            7.875
          ],
          "texture": "#1"
        }
      }
    },
    {
      "from": [
        11,
        16.5,
        14.5
      ],
      "to": [
        12,
        17.5,
        15
      ],
      "faces": {
        "north": {
          "uv": [
            5.5,
            5.75,
            5.625,
            5.875
          ],
          "texture": "#1"
        },
        "east": {
          "uv": [
            5.5,
            6.25,
            5.5625,
            6.375
          ],
          "texture": "#1"
        },
        "south": {
          "uv": [
            5.5,
            5.875,
            5.625,
            6
          ],
          "texture": "#1"
        },
        "west": {
          "uv": [
            5.5,
            6.375,
            5.5625,
            6.5
          ],
          "texture": "#1"
        },
        "up": {
          "uv": [
            6.625,
            4.4375,
            6.5,
            4.375
          ],
          "texture": "#1"
        },
        "down": {
          "uv": [
            5.625,
            6.5,
            5.5,
            6.5625
          ],
          "texture": "#1"
        }
      }
    },
    {
      "from": [
        19,
        8.5,
        14.5
      ],
      "to": [
        20,
        9.5,
        15
      ],
      "faces": {
        "north": {
          "uv": [
            5.5,
            6,
            5.625,
            6.125
          ],
          "texture": "#1"
        },
        "east": {
          "uv": [
            6.625,
            4.375,
            6.6875,
            4.5
          ],
          "texture": "#1"
        },
        "south": {
          "uv": [
            5.5,
            6.125,
            5.625,
            6.25
          ],
          "texture": "#1"
        },
        "west": {
          "uv": [
            5.5,
            6.625,
            5.5625,
            6.75
          ],
          "texture": "#1"
        },
        "up": {
          "uv": [
            6.875,
            4.4375,
            6.75,
            4.375
          ],
          "texture": "#1"
        },
        "down": {
          "uv": [
            5.625,
            6.75,
            5.5,
            6.8125
          ],
          "texture": "#1"
        }
      }
    }
  ],
  "gui_light": "front",
  "display": {
    "thirdperson_righthand": {
      "rotation": [
        75,
        45,
        0
      ],
      "translation": [
        0,
        2.5,
        0
      ],
      "scale": [
        0.375,
        0.375,
        0.375
      ]
    },
    "thirdperson_lefthand": {
      "rotation": [
        75,
        45,
        0
      ],
      "translation": [
        0,
        2.5,
        0
      ],
      "scale": [
        0.375,
        0.375,
        0.375
      ]
    },
    "firstperson_righthand": {
      "rotation": [
        0,
        45,
        0
      ],
      "scale": [
        0.4,
        0.4,
        0.4
      ]
    },
    "firstperson_lefthand": {
      "rotation": [
        0,
        225,
        0
      ],
      "scale": [
        0.4,
        0.4,
        0.4
      ]
    },
    "ground": {
      "translation": [
        0,
        3,
        0
      ],
      "scale": [
        0.25,
        0.25,
        0.25
      ]
    },
    "gui": {
      "rotation": [
        30,
        225,
        0
      ],
      "translation": [
        1,
        -2.5,
        0
      ],
      "scale": [
        0.26,
        0.26,
        0.26
      ]
    },
    "head": {
      "rotation": [
        0,
        180,
        0
      ],
      "translation": [
        0,
        13,
        7
      ]
    },
    "fixed": {
      "translation": [
        -16,
        0,
        -16
      ],
      "scale": [
        2,
        2,
        2
      ]
    }
  }
}