{
  "credit": "Made with Blockbench",
  "texture_size": [
    128,
    128
  ],
  "textures": {
    "1": "elitecreatures:classroom_furniture_v1/classroom_board_02"
  },
  "elements": [
    {
      "from": [
        -12,
        2,
        14
      ],
      "to": [
        28,
        30,
        16
      ],
      "faces": {
        "north": {
          "uv": [
            0,
            0,
            5,
            3.5
          ],
          "texture": "#1"
        },
        "east": {
          "uv": [
            5.5,
            6.75,
            5.75,
            10.25
          ],
          "texture": "#1"
        },
        "south": {
          "uv": [
            0,
            3.5,
            5,
            7
          ],
          "texture": "#1"
        },
        "west": {
          "uv": [
            5.75,
            6.75,
            6,
            10.25
          ],
          "texture": "#1"
        },
        "up": {
          "uv": [
            11.5,
            3.25,
            6.5,
            3
          ],
          "texture": "#1"
        },
        "down": {
          "uv": [
            11.5,
            3.25,
            6.5,
            3.5
          ],
          "texture": "#1"
        }
      }
    },
    {
      "from": [
        -12,
        30,
        13
      ],
      "to": [
        28,
        32,
        16
      ],
      "faces": {
        "north": {
          "uv": [
            6.5,
            3.5,
            11.5,
            3.75
          ],
          "texture": "#1"
        },
        "east": {
          "uv": [
            6,
            6.75,
            6.375,
            7
          ],
          "texture": "#1"
        },
        "south": {
          "uv": [
            6.5,
            3.5,
            11.5,
            3.75
          ],
          "texture": "#1"
        },
        "west": {
          "uv": [
            6,
            7,
            6.375,
            7.25
          ],
          "texture": "#1"
        },
        "up": {
          "uv": [
            10,
            2.125,
            5,
            1.75
          ],
          "texture": "#1"
        },
        "down": {
          "uv": [
            10,
            2.125,
            5,
            2.5
          ],
          "texture": "#1"
        }
      }
    },
    {
      "from": [
        -16,
        0,
        9
      ],
      "to": [
        32,
        2,
        16
      ],
      "faces": {
        "north": {
          "uv": [
            5,
            2.5,
            11,
            2.75
          ],
          "texture": "#1"
        },
        "east": {
          "uv": [
            3.5,
            7,
            4.375,
            7.25
          ],
          "texture": "#1"
        },
        "south": {
          "uv": [
            5,
            2.5,
            11,
            2.75
          ],
          "texture": "#1"
        },
        "west": {
          "uv": [
            3.5,
            7,
            4.375,
            7.25
          ],
          "texture": "#1"
        },
        "up": {
          "uv": [
            11,
            0.875,
            5,
            0
          ],
          "texture": "#1"
        },
        "down": {
          "uv": [
            11,
            0.875,
            5,
            1.75
          ],
          "texture": "#1"
        }
      }
    },
    {
      "from": [
        28,
        2,
        13
      ],
      "to": [
        30,
        32,
        16
      ],
      "faces": {
        "north": {
          "uv": [
            6.5,
            4,
            6.75,
            7.75
          ],
          "texture": "#1"
        },
        "east": {
          "uv": [
            5,
            3,
            5.375,
            6.75
          ],
          "texture": "#1"
        },
        "south": {
          "uv": [
            6.75,
            4,
            7,
            7.75
          ],
          "texture": "#1"
        },
        "west": {
          "uv": [
            5.375,
            3,
            5.75,
            6.75
          ],
          "texture": "#1"
        },
        "up": {
          "uv": [
            7.25,
            7.375,
            7,
            7
          ],
          "texture": "#1"
        },
        "down": {
          "uv": [
            3.75,
            7.25,
            3.5,
            7.625
          ],
          "texture": "#1"
        }
      }
    },
    {
      "from": [
        -14,
        2,
        13
      ],
      "to": [
        -12,
        32,
        16
      ],
      "rotation": {
        "angle": 0,
        "axis": "y",
        "origin": [
          16,
          0,
          0
        ]
      },
      "faces": {
        "north": {
          "uv": [
            5,
            6.75,
            5.25,
            10.5
          ],
          "texture": "#1"
        },
        "east": {
          "uv": [
            5.75,
            3,
            6.125,
            6.75
          ],
          "texture": "#1"
        },
        "south": {
          "uv": [
            5.25,
            6.75,
            5.5,
            10.5
          ],
          "texture": "#1"
        },
        "west": {
          "uv": [
            6.125,
            3,
            6.5,
            6.75
          ],
          "texture": "#1"
        },
        "up": {
          "uv": [
            4,
            7.625,
            3.75,
            7.25
          ],
          "texture": "#1"
        },
        "down": {
          "uv": [
            4.25,
            7.25,
            4,
            7.625
          ],
          "texture": "#1"
        }
      }
    },
    {
      "from": [
        18,
        4,
        9
      ],
      "to": [
        25,
        6,
        14
      ],
      "rotation": {
        "angle": 0,
        "axis": "y",
        "origin": [
          -3,
          0,
          0
        ]
      },
      "faces": {
        "north": {
          "uv": [
            7,
            4.75,
            7.875,
            5
          ],
          "texture": "#1"
        },
        "east": {
          "uv": [
            7,
            6,
            7.625,
            6.25
          ],
          "texture": "#1"
        },
        "south": {
          "uv": [
            7,
            5,
            7.875,
            5.25
          ],
          "texture": "#1"
        },
        "west": {
          "uv": [
            7,
            6.25,
            7.625,
            6.5
          ],
          "texture": "#1"
        },
        "up": {
          "uv": [
            2.625,
            7.625,
            1.75,
            7
          ],
          "texture": "#1"
        },
        "down": {
          "uv": [
            3.5,
            7,
            2.625,
            7.625
          ],
          "texture": "#1"
        }
      }
    },
    {
      "from": [
        20,
        2,
        -2
      ],
      "to": [
        27,
        4,
        3
      ],
      "rotation": {
        "angle": -22.5,
        "axis": "y",
        "origin": [
          -3,
          0,
          0
        ]
      },
      "faces": {
        "north": {
          "uv": [
            7,
            4.25,
            7.875,
            4.5
          ],
          "texture": "#1"
        },
        "east": {
          "uv": [
            7,
            5.5,
            7.625,
            5.75
          ],
          "texture": "#1"
        },
        "south": {
          "uv": [
            7,
            4.5,
            7.875,
            4.75
          ],
          "texture": "#1"
        },
        "west": {
          "uv": [
            7,
            5.75,
            7.625,
            6
          ],
          "texture": "#1"
        },
        "up": {
          "uv": [
            0.875,
            7.625,
            0,
            7
          ],
          "texture": "#1"
        },
        "down": {
          "uv": [
            1.75,
            7,
            0.875,
            7.625
          ],
          "texture": "#1"
        }
      }
    }
  ],
  "gui_light": "front",
  "display": {
    "thirdperson_righthand": {
      "rotation": [
        0,
        -180,
        0
      ],
      "translation": [
        0,
        1.5,
        1.75
      ],
      "scale": [
        0.22,
        0.22,
        0.22
      ]
    },
    "thirdperson_lefthand": {
      "rotation": [
        0,
        -180,
        0
      ],
      "translation": [
        0,
        1.5,
        1.75
      ],
      "scale": [
        0.22,
        0.22,
        0.22
      ]
    },
    "firstperson_righthand": {
      "rotation": [
        0,
        -180,
        0
      ],
      "translation": [
        0,
        1.5,
        1.75
      ],
      "scale": [
        0.22,
        0.22,
        0.22
      ]
    },
    "firstperson_lefthand": {
      "rotation": [
        0,
        -180,
        0
      ],
      "translation": [
        0,
        1.5,
        1.75
      ],
      "scale": [
        0.22,
        0.22,
        0.22
      ]
    },
    "ground": {
      "translation": [
        0,
        3,
        -1
      ],
      "scale": [
        0.25,
        0.25,
        0.25
      ]
    },
    "gui": {
      "rotation": [
        31,
        225,
        0
      ],
      "translation": [
        0.75,
        -2.25,
        0
      ],
      "scale": [
        0.26,
        0.26,
        0.26
      ]
    },
    "fixed": {
      "translation": [
        0,
        0,
        -16.25
      ],
      "scale": [
        2,
        2,
        2
      ]
    }
  },
  "groups": [
    0,
    1,
    2,
    3,
    4,
    {
      "name": "group",
      "origin": [
        -33,
        0,
        0
      ],
      "color": 0,
      "children": [
        5,
        6
      ]
    }
  ]
}