{
  "credit": "Made with Blockbench",
  "texture_size": [
    128,
    128
  ],
  "textures": {
    "1": "elitecreatures:classroom_furniture_v1/classroom_board_03"
  },
  "elements": [
    {
      "from": [
        12,
        0,
        14
      ],
      "to": [
        14,
        32,
        16
      ],
      "faces": {
        "north": {
          "uv": [
            5,
            3.5,
            5.25,
            7.5
          ],
          "texture": "#1"
        },
        "east": {
          "uv": [
            5.25,
            3.5,
            5.5,
            7.5
          ],
          "texture": "#1"
        },
        "south": {
          "uv": [
            0,
            5.375,
            0.25,
            9.375
          ],
          "texture": "#1"
        },
        "west": {
          "uv": [
            0.25,
            5.375,
            0.5,
            9.375
          ],
          "texture": "#1"
        },
        "up": {
          "uv": [
            1.75,
            5.625,
            1.5,
            5.375
          ],
          "texture": "#1"
        },
        "down": {
          "uv": [
            2,
            5.375,
            1.75,
            5.625
          ],
          "texture": "#1"
        }
      }
    },
    {
      "from": [
        -14,
        0,
        14
      ],
      "to": [
        -12,
        32,
        16
      ],
      "rotation": {
        "angle": 0,
        "axis": "y",
        "origin": [
          16,
          0,
          0
        ]
      },
      "faces": {
        "north": {
          "uv": [
            0.5,
            5.375,
            0.75,
            9.375
          ],
          "texture": "#1"
        },
        "east": {
          "uv": [
            0.75,
            5.375,
            1,
            9.375
          ],
          "texture": "#1"
        },
        "south": {
          "uv": [
            1,
            5.375,
            1.25,
            9.375
          ],
          "texture": "#1"
        },
        "west": {
          "uv": [
            1.25,
            5.375,
            1.5,
            9.375
          ],
          "texture": "#1"
        },
        "up": {
          "uv": [
            2.75,
            5.625,
            2.5,
            5.375
          ],
          "texture": "#1"
        },
        "down": {
          "uv": [
            5.75,
            5.5,
            5.5,
            5.75
          ],
          "texture": "#1"
        }
      }
    },
    {
      "from": [
        -12,
        0,
        14
      ],
      "to": [
        12,
        2,
        16
      ],
      "faces": {
        "north": {
          "uv": [
            5.5,
            3.5,
            8.5,
            3.75
          ],
          "texture": "#1"
        },
        "east": {
          "uv": [
            2,
            5.375,
            2.25,
            5.625
          ],
          "texture": "#1"
        },
        "south": {
          "uv": [
            5.5,
            3.75,
            8.5,
            4
          ],
          "texture": "#1"
        },
        "west": {
          "uv": [
            2.25,
            5.375,
            2.5,
            5.625
          ],
          "texture": "#1"
        },
        "up": {
          "uv": [
            8.5,
            4.25,
            5.5,
            4
          ],
          "texture": "#1"
        },
        "down": {
          "uv": [
            8.5,
            4.25,
            5.5,
            4.5
          ],
          "texture": "#1"
        }
      }
    },
    {
      "from": [
        -12,
        30,
        14
      ],
      "to": [
        12,
        32,
        16
      ],
      "rotation": {
        "angle": 0,
        "axis": "y",
        "origin": [
          0,
          16,
          0
        ]
      },
      "faces": {
        "north": {
          "uv": [
            5.5,
            4.5,
            8.5,
            4.75
          ],
          "texture": "#1"
        },
        "east": {
          "uv": [
            1.5,
            5.625,
            1.75,
            5.875
          ],
          "texture": "#1"
        },
        "south": {
          "uv": [
            5.5,
            4.75,
            8.5,
            5
          ],
          "texture": "#1"
        },
        "west": {
          "uv": [
            1.75,
            5.625,
            2,
            5.875
          ],
          "texture": "#1"
        },
        "up": {
          "uv": [
            8.5,
            5.25,
            5.5,
            5
          ],
          "texture": "#1"
        },
        "down": {
          "uv": [
            8.5,
            5.25,
            5.5,
            5.5
          ],
          "texture": "#1"
        }
      }
    },
    {
      "from": [
        -12,
        2,
        15
      ],
      "to": [
        12,
        30,
        16
      ],
      "faces": {
        "north": {
          "uv": [
            0,
            0,
            3,
            3.5
          ],
          "texture": "#1"
        },
        "south": {
          "uv": [
            3,
            0,
            6,
            3.5
          ],
          "texture": "#1"
        }
      }
    },
    {
      "from": [
        -11,
        13,
        14.9
      ],
      "to": [
        0,
        28,
        14.9
      ],
      "faces": {
        "north": {
          "uv": [
            0,
            3.5,
            1.375,
            5.375
          ],
          "texture": "#1"
        },
        "south": {
          "uv": [
            1.375,
            3.5,
            2.75,
            5.375
          ],
          "texture": "#1"
        }
      }
    },
    {
      "from": [
        2,
        19,
        14.9
      ],
      "to": [
        11,
        29,
        14.9
      ],
      "faces": {
        "north": {
          "uv": [
            2.75,
            3.5,
            3.875,
            4.75
          ],
          "texture": "#1"
        },
        "south": {
          "uv": [
            3.875,
            3.5,
            5,
            4.75
          ],
          "texture": "#1"
        }
      }
    },
    {
      "from": [
        1,
        7,
        14.9
      ],
      "to": [
        10,
        17,
        14.9
      ],
      "faces": {
        "north": {
          "uv": [
            2.75,
            4.75,
            3.875,
            6
          ],
          "texture": "#1"
        },
        "south": {
          "uv": [
            3.875,
            4.75,
            5,
            6
          ],
          "texture": "#1"
        }
      }
    },
    {
      "from": [
        6,
        27.5,
        14.5
      ],
      "to": [
        7,
        28.5,
        15
      ],
      "faces": {
        "north": {
          "uv": [
            2,
            5.625,
            2.125,
            5.75
          ],
          "texture": "#1"
        },
        "east": {
          "uv": [
            2,
            5.75,
            2.0625,
            5.875
          ],
          "texture": "#1"
        },
        "south": {
          "uv": [
            2.125,
            5.625,
            2.25,
            5.75
          ],
          "texture": "#1"
        },
        "west": {
          "uv": [
            2.125,
            5.75,
            2.1875,
            5.875
          ],
          "texture": "#1"
        },
        "up": {
          "uv": [
            2.375,
            5.8125,
            2.25,
            5.75
          ],
          "texture": "#1"
        },
        "down": {
          "uv": [
            2.5,
            5.75,
            2.375,
            5.8125
          ],
          "texture": "#1"
        }
      }
    },
    {
      "from": [
        -6,
        26.5,
        14.5
      ],
      "to": [
        -5,
        27.5,
        15
      ],
      "faces": {
        "north": {
          "uv": [
            2.25,
            5.625,
            2.375,
            5.75
          ],
          "texture": "#1"
        },
        "east": {
          "uv": [
            2.5,
            5.75,
            2.5625,
            5.875
          ],
          "texture": "#1"
        },
        "south": {
          "uv": [
            2.375,
            5.625,
            2.5,
            5.75
          ],
          "texture": "#1"
        },
        "west": {
          "uv": [
            2.625,
            5.75,
            2.6875,
            5.875
          ],
          "texture": "#1"
        },
        "up": {
          "uv": [
            5.625,
            5.8125,
            5.5,
            5.75
          ],
          "texture": "#1"
        },
        "down": {
          "uv": [
            5.875,
            5.5,
            5.75,
            5.5625
          ],
          "texture": "#1"
        }
      }
    },
    {
      "from": [
        5,
        15.5,
        14.5
      ],
      "to": [
        6,
        16.5,
        15
      ],
      "faces": {
        "north": {
          "uv": [
            2.5,
            5.625,
            2.625,
            5.75
          ],
          "texture": "#1"
        },
        "east": {
          "uv": [
            5.625,
            5.75,
            5.6875,
            5.875
          ],
          "texture": "#1"
        },
        "south": {
          "uv": [
            2.625,
            5.625,
            2.75,
            5.75
          ],
          "texture": "#1"
        },
        "west": {
          "uv": [
            5.75,
            5.625,
            5.8125,
            5.75
          ],
          "texture": "#1"
        },
        "up": {
          "uv": [
            5.875,
            5.8125,
            5.75,
            5.75
          ],
          "texture": "#1"
        },
        "down": {
          "uv": [
            1.625,
            5.875,
            1.5,
            5.9375
          ],
          "texture": "#1"
        }
      }
    }
  ],
  "gui_light": "front",
  "display": {
    "thirdperson_righthand": {
      "rotation": [
        0,
        -180,
        0
      ],
      "translation": [
        0,
        1.5,
        1.75
      ],
      "scale": [
        0.22,
        0.22,
        0.22
      ]
    },
    "thirdperson_lefthand": {
      "rotation": [
        0,
        -180,
        0
      ],
      "translation": [
        0,
        1.5,
        1.75
      ],
      "scale": [
        0.22,
        0.22,
        0.22
      ]
    },
    "firstperson_righthand": {
      "rotation": [
        0,
        -180,
        0
      ],
      "translation": [
        0,
        1.5,
        1.75
      ],
      "scale": [
        0.22,
        0.22,
        0.22
      ]
    },
    "firstperson_lefthand": {
      "rotation": [
        0,
        -180,
        0
      ],
      "translation": [
        0,
        1.5,
        1.75
      ],
      "scale": [
        0.22,
        0.22,
        0.22
      ]
    },
    "ground": {
      "translation": [
        1.75,
        3,
        -1
      ],
      "scale": [
        0.25,
        0.25,
        0.25
      ]
    },
    "gui": {
      "rotation": [
        30,
        225,
        0
      ],
      "translation": [
        -0.25,
        -3.75,
        0
      ],
      "scale": [
        0.31,
        0.31,
        0.31
      ]
    },
    "fixed": {
      "translation": [
        0,
        0,
        -16.25
      ],
      "scale": [
        2,
        2,
        2
      ]
    }
  }
}