{
  "credit": "Made with Blockbench",
  "texture_size": [
    64,
    64
  ],
  "textures": {
    "1": "elitecreatures:classroom_furniture_v1/classroom_chair_03"
  },
  "elements": [
    {
      "from": [
        7,
        1,
        7
      ],
      "to": [
        9,
        7,
        9
      ],
      "faces": {
        "north": {
          "uv": [
            5.5,
            6.25,
            6,
            7.75
          ],
          "texture": "#1"
        },
        "east": {
          "uv": [
            7.5,
            3,
            8,
            4.5
          ],
          "texture": "#1"
        },
        "south": {
          "uv": [
            7.5,
            4.5,
            8,
            6
          ],
          "texture": "#1"
        },
        "west": {
          "uv": [
            6.5,
            7.5,
            7,
            9
          ],
          "texture": "#1"
        },
        "up": {
          "uv": [
            5.25,
            9,
            4.75,
            8.5
          ],
          "texture": "#1"
        },
        "down": {
          "uv": [
            9,
            8.75,
            8.5,
            9.25
          ],
          "texture": "#1"
        }
      }
    },
    {
      "from": [
        13.9,
        14,
        4
      ],
      "to": [
        16,
        15,
        13
      ],
      "rotation": {
        "angle": 0,
        "axis": "y",
        "origin": [
          16,
          0,
          0
        ]
      },
      "faces": {
        "north": {
          "uv": [
            9,
            0,
            9.5,
            0.25
          ],
          "texture": "#1"
        },
        "east": {
          "uv": [
            7,
            7.75,
            9.25,
            8
          ],
          "texture": "#1"
        },
        "south": {
          "uv": [
            9,
            0.25,
            9.5,
            0.5
          ],
          "texture": "#1"
        },
        "west": {
          "uv": [
            0.5,
            8,
            2.75,
            8.25
          ],
          "texture": "#1"
        },
        "up": {
          "uv": [
            4,
            8.5,
            3.5,
            6.25
          ],
          "texture": "#1"
        },
        "down": {
          "uv": [
            4.5,
            6.25,
            4,
            8.5
          ],
          "texture": "#1"
        }
      }
    },
    {
      "from": [
        14,
        8,
        8
      ],
      "to": [
        15,
        15,
        9
      ],
      "rotation": {
        "angle": -22.5,
        "axis": "x",
        "origin": [
          16,
          9,
          8
        ]
      },
      "faces": {
        "north": {
          "uv": [
            5.5,
            7.75,
            5.75,
            9.5
          ],
          "texture": "#1"
        },
        "east": {
          "uv": [
            5.75,
            7.75,
            6,
            9.5
          ],
          "texture": "#1"
        },
        "south": {
          "uv": [
            2.75,
            8,
            3,
            9.75
          ],
          "texture": "#1"
        },
        "west": {
          "uv": [
            3,
            8,
            3.25,
            9.75
          ],
          "texture": "#1"
        },
        "up": {
          "uv": [
            9.25,
            8.25,
            9,
            8
          ],
          "texture": "#1"
        },
        "down": {
          "uv": [
            9.25,
            8.75,
            9,
            9
          ],
          "texture": "#1"
        }
      }
    },
    {
      "from": [
        0,
        14,
        4
      ],
      "to": [
        2.1,
        15,
        13
      ],
      "faces": {
        "north": {
          "uv": [
            9,
            0.5,
            9.5,
            0.75
          ],
          "texture": "#1"
        },
        "east": {
          "uv": [
            8,
            3,
            10.25,
            3.25
          ],
          "texture": "#1"
        },
        "south": {
          "uv": [
            0.75,
            9,
            1.25,
            9.25
          ],
          "texture": "#1"
        },
        "west": {
          "uv": [
            8,
            3.25,
            10.25,
            3.5
          ],
          "texture": "#1"
        },
        "up": {
          "uv": [
            5,
            8.5,
            4.5,
            6.25
          ],
          "texture": "#1"
        },
        "down": {
          "uv": [
            5.5,
            6.25,
            5,
            8.5
          ],
          "texture": "#1"
        }
      }
    },
    {
      "from": [
        1,
        8,
        8
      ],
      "to": [
        2,
        15,
        9
      ],
      "rotation": {
        "angle": -22.5,
        "axis": "x",
        "origin": [
          0,
          9,
          8
        ]
      },
      "faces": {
        "north": {
          "uv": [
            3.25,
            8,
            3.5,
            9.75
          ],
          "texture": "#1"
        },
        "east": {
          "uv": [
            8,
            3.5,
            8.25,
            5.25
          ],
          "texture": "#1"
        },
        "south": {
          "uv": [
            7,
            8,
            7.25,
            9.75
          ],
          "texture": "#1"
        },
        "west": {
          "uv": [
            7.25,
            8,
            7.5,
            9.75
          ],
          "texture": "#1"
        },
        "up": {
          "uv": [
            4,
            9.5,
            3.75,
            9.25
          ],
          "texture": "#1"
        },
        "down": {
          "uv": [
            4.25,
            9.25,
            4,
            9.5
          ],
          "texture": "#1"
        }
      }
    },
    {
      "from": [
        7.5,
        1,
        8
      ],
      "to": [
        8.5,
        2,
        14
      ],
      "faces": {
        "north": {
          "uv": [
            5.25,
            8.5,
            5.5,
            8.75
          ],
          "texture": "#1"
        },
        "east": {
          "uv": [
            0.5,
            8.25,
            2,
            8.5
          ],
          "texture": "#1"
        },
        "south": {
          "uv": [
            5.25,
            8.75,
            5.5,
            9
          ],
          "texture": "#1"
        },
        "west": {
          "uv": [
            8.25,
            3.5,
            9.75,
            3.75
          ],
          "texture": "#1"
        },
        "up": {
          "uv": [
            2.25,
            9.75,
            2,
            8.25
          ],
          "texture": "#1"
        },
        "down": {
          "uv": [
            2.5,
            8.25,
            2.25,
            9.75
          ],
          "texture": "#1"
        }
      }
    },
    {
      "from": [
        7.5,
        0,
        13
      ],
      "to": [
        8.5,
        1,
        14
      ],
      "faces": {
        "north": {
          "uv": [
            4.5,
            9,
            4.75,
            9.25
          ],
          "texture": "#1"
        },
        "east": {
          "uv": [
            4.75,
            9,
            5,
            9.25
          ],
          "texture": "#1"
        },
        "south": {
          "uv": [
            5,
            9,
            5.25,
            9.25
          ],
          "texture": "#1"
        },
        "west": {
          "uv": [
            5.25,
            9,
            5.5,
            9.25
          ],
          "texture": "#1"
        },
        "up": {
          "uv": [
            6.75,
            9.25,
            6.5,
            9
          ],
          "texture": "#1"
        },
        "down": {
          "uv": [
            7,
            9,
            6.75,
            9.25
          ],
          "texture": "#1"
        }
      }
    },
    {
      "from": [
        16.3,
        1,
        -1
      ],
      "to": [
        17.3,
        2,
        5
      ],
      "rotation": {
        "angle": -45,
        "axis": "y",
        "origin": [
          9,
          0,
          -4
        ]
      },
      "faces": {
        "north": {
          "uv": [
            1.25,
            9,
            1.5,
            9.25
          ],
          "texture": "#1"
        },
        "east": {
          "uv": [
            8.25,
            3.75,
            9.75,
            4
          ],
          "texture": "#1"
        },
        "south": {
          "uv": [
            9,
            1.25,
            9.25,
            1.5
          ],
          "texture": "#1"
        },
        "west": {
          "uv": [
            8.25,
            4,
            9.75,
            4.25
          ],
          "texture": "#1"
        },
        "up": {
          "uv": [
            2.75,
            9.75,
            2.5,
            8.25
          ],
          "texture": "#1"
        },
        "down": {
          "uv": [
            7.75,
            8.25,
            7.5,
            9.75
          ],
          "texture": "#1"
        }
      }
    },
    {
      "from": [
        16.3,
        0,
        -1
      ],
      "to": [
        17.3,
        1,
        0
      ],
      "rotation": {
        "angle": -45,
        "axis": "y",
        "origin": [
          9,
          0,
          -4
        ]
      },
      "faces": {
        "north": {
          "uv": [
            1.5,
            9,
            1.75,
            9.25
          ],
          "texture": "#1"
        },
        "east": {
          "uv": [
            9,
            1.5,
            9.25,
            1.75
          ],
          "texture": "#1"
        },
        "south": {
          "uv": [
            1.75,
            9,
            2,
            9.25
          ],
          "texture": "#1"
        },
        "west": {
          "uv": [
            9,
            1.75,
            9.25,
            2
          ],
          "texture": "#1"
        },
        "up": {
          "uv": [
            9.25,
            2.25,
            9,
            2
          ],
          "texture": "#1"
        },
        "down": {
          "uv": [
            9.25,
            2.25,
            9,
            2.5
          ],
          "texture": "#1"
        }
      }
    },
    {
      "from": [
        5,
        1,
        10.5
      ],
      "to": [
        10,
        2,
        11.5
      ],
      "rotation": {
        "angle": -22.5,
        "axis": "y",
        "origin": [
          13,
          0,
          19
        ]
      },
      "faces": {
        "north": {
          "uv": [
            8.25,
            4.75,
            9.5,
            5
          ],
          "texture": "#1"
        },
        "east": {
          "uv": [
            9,
            0.75,
            9.25,
            1
          ],
          "texture": "#1"
        },
        "south": {
          "uv": [
            8.25,
            5,
            9.5,
            5.25
          ],
          "texture": "#1"
        },
        "west": {
          "uv": [
            9,
            1,
            9.25,
            1.25
          ],
          "texture": "#1"
        },
        "up": {
          "uv": [
            2,
            8.75,
            0.75,
            8.5
          ],
          "texture": "#1"
        },
        "down": {
          "uv": [
            4.75,
            8.5,
            3.5,
            8.75
          ],
          "texture": "#1"
        }
      }
    },
    {
      "from": [
        9,
        0,
        10.5
      ],
      "to": [
        10,
        1,
        11.5
      ],
      "rotation": {
        "angle": -22.5,
        "axis": "y",
        "origin": [
          13,
          0,
          19
        ]
      },
      "faces": {
        "north": {
          "uv": [
            9,
            2.5,
            9.25,
            2.75
          ],
          "texture": "#1"
        },
        "east": {
          "uv": [
            9,
            2.75,
            9.25,
            3
          ],
          "texture": "#1"
        },
        "south": {
          "uv": [
            3.5,
            9,
            3.75,
            9.25
          ],
          "texture": "#1"
        },
        "west": {
          "uv": [
            3.75,
            9,
            4,
            9.25
          ],
          "texture": "#1"
        },
        "up": {
          "uv": [
            4.25,
            9.25,
            4,
            9
          ],
          "texture": "#1"
        },
        "down": {
          "uv": [
            4.5,
            9,
            4.25,
            9.25
          ],
          "texture": "#1"
        }
      }
    },
    {
      "from": [
        6,
        1,
        10.5
      ],
      "to": [
        11,
        2,
        11.5
      ],
      "rotation": {
        "angle": 22.5,
        "axis": "y",
        "origin": [
          3,
          0,
          19
        ]
      },
      "faces": {
        "north": {
          "uv": [
            8.5,
            8.25,
            9.75,
            8.5
          ],
          "texture": "#1"
        },
        "east": {
          "uv": [
            9.25,
            2.75,
            9.5,
            3
          ],
          "texture": "#1"
        },
        "south": {
          "uv": [
            8.5,
            8.5,
            9.75,
            8.75
          ],
          "texture": "#1"
        },
        "west": {
          "uv": [
            3.5,
            9.25,
            3.75,
            9.5
          ],
          "texture": "#1"
        },
        "up": {
          "uv": [
            2,
            9,
            0.75,
            8.75
          ],
          "texture": "#1"
        },
        "down": {
          "uv": [
            4.75,
            8.75,
            3.5,
            9
          ],
          "texture": "#1"
        }
      }
    },
    {
      "from": [
        6,
        0,
        10.5
      ],
      "to": [
        7,
        1,
        11.5
      ],
      "rotation": {
        "angle": 22.5,
        "axis": "y",
        "origin": [
          3,
          0,
          19
        ]
      },
      "faces": {
        "north": {
          "uv": [
            9.25,
            1.5,
            9.5,
            1.75
          ],
          "texture": "#1"
        },
        "east": {
          "uv": [
            1.75,
            9.25,
            2,
            9.5
          ],
          "texture": "#1"
        },
        "south": {
          "uv": [
            9.25,
            1.75,
            9.5,
            2
          ],
          "texture": "#1"
        },
        "west": {
          "uv": [
            9.25,
            2,
            9.5,
            2.25
          ],
          "texture": "#1"
        },
        "up": {
          "uv": [
            9.5,
            2.5,
            9.25,
            2.25
          ],
          "texture": "#1"
        },
        "down": {
          "uv": [
            9.5,
            2.5,
            9.25,
            2.75
          ],
          "texture": "#1"
        }
      }
    },
    {
      "from": [
        -1.3,
        1,
        -1
      ],
      "to": [
        -0.3,
        2,
        5
      ],
      "rotation": {
        "angle": 45,
        "axis": "y",
        "origin": [
          7,
          0,
          -4
        ]
      },
      "faces": {
        "north": {
          "uv": [
            9.25,
            1.25,
            9.5,
            1.5
          ],
          "texture": "#1"
        },
        "east": {
          "uv": [
            8.25,
            4.25,
            9.75,
            4.5
          ],
          "texture": "#1"
        },
        "south": {
          "uv": [
            1.5,
            9.25,
            1.75,
            9.5
          ],
          "texture": "#1"
        },
        "west": {
          "uv": [
            8.25,
            4.5,
            9.75,
            4.75
          ],
          "texture": "#1"
        },
        "up": {
          "uv": [
            8.5,
            9.75,
            8.25,
            8.25
          ],
          "texture": "#1"
        },
        "down": {
          "uv": [
            0.75,
            8.5,
            0.5,
            10
          ],
          "texture": "#1"
        }
      }
    },
    {
      "from": [
        -1.3,
        0,
        -1
      ],
      "to": [
        -0.3,
        1,
        0
      ],
      "rotation": {
        "angle": 45,
        "axis": "y",
        "origin": [
          7,
          0,
          -4
        ]
      },
      "faces": {
        "north": {
          "uv": [
            9,
            9,
            9.25,
            9.25
          ],
          "texture": "#1"
        },
        "east": {
          "uv": [
            0.75,
            9.25,
            1,
            9.5
          ],
          "texture": "#1"
        },
        "south": {
          "uv": [
            9.25,
            0.75,
            9.5,
            1
          ],
          "texture": "#1"
        },
        "west": {
          "uv": [
            1,
            9.25,
            1.25,
            9.5
          ],
          "texture": "#1"
        },
        "up": {
          "uv": [
            9.5,
            1.25,
            9.25,
            1
          ],
          "texture": "#1"
        },
        "down": {
          "uv": [
            1.5,
            9.25,
            1.25,
            9.5
          ],
          "texture": "#1"
        }
      }
    },
    {
      "from": [
        2,
        8,
        2
      ],
      "to": [
        14,
        10,
        14
      ],
      "faces": {
        "north": {
          "uv": [
            0.5,
            6.25,
            3.5,
            6.75
          ],
          "texture": "#1"
        },
        "east": {
          "uv": [
            6.5,
            6,
            9.5,
            6.5
          ],
          "texture": "#1"
        },
        "south": {
          "uv": [
            6.5,
            6.5,
            9.5,
            7
          ],
          "texture": "#1"
        },
        "west": {
          "uv": [
            0.5,
            6.75,
            3.5,
            7.25
          ],
          "texture": "#1"
        },
        "up": {
          "uv": [
            3,
            6.25,
            0,
            3.25
          ],
          "texture": "#1"
        },
        "down": {
          "uv": [
            6,
            3.25,
            3,
            6.25
          ],
          "texture": "#1"
        }
      }
    },
    {
      "from": [
        2,
        10,
        12
      ],
      "to": [
        14,
        23,
        14
      ],
      "faces": {
        "north": {
          "uv": [
            0,
            0,
            3,
            3.25
          ],
          "texture": "#1"
        },
        "east": {
          "uv": [
            6,
            6,
            6.5,
            9.25
          ],
          "texture": "#1"
        },
        "south": {
          "uv": [
            3,
            0,
            6,
            3.25
          ],
          "texture": "#1"
        },
        "west": {
          "uv": [
            0,
            6.25,
            0.5,
            9.5
          ],
          "texture": "#1"
        },
        "up": {
          "uv": [
            9.5,
            7.5,
            6.5,
            7
          ],
          "texture": "#1"
        },
        "down": {
          "uv": [
            3.5,
            7.25,
            0.5,
            7.75
          ],
          "texture": "#1"
        }
      }
    },
    {
      "from": [
        2,
        17,
        14
      ],
      "to": [
        14,
        23,
        15
      ],
      "faces": {
        "north": {
          "uv": [
            6,
            0,
            9,
            1.5
          ],
          "texture": "#1"
        },
        "east": {
          "uv": [
            7.75,
            8.25,
            8,
            9.75
          ],
          "texture": "#1"
        },
        "south": {
          "uv": [
            6,
            1.5,
            9,
            3
          ],
          "texture": "#1"
        },
        "west": {
          "uv": [
            8,
            8.25,
            8.25,
            9.75
          ],
          "texture": "#1"
        },
        "up": {
          "uv": [
            10,
            7.75,
            7,
            7.5
          ],
          "texture": "#1"
        },
        "down": {
          "uv": [
            3.5,
            7.75,
            0.5,
            8
          ],
          "texture": "#1"
        }
      }
    },
    {
      "from": [
        5,
        7,
        5
      ],
      "to": [
        11,
        8,
        11
      ],
      "faces": {
        "north": {
          "uv": [
            8,
            5.25,
            9.5,
            5.5
          ],
          "texture": "#1"
        },
        "east": {
          "uv": [
            8,
            5.5,
            9.5,
            5.75
          ],
          "texture": "#1"
        },
        "south": {
          "uv": [
            8,
            5.75,
            9.5,
            6
          ],
          "texture": "#1"
        },
        "west": {
          "uv": [
            7.5,
            8,
            9,
            8.25
          ],
          "texture": "#1"
        },
        "up": {
          "uv": [
            7.5,
            4.5,
            6,
            3
          ],
          "texture": "#1"
        },
        "down": {
          "uv": [
            7.5,
            4.5,
            6,
            6
          ],
          "texture": "#1"
        }
      }
    }
  ],
  "gui_light": "front",
  "display": {
    "thirdperson_righthand": {
      "translation": [
        0,
        3,
        1
      ],
      "scale": [
        0.55,
        0.55,
        0.55
      ]
    },
    "thirdperson_lefthand": {
      "translation": [
        0,
        3,
        1
      ],
      "scale": [
        0.55,
        0.55,
        0.55
      ]
    },
    "firstperson_righthand": {
      "translation": [
        0,
        3,
        1
      ],
      "scale": [
        0.55,
        0.55,
        0.55
      ]
    },
    "firstperson_lefthand": {
      "translation": [
        0,
        3,
        1
      ],
      "scale": [
        0.55,
        0.55,
        0.55
      ]
    },
    "ground": {
      "translation": [
        0,
        2,
        0
      ],
      "scale": [
        0.5,
        0.5,
        0.5
      ]
    },
    "gui": {
      "rotation": [
        30,
        225,
        0
      ],
      "translation": [
        0,
        -1.25,
        0
      ],
      "scale": [
        0.37,
        0.37,
        0.37
      ]
    },
    "head": {
      "rotation": [
        0,
        -180,
        0
      ],
      "translation": [
        0,
        -30.5,
        0
      ],
      "scale": [
        1.6,
        1.6,
        1.6
      ]
    }
  }
}