{
  "credit": "Made with Blockbench",
  "texture_size": [
    128,
    128
  ],
  "textures": {
    "0": "elitecreatures:classroom_furniture_v1/classroom_cupboard_table",
    "particle": "elitecreatures:classroom_furniture_v1/classroom_cupboard_table"
  },
  "elements": [
    {
      "from": [
        -16,
        14,
        0
      ],
      "to": [
        16,
        16,
        15
      ],
      "faces": {
        "north": {
          "uv": [
            7.5,
            6.375,
            11.5,
            6.625
          ],
          "texture": "#0"
        },
        "east": {
          "uv": [
            0,
            7.75,
            1.875,
            8
          ],
          "texture": "#0"
        },
        "south": {
          "uv": [
            7.5,
            6.625,
            11.5,
            6.875
          ],
          "texture": "#0"
        },
        "west": {
          "uv": [
            1.875,
            7.75,
            0,
            8
          ],
          "texture": "#0"
        },
        "up": {
          "uv": [
            4,
            5.875,
            0,
            4
          ],
          "texture": "#0"
        },
        "down": {
          "uv": [
            8,
            0,
            4,
            1.875
          ],
          "texture": "#0"
        }
      }
    },
    {
      "from": [
        -14,
        8,
        0
      ],
      "to": [
        14,
        9,
        15
      ],
      "faces": {
        "north": {
          "uv": [
            8,
            0.625,
            11.5,
            0.75
          ],
          "texture": "#0"
        },
        "south": {
          "uv": [
            8,
            0.625,
            11.5,
            0.75
          ],
          "texture": "#0"
        },
        "up": {
          "uv": [
            7.5,
            7.5,
            4,
            5.625
          ],
          "texture": "#0"
        },
        "down": {
          "uv": [
            3.5,
            5.875,
            0,
            7.75
          ],
          "texture": "#0"
        }
      }
    },
    {
      "from": [
        -14,
        2,
        1
      ],
      "to": [
        14,
        8,
        15
      ],
      "faces": {
        "north": {
          "uv": [
            7.5,
            5.625,
            11,
            6.375
          ],
          "texture": "#0"
        }
      }
    },
    {
      "from": [
        -1,
        5,
        0
      ],
      "to": [
        1,
        7,
        14
      ],
      "faces": {
        "north": {
          "uv": [
            0.375,
            8.25,
            0.625,
            8.5
          ],
          "texture": "#0"
        },
        "east": {
          "uv": [
            8,
            0.75,
            9.75,
            1
          ],
          "texture": "#0"
        },
        "south": {
          "uv": [
            0.625,
            8.25,
            0.875,
            8.5
          ],
          "texture": "#0"
        },
        "west": {
          "uv": [
            8,
            1,
            9.75,
            1.25
          ],
          "texture": "#0"
        },
        "up": {
          "uv": [
            3.375,
            9.5,
            3.125,
            7.75
          ],
          "texture": "#0"
        },
        "down": {
          "uv": [
            8.25,
            1.25,
            8,
            3
          ],
          "texture": "#0"
        }
      }
    },
    {
      "from": [
        -16,
        0,
        0
      ],
      "to": [
        16,
        2,
        15
      ],
      "faces": {
        "north": {
          "uv": [
            7.5,
            6.875,
            11.5,
            7.125
          ],
          "texture": "#0"
        },
        "east": {
          "uv": [
            0,
            8,
            1.875,
            8.25
          ],
          "texture": "#0"
        },
        "south": {
          "uv": [
            7.5,
            7.125,
            11.5,
            7.375
          ],
          "texture": "#0"
        },
        "west": {
          "uv": [
            1.875,
            8,
            0,
            8.25
          ],
          "texture": "#0"
        },
        "up": {
          "uv": [
            8,
            3.75,
            4,
            1.875
          ],
          "texture": "#0"
        },
        "down": {
          "uv": [
            8,
            3.75,
            4,
            5.625
          ],
          "texture": "#0"
        }
      }
    },
    {
      "from": [
        14,
        2,
        0
      ],
      "to": [
        16,
        14,
        15
      ],
      "faces": {
        "north": {
          "uv": [
            3.5,
            5.875,
            3.75,
            7.375
          ],
          "texture": "#0"
        },
        "east": {
          "uv": [
            3.5,
            7.5,
            5.375,
            9
          ],
          "texture": "#0"
        },
        "south": {
          "uv": [
            3.75,
            5.875,
            4,
            7.375
          ],
          "texture": "#0"
        },
        "west": {
          "uv": [
            5.375,
            7.5,
            7.25,
            9
          ],
          "texture": "#0"
        },
        "up": {
          "uv": [
            2.125,
            9.625,
            1.875,
            7.75
          ],
          "texture": "#0"
        },
        "down": {
          "uv": [
            2.375,
            7.75,
            2.125,
            9.625
          ],
          "texture": "#0"
        }
      }
    },
    {
      "from": [
        -16,
        2,
        0
      ],
      "to": [
        -14,
        14,
        15
      ],
      "rotation": {
        "angle": 0,
        "axis": "y",
        "origin": [
          16,
          0,
          0
        ]
      },
      "faces": {
        "north": {
          "uv": [
            3.75,
            5.875,
            3.5,
            7.375
          ],
          "texture": "#0"
        },
        "east": {
          "uv": [
            7.25,
            7.5,
            5.375,
            9
          ],
          "texture": "#0"
        },
        "south": {
          "uv": [
            4,
            5.875,
            3.75,
            7.375
          ],
          "texture": "#0"
        },
        "west": {
          "uv": [
            5.375,
            7.5,
            3.5,
            9
          ],
          "texture": "#0"
        },
        "up": {
          "uv": [
            1.875,
            9.625,
            2.125,
            7.75
          ],
          "texture": "#0"
        },
        "down": {
          "uv": [
            2.125,
            7.75,
            2.375,
            9.625
          ],
          "texture": "#0"
        }
      }
    },
    {
      "from": [
        -16,
        0,
        15
      ],
      "to": [
        16,
        16,
        16
      ],
      "faces": {
        "north": {
          "uv": [
            0,
            0,
            4,
            2
          ],
          "texture": "#0"
        },
        "east": {
          "uv": [
            3.375,
            7.75,
            3.5,
            9.75
          ],
          "texture": "#0"
        },
        "south": {
          "uv": [
            0,
            2,
            4,
            4
          ],
          "texture": "#0"
        },
        "west": {
          "uv": [
            3.5,
            7.75,
            3.375,
            9.75
          ],
          "texture": "#0"
        },
        "up": {
          "uv": [
            11.25,
            7.625,
            7.25,
            7.5
          ],
          "texture": "#0"
        },
        "down": {
          "uv": [
            11.5,
            7.375,
            7.5,
            7.5
          ],
          "texture": "#0"
        }
      }
    },
    {
      "from": [
        -14,
        9,
        5
      ],
      "to": [
        -8,
        11,
        10
      ],
      "faces": {
        "north": {
          "uv": [
            8,
            5.375,
            8.75,
            5.625
          ],
          "texture": "#0"
        },
        "east": {
          "uv": [
            8.125,
            3.75,
            8.75,
            4
          ],
          "texture": "#0"
        },
        "south": {
          "uv": [
            8,
            7.625,
            8.75,
            7.875
          ],
          "texture": "#0"
        },
        "west": {
          "uv": [
            8.125,
            3.75,
            8.75,
            4
          ],
          "texture": "#0"
        },
        "up": {
          "uv": [
            8,
            8.25,
            7.25,
            7.625
          ],
          "texture": "#0"
        },
        "down": {
          "uv": [
            8,
            8.25,
            7.25,
            7.625
          ],
          "texture": "#0"
        }
      }
    },
    {
      "from": [
        -12,
        11,
        4
      ],
      "to": [
        -6,
        13,
        9
      ],
      "faces": {
        "north": {
          "uv": [
            8,
            7.875,
            8.75,
            8.125
          ],
          "texture": "#0"
        },
        "east": {
          "uv": [
            8.75,
            4,
            8.125,
            4.25
          ],
          "texture": "#0"
        },
        "south": {
          "uv": [
            8.125,
            3,
            8.875,
            3.25
          ],
          "texture": "#0"
        },
        "west": {
          "uv": [
            8.125,
            4,
            8.75,
            4.25
          ],
          "texture": "#0"
        },
        "up": {
          "uv": [
            3.125,
            8.375,
            2.375,
            7.75
          ],
          "texture": "#0"
        },
        "down": {
          "uv": [
            3.125,
            8.375,
            2.375,
            7.75
          ],
          "texture": "#0"
        }
      }
    },
    {
      "from": [
        -9,
        9,
        1
      ],
      "to": [
        -3,
        11,
        6
      ],
      "rotation": {
        "angle": 22.5,
        "axis": "y",
        "origin": [
          0,
          0,
          0
        ]
      },
      "faces": {
        "north": {
          "uv": [
            8.125,
            3.25,
            8.875,
            3.5
          ],
          "texture": "#0"
        },
        "east": {
          "uv": [
            8.125,
            4.25,
            8.75,
            4.5
          ],
          "texture": "#0"
        },
        "south": {
          "uv": [
            8.125,
            3.5,
            8.875,
            3.75
          ],
          "texture": "#0"
        },
        "west": {
          "uv": [
            8.125,
            4.25,
            8.75,
            4.5
          ],
          "texture": "#0"
        },
        "up": {
          "uv": [
            8.75,
            0.625,
            8,
            0
          ],
          "texture": "#0"
        },
        "down": {
          "uv": [
            8.75,
            0.625,
            8,
            0
          ],
          "texture": "#0"
        }
      }
    },
    {
      "from": [
        10,
        9,
        4
      ],
      "to": [
        13,
        11,
        7
      ],
      "faces": {
        "north": {
          "uv": [
            0,
            8.25,
            0.375,
            8.5
          ],
          "texture": "#0"
        },
        "east": {
          "uv": [
            0,
            8.25,
            0.375,
            8.5
          ],
          "texture": "#0"
        },
        "south": {
          "uv": [
            0,
            8.25,
            0.375,
            8.5
          ],
          "texture": "#0"
        },
        "west": {
          "uv": [
            0,
            8.25,
            0.375,
            8.5
          ],
          "texture": "#0"
        },
        "up": {
          "uv": [
            8.5,
            4.875,
            8.125,
            4.5
          ],
          "texture": "#0"
        },
        "down": {
          "uv": [
            8.375,
            8.125,
            8,
            8.5
          ],
          "texture": "#0"
        }
      }
    },
    {
      "from": [
        9,
        11,
        5.5
      ],
      "to": [
        14,
        14,
        5.5
      ],
      "faces": {
        "north": {
          "uv": [
            8,
            5,
            8.625,
            5.375
          ],
          "texture": "#0"
        },
        "south": {
          "uv": [
            8,
            5,
            8.625,
            5.375
          ],
          "texture": "#0"
        }
      }
    }
  ],
  "gui_light": "front",
  "display": {
    "thirdperson_righthand": {
      "translation": [
        0,
        3,
        1
      ],
      "scale": [
        0.55,
        0.55,
        0.55
      ]
    },
    "thirdperson_lefthand": {
      "translation": [
        -10,
        3,
        1
      ],
      "scale": [
        0.55,
        0.55,
        0.55
      ]
    },
    "firstperson_righthand": {
      "rotation": [
        0,
        -180,
        0
      ],
      "translation": [
        -8.25,
        3,
        1
      ],
      "scale": [
        0.47,
        0.47,
        0.47
      ]
    },
    "firstperson_lefthand": {
      "rotation": [
        0,
        -180,
        0
      ],
      "translation": [
        -8.25,
        3,
        1
      ],
      "scale": [
        0.47,
        0.47,
        0.47
      ]
    },
    "ground": {
      "translation": [
        1.75,
        3,
        0
      ],
      "scale": [
        0.25,
        0.25,
        0.25
      ]
    },
    "gui": {
      "rotation": [
        30,
        225,
        0
      ],
      "translation": [
        -1.75,
        -1,
        0
      ],
      "scale": [
        0.27,
        0.27,
        0.27
      ]
    },
    "head": {
      "rotation": [
        0,
        -180,
        0
      ],
      "translation": [
        -12.75,
        -30.25,
        0
      ],
      "scale": [
        1.6,
        1.6,
        1.56
      ]
    },
    "fixed": {
      "translation": [
        5,
        0,
        0
      ],
      "scale": [
        0.6,
        0.6,
        0.6
      ]
    }
  }
}