{
  "credit": "Made with Blockbench",
  "texture_size": [
    128,
    128
  ],
  "textures": {
    "1": "elitecreatures:classroom_furniture_v1/classroom_cupboard"
  },
  "elements": [
    {
      "from": [
        -16,
        0,
        0
      ],
      "to": [
        32,
        2,
        15
      ],
      "faces": {
        "north": {
          "uv": [
            9.625,
            3.75,
            15.625,
            4
          ],
          "texture": "#1"
        },
        "east": {
          "uv": [
            0,
            10.5,
            1.875,
            10.75
          ],
          "texture": "#1"
        },
        "south": {
          "uv": [
            9.625,
            4,
            15.625,
            4.25
          ],
          "texture": "#1"
        },
        "west": {
          "uv": [
            8.875,
            10.5,
            10.75,
            10.75
          ],
          "texture": "#1"
        },
        "up": {
          "uv": [
            6,
            5.875,
            0,
            4
          ],
          "texture": "#1"
        },
        "down": {
          "uv": [
            6,
            5.875,
            0,
            7.75
          ],
          "texture": "#1"
        }
      }
    },
    {
      "from": [
        -16,
        0,
        15
      ],
      "to": [
        32,
        16,
        16
      ],
      "faces": {
        "north": {
          "uv": [
            0,
            0,
            6,
            2
          ],
          "texture": "#1"
        },
        "east": {
          "uv": [
            5,
            10.75,
            5.125,
            12.75
          ],
          "texture": "#1"
        },
        "south": {
          "uv": [
            0,
            2,
            6,
            4
          ],
          "texture": "#1"
        },
        "west": {
          "uv": [
            10.75,
            10.75,
            10.875,
            12.75
          ],
          "texture": "#1"
        },
        "up": {
          "uv": [
            15.625,
            6.625,
            9.625,
            6.5
          ],
          "texture": "#1"
        },
        "down": {
          "uv": [
            15.625,
            6.625,
            9.625,
            6.75
          ],
          "texture": "#1"
        }
      }
    },
    {
      "from": [
        -16,
        14,
        0
      ],
      "to": [
        32,
        16,
        15
      ],
      "faces": {
        "north": {
          "uv": [
            9.625,
            4.25,
            15.625,
            4.5
          ],
          "texture": "#1"
        },
        "east": {
          "uv": [
            0,
            10.75,
            1.875,
            11
          ],
          "texture": "#1"
        },
        "south": {
          "uv": [
            9.625,
            4.5,
            15.625,
            4.75
          ],
          "texture": "#1"
        },
        "west": {
          "uv": [
            1.875,
            10.75,
            3.75,
            11
          ],
          "texture": "#1"
        },
        "up": {
          "uv": [
            12,
            1.875,
            6,
            0
          ],
          "texture": "#1"
        },
        "down": {
          "uv": [
            12,
            1.875,
            6,
            3.75
          ],
          "texture": "#1"
        }
      }
    },
    {
      "from": [
        17,
        7,
        0
      ],
      "to": [
        30,
        8,
        15
      ],
      "faces": {
        "north": {
          "uv": [
            6,
            11,
            7.625,
            11.125
          ],
          "texture": "#1"
        },
        "east": {
          "uv": [
            5.125,
            10.875,
            7,
            11
          ],
          "texture": "#1"
        },
        "south": {
          "uv": [
            6,
            11.125,
            7.625,
            11.25
          ],
          "texture": "#1"
        },
        "west": {
          "uv": [
            7,
            10.875,
            8.875,
            11
          ],
          "texture": "#1"
        },
        "up": {
          "uv": [
            1.875,
            5.875,
            0.25,
            4
          ],
          "texture": "#1"
        },
        "down": {
          "uv": [
            9.25,
            7.5,
            7.625,
            9.375
          ],
          "texture": "#1"
        }
      }
    },
    {
      "from": [
        -14,
        7,
        0
      ],
      "to": [
        -1,
        8,
        15
      ],
      "rotation": {
        "angle": 0,
        "axis": "y",
        "origin": [
          16,
          0,
          0
        ]
      },
      "faces": {
        "north": {
          "uv": [
            11.125,
            6.75,
            12.75,
            6.875
          ],
          "texture": "#1"
        },
        "east": {
          "uv": [
            10.875,
            10,
            12.75,
            10.125
          ],
          "texture": "#1"
        },
        "south": {
          "uv": [
            11.125,
            6.875,
            12.75,
            7
          ],
          "texture": "#1"
        },
        "west": {
          "uv": [
            10.875,
            10.125,
            12.75,
            10.25
          ],
          "texture": "#1"
        },
        "up": {
          "uv": [
            1.875,
            5.875,
            0.25,
            4
          ],
          "texture": "#1"
        },
        "down": {
          "uv": [
            3.25,
            7.75,
            1.625,
            9.625
          ],
          "texture": "#1"
        }
      }
    },
    {
      "from": [
        1,
        7,
        0
      ],
      "to": [
        15,
        8,
        15
      ],
      "faces": {
        "north": {
          "uv": [
            10.875,
            10.25,
            12.625,
            10.375
          ],
          "texture": "#1"
        },
        "east": {
          "uv": [
            10.875,
            9.75,
            12.75,
            9.875
          ],
          "texture": "#1"
        },
        "south": {
          "uv": [
            10.875,
            10.375,
            12.625,
            10.5
          ],
          "texture": "#1"
        },
        "west": {
          "uv": [
            10.875,
            9.875,
            12.75,
            10
          ],
          "texture": "#1"
        },
        "up": {
          "uv": [
            3.875,
            5.875,
            2.125,
            4
          ],
          "texture": "#1"
        },
        "down": {
          "uv": [
            7.75,
            5.625,
            6,
            7.5
          ],
          "texture": "#1"
        }
      }
    },
    {
      "from": [
        30,
        2,
        0
      ],
      "to": [
        32,
        14,
        15
      ],
      "faces": {
        "north": {
          "uv": [
            5.75,
            7.75,
            6,
            9.25
          ],
          "texture": "#1"
        },
        "east": {
          "uv": [
            3.25,
            7.75,
            5.125,
            9.25
          ],
          "texture": "#1"
        },
        "west": {
          "uv": [
            7.75,
            3.75,
            9.625,
            5.25
          ],
          "texture": "#1"
        }
      }
    },
    {
      "from": [
        -16,
        2,
        0
      ],
      "to": [
        -14,
        14,
        15
      ],
      "rotation": {
        "angle": 0,
        "axis": "y",
        "origin": [
          16,
          0,
          0
        ]
      },
      "faces": {
        "north": {
          "uv": [
            6,
            7.75,
            5.75,
            9.25
          ],
          "texture": "#1"
        },
        "east": {
          "uv": [
            9.625,
            3.75,
            7.75,
            5.25
          ],
          "texture": "#1"
        },
        "west": {
          "uv": [
            5.125,
            7.75,
            3.25,
            9.25
          ],
          "texture": "#1"
        }
      }
    },
    {
      "from": [
        15,
        2,
        0
      ],
      "to": [
        17,
        14,
        15
      ],
      "faces": {
        "north": {
          "uv": [
            5.75,
            7.75,
            6,
            9.25
          ],
          "texture": "#1"
        },
        "east": {
          "uv": [
            9.625,
            3.75,
            7.75,
            5.25
          ],
          "texture": "#1"
        },
        "west": {
          "uv": [
            7.75,
            3.75,
            9.625,
            5.25
          ],
          "texture": "#1"
        }
      }
    },
    {
      "from": [
        -1,
        2,
        0
      ],
      "to": [
        1,
        14,
        15
      ],
      "faces": {
        "north": {
          "uv": [
            5.75,
            7.75,
            6,
            9.25
          ],
          "texture": "#1"
        },
        "east": {
          "uv": [
            9.625,
            3.75,
            7.75,
            5.25
          ],
          "texture": "#1"
        },
        "west": {
          "uv": [
            7.75,
            3.75,
            9.625,
            5.25
          ],
          "texture": "#1"
        }
      }
    },
    {
      "from": [
        -3,
        8,
        4
      ],
      "to": [
        -1,
        14,
        9
      ],
      "faces": {
        "north": {
          "uv": [
            8.75,
            6.75,
            9,
            7.5
          ],
          "texture": "#1"
        },
        "east": {
          "uv": [
            5.125,
            7.75,
            5.75,
            8.5
          ],
          "texture": "#1"
        },
        "south": {
          "uv": [
            9,
            6.75,
            9.25,
            7.5
          ],
          "texture": "#1"
        },
        "west": {
          "uv": [
            5.125,
            8.5,
            5.75,
            9.25
          ],
          "texture": "#1"
        },
        "up": {
          "uv": [
            8.375,
            11.625,
            8.125,
            11
          ],
          "texture": "#1"
        },
        "down": {
          "uv": [
            8.625,
            11,
            8.375,
            11.625
          ],
          "texture": "#1"
        }
      }
    },
    {
      "from": [
        28,
        8,
        5
      ],
      "to": [
        30,
        14,
        10
      ],
      "faces": {
        "north": {
          "uv": [
            8.75,
            6.75,
            9,
            7.5
          ],
          "texture": "#1"
        },
        "east": {
          "uv": [
            5.125,
            7.75,
            5.75,
            8.5
          ],
          "texture": "#1"
        },
        "south": {
          "uv": [
            9,
            6.75,
            9.25,
            7.5
          ],
          "texture": "#1"
        },
        "west": {
          "uv": [
            5.125,
            8.5,
            5.75,
            9.25
          ],
          "texture": "#1"
        },
        "up": {
          "uv": [
            8.375,
            11.625,
            8.125,
            11
          ],
          "texture": "#1"
        },
        "down": {
          "uv": [
            8.625,
            11,
            8.375,
            11.625
          ],
          "texture": "#1"
        }
      }
    },
    {
      "from": [
        0,
        8,
        9
      ],
      "to": [
        6,
        10,
        14
      ],
      "rotation": {
        "angle": 45,
        "axis": "y",
        "origin": [
          0,
          0,
          0
        ]
      },
      "faces": {
        "north": {
          "uv": [
            8.75,
            6.75,
            9,
            7.5
          ],
          "rotation": 90,
          "texture": "#1"
        },
        "east": {
          "uv": [
            8.625,
            11,
            8.375,
            11.625
          ],
          "rotation": 270,
          "texture": "#1"
        },
        "south": {
          "uv": [
            9,
            6.75,
            9.25,
            7.5
          ],
          "rotation": 270,
          "texture": "#1"
        },
        "west": {
          "uv": [
            8.375,
            11.625,
            8.125,
            11
          ],
          "rotation": 270,
          "texture": "#1"
        },
        "up": {
          "uv": [
            5.125,
            7.75,
            5.75,
            8.5
          ],
          "rotation": 270,
          "texture": "#1"
        },
        "down": {
          "uv": [
            5.125,
            8.5,
            5.75,
            9.25
          ],
          "rotation": 270,
          "texture": "#1"
        }
      }
    },
    {
      "from": [
        1,
        8,
        6
      ],
      "to": [
        3,
        14,
        11
      ],
      "faces": {
        "north": {
          "uv": [
            3.25,
            11,
            3.5,
            11.75
          ],
          "texture": "#1"
        },
        "east": {
          "uv": [
            3.75,
            10.75,
            4.375,
            11.5
          ],
          "texture": "#1"
        },
        "south": {
          "uv": [
            3.5,
            11,
            3.75,
            11.75
          ],
          "texture": "#1"
        },
        "west": {
          "uv": [
            4.375,
            10.75,
            5,
            11.5
          ],
          "texture": "#1"
        },
        "up": {
          "uv": [
            8.875,
            11.625,
            8.625,
            11
          ],
          "texture": "#1"
        },
        "down": {
          "uv": [
            9.875,
            11,
            9.625,
            11.625
          ],
          "texture": "#1"
        }
      }
    },
    {
      "from": [
        26,
        8,
        6
      ],
      "to": [
        28,
        14,
        11
      ],
      "faces": {
        "north": {
          "uv": [
            3.25,
            11,
            3.5,
            11.75
          ],
          "texture": "#1"
        },
        "east": {
          "uv": [
            3.75,
            10.75,
            4.375,
            11.5
          ],
          "texture": "#1"
        },
        "south": {
          "uv": [
            3.5,
            11,
            3.75,
            11.75
          ],
          "texture": "#1"
        },
        "west": {
          "uv": [
            4.375,
            10.75,
            5,
            11.5
          ],
          "texture": "#1"
        },
        "up": {
          "uv": [
            8.875,
            11.625,
            8.625,
            11
          ],
          "texture": "#1"
        },
        "down": {
          "uv": [
            9.875,
            11,
            9.625,
            11.625
          ],
          "texture": "#1"
        }
      }
    },
    {
      "from": [
        3,
        8,
        4
      ],
      "to": [
        5,
        14,
        9
      ],
      "faces": {
        "north": {
          "uv": [
            7.625,
            11,
            7.875,
            11.75
          ],
          "texture": "#1"
        },
        "east": {
          "uv": [
            10.75,
            4.75,
            11.375,
            5.5
          ],
          "texture": "#1"
        },
        "south": {
          "uv": [
            7.875,
            11,
            8.125,
            11.75
          ],
          "texture": "#1"
        },
        "west": {
          "uv": [
            10.75,
            5.5,
            11.375,
            6.25
          ],
          "texture": "#1"
        },
        "up": {
          "uv": [
            10.125,
            11.625,
            9.875,
            11
          ],
          "texture": "#1"
        },
        "down": {
          "uv": [
            10.375,
            11,
            10.125,
            11.625
          ],
          "texture": "#1"
        }
      }
    },
    {
      "from": [
        -5,
        8,
        6
      ],
      "to": [
        -3,
        14,
        11
      ],
      "faces": {
        "north": {
          "uv": [
            7.625,
            11,
            7.875,
            11.75
          ],
          "texture": "#1"
        },
        "east": {
          "uv": [
            10.75,
            4.75,
            11.375,
            5.5
          ],
          "texture": "#1"
        },
        "south": {
          "uv": [
            7.875,
            11,
            8.125,
            11.75
          ],
          "texture": "#1"
        },
        "west": {
          "uv": [
            10.75,
            5.5,
            11.375,
            6.25
          ],
          "texture": "#1"
        },
        "up": {
          "uv": [
            10.125,
            11.625,
            9.875,
            11
          ],
          "texture": "#1"
        },
        "down": {
          "uv": [
            10.375,
            11,
            10.125,
            11.625
          ],
          "texture": "#1"
        }
      }
    },
    {
      "from": [
        24,
        8,
        3
      ],
      "to": [
        26,
        14,
        8
      ],
      "faces": {
        "north": {
          "uv": [
            7.625,
            11,
            7.875,
            11.75
          ],
          "texture": "#1"
        },
        "east": {
          "uv": [
            10.75,
            4.75,
            11.375,
            5.5
          ],
          "texture": "#1"
        },
        "south": {
          "uv": [
            7.875,
            11,
            8.125,
            11.75
          ],
          "texture": "#1"
        },
        "west": {
          "uv": [
            10.75,
            5.5,
            11.375,
            6.25
          ],
          "texture": "#1"
        },
        "up": {
          "uv": [
            10.125,
            11.625,
            9.875,
            11
          ],
          "texture": "#1"
        },
        "down": {
          "uv": [
            10.375,
            11,
            10.125,
            11.625
          ],
          "texture": "#1"
        }
      }
    },
    {
      "from": [
        17,
        8,
        2
      ],
      "to": [
        22,
        10,
        8
      ],
      "faces": {
        "north": {
          "uv": [
            10.375,
            11,
            10.125,
            11.625
          ],
          "rotation": 270,
          "texture": "#1"
        },
        "east": {
          "uv": [
            7.875,
            11,
            8.125,
            11.75
          ],
          "rotation": 270,
          "texture": "#1"
        },
        "south": {
          "uv": [
            10.125,
            11.625,
            9.875,
            11
          ],
          "rotation": 270,
          "texture": "#1"
        },
        "west": {
          "uv": [
            7.625,
            11,
            7.875,
            11.75
          ],
          "rotation": 90,
          "texture": "#1"
        },
        "up": {
          "uv": [
            10.75,
            4.75,
            11.375,
            5.5
          ],
          "rotation": 180,
          "texture": "#1"
        },
        "down": {
          "uv": [
            10.75,
            5.5,
            11.375,
            6.25
          ],
          "texture": "#1"
        }
      }
    },
    {
      "from": [
        -14.5,
        3,
        -1.5
      ],
      "to": [
        -7.5,
        5,
        7.5
      ],
      "rotation": {
        "angle": 22.5,
        "axis": "y",
        "origin": [
          0,
          0,
          0
        ]
      },
      "faces": {
        "north": {
          "uv": [
            1.5,
            11,
            2.375,
            11.25
          ],
          "texture": "#1"
        },
        "east": {
          "uv": [
            1.875,
            10.5,
            3,
            10.75
          ],
          "texture": "#1"
        },
        "south": {
          "uv": [
            0.625,
            11,
            1.5,
            11.25
          ],
          "texture": "#1"
        },
        "west": {
          "uv": [
            10.75,
            6.25,
            11.875,
            6.5
          ],
          "texture": "#1"
        },
        "up": {
          "uv": [
            1.125,
            10.5,
            0,
            9.625
          ],
          "rotation": 90,
          "texture": "#1"
        },
        "down": {
          "uv": [
            2.25,
            9.625,
            1.125,
            10.5
          ],
          "rotation": 270,
          "texture": "#1"
        }
      }
    },
    {
      "from": [
        -14,
        2,
        -1
      ],
      "to": [
        -8,
        3,
        7
      ],
      "rotation": {
        "angle": 22.5,
        "axis": "y",
        "origin": [
          0,
          0,
          0
        ]
      },
      "faces": {
        "north": {
          "uv": [
            11.125,
            7.375,
            11.875,
            7.5
          ],
          "texture": "#1"
        },
        "east": {
          "uv": [
            2.25,
            10.375,
            3.25,
            10.5
          ],
          "texture": "#1"
        },
        "south": {
          "uv": [
            5.125,
            9.25,
            5.875,
            9.375
          ],
          "texture": "#1"
        },
        "west": {
          "uv": [
            11.125,
            7,
            12.125,
            7.125
          ],
          "texture": "#1"
        },
        "up": {
          "uv": [
            8.75,
            7.5,
            7.75,
            6.75
          ],
          "rotation": 90,
          "texture": "#1"
        },
        "down": {
          "uv": [
            3.25,
            9.625,
            2.25,
            10.375
          ],
          "rotation": 270,
          "texture": "#1"
        }
      }
    },
    {
      "from": [
        -10,
        8,
        8
      ],
      "to": [
        -7,
        10,
        11
      ],
      "rotation": {
        "angle": -22.5,
        "axis": "y",
        "origin": [
          0,
          0,
          0
        ]
      },
      "faces": {
        "north": {
          "uv": [
            11.125,
            7.75,
            11.5,
            8
          ],
          "texture": "#1"
        },
        "east": {
          "uv": [
            11.125,
            8,
            11.5,
            8.25
          ],
          "texture": "#1"
        },
        "south": {
          "uv": [
            11.125,
            8.25,
            11.5,
            8.5
          ],
          "texture": "#1"
        },
        "west": {
          "uv": [
            11.125,
            8.5,
            11.5,
            8.75
          ],
          "texture": "#1"
        },
        "up": {
          "uv": [
            9.25,
            9.75,
            8.875,
            9.375
          ],
          "texture": "#1"
        },
        "down": {
          "uv": [
            10.75,
            11,
            10.375,
            11.375
          ],
          "texture": "#1"
        }
      }
    },
    {
      "from": [
        -11,
        10,
        9.5
      ],
      "to": [
        -6,
        13,
        9.5
      ],
      "rotation": {
        "angle": -22.5,
        "axis": "y",
        "origin": [
          0,
          0,
          0
        ]
      },
      "faces": {
        "north": {
          "uv": [
            10.875,
            10.75,
            11.5,
            11.125
          ],
          "texture": "#1"
        },
        "south": {
          "uv": [
            11.5,
            10.75,
            10.875,
            11.125
          ],
          "texture": "#1"
        }
      }
    },
    {
      "from": [
        24,
        2,
        2
      ],
      "to": [
        27,
        4,
        5
      ],
      "rotation": {
        "angle": -45,
        "axis": "y",
        "origin": [
          25.5,
          4.25,
          3.5
        ]
      },
      "faces": {
        "north": {
          "uv": [
            11.125,
            7.75,
            11.5,
            8
          ],
          "texture": "#1"
        },
        "east": {
          "uv": [
            11.125,
            8,
            11.5,
            8.25
          ],
          "texture": "#1"
        },
        "south": {
          "uv": [
            11.125,
            8.25,
            11.5,
            8.5
          ],
          "texture": "#1"
        },
        "west": {
          "uv": [
            11.125,
            8.5,
            11.5,
            8.75
          ],
          "texture": "#1"
        },
        "up": {
          "uv": [
            9.25,
            9.75,
            8.875,
            9.375
          ],
          "texture": "#1"
        },
        "down": {
          "uv": [
            10.75,
            11,
            10.375,
            11.375
          ],
          "texture": "#1"
        }
      }
    },
    {
      "from": [
        23,
        4,
        3.5
      ],
      "to": [
        28,
        7,
        3.5
      ],
      "rotation": {
        "angle": -45,
        "axis": "y",
        "origin": [
          25.5,
          4.25,
          3.5
        ]
      },
      "faces": {
        "north": {
          "uv": [
            10.875,
            10.75,
            11.5,
            11.125
          ],
          "texture": "#1"
        },
        "south": {
          "uv": [
            11.5,
            10.75,
            10.875,
            11.125
          ],
          "texture": "#1"
        }
      }
    }
  ],
  "gui_light": "front",
  "display": {
    "thirdperson_righthand": {
      "translation": [
        0,
        3,
        1
      ],
      "scale": [
        0.19,
        0.19,
        0.19
      ]
    },
    "thirdperson_lefthand": {
      "translation": [
        0,
        3,
        1
      ],
      "scale": [
        0.19,
        0.19,
        0.19
      ]
    },
    "firstperson_righthand": {
      "rotation": [
        0,
        -180,
        0
      ],
      "translation": [
        0,
        3,
        1
      ],
      "scale": [
        0.19,
        0.19,
        0.19
      ]
    },
    "firstperson_lefthand": {
      "rotation": [
        0,
        -180,
        0
      ],
      "translation": [
        -3.25,
        3,
        1
      ],
      "scale": [
        0.19,
        0.19,
        0.19
      ]
    },
    "ground": {
      "translation": [
        0,
        3,
        0
      ],
      "scale": [
        0.25,
        0.25,
        0.25
      ]
    },
    "gui": {
      "rotation": [
        30,
        225,
        0
      ],
      "scale": [
        0.26,
        0.26,
        0.26
      ]
    },
    "head": {
      "rotation": [
        0,
        -180,
        0
      ],
      "translation": [
        0,
        -30.25,
        0
      ],
      "scale": [
        1.6,
        1.6,
        1.6
      ]
    },
    "fixed": {
      "scale": [
        1.6,
        1.6,
        1.6
      ]
    }
  },
  "groups": [
    0,
    1,
    2,
    3,
    4,
    5,
    6,
    7,
    8,
    9,
    10,
    11,
    12,
    13,
    14,
    15,
    16,
    17,
    18,
    19,
    20,
    {
      "name": "group",
      "origin": [
        0,
        0,
        0
      ],
      "color": 0,
      "children": []
    },
    {
      "name": "group",
      "origin": [
        0,
        0,
        0
      ],
      "color": 0,
      "children": [
        21,
        22
      ]
    },
    {
      "name": "group",
      "origin": [
        0,
        0,
        0
      ],
      "color": 0,
      "children": [
        23,
        24
      ]
    }
  ]
}