{
  "credit": "Made with Blockbench",
  "texture_size": [
    256,
    256
  ],
  "textures": {
    "1": "elitecreatures:classroom_furniture_v1/classroom_cupboard_shelf"
  },
  "elements": [
    {
      "from": [
        2,
        -16,
        0
      ],
      "to": [
        30,
        -14,
        15
      ],
      "faces": {
        "north": {
          "uv": [
            1.4375,
            6,
            3.1875,
            6.125
          ],
          "texture": "#1"
        },
        "south": {
          "uv": [
            1.4375,
            6.125,
            3.1875,
            6.25
          ],
          "texture": "#1"
        },
        "up": {
          "uv": [
            5.5,
            3.9375,
            3.75,
            3
          ],
          "texture": "#1"
        },
        "down": {
          "uv": [
            5.5,
            3.9375,
            3.75,
            4.875
          ],
          "texture": "#1"
        }
      }
    },
    {
      "from": [
        2,
        -14,
        1
      ],
      "to": [
        30,
        -2,
        15
      ],
      "faces": {
        "north": {
          "uv": [
            5.75,
            0.875,
            7.5,
            1.625
          ],
          "texture": "#1"
        },
        "east": {
          "uv": [
            0,
            6,
            0.875,
            6.75
          ],
          "texture": "#1"
        },
        "up": {
          "uv": [
            7.5,
            0.875,
            5.75,
            0
          ],
          "texture": "#1"
        }
      }
    },
    {
      "from": [
        18,
        -11,
        0
      ],
      "to": [
        19,
        -5,
        1
      ],
      "faces": {
        "north": {
          "uv": [
            3.6875,
            6.9375,
            3.75,
            7.3125
          ],
          "texture": "#1"
        },
        "east": {
          "uv": [
            3.75,
            6.9375,
            3.8125,
            7.3125
          ],
          "texture": "#1"
        },
        "south": {
          "uv": [
            4.375,
            6.9375,
            4.4375,
            7.3125
          ],
          "texture": "#1"
        },
        "west": {
          "uv": [
            4.4375,
            6.9375,
            4.5,
            7.3125
          ],
          "texture": "#1"
        },
        "up": {
          "uv": [
            2.75,
            7.1875,
            2.6875,
            7.125
          ],
          "texture": "#1"
        },
        "down": {
          "uv": [
            2.8125,
            7.125,
            2.75,
            7.1875
          ],
          "texture": "#1"
        }
      }
    },
    {
      "from": [
        13,
        -11,
        0
      ],
      "to": [
        14,
        -5,
        1
      ],
      "faces": {
        "north": {
          "uv": [
            4.625,
            6.9375,
            4.6875,
            7.3125
          ],
          "texture": "#1"
        },
        "east": {
          "uv": [
            3.125,
            7,
            3.1875,
            7.375
          ],
          "texture": "#1"
        },
        "south": {
          "uv": [
            2.875,
            7.0625,
            2.9375,
            7.4375
          ],
          "texture": "#1"
        },
        "west": {
          "uv": [
            2.9375,
            7.0625,
            3,
            7.4375
          ],
          "texture": "#1"
        },
        "up": {
          "uv": [
            2.875,
            7.1875,
            2.8125,
            7.125
          ],
          "texture": "#1"
        },
        "down": {
          "uv": [
            3.375,
            7.125,
            3.3125,
            7.1875
          ],
          "texture": "#1"
        }
      }
    },
    {
      "from": [
        2,
        -2,
        0
      ],
      "to": [
        30,
        0,
        15
      ],
      "faces": {
        "north": {
          "uv": [
            1.4375,
            6.25,
            3.1875,
            6.375
          ],
          "texture": "#1"
        },
        "east": {
          "uv": [
            4,
            2.8125,
            4.9375,
            2.9375
          ],
          "texture": "#1"
        },
        "south": {
          "uv": [
            6.3125,
            2.375,
            8.0625,
            2.5
          ],
          "texture": "#1"
        },
        "west": {
          "uv": [
            5.3125,
            6.625,
            6.25,
            6.75
          ],
          "texture": "#1"
        },
        "up": {
          "uv": [
            5.75,
            0.9375,
            4,
            0
          ],
          "texture": "#1"
        },
        "down": {
          "uv": [
            5.75,
            0.9375,
            4,
            1.875
          ],
          "texture": "#1"
        }
      }
    },
    {
      "from": [
        2,
        30,
        0
      ],
      "to": [
        30,
        32,
        15
      ],
      "faces": {
        "north": {
          "uv": [
            6.3125,
            2.5,
            8.0625,
            2.625
          ],
          "texture": "#1"
        },
        "east": {
          "uv": [
            6.25,
            6.625,
            7.1875,
            6.75
          ],
          "texture": "#1"
        },
        "south": {
          "uv": [
            6.3125,
            2.625,
            8.0625,
            2.75
          ],
          "texture": "#1"
        },
        "west": {
          "uv": [
            6.6875,
            1.625,
            7.625,
            1.75
          ],
          "texture": "#1"
        },
        "up": {
          "uv": [
            5.75,
            2.8125,
            4,
            1.875
          ],
          "texture": "#1"
        },
        "down": {
          "uv": [
            7.25,
            4.6875,
            5.5,
            5.625
          ],
          "texture": "#1"
        }
      }
    },
    {
      "from": [
        2,
        7,
        0
      ],
      "to": [
        30,
        8,
        15
      ],
      "faces": {
        "north": {
          "uv": [
            6.6875,
            2.25,
            8.4375,
            2.3125
          ],
          "texture": "#1"
        },
        "east": {
          "uv": [
            6.75,
            6.75,
            7.6875,
            6.8125
          ],
          "texture": "#1"
        },
        "south": {
          "uv": [
            6.6875,
            2.3125,
            8.4375,
            2.375
          ],
          "texture": "#1"
        },
        "west": {
          "uv": [
            5.8125,
            6.8125,
            6.75,
            6.875
          ],
          "texture": "#1"
        },
        "up": {
          "uv": [
            7.25,
            5.625,
            5.5,
            4.6875
          ],
          "texture": "#1"
        },
        "down": {
          "uv": [
            7.25,
            4.6875,
            5.5,
            5.625
          ],
          "texture": "#1"
        }
      }
    },
    {
      "from": [
        2,
        16,
        0
      ],
      "to": [
        30,
        17,
        15
      ],
      "faces": {
        "north": {
          "uv": [
            6.6875,
            2.25,
            8.4375,
            2.3125
          ],
          "texture": "#1"
        },
        "east": {
          "uv": [
            6.75,
            6.75,
            7.6875,
            6.8125
          ],
          "texture": "#1"
        },
        "south": {
          "uv": [
            6.6875,
            2.3125,
            8.4375,
            2.375
          ],
          "texture": "#1"
        },
        "west": {
          "uv": [
            5.8125,
            6.8125,
            6.75,
            6.875
          ],
          "texture": "#1"
        },
        "up": {
          "uv": [
            7.25,
            5.625,
            5.5,
            4.6875
          ],
          "texture": "#1"
        },
        "down": {
          "uv": [
            7.25,
            4.6875,
            5.5,
            5.625
          ],
          "texture": "#1"
        }
      }
    },
    {
      "from": [
        30,
        -16,
        0
      ],
      "to": [
        32,
        32,
        15
      ],
      "faces": {
        "north": {
          "uv": [
            4.6875,
            5.8125,
            4.8125,
            8.8125
          ],
          "texture": "#1"
        },
        "east": {
          "uv": [
            0,
            3,
            0.9375,
            6
          ],
          "texture": "#1"
        },
        "south": {
          "uv": [
            4.8125,
            5.8125,
            4.9375,
            8.8125
          ],
          "texture": "#1"
        },
        "west": {
          "uv": [
            1.875,
            3,
            2.8125,
            6
          ],
          "texture": "#1"
        },
        "up": {
          "uv": [
            1.375,
            7.375,
            1.25,
            6.4375
          ],
          "texture": "#1"
        },
        "down": {
          "uv": [
            3.9375,
            6.5625,
            3.8125,
            7.5
          ],
          "texture": "#1"
        }
      }
    },
    {
      "from": [
        0,
        -16,
        0
      ],
      "to": [
        2,
        32,
        15
      ],
      "rotation": {
        "angle": 0,
        "axis": "y",
        "origin": [
          16,
          0,
          0
        ]
      },
      "faces": {
        "north": {
          "uv": [
            4.9375,
            5.8125,
            5.0625,
            8.8125
          ],
          "texture": "#1"
        },
        "east": {
          "uv": [
            1.875,
            3,
            2.8125,
            6
          ],
          "texture": "#1"
        },
        "south": {
          "uv": [
            5.0625,
            5.8125,
            5.1875,
            8.8125
          ],
          "texture": "#1"
        },
        "west": {
          "uv": [
            0.9375,
            3,
            0,
            6
          ],
          "texture": "#1"
        },
        "up": {
          "uv": [
            4.625,
            7.5,
            4.5,
            6.5625
          ],
          "texture": "#1"
        },
        "down": {
          "uv": [
            0.75,
            6.75,
            0.625,
            7.6875
          ],
          "texture": "#1"
        }
      }
    },
    {
      "from": [
        15,
        -14,
        0
      ],
      "to": [
        17,
        -2,
        15
      ],
      "faces": {
        "north": {
          "uv": [
            5.3125,
            5.8125,
            5.4375,
            6.5625
          ],
          "texture": "#1"
        },
        "east": {
          "uv": [
            5.75,
            1.625,
            6.6875,
            2.375
          ],
          "texture": "#1"
        },
        "south": {
          "uv": [
            0.75,
            6.75,
            0.875,
            7.5
          ],
          "texture": "#1"
        },
        "west": {
          "uv": [
            3.75,
            5.8125,
            4.6875,
            6.5625
          ],
          "texture": "#1"
        },
        "up": {
          "uv": [
            4.0625,
            7.5,
            3.9375,
            6.5625
          ],
          "texture": "#1"
        },
        "down": {
          "uv": [
            4.1875,
            6.5625,
            4.0625,
            7.5
          ],
          "texture": "#1"
        }
      }
    },
    {
      "from": [
        0,
        -16,
        15
      ],
      "to": [
        32,
        32,
        16
      ],
      "faces": {
        "north": {
          "uv": [
            0,
            0,
            2,
            3
          ],
          "texture": "#1"
        },
        "east": {
          "uv": [
            5.1875,
            5.8125,
            5.25,
            8.8125
          ],
          "texture": "#1"
        },
        "south": {
          "uv": [
            2,
            0,
            4,
            3
          ],
          "texture": "#1"
        },
        "west": {
          "uv": [
            5.25,
            5.8125,
            5.1875,
            8.8125
          ],
          "texture": "#1"
        },
        "up": {
          "uv": [
            8.3125,
            2.8125,
            6.3125,
            2.75
          ],
          "texture": "#1"
        },
        "down": {
          "uv": [
            7.3125,
            6.5625,
            5.3125,
            6.625
          ],
          "texture": "#1"
        }
      }
    },
    {
      "from": [
        6,
        2,
        1
      ],
      "to": [
        11,
        4,
        7
      ],
      "rotation": {
        "angle": -22.5,
        "axis": "y",
        "origin": [
          -1,
          0,
          1
        ]
      },
      "faces": {
        "north": {
          "uv": [
            6.3125,
            6.875,
            6.1875,
            7.1875
          ],
          "rotation": 270,
          "texture": "#1"
        },
        "east": {
          "uv": [
            0.875,
            6.8125,
            1,
            7.1875
          ],
          "rotation": 270,
          "texture": "#1"
        },
        "south": {
          "uv": [
            6.3125,
            7.1875,
            6.1875,
            6.875
          ],
          "rotation": 270,
          "texture": "#1"
        },
        "west": {
          "uv": [
            3.3125,
            6.75,
            3.4375,
            7.125
          ],
          "rotation": 90,
          "texture": "#1"
        },
        "up": {
          "uv": [
            4.1875,
            6.5625,
            4.5,
            6.9375
          ],
          "rotation": 180,
          "texture": "#1"
        },
        "down": {
          "uv": [
            4.5,
            6.5625,
            4.1875,
            6.9375
          ],
          "rotation": 180,
          "texture": "#1"
        }
      }
    },
    {
      "from": [
        11,
        4,
        5
      ],
      "to": [
        13,
        10,
        10
      ],
      "rotation": {
        "angle": 22.5,
        "axis": "z",
        "origin": [
          0,
          0,
          0
        ]
      },
      "faces": {
        "north": {
          "uv": [
            3.3125,
            6.75,
            3.4375,
            7.125
          ],
          "texture": "#1"
        },
        "east": {
          "uv": [
            4.1875,
            6.5625,
            4.5,
            6.9375
          ],
          "texture": "#1"
        },
        "south": {
          "uv": [
            0.875,
            6.8125,
            1,
            7.1875
          ],
          "texture": "#1"
        },
        "west": {
          "uv": [
            4.1875,
            6.5625,
            4.5,
            6.9375
          ],
          "texture": "#1"
        },
        "up": {
          "uv": [
            6.3125,
            7.1875,
            6.1875,
            6.875
          ],
          "texture": "#1"
        },
        "down": {
          "uv": [
            6.4375,
            6.875,
            6.3125,
            7.1875
          ],
          "texture": "#1"
        }
      }
    },
    {
      "from": [
        24,
        8,
        3
      ],
      "to": [
        26,
        14,
        8
      ],
      "faces": {
        "north": {
          "uv": [
            3.3125,
            6.75,
            3.4375,
            7.125
          ],
          "texture": "#1"
        },
        "east": {
          "uv": [
            4.1875,
            6.5625,
            4.5,
            6.9375
          ],
          "texture": "#1"
        },
        "south": {
          "uv": [
            0.875,
            6.8125,
            1,
            7.1875
          ],
          "texture": "#1"
        },
        "west": {
          "uv": [
            4.1875,
            6.5625,
            4.5,
            6.9375
          ],
          "texture": "#1"
        },
        "up": {
          "uv": [
            6.3125,
            7.1875,
            6.1875,
            6.875
          ],
          "texture": "#1"
        },
        "down": {
          "uv": [
            6.4375,
            6.875,
            6.3125,
            7.1875
          ],
          "texture": "#1"
        }
      }
    },
    {
      "from": [
        2,
        8,
        6
      ],
      "to": [
        4,
        14,
        11
      ],
      "faces": {
        "north": {
          "uv": [
            3.1875,
            6.875,
            3.3125,
            7.25
          ],
          "texture": "#1"
        },
        "east": {
          "uv": [
            1.375,
            6.75,
            1.6875,
            7.125
          ],
          "texture": "#1"
        },
        "south": {
          "uv": [
            5.8125,
            6.875,
            5.9375,
            7.25
          ],
          "texture": "#1"
        },
        "west": {
          "uv": [
            1.6875,
            6.75,
            2,
            7.125
          ],
          "texture": "#1"
        },
        "up": {
          "uv": [
            3.5625,
            7.25,
            3.4375,
            6.9375
          ],
          "texture": "#1"
        },
        "down": {
          "uv": [
            3.6875,
            6.9375,
            3.5625,
            7.25
          ],
          "texture": "#1"
        }
      }
    },
    {
      "from": [
        15,
        15,
        5
      ],
      "to": [
        17,
        21,
        10
      ],
      "rotation": {
        "angle": -22.5,
        "axis": "z",
        "origin": [
          0,
          0,
          0
        ]
      },
      "faces": {
        "north": {
          "uv": [
            3.1875,
            6.875,
            3.3125,
            7.25
          ],
          "texture": "#1"
        },
        "east": {
          "uv": [
            1.375,
            6.75,
            1.6875,
            7.125
          ],
          "texture": "#1"
        },
        "south": {
          "uv": [
            5.8125,
            6.875,
            5.9375,
            7.25
          ],
          "texture": "#1"
        },
        "west": {
          "uv": [
            1.375,
            6.75,
            1.6875,
            7.125
          ],
          "texture": "#1"
        },
        "up": {
          "uv": [
            3.5625,
            7.25,
            3.4375,
            6.9375
          ],
          "texture": "#1"
        },
        "down": {
          "uv": [
            3.6875,
            6.9375,
            3.5625,
            7.25
          ],
          "texture": "#1"
        }
      }
    },
    {
      "from": [
        26,
        8,
        6
      ],
      "to": [
        28,
        14,
        11
      ],
      "faces": {
        "north": {
          "uv": [
            3.1875,
            6.875,
            3.3125,
            7.25
          ],
          "texture": "#1"
        },
        "east": {
          "uv": [
            1.375,
            6.75,
            1.6875,
            7.125
          ],
          "texture": "#1"
        },
        "south": {
          "uv": [
            5.8125,
            6.875,
            5.9375,
            7.25
          ],
          "texture": "#1"
        },
        "west": {
          "uv": [
            1.375,
            6.75,
            1.6875,
            7.125
          ],
          "texture": "#1"
        },
        "up": {
          "uv": [
            3.5625,
            7.25,
            3.4375,
            6.9375
          ],
          "texture": "#1"
        },
        "down": {
          "uv": [
            3.6875,
            6.9375,
            3.5625,
            7.25
          ],
          "texture": "#1"
        }
      }
    },
    {
      "from": [
        21,
        17,
        10
      ],
      "to": [
        27,
        19,
        15
      ],
      "faces": {
        "north": {
          "uv": [
            3.1875,
            6.875,
            3.3125,
            7.25
          ],
          "rotation": 90,
          "texture": "#1"
        },
        "east": {
          "uv": [
            3.6875,
            6.9375,
            3.5625,
            7.25
          ],
          "rotation": 270,
          "texture": "#1"
        },
        "south": {
          "uv": [
            5.8125,
            6.875,
            5.9375,
            7.25
          ],
          "rotation": 270,
          "texture": "#1"
        },
        "west": {
          "uv": [
            3.5625,
            7.25,
            3.4375,
            6.9375
          ],
          "rotation": 270,
          "texture": "#1"
        },
        "up": {
          "uv": [
            1.375,
            6.75,
            1.6875,
            7.125
          ],
          "rotation": 270,
          "texture": "#1"
        },
        "down": {
          "uv": [
            1.6875,
            6.75,
            2,
            7.125
          ],
          "rotation": 270,
          "texture": "#1"
        }
      }
    },
    {
      "from": [
        4,
        8,
        4
      ],
      "to": [
        6,
        14,
        9
      ],
      "faces": {
        "north": {
          "uv": [
            1,
            6.8125,
            1.125,
            7.1875
          ],
          "texture": "#1"
        },
        "east": {
          "uv": [
            0,
            6.75,
            0.3125,
            7.125
          ],
          "texture": "#1"
        },
        "south": {
          "uv": [
            1.125,
            6.8125,
            1.25,
            7.1875
          ],
          "texture": "#1"
        },
        "west": {
          "uv": [
            0.3125,
            6.75,
            0.625,
            7.125
          ],
          "texture": "#1"
        },
        "up": {
          "uv": [
            6.5625,
            7.1875,
            6.4375,
            6.875
          ],
          "texture": "#1"
        },
        "down": {
          "uv": [
            6.6875,
            6.875,
            6.5625,
            7.1875
          ],
          "texture": "#1"
        }
      }
    },
    {
      "from": [
        1,
        0,
        7
      ],
      "to": [
        7,
        2,
        12
      ],
      "rotation": {
        "angle": 22.5,
        "axis": "y",
        "origin": [
          -1,
          0,
          1
        ]
      },
      "faces": {
        "north": {
          "uv": [
            1,
            6.8125,
            1.125,
            7.1875
          ],
          "rotation": 270,
          "texture": "#1"
        },
        "east": {
          "uv": [
            6.5625,
            7.1875,
            6.4375,
            6.875
          ],
          "rotation": 90,
          "texture": "#1"
        },
        "south": {
          "uv": [
            1.125,
            6.8125,
            1.25,
            7.1875
          ],
          "rotation": 90,
          "texture": "#1"
        },
        "west": {
          "uv": [
            6.6875,
            6.875,
            6.5625,
            7.1875
          ],
          "rotation": 90,
          "texture": "#1"
        },
        "up": {
          "uv": [
            0.3125,
            6.75,
            0.625,
            7.125
          ],
          "rotation": 90,
          "texture": "#1"
        },
        "down": {
          "uv": [
            0,
            6.75,
            0.3125,
            7.125
          ],
          "rotation": 90,
          "texture": "#1"
        }
      }
    },
    {
      "from": [
        28,
        8,
        5
      ],
      "to": [
        30,
        14,
        10
      ],
      "faces": {
        "north": {
          "uv": [
            1,
            6.8125,
            1.125,
            7.1875
          ],
          "texture": "#1"
        },
        "east": {
          "uv": [
            0,
            6.75,
            0.3125,
            7.125
          ],
          "texture": "#1"
        },
        "south": {
          "uv": [
            1.125,
            6.8125,
            1.25,
            7.1875
          ],
          "texture": "#1"
        },
        "west": {
          "uv": [
            0.3125,
            6.75,
            0.625,
            7.125
          ],
          "texture": "#1"
        },
        "up": {
          "uv": [
            6.5625,
            7.1875,
            6.4375,
            6.875
          ],
          "texture": "#1"
        },
        "down": {
          "uv": [
            6.6875,
            6.875,
            6.5625,
            7.1875
          ],
          "texture": "#1"
        }
      }
    },
    {
      "from": [
        28,
        17,
        8
      ],
      "to": [
        30,
        23,
        13
      ],
      "faces": {
        "north": {
          "uv": [
            1,
            6.8125,
            1.125,
            7.1875
          ],
          "texture": "#1"
        },
        "east": {
          "uv": [
            0,
            6.75,
            0.3125,
            7.125
          ],
          "texture": "#1"
        },
        "south": {
          "uv": [
            1.125,
            6.8125,
            1.25,
            7.1875
          ],
          "texture": "#1"
        },
        "west": {
          "uv": [
            0,
            6.75,
            0.3125,
            7.125
          ],
          "texture": "#1"
        },
        "up": {
          "uv": [
            6.5625,
            7.1875,
            6.4375,
            6.875
          ],
          "texture": "#1"
        },
        "down": {
          "uv": [
            6.6875,
            6.875,
            6.5625,
            7.1875
          ],
          "texture": "#1"
        }
      }
    },
    {
      "from": [
        19.5,
        1,
        -5.5
      ],
      "to": [
        28.5,
        3,
        1.5
      ],
      "rotation": {
        "angle": -22.5,
        "axis": "y",
        "origin": [
          0,
          0,
          0
        ]
      },
      "faces": {
        "north": {
          "uv": [
            4.9375,
            2.8125,
            5.5,
            2.9375
          ],
          "texture": "#1"
        },
        "east": {
          "uv": [
            4.9375,
            2.8125,
            5.5,
            2.9375
          ],
          "texture": "#1"
        },
        "south": {
          "uv": [
            4.9375,
            2.8125,
            5.5,
            2.9375
          ],
          "texture": "#1"
        },
        "west": {
          "uv": [
            4.9375,
            2.8125,
            5.5,
            2.9375
          ],
          "texture": "#1"
        },
        "up": {
          "uv": [
            6.3125,
            2.8125,
            5.75,
            2.375
          ],
          "texture": "#1"
        },
        "down": {
          "uv": [
            1.4375,
            6,
            0.875,
            6.4375
          ],
          "texture": "#1"
        }
      }
    },
    {
      "from": [
        20,
        0,
        -5
      ],
      "to": [
        28,
        1,
        1
      ],
      "rotation": {
        "angle": -22.5,
        "axis": "y",
        "origin": [
          0,
          0,
          0
        ]
      },
      "faces": {
        "north": {
          "uv": [
            4.9375,
            2.9375,
            5.4375,
            3
          ],
          "texture": "#1"
        },
        "east": {
          "uv": [
            4.9375,
            2.9375,
            5.4375,
            3
          ],
          "texture": "#1"
        },
        "south": {
          "uv": [
            4.9375,
            2.9375,
            5.4375,
            3
          ],
          "texture": "#1"
        },
        "west": {
          "uv": [
            4.9375,
            2.9375,
            5.4375,
            3
          ],
          "texture": "#1"
        },
        "up": {
          "uv": [
            3.6875,
            6.375,
            3.1875,
            6
          ],
          "texture": "#1"
        },
        "down": {
          "uv": [
            1.9375,
            6.375,
            1.4375,
            6.75
          ],
          "texture": "#1"
        }
      }
    },
    {
      "from": [
        4,
        21,
        5
      ],
      "to": [
        10,
        27,
        11
      ],
      "faces": {
        "north": {
          "uv": [
            1.9375,
            6.375,
            2.3125,
            6.75
          ],
          "texture": "#1"
        },
        "east": {
          "uv": [
            2.3125,
            6.375,
            2.6875,
            6.75
          ],
          "texture": "#1"
        },
        "south": {
          "uv": [
            1.9375,
            6.375,
            2.3125,
            6.75
          ],
          "texture": "#1"
        },
        "west": {
          "uv": [
            2.3125,
            6.375,
            2.6875,
            6.75
          ],
          "texture": "#1"
        },
        "up": {
          "uv": [
            1.25,
            6.8125,
            0.875,
            6.4375
          ],
          "texture": "#1"
        },
        "down": {
          "uv": [
            1.25,
            6.8125,
            0.875,
            6.4375
          ],
          "texture": "#1"
        }
      }
    },
    {
      "from": [
        5,
        17,
        6.5
      ],
      "to": [
        8,
        18,
        9.5
      ],
      "faces": {
        "north": {
          "uv": [
            1.5,
            7.125,
            1.6875,
            7.1875
          ],
          "texture": "#1"
        },
        "east": {
          "uv": [
            1.6875,
            7.125,
            1.875,
            7.1875
          ],
          "texture": "#1"
        },
        "south": {
          "uv": [
            1.875,
            7.125,
            2.0625,
            7.1875
          ],
          "texture": "#1"
        },
        "west": {
          "uv": [
            2.0625,
            7.125,
            2.25,
            7.1875
          ],
          "texture": "#1"
        },
        "up": {
          "uv": [
            4.375,
            7.125,
            4.1875,
            6.9375
          ],
          "texture": "#1"
        },
        "down": {
          "uv": [
            6.875,
            6.9375,
            6.6875,
            7.125
          ],
          "texture": "#1"
        }
      }
    },
    {
      "from": [
        6,
        18,
        7.5
      ],
      "to": [
        7,
        20,
        8.5
      ],
      "faces": {
        "north": {
          "uv": [
            3.6875,
            6.375,
            3.75,
            6.5
          ],
          "texture": "#1"
        },
        "east": {
          "uv": [
            1.375,
            6.4375,
            1.4375,
            6.5625
          ],
          "texture": "#1"
        },
        "south": {
          "uv": [
            1.375,
            6.5625,
            1.4375,
            6.6875
          ],
          "texture": "#1"
        },
        "west": {
          "uv": [
            2.5,
            7.125,
            2.5625,
            7.25
          ],
          "texture": "#1"
        },
        "up": {
          "uv": [
            5.5,
            3,
            5.4375,
            2.9375
          ],
          "texture": "#1"
        },
        "down": {
          "uv": [
            3.75,
            6.5,
            3.6875,
            6.5625
          ],
          "texture": "#1"
        }
      }
    },
    {
      "from": [
        3,
        20,
        7.5
      ],
      "to": [
        9,
        21,
        8.5
      ],
      "faces": {
        "north": {
          "uv": [
            7,
            2.0625,
            7.375,
            2.125
          ],
          "texture": "#1"
        },
        "east": {
          "uv": [
            1.375,
            6.6875,
            1.4375,
            6.75
          ],
          "texture": "#1"
        },
        "south": {
          "uv": [
            2.25,
            7,
            2.625,
            7.0625
          ],
          "texture": "#1"
        },
        "west": {
          "uv": [
            6.6875,
            6.875,
            6.75,
            6.9375
          ],
          "texture": "#1"
        },
        "up": {
          "uv": [
            3,
            7.0625,
            2.625,
            7
          ],
          "texture": "#1"
        },
        "down": {
          "uv": [
            5.6875,
            7,
            5.3125,
            7.0625
          ],
          "texture": "#1"
        }
      }
    },
    {
      "from": [
        3,
        21,
        7.5
      ],
      "to": [
        4,
        27,
        8.5
      ],
      "faces": {
        "north": {
          "uv": [
            5.4375,
            5.8125,
            5.5,
            6.1875
          ],
          "texture": "#1"
        },
        "east": {
          "uv": [
            3.6875,
            6,
            3.75,
            6.375
          ],
          "texture": "#1"
        },
        "south": {
          "uv": [
            5.4375,
            6.1875,
            5.5,
            6.5625
          ],
          "texture": "#1"
        },
        "west": {
          "uv": [
            4.625,
            6.5625,
            4.6875,
            6.9375
          ],
          "texture": "#1"
        }
      }
    },
    {
      "from": [
        3,
        27,
        7.5
      ],
      "to": [
        7,
        28,
        8.5
      ],
      "faces": {
        "north": {
          "uv": [
            5.9375,
            7.0625,
            6.1875,
            7.125
          ],
          "texture": "#1"
        },
        "east": {
          "uv": [
            2.5625,
            7.125,
            2.625,
            7.1875
          ],
          "texture": "#1"
        },
        "south": {
          "uv": [
            6.875,
            7.0625,
            7.125,
            7.125
          ],
          "texture": "#1"
        },
        "west": {
          "uv": [
            2.625,
            7.125,
            2.6875,
            7.1875
          ],
          "texture": "#1"
        },
        "up": {
          "uv": [
            0.25,
            7.1875,
            0,
            7.125
          ],
          "texture": "#1"
        },
        "down": {
          "uv": [
            0.5,
            7.125,
            0.25,
            7.1875
          ],
          "texture": "#1"
        }
      }
    },
    {
      "from": [
        25.5,
        20,
        5
      ],
      "to": [
        29.5,
        23,
        5
      ],
      "faces": {
        "north": {
          "uv": [
            3.4375,
            6.375,
            3.6875,
            6.5625
          ],
          "texture": "#1"
        },
        "south": {
          "uv": [
            5.9375,
            6.875,
            6.1875,
            7.0625
          ],
          "texture": "#1"
        }
      }
    },
    {
      "from": [
        26,
        17,
        4
      ],
      "to": [
        28,
        20,
        6
      ],
      "faces": {
        "north": {
          "uv": [
            3,
            7,
            3.125,
            7.1875
          ],
          "texture": "#1"
        },
        "east": {
          "uv": [
            3,
            7,
            3.125,
            7.1875
          ],
          "texture": "#1"
        },
        "south": {
          "uv": [
            3,
            7,
            3.125,
            7.1875
          ],
          "texture": "#1"
        },
        "west": {
          "uv": [
            3,
            7,
            3.125,
            7.1875
          ],
          "texture": "#1"
        },
        "up": {
          "uv": [
            0.625,
            7.25,
            0.5,
            7.125
          ],
          "texture": "#1"
        },
        "down": {
          "uv": [
            1.5,
            7.125,
            1.375,
            7.25
          ],
          "texture": "#1"
        }
      }
    },
    {
      "from": [
        15,
        17,
        13
      ],
      "to": [
        19,
        19,
        17
      ],
      "rotation": {
        "angle": 22.5,
        "axis": "y",
        "origin": [
          0,
          0,
          0
        ]
      },
      "faces": {
        "north": {
          "uv": [
            6.875,
            6.9375,
            7.125,
            7.0625
          ],
          "texture": "#1"
        },
        "east": {
          "uv": [
            6.875,
            6.9375,
            7.125,
            7.0625
          ],
          "texture": "#1"
        },
        "south": {
          "uv": [
            6.875,
            6.9375,
            7.125,
            7.0625
          ],
          "texture": "#1"
        },
        "west": {
          "uv": [
            6.875,
            6.9375,
            7.125,
            7.0625
          ],
          "texture": "#1"
        },
        "up": {
          "uv": [
            5.5625,
            7,
            5.3125,
            6.75
          ],
          "texture": "#1"
        },
        "down": {
          "uv": [
            5.8125,
            6.75,
            5.5625,
            7
          ],
          "texture": "#1"
        }
      }
    },
    {
      "from": [
        14,
        19,
        15
      ],
      "to": [
        20,
        23,
        15
      ],
      "rotation": {
        "angle": 22.5,
        "axis": "y",
        "origin": [
          0,
          0,
          0
        ]
      },
      "faces": {
        "north": {
          "uv": [
            2,
            6.75,
            2.375,
            7
          ],
          "texture": "#1"
        },
        "south": {
          "uv": [
            2.375,
            6.75,
            2.75,
            7
          ],
          "texture": "#1"
        }
      }
    }
  ],
  "gui_light": "front",
  "display": {
    "thirdperson_righthand": {
      "rotation": [
        0,
        -180,
        0
      ],
      "translation": [
        2.25,
        3.5,
        0
      ],
      "scale": [
        0.26,
        0.26,
        0.26
      ]
    },
    "thirdperson_lefthand": {
      "rotation": [
        0,
        -180,
        0
      ],
      "translation": [
        -2,
        3.5,
        0
      ],
      "scale": [
        0.26,
        0.26,
        0.26
      ]
    },
    "firstperson_righthand": {
      "rotation": [
        0,
        -180,
        0
      ],
      "scale": [
        0.37,
        0.37,
        0.37
      ]
    },
    "firstperson_lefthand": {
      "rotation": [
        0,
        -180,
        0
      ],
      "scale": [
        0.37,
        0.37,
        0.37
      ]
    },
    "ground": {
      "translation": [
        -1.5,
        3,
        0
      ],
      "scale": [
        0.25,
        0.25,
        0.25
      ]
    },
    "gui": {
      "rotation": [
        30,
        225,
        0
      ],
      "translation": [
        1.25,
        0.25,
        0
      ],
      "scale": [
        0.18,
        0.18,
        0.18
      ]
    },
    "head": {
      "rotation": [
        0,
        -180,
        0
      ],
      "translation": [
        12.75,
        -4.75,
        0
      ],
      "scale": [
        1.6,
        1.6,
        1.6
      ]
    },
    "fixed": {
      "translation": [
        -7.75,
        0,
        0
      ]
    }
  },
  "groups": [
    0,
    1,
    2,
    3,
    4,
    5,
    6,
    7,
    8,
    9,
    10,
    11,
    12,
    13,
    14,
    15,
    16,
    17,
    18,
    19,
    20,
    21,
    22,
    23,
    24,
    {
      "name": "group",
      "origin": [
        0,
        0,
        0
      ],
      "color": 0,
      "children": [
        25,
        26,
        27,
        28,
        29,
        30
      ]
    },
    {
      "name": "group",
      "origin": [
        0,
        0,
        0
      ],
      "color": 0,
      "children": [
        31,
        32
      ]
    },
    {
      "name": "group",
      "origin": [
        0,
        0,
        0
      ],
      "color": 0,
      "children": [
        33,
        34
      ]
    }
  ]
}