{
  "credit": "Made with Blockbench",
  "texture_size": [
    32,
    32
  ],
  "textures": {
    "0": "elitecreatures:classroom_furniture_v1/classroom_decorate_book_pen",
    "particle": "elitecreatures:classroom_furniture_v1/classroom_decorate_book_pen"
  },
  "elements": [
    {
      "from": [
        7.5,
        0,
        4
      ],
      "to": [
        9.5,
        1,
        10
      ],
      "rotation": {
        "angle": 22.5,
        "axis": "y",
        "origin": [
          16,
          0,
          0
        ]
      },
      "faces": {
        "north": {
          "uv": [
            2,
            7,
            3,
            7.5
          ],
          "texture": "#0"
        },
        "east": {
          "uv": [
            6,
            5,
            9,
            5.5
          ],
          "texture": "#0"
        },
        "south": {
          "uv": [
            3,
            7,
            4,
            7.5
          ],
          "texture": "#0"
        },
        "west": {
          "uv": [
            6,
            5.5,
            9,
            6
          ],
          "texture": "#0"
        },
        "up": {
          "uv": [
            5.5,
            3,
            4.5,
            0
          ],
          "texture": "#0"
        },
        "down": {
          "uv": [
            6.5,
            0,
            5.5,
            3
          ],
          "texture": "#0"
        }
      }
    },
    {
      "from": [
        9,
        0.5,
        4
      ],
      "to": [
        13,
        1.5,
        10
      ],
      "rotation": {
        "angle": 22.5,
        "axis": "y",
        "origin": [
          16,
          0,
          0
        ]
      },
      "faces": {
        "north": {
          "uv": [
            6.5,
            1.5,
            8.5,
            2
          ],
          "texture": "#0"
        },
        "east": {
          "uv": [
            6,
            4,
            9,
            4.5
          ],
          "texture": "#0"
        },
        "south": {
          "uv": [
            6.5,
            2,
            8.5,
            2.5
          ],
          "texture": "#0"
        },
        "west": {
          "uv": [
            6,
            4.5,
            9,
            5
          ],
          "texture": "#0"
        },
        "up": {
          "uv": [
            4.5,
            3,
            2.5,
            0
          ],
          "texture": "#0"
        },
        "down": {
          "uv": [
            2,
            3,
            0,
            6
          ],
          "texture": "#0"
        }
      }
    },
    {
      "from": [
        4,
        0.5,
        4
      ],
      "to": [
        8,
        1.5,
        10
      ],
      "rotation": {
        "angle": 22.5,
        "axis": "y",
        "origin": [
          16,
          0,
          0
        ]
      },
      "faces": {
        "north": {
          "uv": [
            6.5,
            2.5,
            8.5,
            3
          ],
          "texture": "#0"
        },
        "east": {
          "uv": [
            6,
            6,
            9,
            6.5
          ],
          "texture": "#0"
        },
        "south": {
          "uv": [
            0,
            7,
            2,
            7.5
          ],
          "texture": "#0"
        },
        "west": {
          "uv": [
            6.5,
            0,
            9.5,
            0.5
          ],
          "texture": "#0"
        },
        "up": {
          "uv": [
            4,
            6,
            2,
            3
          ],
          "texture": "#0"
        },
        "down": {
          "uv": [
            6,
            3,
            4,
            6
          ],
          "texture": "#0"
        }
      }
    },
    {
      "from": [
        9,
        0,
        9
      ],
      "to": [
        10,
        0.5,
        11
      ],
      "rotation": {
        "angle": -22.5,
        "axis": "y",
        "origin": [
          18,
          0,
          -1
        ]
      },
      "faces": {
        "north": {
          "uv": [
            0.5,
            7.5,
            1,
            7.75
          ],
          "texture": "#0"
        },
        "east": {
          "uv": [
            5,
            7,
            6,
            7.25
          ],
          "texture": "#0"
        },
        "south": {
          "uv": [
            1,
            7.5,
            1.5,
            7.75
          ],
          "texture": "#0"
        },
        "west": {
          "uv": [
            7,
            6.5,
            8,
            6.75
          ],
          "texture": "#0"
        },
        "up": {
          "uv": [
            4.5,
            8,
            4,
            7
          ],
          "texture": "#0"
        },
        "down": {
          "uv": [
            5,
            7,
            4.5,
            8
          ],
          "texture": "#0"
        }
      }
    },
    {
      "from": [
        7,
        0,
        -8
      ],
      "to": [
        8,
        1,
        -3
      ],
      "rotation": {
        "angle": 45,
        "axis": "y",
        "origin": [
          18,
          0,
          -1
        ]
      },
      "faces": {
        "north": {
          "uv": [
            7,
            7,
            7.5,
            7.5
          ],
          "texture": "#0"
        },
        "east": {
          "uv": [
            6.5,
            0.5,
            9,
            1
          ],
          "texture": "#0"
        },
        "south": {
          "uv": [
            0,
            7.5,
            0.5,
            8
          ],
          "texture": "#0"
        },
        "west": {
          "uv": [
            6.5,
            1,
            9,
            1.5
          ],
          "texture": "#0"
        },
        "up": {
          "uv": [
            6.5,
            9,
            6,
            6.5
          ],
          "texture": "#0"
        },
        "down": {
          "uv": [
            7,
            6.5,
            6.5,
            9
          ],
          "texture": "#0"
        }
      }
    },
    {
      "from": [
        7.2,
        0.2,
        -8.5
      ],
      "to": [
        7.8,
        0.8,
        -8
      ],
      "rotation": {
        "angle": 45,
        "axis": "y",
        "origin": [
          18,
          0,
          -1
        ]
      },
      "faces": {
        "north": {
          "uv": [
            5.5,
            7.5,
            5.75,
            7.75
          ],
          "texture": "#0"
        },
        "east": {
          "uv": [
            7,
            7.5,
            7.25,
            7.75
          ],
          "texture": "#0"
        },
        "south": {
          "uv": [
            7.5,
            7,
            7.75,
            7.25
          ],
          "texture": "#0"
        },
        "west": {
          "uv": [
            7.5,
            7.5,
            7.75,
            7.75
          ],
          "texture": "#0"
        },
        "up": {
          "uv": [
            0.25,
            8.25,
            0,
            8
          ],
          "texture": "#0"
        },
        "down": {
          "uv": [
            0.75,
            8,
            0.5,
            8.25
          ],
          "texture": "#0"
        }
      }
    },
    {
      "from": [
        7.25,
        0.2,
        -3
      ],
      "to": [
        7.75,
        0.7,
        -2
      ],
      "rotation": {
        "angle": 45,
        "axis": "y",
        "origin": [
          18,
          0,
          -1
        ]
      },
      "faces": {
        "north": {
          "uv": [
            3.5,
            7.5,
            3.75,
            7.75
          ],
          "texture": "#0"
        },
        "east": {
          "uv": [
            1.5,
            7.5,
            2,
            7.75
          ],
          "texture": "#0"
        },
        "south": {
          "uv": [
            5,
            7.5,
            5.25,
            7.75
          ],
          "texture": "#0"
        },
        "west": {
          "uv": [
            2,
            7.5,
            2.5,
            7.75
          ],
          "texture": "#0"
        },
        "up": {
          "uv": [
            2.75,
            8,
            2.5,
            7.5
          ],
          "texture": "#0"
        },
        "down": {
          "uv": [
            3.25,
            7.5,
            3,
            8
          ],
          "texture": "#0"
        }
      }
    },
    {
      "from": [
        6,
        0,
        13
      ],
      "to": [
        11,
        2,
        19
      ],
      "rotation": {
        "angle": -22.5,
        "axis": "y",
        "origin": [
          16,
          0,
          0
        ]
      },
      "faces": {
        "north": {
          "uv": [
            6,
            3,
            8.5,
            4
          ],
          "texture": "#0"
        },
        "east": {
          "uv": [
            0,
            6,
            3,
            7
          ],
          "texture": "#0"
        },
        "south": {
          "uv": [
            8.5,
            3,
            6,
            4
          ],
          "texture": "#0"
        },
        "west": {
          "uv": [
            3,
            6,
            6,
            7
          ],
          "texture": "#0"
        },
        "up": {
          "uv": [
            2.5,
            3,
            0,
            0
          ],
          "texture": "#0"
        },
        "down": {
          "uv": [
            2.5,
            3,
            0,
            0
          ],
          "texture": "#0"
        }
      }
    }
  ],
  "gui_light": "front",
  "display": {
    "thirdperson_righthand": {
      "translation": [
        0,
        4.75,
        0
      ],
      "scale": [
        0.67,
        0.67,
        0.67
      ]
    },
    "thirdperson_lefthand": {
      "translation": [
        0,
        4.75,
        0
      ],
      "scale": [
        0.67,
        0.67,
        0.67
      ]
    },
    "firstperson_righthand": {
      "translation": [
        0,
        7.5,
        0
      ]
    },
    "firstperson_lefthand": {
      "translation": [
        0,
        9.5,
        0
      ]
    },
    "ground": {
      "translation": [
        0,
        2,
        0
      ],
      "scale": [
        0.73,
        0.73,
        0.73
      ]
    },
    "gui": {
      "rotation": [
        30,
        225,
        0
      ],
      "translation": [
        0,
        1.75,
        0
      ],
      "scale": [
        0.8,
        0.8,
        0.8
      ]
    },
    "fixed": {
      "rotation": [
        90,
        0,
        0
      ],
      "translation": [
        0,
        0.5,
        12
      ],
      "scale": [
        2,
        2,
        2
      ]
    }
  }
}