{
  "credit": "Made with Blockbench",
  "texture_size": [
    32,
    32
  ],
  "textures": {
    "0": "elitecreatures:classroom_furniture_v1/classroom_picture",
    "particle": "elitecreatures:classroom_furniture_v1/classroom_picture"
  },
  "elements": [
    {
      "from": [
        -8,
        2,
        15.9
      ],
      "to": [
        9,
        14,
        15.9
      ],
      "rotation": {
        "angle": 0,
        "axis": "y",
        "origin": [
          0,
          0,
          -0.1
        ]
      },
      "faces": {
        "north": {
          "uv": [
            0,
            0,
            8.5,
            6
          ],
          "texture": "#0"
        },
        "south": {
          "uv": [
            8.5,
            0,
            0,
            6
          ],
          "texture": "#0"
        }
      }
    },
    {
      "from": [
        14,
        19,
        15.9
      ],
      "to": [
        21,
        28,
        15.9
      ],
      "rotation": {
        "angle": 0,
        "axis": "y",
        "origin": [
          0,
          0,
          -0.1
        ]
      },
      "faces": {
        "north": {
          "uv": [
            8.5,
            0,
            12,
            4.5
          ],
          "texture": "#0"
        },
        "south": {
          "uv": [
            12,
            0,
            8.5,
            4.5
          ],
          "texture": "#0"
        }
      }
    },
    {
      "from": [
        14,
        -3,
        15.9
      ],
      "to": [
        25,
        8,
        15.9
      ],
      "rotation": {
        "angle": 22.5,
        "axis": "z",
        "origin": [
          0,
          0,
          -0.1
        ]
      },
      "faces": {
        "north": {
          "uv": [
            7.5,
            6,
            13,
            11.5
          ],
          "texture": "#0"
        },
        "south": {
          "uv": [
            13,
            6,
            7.5,
            11.5
          ],
          "texture": "#0"
        }
      }
    },
    {
      "from": [
        -14,
        17,
        15.9
      ],
      "to": [
        1,
        27,
        15.9
      ],
      "rotation": {
        "angle": -22.5,
        "axis": "z",
        "origin": [
          0,
          0,
          -0.1
        ]
      },
      "faces": {
        "north": {
          "uv": [
            0,
            6,
            7.5,
            11
          ],
          "texture": "#0"
        },
        "south": {
          "uv": [
            7.5,
            6,
            0,
            11
          ],
          "texture": "#0"
        }
      }
    }
  ],
  "gui_light": "front",
  "display": {
    "thirdperson_righthand": {
      "translation": [
        0,
        1,
        -2.75
      ],
      "scale": [
        0.55,
        0.55,
        0.55
      ]
    },
    "thirdperson_lefthand": {
      "translation": [
        0,
        1,
        -2.75
      ],
      "scale": [
        0.55,
        0.55,
        0.55
      ]
    },
    "firstperson_righthand": {
      "translation": [
        -2,
        4.75,
        0
      ],
      "scale": [
        0.33,
        0.33,
        0.33
      ]
    },
    "firstperson_lefthand": {
      "translation": [
        -2,
        4.75,
        0
      ],
      "scale": [
        0.33,
        0.33,
        0.33
      ]
    },
    "ground": {
      "translation": [
        0,
        2,
        -3.5
      ],
      "scale": [
        0.5,
        0.5,
        0.5
      ]
    },
    "gui": {
      "rotation": [
        30,
        225,
        0
      ],
      "translation": [
        1.5,
        -4.5,
        0
      ],
      "scale": [
        0.4,
        0.4,
        0.4
      ]
    },
    "fixed": {
      "translation": [
        1.75,
        -0.25,
        -16.5
      ],
      "scale": [
        2,
        2,
        2
      ]
    }
  }
}