{
  "credit": "Made with Blockbench",
  "texture_size": [
    128,
    128
  ],
  "textures": {
    "1": "elitecreatures:classroom_furniture_v1/classroom_table_long"
  },
  "elements": [
    {
      "from": [
        -8,
        14,
        0
      ],
      "to": [
        23,
        16,
        16
      ],
      "faces": {
        "north": {
          "uv": [
            3.875,
            3.5,
            7.75,
            3.75
          ],
          "texture": "#1"
        },
        "east": {
          "uv": [
            0,
            4.5,
            2,
            4.75
          ],
          "texture": "#1"
        },
        "south": {
          "uv": [
            3.875,
            3.5,
            7.75,
            3.75
          ],
          "texture": "#1"
        },
        "west": {
          "uv": [
            0,
            4.5,
            2,
            4.75
          ],
          "texture": "#1"
        },
        "up": {
          "uv": [
            3.875,
            2,
            0,
            0
          ],
          "texture": "#1"
        },
        "down": {
          "uv": [
            3.875,
            2,
            0,
            0
          ],
          "texture": "#1"
        }
      }
    },
    {
      "from": [
        -6.5,
        11,
        1
      ],
      "to": [
        21.5,
        12,
        15
      ],
      "faces": {
        "north": {
          "uv": [
            4,
            4.5,
            7.5,
            4.625
          ],
          "texture": "#1"
        },
        "east": {
          "uv": [
            4.75,
            5.125,
            6.5,
            5.25
          ],
          "texture": "#1"
        },
        "south": {
          "uv": [
            4,
            4.625,
            7.5,
            4.75
          ],
          "texture": "#1"
        },
        "west": {
          "uv": [
            0,
            5.25,
            1.75,
            5.375
          ],
          "texture": "#1"
        },
        "up": {
          "uv": [
            7.375,
            1.75,
            3.875,
            0
          ],
          "texture": "#1"
        },
        "down": {
          "uv": [
            7.375,
            1.75,
            3.875,
            3.5
          ],
          "texture": "#1"
        }
      }
    },
    {
      "from": [
        20.5,
        12,
        1
      ],
      "to": [
        21.5,
        14,
        15
      ],
      "rotation": {
        "angle": 0,
        "axis": "y",
        "origin": [
          -16,
          0,
          0
        ]
      },
      "faces": {
        "north": {
          "uv": [
            0.5,
            5.75,
            0.625,
            6
          ],
          "texture": "#1"
        },
        "east": {
          "uv": [
            0,
            4.75,
            1.75,
            5
          ],
          "texture": "#1"
        },
        "south": {
          "uv": [
            0.625,
            5.75,
            0.75,
            6
          ],
          "texture": "#1"
        },
        "west": {
          "uv": [
            1.75,
            4.75,
            3.5,
            5
          ],
          "texture": "#1"
        }
      }
    },
    {
      "from": [
        -5.5,
        12,
        14
      ],
      "to": [
        20.5,
        14,
        15
      ],
      "faces": {
        "north": {
          "uv": [
            0,
            4,
            3.25,
            4.25
          ],
          "texture": "#1"
        },
        "south": {
          "uv": [
            3.25,
            4,
            6.5,
            4.25
          ],
          "texture": "#1"
        }
      }
    },
    {
      "from": [
        20.5,
        0,
        2
      ],
      "to": [
        22.5,
        1,
        14
      ],
      "faces": {
        "north": {
          "uv": [
            5.5,
            5.625,
            5.75,
            5.75
          ],
          "texture": "#1"
        },
        "east": {
          "uv": [
            5.25,
            4.875,
            6.75,
            5
          ],
          "texture": "#1"
        },
        "south": {
          "uv": [
            0.25,
            5.75,
            0.5,
            5.875
          ],
          "texture": "#1"
        },
        "west": {
          "uv": [
            0.25,
            5.375,
            1.75,
            5.5
          ],
          "texture": "#1"
        },
        "up": {
          "uv": [
            3,
            6.625,
            2.75,
            5.125
          ],
          "texture": "#1"
        },
        "down": {
          "uv": [
            3.25,
            5.125,
            3,
            6.625
          ],
          "texture": "#1"
        }
      }
    },
    {
      "from": [
        20.5,
        1,
        7
      ],
      "to": [
        22.5,
        13,
        9
      ],
      "faces": {
        "north": {
          "uv": [
            1.75,
            5.125,
            2,
            6.625
          ],
          "texture": "#1"
        },
        "east": {
          "uv": [
            2,
            5.125,
            2.25,
            6.625
          ],
          "texture": "#1"
        },
        "south": {
          "uv": [
            2.25,
            5.125,
            2.5,
            6.625
          ],
          "texture": "#1"
        },
        "west": {
          "uv": [
            2.5,
            5.125,
            2.75,
            6.625
          ],
          "texture": "#1"
        }
      }
    },
    {
      "from": [
        21.5,
        13,
        2
      ],
      "to": [
        22.5,
        14,
        14
      ],
      "faces": {
        "north": {
          "uv": [
            1.5,
            5.75,
            1.625,
            5.875
          ],
          "texture": "#1"
        },
        "east": {
          "uv": [
            4.75,
            5.25,
            6.25,
            5.375
          ],
          "texture": "#1"
        },
        "south": {
          "uv": [
            1.625,
            5.75,
            1.75,
            5.875
          ],
          "texture": "#1"
        },
        "west": {
          "uv": [
            5.25,
            4.75,
            6.75,
            4.875
          ],
          "texture": "#1"
        },
        "up": {
          "uv": [
            0.125,
            6.875,
            0,
            5.375
          ],
          "texture": "#1"
        },
        "down": {
          "uv": [
            0.25,
            5.375,
            0.125,
            6.875
          ],
          "texture": "#1"
        }
      }
    },
    {
      "from": [
        -7.5,
        13,
        2
      ],
      "to": [
        -6.5,
        14,
        14
      ],
      "rotation": {
        "angle": 0,
        "axis": "y",
        "origin": [
          16,
          0,
          0
        ]
      },
      "faces": {
        "north": {
          "uv": [
            1.625,
            5.75,
            1.5,
            5.875
          ],
          "texture": "#1"
        },
        "east": {
          "uv": [
            6.75,
            4.75,
            5.25,
            4.875
          ],
          "texture": "#1"
        },
        "south": {
          "uv": [
            1.75,
            5.75,
            1.625,
            5.875
          ],
          "texture": "#1"
        },
        "west": {
          "uv": [
            6.25,
            5.25,
            4.75,
            5.375
          ],
          "texture": "#1"
        },
        "up": {
          "uv": [
            0,
            6.875,
            0.125,
            5.375
          ],
          "texture": "#1"
        },
        "down": {
          "uv": [
            0.125,
            5.375,
            0.25,
            6.875
          ],
          "texture": "#1"
        }
      }
    },
    {
      "from": [
        -7.5,
        1,
        7
      ],
      "to": [
        -5.5,
        13,
        9
      ],
      "rotation": {
        "angle": 0,
        "axis": "y",
        "origin": [
          16,
          0,
          0
        ]
      },
      "faces": {
        "north": {
          "uv": [
            2,
            5.125,
            1.75,
            6.625
          ],
          "texture": "#1"
        },
        "east": {
          "uv": [
            2.75,
            5.125,
            2.5,
            6.625
          ],
          "texture": "#1"
        },
        "south": {
          "uv": [
            2.5,
            5.125,
            2.25,
            6.625
          ],
          "texture": "#1"
        },
        "west": {
          "uv": [
            2.25,
            5.125,
            2,
            6.625
          ],
          "texture": "#1"
        }
      }
    },
    {
      "from": [
        -7.5,
        0,
        2
      ],
      "to": [
        -5.5,
        1,
        14
      ],
      "rotation": {
        "angle": 0,
        "axis": "y",
        "origin": [
          16,
          0,
          0
        ]
      },
      "faces": {
        "north": {
          "uv": [
            5.75,
            5.625,
            5.5,
            5.75
          ],
          "texture": "#1"
        },
        "east": {
          "uv": [
            1.75,
            5.375,
            0.25,
            5.5
          ],
          "texture": "#1"
        },
        "south": {
          "uv": [
            0.5,
            5.75,
            0.25,
            5.875
          ],
          "texture": "#1"
        },
        "west": {
          "uv": [
            6.75,
            4.875,
            5.25,
            5
          ],
          "texture": "#1"
        },
        "up": {
          "uv": [
            2.75,
            6.625,
            3,
            5.125
          ],
          "texture": "#1"
        },
        "down": {
          "uv": [
            3,
            5.125,
            3.25,
            6.625
          ],
          "texture": "#1"
        }
      }
    },
    {
      "from": [
        -6.5,
        12,
        1
      ],
      "to": [
        -5.5,
        14,
        15
      ],
      "rotation": {
        "angle": 0,
        "axis": "y",
        "origin": [
          32,
          0,
          0
        ]
      },
      "faces": {
        "north": {
          "uv": [
            0.625,
            5.75,
            0.5,
            6
          ],
          "texture": "#1"
        },
        "east": {
          "uv": [
            3.5,
            4.75,
            1.75,
            5
          ],
          "texture": "#1"
        },
        "south": {
          "uv": [
            0.75,
            5.75,
            0.625,
            6
          ],
          "texture": "#1"
        },
        "west": {
          "uv": [
            1.75,
            4.75,
            0,
            5
          ],
          "texture": "#1"
        }
      }
    },
    {
      "from": [
        -5.5,
        0,
        12
      ],
      "to": [
        20.5,
        1,
        14
      ],
      "faces": {
        "north": {
          "uv": [
            1.75,
            5,
            5,
            5.125
          ],
          "texture": "#1"
        },
        "east": {
          "uv": [
            5,
            5.625,
            5.25,
            5.75
          ],
          "texture": "#1"
        },
        "south": {
          "uv": [
            5,
            5,
            8.25,
            5.125
          ],
          "texture": "#1"
        },
        "west": {
          "uv": [
            5.25,
            5.625,
            5.5,
            5.75
          ],
          "texture": "#1"
        },
        "up": {
          "uv": [
            3.25,
            4.5,
            0,
            4.25
          ],
          "texture": "#1"
        },
        "down": {
          "uv": [
            6.5,
            4.25,
            3.25,
            4.5
          ],
          "texture": "#1"
        }
      }
    }
  ],
  "gui_light": "front",
  "display": {
    "thirdperson_righthand": {
      "scale": [
        0.29,
        0.29,
        0.29
      ]
    },
    "thirdperson_lefthand": {
      "scale": [
        0.29,
        0.29,
        0.29
      ]
    },
    "firstperson_righthand": {
      "scale": [
        0.29,
        0.29,
        0.29
      ]
    },
    "firstperson_lefthand": {
      "scale": [
        0.29,
        0.29,
        0.29
      ]
    },
    "gui": {
      "rotation": [
        30,
        225,
        0
      ],
      "scale": [
        0.32,
        0.32,
        0.32
      ]
    },
    "head": {
      "rotation": [
        0,
        -180,
        0
      ],
      "translation": [
        -0.5,
        -30.25,
        3.25
      ],
      "scale": [
        1.6,
        1.6,
        1.6
      ]
    }
  }
}