{
  "credit": "Made with Blockbench",
  "texture_size": [
    128,
    128
  ],
  "textures": {
    "1": "elitecreatures:classroom_furniture_v1/classroom_table_teacher"
  },
  "elements": [
    {
      "from": [
        30,
        0,
        0
      ],
      "to": [
        32,
        14,
        16
      ],
      "faces": {
        "north": {
          "uv": [
            2,
            9.375,
            2.25,
            11.125
          ],
          "texture": "#1"
        },
        "east": {
          "uv": [
            4.5,
            4.5,
            6.5,
            6.25
          ],
          "texture": "#1"
        },
        "south": {
          "uv": [
            2.25,
            9.375,
            2.5,
            11.125
          ],
          "texture": "#1"
        },
        "west": {
          "uv": [
            6,
            0,
            8,
            1.75
          ],
          "texture": "#1"
        },
        "up": {
          "uv": [
            4,
            11,
            3.75,
            9
          ],
          "texture": "#1"
        },
        "down": {
          "uv": [
            8,
            9.125,
            7.75,
            11.125
          ],
          "texture": "#1"
        }
      }
    },
    {
      "from": [
        18,
        0,
        0
      ],
      "to": [
        20,
        14,
        16
      ],
      "faces": {
        "north": {
          "uv": [
            3.5,
            9.375,
            3.75,
            11.125
          ],
          "texture": "#1"
        },
        "east": {
          "uv": [
            6,
            6.25,
            8,
            8
          ],
          "texture": "#1"
        },
        "south": {
          "uv": [
            9.5,
            0.25,
            9.75,
            2
          ],
          "texture": "#1"
        },
        "west": {
          "uv": [
            6.5,
            3.5,
            8.5,
            5.25
          ],
          "texture": "#1"
        },
        "up": {
          "uv": [
            1.75,
            11.375,
            1.5,
            9.375
          ],
          "texture": "#1"
        },
        "down": {
          "uv": [
            2,
            9.375,
            1.75,
            11.375
          ],
          "texture": "#1"
        }
      }
    },
    {
      "from": [
        20,
        0,
        0
      ],
      "to": [
        30,
        2,
        16
      ],
      "faces": {
        "north": {
          "uv": [
            9.5,
            3.25,
            10.75,
            3.5
          ],
          "texture": "#1"
        },
        "east": {
          "uv": [
            9,
            9.375,
            11,
            9.625
          ],
          "texture": "#1"
        },
        "south": {
          "uv": [
            9.5,
            6.25,
            10.75,
            6.5
          ],
          "texture": "#1"
        },
        "west": {
          "uv": [
            9.5,
            0,
            11.5,
            0.25
          ],
          "texture": "#1"
        },
        "up": {
          "uv": [
            5.25,
            10,
            4,
            8
          ],
          "texture": "#1"
        },
        "down": {
          "uv": [
            6.5,
            8,
            5.25,
            10
          ],
          "texture": "#1"
        }
      }
    },
    {
      "from": [
        20,
        2,
        1
      ],
      "to": [
        30,
        14,
        16
      ],
      "faces": {
        "north": {
          "uv": [
            8.5,
            3.5,
            9.75,
            5
          ],
          "texture": "#1"
        },
        "south": {
          "uv": [
            6.5,
            8.75,
            7.75,
            10.25
          ],
          "texture": "#1"
        }
      }
    },
    {
      "from": [
        -2,
        6,
        14
      ],
      "to": [
        18,
        14,
        15
      ],
      "faces": {
        "north": {
          "uv": [
            6.5,
            5.25,
            9,
            6.25
          ],
          "texture": "#1"
        },
        "south": {
          "uv": [
            1.5,
            8,
            4,
            9
          ],
          "texture": "#1"
        },
        "up": {
          "uv": [
            12,
            3.125,
            9.5,
            3
          ],
          "texture": "#1"
        },
        "down": {
          "uv": [
            12,
            3.125,
            9.5,
            3.25
          ],
          "texture": "#1"
        }
      }
    },
    {
      "from": [
        -16,
        0,
        0
      ],
      "to": [
        -14,
        14,
        16
      ],
      "faces": {
        "north": {
          "uv": [
            2.5,
            9.375,
            2.75,
            11.125
          ],
          "texture": "#1"
        },
        "east": {
          "uv": [
            6,
            1.75,
            8,
            3.5
          ],
          "texture": "#1"
        },
        "south": {
          "uv": [
            2.75,
            9.375,
            3,
            11.125
          ],
          "texture": "#1"
        },
        "west": {
          "uv": [
            0,
            6.25,
            2,
            8
          ],
          "texture": "#1"
        },
        "up": {
          "uv": [
            8.25,
            11.125,
            8,
            9.125
          ],
          "texture": "#1"
        },
        "down": {
          "uv": [
            8.5,
            9.125,
            8.25,
            11.125
          ],
          "texture": "#1"
        }
      }
    },
    {
      "from": [
        -2,
        0,
        0
      ],
      "to": [
        0,
        14,
        16
      ],
      "faces": {
        "north": {
          "uv": [
            3,
            9.375,
            3.25,
            11.125
          ],
          "texture": "#1"
        },
        "east": {
          "uv": [
            2,
            6.25,
            4,
            8
          ],
          "texture": "#1"
        },
        "south": {
          "uv": [
            3.25,
            9.375,
            3.5,
            11.125
          ],
          "texture": "#1"
        },
        "west": {
          "uv": [
            4,
            6.25,
            6,
            8
          ],
          "texture": "#1"
        },
        "up": {
          "uv": [
            8.75,
            11.125,
            8.5,
            9.125
          ],
          "texture": "#1"
        },
        "down": {
          "uv": [
            9,
            9.125,
            8.75,
            11.125
          ],
          "texture": "#1"
        }
      }
    },
    {
      "from": [
        -14,
        2,
        1
      ],
      "to": [
        -2,
        14,
        16
      ],
      "faces": {
        "north": {
          "uv": [
            8,
            2,
            9.5,
            3.5
          ],
          "texture": "#1"
        },
        "south": {
          "uv": [
            8,
            6.25,
            9.5,
            7.75
          ],
          "texture": "#1"
        }
      }
    },
    {
      "from": [
        -14,
        0,
        0
      ],
      "to": [
        -2,
        2,
        16
      ],
      "faces": {
        "north": {
          "uv": [
            9.5,
            2.5,
            11,
            2.75
          ],
          "texture": "#1"
        },
        "east": {
          "uv": [
            9,
            6,
            11,
            6.25
          ],
          "texture": "#1"
        },
        "south": {
          "uv": [
            9.5,
            2.75,
            11,
            3
          ],
          "texture": "#1"
        },
        "west": {
          "uv": [
            9,
            9.125,
            11,
            9.375
          ],
          "texture": "#1"
        },
        "up": {
          "uv": [
            1.5,
            10,
            0,
            8
          ],
          "texture": "#1"
        },
        "down": {
          "uv": [
            9.5,
            0,
            8,
            2
          ],
          "texture": "#1"
        }
      }
    },
    {
      "from": [
        -16,
        14,
        -1
      ],
      "to": [
        32,
        17,
        17
      ],
      "faces": {
        "north": {
          "uv": [
            6.5,
            8,
            12.5,
            8.375
          ],
          "texture": "#1"
        },
        "east": {
          "uv": [
            7.75,
            8.75,
            10,
            9.125
          ],
          "texture": "#1"
        },
        "south": {
          "uv": [
            6.5,
            8,
            12.5,
            8.375
          ],
          "texture": "#1"
        },
        "west": {
          "uv": [
            7.75,
            8.75,
            10,
            9.125
          ],
          "texture": "#1"
        },
        "up": {
          "uv": [
            6,
            2.25,
            0,
            0
          ],
          "texture": "#1"
        },
        "down": {
          "uv": [
            6,
            2.25,
            0,
            4.5
          ],
          "texture": "#1"
        }
      }
    },
    {
      "from": [
        0,
        11,
        1
      ],
      "to": [
        18,
        14,
        14
      ],
      "faces": {
        "north": {
          "uv": [
            9,
            5,
            11.25,
            5.375
          ],
          "texture": "#1"
        },
        "south": {
          "uv": [
            9,
            5.375,
            11.25,
            5.75
          ],
          "texture": "#1"
        }
      }
    },
    {
      "from": [
        0,
        9,
        0
      ],
      "to": [
        18,
        11,
        14
      ],
      "faces": {
        "north": {
          "uv": [
            8,
            7.75,
            10.25,
            8
          ],
          "texture": "#1"
        },
        "east": {
          "uv": [
            9.5,
            2,
            11.25,
            2.25
          ],
          "texture": "#1"
        },
        "south": {
          "uv": [
            9,
            5.75,
            11.25,
            6
          ],
          "texture": "#1"
        },
        "west": {
          "uv": [
            9.5,
            2.25,
            11.25,
            2.5
          ],
          "texture": "#1"
        },
        "up": {
          "uv": [
            2.25,
            6.25,
            0,
            4.5
          ],
          "texture": "#1"
        },
        "down": {
          "uv": [
            4.5,
            4.5,
            2.25,
            6.25
          ],
          "texture": "#1"
        }
      }
    },
    {
      "from": [
        -7,
        4,
        0
      ],
      "to": [
        -6,
        5,
        1
      ],
      "faces": {
        "north": {
          "uv": [
            9.75,
            0.25,
            9.875,
            0.375
          ],
          "texture": "#1"
        },
        "east": {
          "uv": [
            9.75,
            0.375,
            9.875,
            0.5
          ],
          "texture": "#1"
        },
        "south": {
          "uv": [
            9.75,
            0.5,
            9.875,
            0.625
          ],
          "texture": "#1"
        },
        "west": {
          "uv": [
            9.75,
            0.625,
            9.875,
            0.75
          ],
          "texture": "#1"
        },
        "up": {
          "uv": [
            9.875,
            0.875,
            9.75,
            0.75
          ],
          "texture": "#1"
        },
        "down": {
          "uv": [
            9.875,
            0.875,
            9.75,
            1
          ],
          "texture": "#1"
        }
      }
    },
    {
      "from": [
        -10,
        4,
        0
      ],
      "to": [
        -9,
        5,
        1
      ],
      "faces": {
        "north": {
          "uv": [
            9.75,
            3.75,
            9.875,
            3.875
          ],
          "texture": "#1"
        },
        "east": {
          "uv": [
            9.75,
            3.875,
            9.875,
            4
          ],
          "texture": "#1"
        },
        "south": {
          "uv": [
            9.75,
            4,
            9.875,
            4.125
          ],
          "texture": "#1"
        },
        "west": {
          "uv": [
            9.75,
            4.125,
            9.875,
            4.25
          ],
          "texture": "#1"
        },
        "up": {
          "uv": [
            9.875,
            4.375,
            9.75,
            4.25
          ],
          "texture": "#1"
        },
        "down": {
          "uv": [
            9.875,
            4.375,
            9.75,
            4.5
          ],
          "texture": "#1"
        }
      }
    },
    {
      "from": [
        -10,
        12,
        0
      ],
      "to": [
        -6,
        13,
        1
      ],
      "faces": {
        "north": {
          "uv": [
            6,
            4.25,
            6.5,
            4.375
          ],
          "texture": "#1"
        },
        "east": {
          "uv": [
            9.75,
            1,
            9.875,
            1.125
          ],
          "texture": "#1"
        },
        "south": {
          "uv": [
            6,
            4.375,
            6.5,
            4.5
          ],
          "texture": "#1"
        },
        "west": {
          "uv": [
            9.75,
            1.125,
            9.875,
            1.25
          ],
          "texture": "#1"
        },
        "up": {
          "uv": [
            9,
            5.125,
            8.5,
            5
          ],
          "texture": "#1"
        },
        "down": {
          "uv": [
            9,
            5.125,
            8.5,
            5.25
          ],
          "texture": "#1"
        }
      }
    },
    {
      "from": [
        -10,
        8,
        0
      ],
      "to": [
        -6,
        9,
        1
      ],
      "faces": {
        "north": {
          "uv": [
            6,
            4.25,
            6.5,
            4.375
          ],
          "texture": "#1"
        },
        "east": {
          "uv": [
            9.75,
            1,
            9.875,
            1.125
          ],
          "texture": "#1"
        },
        "south": {
          "uv": [
            6,
            4.375,
            6.5,
            4.5
          ],
          "texture": "#1"
        },
        "west": {
          "uv": [
            9.75,
            1.125,
            9.875,
            1.25
          ],
          "texture": "#1"
        },
        "up": {
          "uv": [
            9,
            5.125,
            8.5,
            5
          ],
          "texture": "#1"
        },
        "down": {
          "uv": [
            9,
            5.125,
            8.5,
            5.25
          ],
          "texture": "#1"
        }
      }
    },
    {
      "from": [
        -10,
        3,
        0
      ],
      "to": [
        -6,
        4,
        1
      ],
      "faces": {
        "north": {
          "uv": [
            9.5,
            7.5,
            10,
            7.625
          ],
          "texture": "#1"
        },
        "east": {
          "uv": [
            9.75,
            3.5,
            9.875,
            3.625
          ],
          "texture": "#1"
        },
        "south": {
          "uv": [
            9.5,
            7.625,
            10,
            7.75
          ],
          "texture": "#1"
        },
        "west": {
          "uv": [
            9.75,
            3.625,
            9.875,
            3.75
          ],
          "texture": "#1"
        },
        "up": {
          "uv": [
            9.5,
            9.75,
            9,
            9.625
          ],
          "texture": "#1"
        },
        "down": {
          "uv": [
            10,
            9.625,
            9.5,
            9.75
          ],
          "texture": "#1"
        }
      }
    },
    {
      "from": [
        6,
        12,
        0
      ],
      "to": [
        12,
        13,
        1
      ],
      "faces": {
        "north": {
          "uv": [
            9.5,
            6.5,
            10.25,
            6.625
          ],
          "texture": "#1"
        },
        "east": {
          "uv": [
            9.75,
            1.25,
            9.875,
            1.375
          ],
          "texture": "#1"
        },
        "south": {
          "uv": [
            9.5,
            6.625,
            10.25,
            6.75
          ],
          "texture": "#1"
        },
        "west": {
          "uv": [
            9.75,
            1.375,
            9.875,
            1.5
          ],
          "texture": "#1"
        },
        "up": {
          "uv": [
            10.25,
            6.875,
            9.5,
            6.75
          ],
          "texture": "#1"
        },
        "down": {
          "uv": [
            10.25,
            6.875,
            9.5,
            7
          ],
          "texture": "#1"
        }
      }
    },
    {
      "from": [
        22,
        5,
        0
      ],
      "to": [
        23,
        11,
        1
      ],
      "faces": {
        "north": {
          "uv": [
            6,
            3.5,
            6.125,
            4.25
          ],
          "texture": "#1"
        },
        "east": {
          "uv": [
            6.125,
            3.5,
            6.25,
            4.25
          ],
          "texture": "#1"
        },
        "south": {
          "uv": [
            6.25,
            3.5,
            6.375,
            4.25
          ],
          "texture": "#1"
        },
        "west": {
          "uv": [
            6.375,
            3.5,
            6.5,
            4.25
          ],
          "texture": "#1"
        },
        "up": {
          "uv": [
            9.875,
            1.625,
            9.75,
            1.5
          ],
          "texture": "#1"
        },
        "down": {
          "uv": [
            9.875,
            1.625,
            9.75,
            1.75
          ],
          "texture": "#1"
        }
      }
    }
  ],
  "gui_light": "front",
  "display": {
    "thirdperson_righthand": {
      "scale": [
        0.26,
        0.26,
        0.26
      ]
    },
    "thirdperson_lefthand": {
      "scale": [
        0.26,
        0.26,
        0.26
      ]
    },
    "firstperson_righthand": {
      "translation": [
        0,
        2.5,
        0
      ],
      "scale": [
        0.26,
        0.26,
        0.26
      ]
    },
    "firstperson_lefthand": {
      "translation": [
        0,
        2.5,
        0
      ],
      "scale": [
        0.26,
        0.26,
        0.26
      ]
    },
    "ground": {
      "translation": [
        0,
        3,
        0
      ],
      "scale": [
        0.25,
        0.25,
        0.25
      ]
    },
    "gui": {
      "rotation": [
        30,
        225,
        0
      ],
      "scale": [
        0.21,
        0.21,
        0.21
      ]
    },
    "head": {
      "rotation": [
        0,
        -180,
        0
      ],
      "translation": [
        1.5,
        -30.25,
        0.75
      ],
      "scale": [
        1.6,
        1.6,
        1.6
      ]
    },
    "fixed": {
      "scale": [
        0.56,
        0.56,
        0.56
      ]
    }
  }
}