{
  "credit": "Made with Blockbench",
  "texture_size": [
    64,
    64
  ],
  "textures": {
    "0": "elitecreatures:classroom_furniture_v1/classroom_table",
    "particle": "elitecreatures:classroom_furniture_v1/classroom_table"
  },
  "elements": [
    {
      "from": [
        -1.5,
        14,
        0
      ],
      "to": [
        17.5,
        16,
        16
      ],
      "faces": {
        "north": {
          "uv": [
            4,
            4,
            8.75,
            4.5
          ],
          "texture": "#0"
        },
        "east": {
          "uv": [
            4,
            4.5,
            8,
            5
          ],
          "texture": "#0"
        },
        "south": {
          "uv": [
            4,
            4,
            8.75,
            4.5
          ],
          "texture": "#0"
        },
        "west": {
          "uv": [
            4,
            4,
            8.75,
            4.5
          ],
          "texture": "#0"
        },
        "up": {
          "uv": [
            4.75,
            4,
            0,
            0
          ],
          "rotation": 180,
          "texture": "#0"
        },
        "down": {
          "uv": [
            4.75,
            4,
            0,
            0
          ],
          "rotation": 180,
          "texture": "#0"
        }
      }
    },
    {
      "from": [
        0,
        11,
        1
      ],
      "to": [
        16,
        12,
        15
      ],
      "faces": {
        "north": {
          "uv": [
            4.75,
            3,
            8.75,
            3.25
          ],
          "texture": "#0"
        },
        "east": {
          "uv": [
            4.75,
            3.25,
            8.25,
            3.5
          ],
          "texture": "#0"
        },
        "south": {
          "uv": [
            4.75,
            3,
            8.75,
            3.25
          ],
          "texture": "#0"
        },
        "west": {
          "uv": [
            4.75,
            3.25,
            8.25,
            3.5
          ],
          "texture": "#0"
        },
        "up": {
          "uv": [
            4,
            7.5,
            0,
            4
          ],
          "rotation": 180,
          "texture": "#0"
        },
        "down": {
          "uv": [
            4,
            7.5,
            0,
            4
          ],
          "rotation": 180,
          "texture": "#0"
        }
      }
    },
    {
      "from": [
        15,
        12,
        1
      ],
      "to": [
        16,
        14,
        15
      ],
      "rotation": {
        "angle": 0,
        "axis": "y",
        "origin": [
          -16,
          0,
          0
        ]
      },
      "faces": {
        "north": {
          "uv": [
            6.25,
            6,
            6.5,
            6.5
          ],
          "texture": "#0"
        },
        "east": {
          "uv": [
            4.75,
            2.5,
            8.25,
            3
          ],
          "texture": "#0"
        },
        "south": {
          "uv": [
            6.25,
            6,
            6.5,
            6.5
          ],
          "texture": "#0"
        },
        "west": {
          "uv": [
            4.75,
            2.5,
            8.25,
            3
          ],
          "texture": "#0"
        }
      }
    },
    {
      "from": [
        0,
        12,
        1
      ],
      "to": [
        1,
        14,
        15
      ],
      "rotation": {
        "angle": 0,
        "axis": "y",
        "origin": [
          32,
          0,
          0
        ]
      },
      "faces": {
        "north": {
          "uv": [
            6.5,
            6,
            6.25,
            6.5
          ],
          "texture": "#0"
        },
        "east": {
          "uv": [
            8.25,
            2.5,
            4.75,
            3
          ],
          "texture": "#0"
        },
        "south": {
          "uv": [
            6.5,
            6,
            6.25,
            6.5
          ],
          "texture": "#0"
        },
        "west": {
          "uv": [
            8.25,
            2.5,
            4.75,
            3
          ],
          "texture": "#0"
        }
      }
    },
    {
      "from": [
        1,
        12,
        14
      ],
      "to": [
        15,
        14,
        15
      ],
      "faces": {
        "north": {
          "uv": [
            4.75,
            0.5,
            8.25,
            1
          ],
          "texture": "#0"
        },
        "south": {
          "uv": [
            4.75,
            0,
            8.25,
            0.5
          ],
          "texture": "#0"
        }
      }
    },
    {
      "from": [
        15,
        1,
        7
      ],
      "to": [
        17,
        13,
        9
      ],
      "faces": {
        "north": {
          "uv": [
            4.5,
            5,
            5,
            8
          ],
          "texture": "#0"
        },
        "east": {
          "uv": [
            4.5,
            5,
            5,
            8
          ],
          "texture": "#0"
        },
        "south": {
          "uv": [
            4.5,
            5,
            5,
            8
          ],
          "texture": "#0"
        },
        "west": {
          "uv": [
            5.5,
            5,
            6,
            8
          ],
          "texture": "#0"
        }
      }
    },
    {
      "from": [
        15,
        0,
        2
      ],
      "to": [
        17,
        1,
        14
      ],
      "faces": {
        "north": {
          "uv": [
            6.5,
            6,
            7,
            6.25
          ],
          "texture": "#0"
        },
        "east": {
          "uv": [
            6.25,
            5.25,
            9.25,
            5.5
          ],
          "texture": "#0"
        },
        "south": {
          "uv": [
            6.5,
            6,
            7,
            6.25
          ],
          "texture": "#0"
        },
        "west": {
          "uv": [
            6.25,
            5.25,
            9.25,
            5.5
          ],
          "texture": "#0"
        },
        "up": {
          "uv": [
            4.5,
            8,
            4,
            5
          ],
          "rotation": 180,
          "texture": "#0"
        },
        "down": {
          "uv": [
            4.5,
            8,
            4,
            5
          ],
          "rotation": 180,
          "texture": "#0"
        }
      }
    },
    {
      "from": [
        16,
        13,
        2
      ],
      "to": [
        17,
        14,
        14
      ],
      "faces": {
        "north": {
          "uv": [
            6.25,
            6.5,
            6.5,
            6.75
          ],
          "texture": "#0"
        },
        "east": {
          "uv": [
            6,
            5,
            9,
            5.25
          ],
          "texture": "#0"
        },
        "south": {
          "uv": [
            6.25,
            6.5,
            6.5,
            6.75
          ],
          "texture": "#0"
        },
        "west": {
          "uv": [
            6,
            5,
            9,
            5.25
          ],
          "texture": "#0"
        },
        "up": {
          "uv": [
            6.25,
            8.25,
            6,
            5.25
          ],
          "rotation": 180,
          "texture": "#0"
        },
        "down": {
          "uv": [
            6.25,
            8.25,
            6,
            5.25
          ],
          "rotation": 180,
          "texture": "#0"
        }
      }
    },
    {
      "from": [
        -1,
        13,
        2
      ],
      "to": [
        0,
        14,
        14
      ],
      "rotation": {
        "angle": 0,
        "axis": "y",
        "origin": [
          16,
          0,
          0
        ]
      },
      "faces": {
        "north": {
          "uv": [
            6.5,
            6.5,
            6.25,
            6.75
          ],
          "texture": "#0"
        },
        "east": {
          "uv": [
            9,
            5,
            6,
            5.25
          ],
          "texture": "#0"
        },
        "south": {
          "uv": [
            6.5,
            6.5,
            6.25,
            6.75
          ],
          "texture": "#0"
        },
        "west": {
          "uv": [
            9,
            5,
            6,
            5.25
          ],
          "texture": "#0"
        },
        "up": {
          "uv": [
            6,
            8.25,
            6.25,
            5.25
          ],
          "rotation": 180,
          "texture": "#0"
        },
        "down": {
          "uv": [
            6,
            8.25,
            6.25,
            5.25
          ],
          "rotation": 180,
          "texture": "#0"
        }
      }
    },
    {
      "from": [
        -1,
        1,
        7
      ],
      "to": [
        1,
        13,
        9
      ],
      "rotation": {
        "angle": 0,
        "axis": "y",
        "origin": [
          16,
          0,
          0
        ]
      },
      "faces": {
        "north": {
          "uv": [
            5,
            5,
            4.5,
            8
          ],
          "texture": "#0"
        },
        "east": {
          "uv": [
            6,
            5,
            5.5,
            8
          ],
          "texture": "#0"
        },
        "south": {
          "uv": [
            5,
            5,
            4.5,
            8
          ],
          "texture": "#0"
        },
        "west": {
          "uv": [
            5,
            5,
            4.5,
            8
          ],
          "texture": "#0"
        }
      }
    },
    {
      "from": [
        -1,
        0,
        2
      ],
      "to": [
        1,
        1,
        14
      ],
      "rotation": {
        "angle": 0,
        "axis": "y",
        "origin": [
          16,
          0,
          0
        ]
      },
      "faces": {
        "north": {
          "uv": [
            7,
            6,
            6.5,
            6.25
          ],
          "texture": "#0"
        },
        "east": {
          "uv": [
            9.25,
            5.25,
            6.25,
            5.5
          ],
          "texture": "#0"
        },
        "south": {
          "uv": [
            7,
            6,
            6.5,
            6.25
          ],
          "texture": "#0"
        },
        "west": {
          "uv": [
            9.25,
            5.25,
            6.25,
            5.5
          ],
          "texture": "#0"
        },
        "up": {
          "uv": [
            4,
            8,
            4.5,
            5
          ],
          "rotation": 180,
          "texture": "#0"
        },
        "down": {
          "uv": [
            4,
            8,
            4.5,
            5
          ],
          "rotation": 180,
          "texture": "#0"
        }
      }
    },
    {
      "from": [
        1,
        0,
        12
      ],
      "to": [
        15,
        1,
        14
      ],
      "faces": {
        "north": {
          "uv": [
            4.75,
            3.75,
            8.25,
            4
          ],
          "texture": "#0"
        },
        "east": {
          "uv": [
            6.25,
            5.75,
            6.75,
            6
          ],
          "texture": "#0"
        },
        "south": {
          "uv": [
            4.75,
            3.5,
            8.25,
            3.75
          ],
          "texture": "#0"
        },
        "west": {
          "uv": [
            6.25,
            5.5,
            6.75,
            5.75
          ],
          "texture": "#0"
        },
        "up": {
          "uv": [
            8.25,
            1.5,
            4.75,
            1
          ],
          "rotation": 180,
          "texture": "#0"
        },
        "down": {
          "uv": [
            8.25,
            1.5,
            4.75,
            2
          ],
          "rotation": 180,
          "texture": "#0"
        }
      }
    }
  ],
  "gui_light": "front",
  "display": {
    "thirdperson_righthand": {
      "scale": [
        0.43,
        0.43,
        0.43
      ]
    },
    "thirdperson_lefthand": {
      "scale": [
        0.43,
        0.43,
        0.43
      ]
    },
    "firstperson_righthand": {
      "scale": [
        0.43,
        0.43,
        0.43
      ]
    },
    "firstperson_lefthand": {
      "scale": [
        0.43,
        0.43,
        0.43
      ]
    },
    "ground": {
      "translation": [
        0,
        3,
        0
      ],
      "scale": [
        0.4,
        0.4,
        0.4
      ]
    },
    "gui": {
      "rotation": [
        30,
        225,
        0
      ],
      "scale": [
        0.31,
        0.31,
        0.31
      ]
    },
    "head": {
      "rotation": [
        0,
        -180,
        0
      ],
      "translation": [
        0,
        -30.5,
        -2.75
      ],
      "scale": [
        1.6,
        1.6,
        1.6
      ]
    }
  }
}