{
  "credit": "Made with Blockbench",
  "texture_size": [
    64,
    64
  ],
  "textures": {
    "0": "elitecreatures:classroom_furniture_v1/classroom_television",
    "particle": "elitecreatures:classroom_furniture_v1/classroom_television"
  },
  "elements": [
    {
      "from": [
        -5,
        1,
        12
      ],
      "to": [
        21,
        15,
        13
      ],
      "faces": {
        "north": {
          "uv": [
            0,
            0,
            6.5,
            3.5
          ],
          "texture": "#0"
        },
        "east": {
          "uv": [
            0.5,
            7,
            0.75,
            10.5
          ],
          "texture": "#0"
        },
        "south": {
          "uv": [
            0,
            3.5,
            6.5,
            7
          ],
          "texture": "#0"
        },
        "west": {
          "uv": [
            0.75,
            7,
            0.5,
            10.5
          ],
          "texture": "#0"
        },
        "up": {
          "uv": [
            13,
            6,
            6.5,
            6.25
          ],
          "texture": "#0"
        },
        "down": {
          "uv": [
            13,
            6.25,
            6.5,
            6
          ],
          "texture": "#0"
        }
      }
    },
    {
      "from": [
        -1,
        1,
        13
      ],
      "to": [
        17,
        11,
        14
      ],
      "faces": {
        "north": {
          "uv": [
            6.5,
            0,
            11,
            2.5
          ],
          "texture": "#0"
        },
        "east": {
          "uv": [
            11.25,
            0,
            11,
            2.5
          ],
          "texture": "#0"
        },
        "south": {
          "uv": [
            6.5,
            2.5,
            11,
            5
          ],
          "texture": "#0"
        },
        "west": {
          "uv": [
            11,
            0,
            11.25,
            2.5
          ],
          "texture": "#0"
        },
        "up": {
          "uv": [
            11,
            6.25,
            6.5,
            6.5
          ],
          "texture": "#0"
        },
        "down": {
          "uv": [
            11,
            6.5,
            6.5,
            6.25
          ],
          "texture": "#0"
        }
      }
    },
    {
      "from": [
        4,
        2,
        14
      ],
      "to": [
        6,
        10,
        16
      ],
      "faces": {
        "north": {
          "uv": [
            6.5,
            6.5,
            7,
            8.5
          ],
          "texture": "#0"
        },
        "east": {
          "uv": [
            0,
            7,
            0.5,
            9
          ],
          "texture": "#0"
        },
        "south": {
          "uv": [
            6.5,
            6.5,
            7,
            8.5
          ],
          "texture": "#0"
        },
        "west": {
          "uv": [
            0.5,
            7,
            0,
            9
          ],
          "texture": "#0"
        },
        "up": {
          "uv": [
            4.25,
            7,
            3.75,
            7.5
          ],
          "texture": "#0"
        },
        "down": {
          "uv": [
            4.25,
            7,
            3.75,
            7.5
          ],
          "texture": "#0"
        }
      }
    },
    {
      "from": [
        10,
        2,
        14
      ],
      "to": [
        12,
        10,
        16
      ],
      "rotation": {
        "angle": 0,
        "axis": "y",
        "origin": [
          16,
          0,
          0
        ]
      },
      "faces": {
        "north": {
          "uv": [
            7,
            6.5,
            6.5,
            8.5
          ],
          "texture": "#0"
        },
        "east": {
          "uv": [
            0,
            7,
            0.5,
            9
          ],
          "texture": "#0"
        },
        "south": {
          "uv": [
            7,
            6.5,
            6.5,
            8.5
          ],
          "texture": "#0"
        },
        "west": {
          "uv": [
            0.5,
            7,
            0,
            9
          ],
          "texture": "#0"
        },
        "up": {
          "uv": [
            3.75,
            7,
            4.25,
            7.5
          ],
          "texture": "#0"
        },
        "down": {
          "uv": [
            3.75,
            7,
            4.25,
            7.5
          ],
          "texture": "#0"
        }
      }
    },
    {
      "from": [
        2,
        4,
        14
      ],
      "to": [
        14,
        8,
        15
      ],
      "faces": {
        "north": {
          "uv": [
            6.5,
            5,
            9.5,
            6
          ],
          "texture": "#0"
        },
        "east": {
          "uv": [
            4.25,
            7,
            4.5,
            8
          ],
          "texture": "#0"
        },
        "south": {
          "uv": [
            6.5,
            5,
            9.5,
            6
          ],
          "texture": "#0"
        },
        "west": {
          "uv": [
            4.25,
            7,
            4.5,
            8
          ],
          "texture": "#0"
        },
        "up": {
          "uv": [
            3.75,
            7,
            0.75,
            7.25
          ],
          "texture": "#0"
        },
        "down": {
          "uv": [
            3.75,
            7,
            0.75,
            7.25
          ],
          "texture": "#0"
        }
      }
    }
  ],
  "gui_light": "front",
  "display": {
    "thirdperson_righthand": {
      "scale": [
        0.37,
        0.37,
        0.37
      ]
    },
    "thirdperson_lefthand": {
      "scale": [
        0.37,
        0.37,
        0.37
      ]
    },
    "firstperson_righthand": {
      "translation": [
        0,
        3.25,
        0
      ],
      "scale": [
        0.37,
        0.37,
        0.37
      ]
    },
    "firstperson_lefthand": {
      "translation": [
        0,
        3.25,
        0
      ],
      "scale": [
        0.37,
        0.37,
        0.37
      ]
    },
    "ground": {
      "translation": [
        0,
        3.25,
        -1.5
      ],
      "scale": [
        0.47,
        0.47,
        0.47
      ]
    },
    "gui": {
      "rotation": [
        30,
        225,
        0
      ],
      "translation": [
        1.5,
        -1,
        0
      ],
      "scale": [
        0.47,
        0.47,
        0.47
      ]
    },
    "fixed": {
      "translation": [
        0,
        0,
        -14
      ],
      "scale": [
        2,
        2,
        2
      ]
    }
  }
}