{
  "credit": "MadewithBlockbench",
  "texture_size": [
    64,
    64
  ],
  "textures": {
    "0": "elitecreatures:dungeon_decoration_v1/dungeon_wood_chair_with_rest",
    "particle": "elitecreatures:dungeon_decoration_v1/dungeon_wood_chair_with_rest"
  },
  "elements": [
    {
      "from": [
        1,
        6,
        -1
      ],
      "to": [
        15,
        10,
        13
      ],
      "faces": {
        "north": {
          "uv": [
            10.25,
            2.5,
            13.75,
            3.5
          ],
          "texture": "#0"
        },
        "east": {
          "uv": [
            10.25,
            3.5,
            13.75,
            4.5
          ],
          "texture": "#0"
        },
        "south": {
          "uv": [
            10.25,
            2.5,
            13.75,
            3.5
          ],
          "texture": "#0"
        },
        "west": {
          "uv": [
            10.25,
            4.5,
            13.75,
            5.5
          ],
          "texture": "#0"
        },
        "up": {
          "uv": [
            9.5,
            3.5,
            6,
            0
          ],
          "texture": "#0"
        },
        "down": {
          "uv": [
            9.5,
            3.5,
            6,
            7
          ],
          "texture": "#0"
        }
      }
    },
    {
      "from": [
        1,
        0,
        1
      ],
      "to": [
        15,
        6,
        13
      ],
      "faces": {
        "north": {
          "uv": [
            9.5,
            7.5,
            13,
            9
          ],
          "texture": "#0"
        },
        "east": {
          "uv": [
            10.25,
            0,
            13.25,
            1.5
          ],
          "texture": "#0"
        },
        "south": {
          "uv": [
            9.5,
            7.5,
            13,
            9
          ],
          "texture": "#0"
        },
        "west": {
          "uv": [
            10.25,
            0,
            13.25,
            1.5
          ],
          "texture": "#0"
        },
        "up": {
          "uv": [
            9.5,
            10,
            6,
            7
          ],
          "texture": "#0"
        },
        "down": {
          "uv": [
            9.5,
            10,
            6,
            7
          ],
          "texture": "#0"
        }
      }
    },
    {
      "from": [
        2,
        0,
        13
      ],
      "to": [
        14,
        32,
        16
      ],
      "faces": {
        "north": {
          "uv": [
            0,
            0,
            3,
            8
          ],
          "texture": "#0"
        },
        "east": {
          "uv": [
            5.25,
            8,
            6,
            16
          ],
          "texture": "#0"
        },
        "south": {
          "uv": [
            3,
            0,
            6,
            8
          ],
          "texture": "#0"
        },
        "west": {
          "uv": [
            5.25,
            8,
            6,
            16
          ],
          "texture": "#0"
        },
        "up": {
          "uv": [
            13.25,
            6.25,
            10.25,
            5.5
          ],
          "texture": "#0"
        },
        "down": {
          "uv": [
            13.25,
            6.25,
            10.25,
            5.5
          ],
          "texture": "#0"
        }
      }
    },
    {
      "from": [
        15,
        0,
        0
      ],
      "to": [
        18,
        12,
        13
      ],
      "faces": {
        "north": {
          "uv": [
            8.75,
            10,
            9.5,
            13
          ],
          "texture": "#0"
        },
        "east": {
          "uv": [
            0,
            8,
            3.25,
            11
          ],
          "texture": "#0"
        },
        "south": {
          "uv": [
            8.75,
            10,
            9.5,
            13
          ],
          "texture": "#0"
        },
        "west": {
          "uv": [
            0,
            8,
            3.25,
            11
          ],
          "texture": "#0"
        },
        "up": {
          "uv": [
            8,
            13.25,
            7.25,
            10
          ],
          "texture": "#0"
        },
        "down": {
          "uv": [
            8.75,
            10,
            8,
            13.25
          ],
          "texture": "#0"
        }
      }
    },
    {
      "from": [
        14,
        12,
        -2
      ],
      "to": [
        19,
        16,
        13
      ],
      "faces": {
        "north": {
          "uv": [
            10.25,
            6.25,
            11.5,
            7.25
          ],
          "texture": "#0"
        },
        "east": {
          "uv": [
            10.25,
            1.5,
            14,
            2.5
          ],
          "texture": "#0"
        },
        "south": {
          "uv": [
            10.25,
            6.25,
            11.5,
            7.25
          ],
          "texture": "#0"
        },
        "west": {
          "uv": [
            10.25,
            1.5,
            14,
            2.5
          ],
          "texture": "#0"
        },
        "up": {
          "uv": [
            10.75,
            12.75,
            9.5,
            9
          ],
          "texture": "#0"
        },
        "down": {
          "uv": [
            10.75,
            12.75,
            9.5,
            9
          ],
          "texture": "#0"
        }
      }
    },
    {
      "from": [
        14,
        0,
        13
      ],
      "to": [
        18,
        30,
        16
      ],
      "faces": {
        "north": {
          "uv": [
            3.25,
            8,
            4.25,
            15.5
          ],
          "texture": "#0"
        },
        "east": {
          "uv": [
            9.5,
            0,
            10.25,
            7.5
          ],
          "texture": "#0"
        },
        "south": {
          "uv": [
            4.25,
            8,
            5.25,
            15.5
          ],
          "texture": "#0"
        },
        "west": {
          "uv": [
            9.5,
            0,
            10.25,
            7.5
          ],
          "texture": "#0"
        },
        "up": {
          "uv": [
            11.75,
            10.75,
            10.75,
            10
          ],
          "texture": "#0"
        },
        "down": {
          "uv": [
            11.75,
            10.75,
            10.75,
            10
          ],
          "texture": "#0"
        }
      }
    },
    {
      "from": [
        -2,
        0,
        0
      ],
      "to": [
        1,
        12,
        13
      ],
      "rotation": {
        "angle": 0,
        "axis": "y",
        "origin": [
          16,
          0,
          0
        ]
      },
      "faces": {
        "north": {
          "uv": [
            9.5,
            10,
            8.75,
            13
          ],
          "texture": "#0"
        },
        "east": {
          "uv": [
            3.25,
            8,
            0,
            11
          ],
          "texture": "#0"
        },
        "south": {
          "uv": [
            9.5,
            10,
            8.75,
            13
          ],
          "texture": "#0"
        },
        "west": {
          "uv": [
            3.25,
            8,
            0,
            11
          ],
          "texture": "#0"
        },
        "up": {
          "uv": [
            7.25,
            13.25,
            8,
            10
          ],
          "texture": "#0"
        },
        "down": {
          "uv": [
            8,
            10,
            8.75,
            13.25
          ],
          "texture": "#0"
        }
      }
    },
    {
      "from": [
        -3,
        12,
        -2
      ],
      "to": [
        2,
        16,
        13
      ],
      "rotation": {
        "angle": 0,
        "axis": "y",
        "origin": [
          16,
          0,
          0
        ]
      },
      "faces": {
        "north": {
          "uv": [
            11.5,
            6.25,
            10.25,
            7.25
          ],
          "texture": "#0"
        },
        "east": {
          "uv": [
            14,
            1.5,
            10.25,
            2.5
          ],
          "texture": "#0"
        },
        "south": {
          "uv": [
            10.25,
            6.25,
            11.5,
            7.25
          ],
          "texture": "#0"
        },
        "west": {
          "uv": [
            14,
            1.5,
            10.25,
            2.5
          ],
          "texture": "#0"
        },
        "up": {
          "uv": [
            9.5,
            12.75,
            10.75,
            9
          ],
          "texture": "#0"
        },
        "down": {
          "uv": [
            10.75,
            12.75,
            9.5,
            9
          ],
          "texture": "#0"
        }
      }
    },
    {
      "from": [
        -2,
        0,
        13
      ],
      "to": [
        2,
        30,
        16
      ],
      "rotation": {
        "angle": 0,
        "axis": "y",
        "origin": [
          16,
          0,
          0
        ]
      },
      "faces": {
        "north": {
          "uv": [
            4.25,
            8,
            3.25,
            15.5
          ],
          "texture": "#0"
        },
        "east": {
          "uv": [
            10.25,
            0,
            9.5,
            7.5
          ],
          "texture": "#0"
        },
        "south": {
          "uv": [
            5.25,
            8,
            4.25,
            15.5
          ],
          "texture": "#0"
        },
        "west": {
          "uv": [
            10.25,
            0,
            9.5,
            7.5
          ],
          "texture": "#0"
        },
        "up": {
          "uv": [
            10.75,
            10.75,
            11.75,
            10
          ],
          "texture": "#0"
        },
        "down": {
          "uv": [
            10.75,
            10.75,
            11.75,
            10
          ],
          "texture": "#0"
        }
      }
    }
  ],
  "gui_light": "front",
  "display": {
    "thirdperson_righthand": {
      "translation": [
        0,
        0,
        1.5
      ],
      "scale": [
        0.29,
        0.29,
        0.29
      ]
    },
    "thirdperson_lefthand": {
      "translation": [
        0,
        0,
        1.5
      ],
      "scale": [
        0.29,
        0.29,
        0.29
      ]
    },
    "firstperson_righthand": {
      "rotation": [
        0,
        135,
        0
      ],
      "translation": [
        0,
        1,
        1.5
      ],
      "scale": [
        0.39,
        0.39,
        0.39
      ]
    },
    "firstperson_lefthand": {
      "rotation": [
        0,
        135,
        0
      ],
      "translation": [
        0,
        1,
        1.5
      ],
      "scale": [
        0.39,
        0.39,
        0.39
      ]
    },
    "ground": {
      "translation": [
        0,
        2,
        0
      ],
      "scale": [
        0.5,
        0.5,
        0.5
      ]
    },
    "gui": {
      "rotation": [
        30,
        225,
        0
      ],
      "translation": [
        0,
        -2.25,
        0
      ],
      "scale": [
        0.32,
        0.32,
        0.32
      ]
    },
    "head": {
      "rotation": [
        0,
        180,
        0
      ],
      "translation": [
        0,
        -30.25,
        0
      ],
      "scale": [
        1.6,
        1.6,
        1.6
      ]
    },
    "fixed": {
      "translation": [
        0,
        -4.75,
        -4
      ],
      "scale": [
        0.56,
        0.56,
        0.56
      ]
    }
  }
}