{
  "credit": "Made by PolygonMC",
  "texture_size": [
    32,
    32
  ],
  "textures": {
    "0": "littlecatset:chest",
    "1": "littlecatset:animations/animations_1",
    "particle": "littlecatset:chest"
  },
  "elements": [
    {
      "from": [
        4.5,
        8,
        4.5
      ],
      "to": [
        11.5,
        11.25,
        11.5
      ],
      "rotation": {
        "angle": 0,
        "axis": "x",
        "origin": [
          8,
          8,
          11.5
        ]
      },
      "faces": {
        "north": {
          "uv": [
            7,
            5,
            10.5,
            6.75
          ],
          "texture": "#0"
        },
        "east": {
          "uv": [
            7,
            7,
            10.5,
            8.75
          ],
          "texture": "#0"
        },
        "south": {
          "uv": [
            7,
            9,
            10.5,
            10.75
          ],
          "texture": "#0"
        },
        "west": {
          "uv": [
            0,
            9.5,
            3.5,
            11.25
          ],
          "texture": "#0"
        },
        "up": {
          "uv": [
            7,
            3.5,
            3.5,
            0
          ],
          "texture": "#0"
        },
        "down": {
          "uv": [
            7,
            3.5,
            3.5,
            7
          ],
          "texture": "#0"
        }
      }
    },
    {
      "from": [
        9,
        11.25,
        5
      ],
      "to": [
        11.5,
        14.25,
        5.05
      ],
      "rotation": {
        "angle": 0,
        "axis": "x",
        "origin": [
          8,
          8,
          11.5
        ]
      },
      "faces": {
        "north": {
          "uv": [
            10.5,
            8,
            11.75,
            9.5
          ],
          "texture": "#0"
        },
        "south": {
          "uv": [
            10.5,
            9.5,
            11.75,
            11
          ],
          "texture": "#0"
        }
      }
    },
    {
      "from": [
        4.01,
        7.75,
        4
      ],
      "to": [
        5,
        8.75,
        12
      ],
      "rotation": {
        "angle": 0,
        "axis": "x",
        "origin": [
          8.01,
          8,
          11.5
        ]
      },
      "faces": {
        "north": {
          "uv": [
            12.5,
            12,
            12,
            12.5
          ],
          "texture": "#0"
        },
        "east": {
          "uv": [
            14.5,
            2.5,
            10.5,
            3
          ],
          "texture": "#0"
        },
        "south": {
          "uv": [
            0.5,
            12.5,
            0,
            13
          ],
          "texture": "#0"
        },
        "west": {
          "uv": [
            14.5,
            2,
            10.5,
            2.5
          ],
          "texture": "#0"
        },
        "up": {
          "uv": [
            5.5,
            13.5,
            6,
            9.5
          ],
          "texture": "#0"
        },
        "down": {
          "uv": [
            6,
            9.5,
            6.5,
            13.5
          ],
          "texture": "#0"
        }
      }
    },
    {
      "from": [
        4.01,
        8.75,
        11
      ],
      "to": [
        5,
        10.75,
        12
      ],
      "rotation": {
        "angle": 0,
        "axis": "x",
        "origin": [
          8.01,
          8,
          11.5
        ]
      },
      "faces": {
        "north": {
          "uv": [
            8.5,
            12,
            9,
            13
          ],
          "texture": "#0"
        },
        "east": {
          "uv": [
            9,
            12,
            9.5,
            13
          ],
          "texture": "#0"
        },
        "south": {
          "uv": [
            3,
            11.5,
            3.5,
            12.5
          ],
          "texture": "#0"
        },
        "west": {
          "uv": [
            12,
            8,
            12.5,
            9
          ],
          "texture": "#0"
        }
      }
    },
    {
      "from": [
        4.01,
        8.75,
        4
      ],
      "to": [
        5,
        10.75,
        5
      ],
      "rotation": {
        "angle": 0,
        "axis": "x",
        "origin": [
          8.01,
          8,
          11.5
        ]
      },
      "faces": {
        "north": {
          "uv": [
            3.5,
            11.5,
            3,
            12.5
          ],
          "texture": "#0"
        },
        "east": {
          "uv": [
            9.5,
            12,
            9,
            13
          ],
          "texture": "#0"
        },
        "south": {
          "uv": [
            9,
            12,
            8.5,
            13
          ],
          "texture": "#0"
        },
        "west": {
          "uv": [
            12.5,
            8,
            12,
            9
          ],
          "texture": "#0"
        }
      }
    },
    {
      "from": [
        4.01,
        10.75,
        4
      ],
      "to": [
        5,
        11.75,
        12
      ],
      "rotation": {
        "angle": 0,
        "axis": "x",
        "origin": [
          8.01,
          8,
          11.5
        ]
      },
      "faces": {
        "north": {
          "uv": [
            1,
            12.5,
            0.5,
            13
          ],
          "texture": "#0"
        },
        "east": {
          "uv": [
            14.5,
            3.5,
            10.5,
            4
          ],
          "texture": "#0"
        },
        "south": {
          "uv": [
            1.5,
            12.5,
            1,
            13
          ],
          "texture": "#0"
        },
        "west": {
          "uv": [
            14.5,
            3,
            10.5,
            3.5
          ],
          "texture": "#0"
        },
        "up": {
          "uv": [
            6.5,
            13.5,
            7,
            9.5
          ],
          "texture": "#0"
        },
        "down": {
          "uv": [
            10.5,
            4,
            11,
            8
          ],
          "texture": "#0"
        }
      }
    },
    {
      "from": [
        11,
        8.75,
        4
      ],
      "to": [
        11.99,
        10.75,
        5
      ],
      "rotation": {
        "angle": 0,
        "axis": "x",
        "origin": [
          7.99,
          8,
          11.5
        ]
      },
      "faces": {
        "north": {
          "uv": [
            3,
            11.5,
            3.5,
            12.5
          ],
          "texture": "#0"
        },
        "east": {
          "uv": [
            12,
            8,
            12.5,
            9
          ],
          "texture": "#0"
        },
        "south": {
          "uv": [
            8.5,
            12,
            9,
            13
          ],
          "texture": "#0"
        },
        "west": {
          "uv": [
            9,
            12,
            9.5,
            13
          ],
          "texture": "#0"
        }
      }
    },
    {
      "from": [
        11,
        7.75,
        4
      ],
      "to": [
        11.99,
        8.75,
        12
      ],
      "rotation": {
        "angle": 0,
        "axis": "x",
        "origin": [
          7.99,
          8,
          11.5
        ]
      },
      "faces": {
        "north": {
          "uv": [
            12,
            12,
            12.5,
            12.5
          ],
          "texture": "#0"
        },
        "east": {
          "uv": [
            10.5,
            2,
            14.5,
            2.5
          ],
          "texture": "#0"
        },
        "south": {
          "uv": [
            0,
            12.5,
            0.5,
            13
          ],
          "texture": "#0"
        },
        "west": {
          "uv": [
            10.5,
            2.5,
            14.5,
            3
          ],
          "texture": "#0"
        },
        "up": {
          "uv": [
            6,
            13.5,
            5.5,
            9.5
          ],
          "texture": "#0"
        },
        "down": {
          "uv": [
            6.5,
            9.5,
            6,
            13.5
          ],
          "texture": "#0"
        }
      }
    },
    {
      "from": [
        11,
        10.75,
        4
      ],
      "to": [
        11.99,
        11.75,
        12
      ],
      "rotation": {
        "angle": 0,
        "axis": "x",
        "origin": [
          7.99,
          8,
          11.5
        ]
      },
      "faces": {
        "north": {
          "uv": [
            0.5,
            12.5,
            1,
            13
          ],
          "texture": "#0"
        },
        "east": {
          "uv": [
            10.5,
            3,
            14.5,
            3.5
          ],
          "texture": "#0"
        },
        "south": {
          "uv": [
            1,
            12.5,
            1.5,
            13
          ],
          "texture": "#0"
        },
        "west": {
          "uv": [
            10.5,
            3.5,
            14.5,
            4
          ],
          "texture": "#0"
        },
        "up": {
          "uv": [
            7,
            13.5,
            6.5,
            9.5
          ],
          "texture": "#0"
        },
        "down": {
          "uv": [
            11,
            4,
            10.5,
            8
          ],
          "texture": "#0"
        }
      }
    },
    {
      "from": [
        11,
        8.75,
        11
      ],
      "to": [
        11.99,
        10.75,
        12
      ],
      "rotation": {
        "angle": 0,
        "axis": "x",
        "origin": [
          7.99,
          8,
          11.5
        ]
      },
      "faces": {
        "north": {
          "uv": [
            9,
            12,
            8.5,
            13
          ],
          "texture": "#0"
        },
        "east": {
          "uv": [
            12.5,
            8,
            12,
            9
          ],
          "texture": "#0"
        },
        "south": {
          "uv": [
            3.5,
            11.5,
            3,
            12.5
          ],
          "texture": "#0"
        },
        "west": {
          "uv": [
            9.5,
            12,
            9,
            13
          ],
          "texture": "#0"
        }
      }
    },
    {
      "from": [
        4.5,
        11.25,
        5
      ],
      "to": [
        7,
        14.25,
        5.05
      ],
      "rotation": {
        "angle": 0,
        "axis": "x",
        "origin": [
          8,
          8,
          11.5
        ]
      },
      "faces": {
        "north": {
          "uv": [
            11.75,
            8,
            10.5,
            9.5
          ],
          "texture": "#0"
        },
        "south": {
          "uv": [
            11.75,
            9.5,
            10.5,
            11
          ],
          "texture": "#0"
        }
      }
    },
    {
      "from": [
        11,
        2.75,
        4
      ],
      "to": [
        12,
        3.75,
        12
      ],
      "rotation": {
        "angle": 0,
        "axis": "y",
        "origin": [
          12,
          2.75,
          5
        ]
      },
      "faces": {
        "north": {
          "uv": [
            11,
            7.5,
            11.5,
            8
          ],
          "texture": "#0"
        },
        "east": {
          "uv": [
            10.5,
            0,
            14.5,
            0.5
          ],
          "texture": "#0"
        },
        "south": {
          "uv": [
            12,
            10.5,
            12.5,
            11
          ],
          "texture": "#0"
        },
        "west": {
          "uv": [
            10.5,
            0.5,
            14.5,
            1
          ],
          "texture": "#0"
        },
        "up": {
          "uv": [
            4,
            13.5,
            3.5,
            9.5
          ],
          "texture": "#0"
        },
        "down": {
          "uv": [
            4.5,
            9.5,
            4,
            13.5
          ],
          "texture": "#0"
        }
      }
    },
    {
      "from": [
        11,
        3.75,
        4
      ],
      "to": [
        12,
        6.75,
        5
      ],
      "rotation": {
        "angle": 0,
        "axis": "y",
        "origin": [
          12,
          3.75,
          5
        ]
      },
      "faces": {
        "north": {
          "uv": [
            11,
            6,
            11.5,
            7.5
          ],
          "texture": "#0"
        },
        "east": {
          "uv": [
            7,
            11,
            7.5,
            12.5
          ],
          "texture": "#0"
        },
        "south": {
          "uv": [
            7.5,
            11,
            8,
            12.5
          ],
          "texture": "#0"
        },
        "west": {
          "uv": [
            8,
            11,
            8.5,
            12.5
          ],
          "texture": "#0"
        }
      }
    },
    {
      "from": [
        11,
        6.75,
        4
      ],
      "to": [
        12,
        7.75,
        12
      ],
      "rotation": {
        "angle": 0,
        "axis": "y",
        "origin": [
          12,
          6.75,
          5
        ]
      },
      "faces": {
        "north": {
          "uv": [
            11,
            12,
            11.5,
            12.5
          ],
          "texture": "#0"
        },
        "east": {
          "uv": [
            10.5,
            1,
            14.5,
            1.5
          ],
          "texture": "#0"
        },
        "south": {
          "uv": [
            11.5,
            12,
            12,
            12.5
          ],
          "texture": "#0"
        },
        "west": {
          "uv": [
            10.5,
            1.5,
            14.5,
            2
          ],
          "texture": "#0"
        },
        "up": {
          "uv": [
            5,
            13.5,
            4.5,
            9.5
          ],
          "texture": "#0"
        },
        "down": {
          "uv": [
            5.5,
            9.5,
            5,
            13.5
          ],
          "texture": "#0"
        }
      }
    },
    {
      "from": [
        4.5,
        3.25,
        4.5
      ],
      "to": [
        11.5,
        8,
        11.5
      ],
      "rotation": {
        "angle": 0,
        "axis": "y",
        "origin": [
          11.5,
          3.75,
          5.5
        ]
      },
      "faces": {
        "north": {
          "uv": [
            0,
            7,
            3.5,
            9.5
          ],
          "texture": "#0"
        },
        "east": {
          "uv": [
            7,
            0,
            10.5,
            2.5
          ],
          "texture": "#0"
        },
        "south": {
          "uv": [
            7,
            2.5,
            10.5,
            5
          ],
          "texture": "#0"
        },
        "west": {
          "uv": [
            3.5,
            7,
            7,
            9.5
          ],
          "texture": "#0"
        },
        "up": {
          "uv": [
            3.5,
            3.5,
            0,
            0
          ],
          "texture": "#0"
        },
        "down": {
          "uv": [
            3.5,
            3.5,
            0,
            7
          ],
          "texture": "#0"
        }
      }
    },
    {
      "from": [
        7,
        6.25,
        3.75
      ],
      "to": [
        9,
        8.25,
        4.75
      ],
      "rotation": {
        "angle": -45,
        "axis": "z",
        "origin": [
          8,
          7.25,
          4.25
        ]
      },
      "faces": {
        "north": {
          "uv": [
            11,
            4,
            12,
            5
          ],
          "texture": "#0"
        },
        "east": {
          "uv": [
            12,
            9,
            12.5,
            10
          ],
          "texture": "#0"
        },
        "south": {
          "uv": [
            11,
            5,
            12,
            6
          ],
          "texture": "#0"
        },
        "west": {
          "uv": [
            9.5,
            12,
            10,
            13
          ],
          "texture": "#0"
        },
        "up": {
          "uv": [
            11,
            12.5,
            10,
            12
          ],
          "texture": "#0"
        },
        "down": {
          "uv": [
            13,
            10,
            12,
            10.5
          ],
          "texture": "#0"
        }
      }
    },
    {
      "from": [
        7.71,
        4.95901,
        11.05762
      ],
      "to": [
        8.29,
        5.53901,
        11.92762
      ],
      "rotation": {
        "angle": 45,
        "axis": "x",
        "origin": [
          8,
          5.97264,
          13.38124
        ]
      },
      "faces": {
        "north": {
          "uv": [
            12.5,
            9.5,
            12.75,
            9.75
          ],
          "texture": "#0"
        },
        "east": {
          "uv": [
            8,
            12.5,
            8.5,
            12.75
          ],
          "texture": "#0"
        },
        "west": {
          "uv": [
            12.5,
            8,
            13,
            8.25
          ],
          "texture": "#0"
        },
        "up": {
          "uv": [
            12.75,
            9,
            12.5,
            8.5
          ],
          "texture": "#0"
        },
        "down": {
          "uv": [
            12.75,
            9,
            12.5,
            9.5
          ],
          "texture": "#0"
        }
      }
    },
    {
      "from": [
        7.5998,
        5.51622,
        11.64236
      ],
      "to": [
        8.4002,
        6.31662,
        12.55296
      ],
      "rotation": {
        "angle": 22.5,
        "axis": "x",
        "origin": [
          8,
          5.97264,
          13.38124
        ]
      },
      "faces": {
        "north": {
          "uv": [
            1.5,
            12.5,
            2,
            13
          ],
          "texture": "#0"
        },
        "east": {
          "uv": [
            2,
            12.5,
            2.5,
            13
          ],
          "texture": "#0"
        },
        "west": {
          "uv": [
            2.5,
            12.5,
            3,
            13
          ],
          "texture": "#0"
        },
        "up": {
          "uv": [
            3.5,
            13,
            3,
            12.5
          ],
          "texture": "#0"
        },
        "down": {
          "uv": [
            13,
            6,
            12.5,
            6.5
          ],
          "texture": "#0"
        }
      }
    },
    {
      "from": [
        7.45573,
        5.77423,
        12.41811
      ],
      "to": [
        8.54427,
        6.86277,
        13.61592
      ],
      "rotation": {
        "angle": 0,
        "axis": "x",
        "origin": [
          8,
          5.97264,
          13.38124
        ]
      },
      "faces": {
        "north": {
          "uv": [
            12.5,
            6.5,
            13,
            7
          ],
          "texture": "#0"
        },
        "east": {
          "uv": [
            7,
            12.5,
            7.5,
            13
          ],
          "texture": "#0"
        },
        "west": {
          "uv": [
            12.5,
            7,
            13,
            7.5
          ],
          "texture": "#0"
        },
        "up": {
          "uv": [
            8,
            13,
            7.5,
            12.5
          ],
          "texture": "#0"
        },
        "down": {
          "uv": [
            13,
            7.5,
            12.5,
            8
          ],
          "texture": "#0"
        }
      }
    },
    {
      "from": [
        7.3325,
        5.61899,
        13.24769
      ],
      "to": [
        8.6675,
        6.95398,
        14.81518
      ],
      "rotation": {
        "angle": 22.5,
        "axis": "x",
        "origin": [
          8,
          5.97264,
          13.38124
        ]
      },
      "faces": {
        "north": {
          "uv": [
            1,
            11.5,
            1.75,
            12.25
          ],
          "texture": "#0"
        },
        "east": {
          "uv": [
            2,
            11.5,
            2.75,
            12.25
          ],
          "texture": "#0"
        },
        "west": {
          "uv": [
            11.5,
            6,
            12.25,
            6.75
          ],
          "texture": "#0"
        },
        "up": {
          "uv": [
            12.25,
            7.75,
            11.5,
            7
          ],
          "texture": "#0"
        },
        "down": {
          "uv": [
            12.25,
            11,
            11.5,
            11.75
          ],
          "texture": "#0"
        }
      }
    },
    {
      "from": [
        7.17231,
        5.86858,
        14.29801
      ],
      "to": [
        8.82769,
        7.52397,
        16.24169
      ],
      "rotation": {
        "angle": 45,
        "axis": "x",
        "origin": [
          8,
          5.97264,
          13.38124
        ]
      },
      "faces": {
        "north": {
          "uv": [
            12,
            4,
            12.75,
            4.75
          ],
          "texture": "#0"
        },
        "east": {
          "uv": [
            8.5,
            11,
            9.5,
            11.75
          ],
          "texture": "#0"
        },
        "south": {
          "uv": [
            12,
            5,
            12.75,
            5.75
          ],
          "texture": "#0"
        },
        "west": {
          "uv": [
            9.5,
            11,
            10.5,
            11.75
          ],
          "texture": "#0"
        },
        "up": {
          "uv": [
            11.25,
            12,
            10.5,
            11
          ],
          "texture": "#0"
        },
        "down": {
          "uv": [
            0.75,
            11.5,
            0,
            12.5
          ],
          "texture": "#0"
        }
      }
    },
    {
      "from": [
        11,
        3.75,
        11
      ],
      "to": [
        12,
        6.75,
        12
      ],
      "rotation": {
        "angle": 0,
        "axis": "y",
        "origin": [
          12,
          3.75,
          11
        ]
      },
      "faces": {
        "north": {
          "uv": [
            8,
            11,
            7.5,
            12.5
          ],
          "texture": "#0"
        },
        "east": {
          "uv": [
            7.5,
            11,
            7,
            12.5
          ],
          "texture": "#0"
        },
        "south": {
          "uv": [
            11.5,
            6,
            11,
            7.5
          ],
          "texture": "#0"
        },
        "west": {
          "uv": [
            8.5,
            11,
            8,
            12.5
          ],
          "texture": "#0"
        }
      }
    },
    {
      "from": [
        4,
        2.75,
        4
      ],
      "to": [
        5,
        3.75,
        12
      ],
      "rotation": {
        "angle": 0,
        "axis": "y",
        "origin": [
          4,
          2.75,
          5
        ]
      },
      "faces": {
        "north": {
          "uv": [
            11.5,
            7.5,
            11,
            8
          ],
          "texture": "#0"
        },
        "east": {
          "uv": [
            14.5,
            0.5,
            10.5,
            1
          ],
          "texture": "#0"
        },
        "south": {
          "uv": [
            12.5,
            10.5,
            12,
            11
          ],
          "texture": "#0"
        },
        "west": {
          "uv": [
            14.5,
            0,
            10.5,
            0.5
          ],
          "texture": "#0"
        },
        "up": {
          "uv": [
            3.5,
            13.5,
            4,
            9.5
          ],
          "texture": "#0"
        },
        "down": {
          "uv": [
            4,
            9.5,
            4.5,
            13.5
          ],
          "texture": "#0"
        }
      }
    },
    {
      "from": [
        4,
        3.75,
        4
      ],
      "to": [
        5,
        6.75,
        5
      ],
      "rotation": {
        "angle": 0,
        "axis": "y",
        "origin": [
          4,
          3.75,
          5
        ]
      },
      "faces": {
        "north": {
          "uv": [
            11.5,
            6,
            11,
            7.5
          ],
          "texture": "#0"
        },
        "east": {
          "uv": [
            8.5,
            11,
            8,
            12.5
          ],
          "texture": "#0"
        },
        "south": {
          "uv": [
            8,
            11,
            7.5,
            12.5
          ],
          "texture": "#0"
        },
        "west": {
          "uv": [
            7.5,
            11,
            7,
            12.5
          ],
          "texture": "#0"
        }
      }
    },
    {
      "from": [
        4,
        6.75,
        4
      ],
      "to": [
        5,
        7.75,
        12
      ],
      "rotation": {
        "angle": 0,
        "axis": "y",
        "origin": [
          4,
          6.75,
          5
        ]
      },
      "faces": {
        "north": {
          "uv": [
            11.5,
            12,
            11,
            12.5
          ],
          "texture": "#0"
        },
        "east": {
          "uv": [
            14.5,
            1.5,
            10.5,
            2
          ],
          "texture": "#0"
        },
        "south": {
          "uv": [
            12,
            12,
            11.5,
            12.5
          ],
          "texture": "#0"
        },
        "west": {
          "uv": [
            14.5,
            1,
            10.5,
            1.5
          ],
          "texture": "#0"
        },
        "up": {
          "uv": [
            4.5,
            13.5,
            5,
            9.5
          ],
          "texture": "#0"
        },
        "down": {
          "uv": [
            5,
            9.5,
            5.5,
            13.5
          ],
          "texture": "#0"
        }
      }
    },
    {
      "from": [
        4,
        3.75,
        11
      ],
      "to": [
        5,
        6.75,
        12
      ],
      "rotation": {
        "angle": 0,
        "axis": "y",
        "origin": [
          4,
          3.75,
          11
        ]
      },
      "faces": {
        "north": {
          "uv": [
            7.5,
            11,
            8,
            12.5
          ],
          "texture": "#0"
        },
        "east": {
          "uv": [
            8,
            11,
            8.5,
            12.5
          ],
          "texture": "#0"
        },
        "south": {
          "uv": [
            11,
            6,
            11.5,
            7.5
          ],
          "texture": "#0"
        },
        "west": {
          "uv": [
            7,
            11,
            7.5,
            12.5
          ],
          "texture": "#0"
        }
      }
    },
    {
      "from": [
        3.75,
        3.5,
        4
      ],
      "to": [
        3.8,
        11.5,
        12
      ],
      "rotation": {
        "angle": 0,
        "axis": "y",
        "origin": [
          3.75,
          3.5,
          4
        ]
      },
      "faces": {
        "east": {
          "uv": [
            16,
            0,
            0,
            16
          ],
          "texture": "#1"
        },
        "west": {
          "uv": [
            0,
            0,
            16,
            16
          ],
          "texture": "#1"
        }
      }
    },
    {
      "from": [
        12.2,
        3.5,
        4
      ],
      "to": [
        12.25,
        11.5,
        12
      ],
      "rotation": {
        "angle": 0,
        "axis": "y",
        "origin": [
          12.25,
          3.5,
          4
        ]
      },
      "faces": {
        "east": {
          "uv": [
            16,
            0,
            0,
            16
          ],
          "texture": "#1"
        },
        "west": {
          "uv": [
            0,
            0,
            16,
            16
          ],
          "texture": "#1"
        }
      }
    }
  ],
  "gui_light": "front",
  "display": {
    "thirdperson_righthand": {
      "rotation": [
        59.25,
        0,
        0
      ],
      "translation": [
        0,
        2.75,
        1.75
      ],
      "scale": [
        0.70508,
        0.70508,
        0.70508
      ]
    },
    "thirdperson_lefthand": {
      "rotation": [
        59.25,
        0,
        0
      ],
      "translation": [
        0,
        2.75,
        1.75
      ],
      "scale": [
        0.70508,
        0.70508,
        0.70508
      ]
    },
    "firstperson_righthand": {
      "rotation": [
        154.25,
        0,
        -180
      ],
      "translation": [
        -2.25,
        3.25,
        0
      ]
    },
    "firstperson_lefthand": {
      "rotation": [
        154.25,
        0,
        -180
      ],
      "translation": [
        -2.25,
        3.25,
        0
      ]
    },
    "ground": {
      "translation": [
        0,
        7.75,
        0
      ]
    },
    "gui": {
      "rotation": [
        0,
        135,
        0
      ],
      "translation": [
        0,
        -0.5,
        0
      ],
      "scale": [
        1.25586,
        1.25586,
        1.25586
      ]
    },
    "head": {
      "rotation": [
        0,
        180,
        0
      ],
      "translation": [
        0,
        -28.25,
        0
      ],
      "scale": [
        2.83789,
        2.83789,
        2.83789
      ]
    },
    "fixed": {
      "rotation": [
        -90,
        0,
        0
      ],
      "translation": [
        0,
        0,
        -19.25
      ],
      "scale": [
        3.97852,
        3.97852,
        3.97852
      ]
    }
  },
  "groups": [
    {
      "name": "group",
      "origin": [
        8.25,
        12.5,
        4.75
      ],
      "color": 0,
      "children": [
        0,
        1,
        2,
        3,
        4,
        5,
        6,
        7,
        8,
        9,
        10
      ]
    },
    {
      "name": "group",
      "origin": [
        4,
        1,
        11
      ],
      "color": 0,
      "children": [
        11,
        12,
        13,
        14,
        15,
        16,
        17,
        18,
        19,
        20,
        21,
        22,
        23,
        24,
        25
      ]
    },
    26,
    27
  ]
}