{
	"credit": "Made with Blockbench",
	"texture_size": [32, 32],
	"textures": {
		"0": "minehammer:item/steampunk/steampunk_bow",
		"3": "minehammer:item/steampunk/steampunk_bowstring"
	},
	"elements": [
		{
			"from": [8.0005, 5.5005, 4.0005],
			"to": [8.0005, 8.0005, 6.5005],
			"rotation": {"angle": 45, "axis": "z", "origin": [8, 6.75, 9.3]},
			"faces": {
				"north": {"uv": [0.8, 12.6, 0.8, 13.2], "texture": "#0"},
				"east": {"uv": [0, 12.6, 1, 13.6], "texture": "#0"},
				"south": {"uv": [1.6, 12.6, 1.6, 13.2], "texture": "#0"},
				"west": {"uv": [1, 12.6, 2, 13.6], "texture": "#0"},
				"up": {"uv": [0.8, 12.6, 0.8, 11.8], "texture": "#0"},
				"down": {"uv": [0.8, 11.8, 0.8, 12.6], "texture": "#0"}
			}
		},
		{
			"from": [7.9995, 4.9995, 13.9995],
			"to": [8.0005, 8.5005, 17.0005],
			"rotation": {"angle": 45, "axis": "z", "origin": [8, 6.75, 11.8]},
			"faces": {
				"north": {"uv": [5, 13.8, 5, 15.2], "texture": "#0"},
				"east": {"uv": [3.6, 13.8, 4.8, 15.2], "texture": "#0"},
				"south": {"uv": [6.2, 13.8, 6.2, 15.2], "texture": "#0"},
				"west": {"uv": [4.8, 13.8, 6, 15.2], "texture": "#0"},
				"up": {"uv": [5, 13.8, 5, 12.6], "texture": "#0"},
				"down": {"uv": [5, 12.6, 5, 13.8], "texture": "#0"}
			}
		},
		{
			"from": [7.9995, 4.9995, 13.9995],
			"to": [8.0005, 8.5005, 17.0005],
			"rotation": {"angle": -45, "axis": "z", "origin": [8, 6.75, 11.8]},
			"faces": {
				"north": {"uv": [5, 12.2, 5, 13.6], "texture": "#0"},
				"east": {"uv": [3.6, 12.2, 4.8, 13.6], "texture": "#0"},
				"south": {"uv": [6.2, 12.2, 6.2, 13.6], "texture": "#0"},
				"west": {"uv": [4.8, 12.2, 6, 13.6], "texture": "#0"},
				"up": {"uv": [5, 12.2, 5, 11], "texture": "#0"},
				"down": {"uv": [5, 11, 5, 12.2], "texture": "#0"}
			}
		},
		{
			"from": [7.9995, 5.4995, 3.9995],
			"to": [8.0005, 8.0005, 6.5005],
			"rotation": {"angle": -45, "axis": "z", "origin": [8, 6.75, 9.3]},
			"faces": {
				"north": {"uv": [0.8, 13.4, 0.8, 14], "texture": "#0"},
				"east": {"uv": [0, 13.8, 1, 14.8], "texture": "#0"},
				"south": {"uv": [1.6, 13.4, 1.6, 14], "texture": "#0"},
				"west": {"uv": [1, 13.8, 2, 14.8], "texture": "#0"},
				"up": {"uv": [0.8, 13.4, 0.8, 12.6], "texture": "#0"},
				"down": {"uv": [0.8, 12.6, 0.8, 13.4], "texture": "#0"}
			}
		},
		{
			"from": [7.7505, 6.5005, 5.5005],
			"to": [8.2505, 7.0005, 15.5005],
			"rotation": {"angle": 0, "axis": "y", "origin": [8, 6.75, 11.8]},
			"faces": {
				"north": {"uv": [11.6, 15.8, 11.8, 16], "texture": "#0"},
				"east": {"uv": [7.6, 15.8, 11.6, 16], "texture": "#0"},
				"south": {"uv": [15.8, 15.8, 16, 16], "texture": "#0"},
				"west": {"uv": [11.8, 15.8, 15.8, 16], "texture": "#0"},
				"up": {"uv": [11.8, 15.8, 11.6, 11.8], "texture": "#0"},
				"down": {"uv": [12, 11.8, 11.8, 15.8], "texture": "#0"}
			}
		},
		{
			"from": [7, 10, 6.5],
			"to": [9, 10.5, 9.5],
			"rotation": {"angle": 0, "axis": "y", "origin": [8.25, 9, 8.25]},
			"faces": {
				"north": {"uv": [7.8, 1.4, 8.6, 1.6], "texture": "#0"},
				"east": {"uv": [6.6, 1.4, 7.8, 1.6], "texture": "#0"},
				"south": {"uv": [9.8, 1.4, 10.6, 1.6], "texture": "#0"},
				"west": {"uv": [8.6, 1.4, 9.8, 1.6], "texture": "#0"},
				"up": {"uv": [8.6, 1.4, 7.8, 0.2], "texture": "#0"},
				"down": {"uv": [9.4, 0.2, 8.6, 1.4], "texture": "#0"}
			}
		},
		{
			"from": [7, 9, 7],
			"to": [9, 9.5, 9],
			"rotation": {"angle": 0, "axis": "y", "origin": [8.25, 15.5, 8]},
			"faces": {
				"north": {"uv": [10.4, 0.8, 11.2, 1], "texture": "#0"},
				"east": {"uv": [9.6, 0.8, 10.4, 1], "texture": "#0"},
				"south": {"uv": [12, 0.8, 12.8, 1], "texture": "#0"},
				"west": {"uv": [11.2, 0.8, 12, 1], "texture": "#0"},
				"up": {"uv": [11.2, 0.8, 10.4, 0], "texture": "#0"},
				"down": {"uv": [12, 0, 11.2, 0.8], "texture": "#0"}
			}
		},
		{
			"from": [7.2495, 3.4995, 7.2495],
			"to": [8.7505, 10.0005, 8.7505],
			"rotation": {"angle": 0, "axis": "y", "origin": [8.25, 15.5, 8]},
			"faces": {
				"north": {"uv": [8.8, 8.8, 9.4, 11.4], "texture": "#0"},
				"east": {"uv": [8.2, 8.8, 8.8, 11.4], "texture": "#0"},
				"south": {"uv": [10, 8.8, 10.6, 11.4], "texture": "#0"},
				"west": {"uv": [9.4, 8.8, 10, 11.4], "texture": "#0"},
				"up": {"uv": [9.4, 8.8, 8.8, 8.2], "texture": "#0"},
				"down": {"uv": [10, 8.2, 9.4, 8.8], "texture": "#0"}
			}
		},
		{
			"from": [7, 4, 7],
			"to": [9, 4.5, 9],
			"rotation": {"angle": 0, "axis": "y", "origin": [8.25, 15.5, 8]},
			"faces": {
				"north": {"uv": [10.2, 2.6, 11, 2.8], "texture": "#0"},
				"east": {"uv": [9.4, 2.6, 10.2, 2.8], "texture": "#0"},
				"south": {"uv": [11.8, 2.6, 12.6, 2.8], "texture": "#0"},
				"west": {"uv": [11, 2.6, 11.8, 2.8], "texture": "#0"},
				"up": {"uv": [11, 2.6, 10.2, 1.8], "texture": "#0"},
				"down": {"uv": [11.8, 1.8, 11, 2.6], "texture": "#0"}
			}
		},
		{
			"from": [7, 3, 6.5],
			"to": [9, 3.5, 9.5],
			"rotation": {"angle": 0, "axis": "y", "origin": [8.25, 15.5, 8]},
			"faces": {
				"north": {"uv": [7.6, 3, 8.4, 3.2], "texture": "#0"},
				"east": {"uv": [6.4, 3, 7.6, 3.2], "texture": "#0"},
				"south": {"uv": [9.6, 3, 10.4, 3.2], "texture": "#0"},
				"west": {"uv": [8.4, 3, 9.6, 3.2], "texture": "#0"},
				"up": {"uv": [8.4, 3, 7.6, 1.8], "texture": "#0"},
				"down": {"uv": [9.2, 1.8, 8.4, 3], "texture": "#0"}
			}
		},
		{
			"from": [7, 12.75, 7.75],
			"to": [9, 13.25, 8.25],
			"rotation": {"angle": 0, "axis": "y", "origin": [8.25, 15.5, 8]},
			"faces": {
				"north": {"uv": [12, 4.4, 12.8, 4.6], "texture": "#0"},
				"east": {"uv": [11.8, 4.4, 12, 4.6], "texture": "#0"},
				"south": {"uv": [13, 4.4, 13.8, 4.6], "texture": "#0"},
				"west": {"uv": [12.8, 4.4, 13, 4.6], "texture": "#0"},
				"up": {"uv": [12.8, 4.4, 12, 4.2], "texture": "#0"},
				"down": {"uv": [13.6, 4.2, 12.8, 4.4], "texture": "#0"}
			}
		},
		{
			"from": [6.5, 11.5, 7.75],
			"to": [9, 12, 8.25],
			"rotation": {"angle": 0, "axis": "y", "origin": [8.25, 15.5, 8]},
			"faces": {
				"north": {"uv": [2, 4.4, 3, 4.6], "texture": "#0"},
				"east": {"uv": [1.8, 4.4, 2, 4.6], "texture": "#0"},
				"south": {"uv": [3.2, 4.4, 4.2, 4.6], "texture": "#0"},
				"west": {"uv": [3, 4.4, 3.2, 4.6], "texture": "#0"},
				"up": {"uv": [3, 4.4, 2, 4.2], "texture": "#0"},
				"down": {"uv": [4, 4.2, 3, 4.4], "texture": "#0"}
			}
		},
		{
			"from": [8.25, 10, 6.25],
			"to": [8.75, 13.5, 9.75],
			"rotation": {"angle": 45, "axis": "x", "origin": [8, 11.75, 8]},
			"faces": {
				"north": {"uv": [4.8, 8.8, 5, 10.2], "texture": "#0"},
				"east": {"uv": [3.4, 8.8, 4.8, 10.2], "texture": "#0"},
				"south": {"uv": [6.4, 8.8, 6.6, 10.2], "texture": "#0"},
				"west": {"uv": [5, 8.8, 6.4, 10.2], "texture": "#0"},
				"up": {"uv": [5, 8.8, 4.8, 7.4], "texture": "#0"},
				"down": {"uv": [5.2, 7.4, 5, 8.8], "texture": "#0"}
			}
		},
		{
			"from": [7.25, 10, 6.25],
			"to": [7.75, 13.5, 9.75],
			"rotation": {"angle": 45, "axis": "x", "origin": [8, 11.75, 8]},
			"faces": {
				"north": {"uv": [1.4, 8.2, 1.6, 9.6], "texture": "#0"},
				"east": {"uv": [0, 8.2, 1.4, 9.6], "texture": "#0"},
				"south": {"uv": [3, 8.2, 3.2, 9.6], "texture": "#0"},
				"west": {"uv": [1.6, 8.2, 3, 9.6], "texture": "#0"},
				"up": {"uv": [1.6, 8.2, 1.4, 6.8], "texture": "#0"},
				"down": {"uv": [1.8, 6.8, 1.6, 8.2], "texture": "#0"}
			}
		},
		{
			"from": [7.75, 11.43906, 7.76314],
			"to": [8.25, 16.43906, 9.26314],
			"rotation": {"angle": -22.5, "axis": "x", "origin": [8, 12.69588, 8.419]},
			"faces": {
				"north": {"uv": [0.6, 10.4, 0.8, 12.4], "texture": "#0"},
				"east": {"uv": [0, 10.4, 0.6, 12.4], "texture": "#0"},
				"south": {"uv": [1.4, 10.4, 1.6, 12.4], "texture": "#0"},
				"west": {"uv": [0.8, 10.4, 1.4, 12.4], "texture": "#0"},
				"up": {"uv": [0.8, 10.4, 0.6, 9.8], "texture": "#0"},
				"down": {"uv": [1, 9.8, 0.8, 10.4], "texture": "#0"}
			}
		},
		{
			"from": [7.5, 14.65141, 4.61343],
			"to": [8.5, 16.65141, 6.61343],
			"rotation": {"angle": 22.5, "axis": "x", "origin": [8, 12.69588, 8.419]},
			"faces": {
				"north": {"uv": [5.2, 11.2, 5.6, 12], "texture": "#0"},
				"east": {"uv": [4.4, 11.2, 5.2, 12], "texture": "#0"},
				"south": {"uv": [6.4, 11.2, 6.8, 12], "texture": "#0"},
				"west": {"uv": [5.6, 11.2, 6.4, 12], "texture": "#0"},
				"up": {"uv": [5.6, 11.2, 5.2, 10.4], "texture": "#0"},
				"down": {"uv": [6, 10.4, 5.6, 11.2], "texture": "#0"}
			}
		},
		{
			"from": [7.75, 16.20586, 8.60427],
			"to": [8.25, 17.70586, 15.10427],
			"rotation": {"angle": -22.5, "axis": "x", "origin": [8, 12.49588, 8.469]},
			"faces": {
				"north": {"uv": [5.8, 3.4, 6, 4], "texture": "#0"},
				"east": {"uv": [3.2, 3.4, 5.8, 4], "texture": "#0"},
				"south": {"uv": [8.6, 3.4, 8.8, 4], "texture": "#0"},
				"west": {"uv": [6, 3.4, 8.6, 4], "texture": "#0"},
				"up": {"uv": [6, 3.4, 5.8, 0.8], "texture": "#0"},
				"down": {"uv": [6.2, 0.8, 6, 3.4], "texture": "#0"}
			}
		},
		{
			"from": [8, 18.37155, 5.88311],
			"to": [8, 20.37155, 12.88311],
			"rotation": {"angle": -22.5, "axis": "x", "origin": [8, 20.22155, 8.93311]},
			"faces": {
				"north": {"uv": [5.8, 3.4, 6, 4], "texture": "#0"},
				"east": {"uv": [6, 14.8, 8.8, 15.6], "texture": "#0"},
				"south": {"uv": [8.6, 3.4, 8.8, 4], "texture": "#0"},
				"west": {"uv": [8.8, 14.8, 11.6, 15.6], "texture": "#0"},
				"up": {"uv": [6, 3.4, 5.8, 0.8], "texture": "#0"},
				"down": {"uv": [6.2, 0.8, 6, 3.4], "texture": "#0"}
			}
		},
		{
			"from": [8, -6.62155, 6.78311],
			"to": [8, -4.62155, 13.78311],
			"rotation": {"angle": 22.5, "axis": "x", "origin": [8, -4.22155, 8.93311]},
			"faces": {
				"north": {"uv": [5.8, 4, 6, 3.4], "texture": "#0"},
				"east": {"uv": [6, 14.6, 8.8, 13.8], "texture": "#0"},
				"south": {"uv": [8.6, 4, 8.8, 3.4], "texture": "#0"},
				"west": {"uv": [8.8, 14.6, 11.6, 13.8], "texture": "#0"},
				"up": {"uv": [6.2, 3.4, 6, 0.8], "texture": "#0"},
				"down": {"uv": [6, 0.8, 5.8, 3.4], "texture": "#0"}
			}
		},
		{
			"from": [7.5, 16.45586, 10.10427],
			"to": [8.5, 17.95586, 10.60427],
			"rotation": {"angle": -22.5, "axis": "x", "origin": [8, 12.49588, 8.469]},
			"faces": {
				"north": {"uv": [7, 9, 7.4, 9.6], "texture": "#0"},
				"east": {"uv": [6.8, 9, 7, 9.6], "texture": "#0"},
				"south": {"uv": [7.6, 9, 8, 9.6], "texture": "#0"},
				"west": {"uv": [7.4, 9, 7.6, 9.6], "texture": "#0"},
				"up": {"uv": [7.4, 9, 7, 8.8], "texture": "#0"},
				"down": {"uv": [7.8, 8.8, 7.4, 9], "texture": "#0"}
			}
		},
		{
			"from": [7.5, 16.45586, 11.10427],
			"to": [8.5, 17.95586, 11.60427],
			"rotation": {"angle": -22.5, "axis": "x", "origin": [8, 12.49588, 8.469]},
			"faces": {
				"north": {"uv": [7.6, 6, 8, 6.6], "texture": "#0"},
				"east": {"uv": [7.4, 6, 7.6, 6.6], "texture": "#0"},
				"south": {"uv": [8.2, 6, 8.6, 6.6], "texture": "#0"},
				"west": {"uv": [8, 6, 8.2, 6.6], "texture": "#0"},
				"up": {"uv": [8, 6, 7.6, 5.8], "texture": "#0"},
				"down": {"uv": [8.4, 5.8, 8, 6], "texture": "#0"}
			}
		},
		{
			"from": [7.5, 16.95586, 11.10427],
			"to": [8.5, 17.95586, 13.60427],
			"rotation": {"angle": -22.5, "axis": "x", "origin": [8, 12.49588, 8.469]},
			"faces": {
				"north": {"uv": [9.8, 4.4, 10.2, 4.8], "texture": "#0"},
				"east": {"uv": [8.8, 4.4, 9.8, 4.8], "texture": "#0"},
				"south": {"uv": [11.2, 4.4, 11.6, 4.8], "texture": "#0"},
				"west": {"uv": [10.2, 4.4, 11.2, 4.8], "texture": "#0"},
				"up": {"uv": [10.2, 4.4, 9.8, 3.4], "texture": "#0"},
				"down": {"uv": [10.6, 3.4, 10.2, 4.4], "texture": "#0"}
			}
		},
		{
			"from": [7.25, 18.48569, 11.78579],
			"to": [7.75, 21.98569, 13.28579],
			"rotation": {"angle": 22.5, "axis": "x", "origin": [8, 19.0645, 12.5522]},
			"faces": {
				"north": {"uv": [11.6, 5.6, 11.8, 7], "texture": "#0"},
				"east": {"uv": [11, 5.6, 11.6, 7], "texture": "#0"},
				"south": {"uv": [12.4, 5.6, 12.6, 7], "texture": "#0"},
				"west": {"uv": [11.8, 5.6, 12.4, 7], "texture": "#0"},
				"up": {"uv": [11.8, 5.6, 11.6, 5], "texture": "#0"},
				"down": {"uv": [12, 5, 11.8, 5.6], "texture": "#0"}
			}
		},
		{
			"from": [7.75, 19.8267, 12.11792],
			"to": [8.25, 22.3267, 14.61792],
			"rotation": {"angle": 0, "axis": "y", "origin": [8, 21.0767, 13.36792]},
			"faces": {
				"north": {"uv": [4.2, 1, 4.4, 2], "texture": "#0"},
				"east": {"uv": [3.2, 1, 4.2, 2], "texture": "#0"},
				"south": {"uv": [5.4, 1, 5.6, 2], "texture": "#0"},
				"west": {"uv": [4.4, 1, 5.4, 2], "texture": "#0"},
				"up": {"uv": [4.4, 1, 4.2, 0], "texture": "#0"},
				"down": {"uv": [4.6, 0, 4.4, 1], "texture": "#0"}
			}
		},
		{
			"from": [7, 20.98569, 12.28579],
			"to": [9, 21.48569, 12.78579],
			"rotation": {"angle": 22.5, "axis": "x", "origin": [8, 19.0645, 12.5522]},
			"faces": {
				"north": {"uv": [11, 3.8, 11.8, 4], "texture": "#0"},
				"east": {"uv": [10.8, 3.8, 11, 4], "texture": "#0"},
				"south": {"uv": [12, 3.8, 12.8, 4], "texture": "#0"},
				"west": {"uv": [11.8, 3.8, 12, 4], "texture": "#0"},
				"up": {"uv": [11.8, 3.8, 11, 3.6], "texture": "#0"},
				"down": {"uv": [12.6, 3.6, 11.8, 3.8], "texture": "#0"}
			}
		},
		{
			"from": [7, 18.86069, 12.28579],
			"to": [9, 19.36069, 12.78579],
			"rotation": {"angle": 22.5, "axis": "x", "origin": [8, 19.0645, 12.5522]},
			"faces": {
				"north": {"uv": [11.2, 1.4, 12, 1.6], "texture": "#0"},
				"east": {"uv": [11, 1.4, 11.2, 1.6], "texture": "#0"},
				"south": {"uv": [12.2, 1.4, 13, 1.6], "texture": "#0"},
				"west": {"uv": [12, 1.4, 12.2, 1.6], "texture": "#0"},
				"up": {"uv": [12, 1.4, 11.2, 1.2], "texture": "#0"},
				"down": {"uv": [12.8, 1.2, 12, 1.4], "texture": "#0"}
			}
		},
		{
			"from": [8.25, 18.48569, 11.78579],
			"to": [8.75, 21.98569, 13.28579],
			"rotation": {"angle": 22.5, "axis": "x", "origin": [8, 19.0645, 12.5522]},
			"faces": {
				"north": {"uv": [9.8, 12.2, 10, 13.6], "texture": "#0"},
				"east": {"uv": [9.2, 12.2, 9.8, 13.6], "texture": "#0"},
				"south": {"uv": [10.6, 12.2, 10.8, 13.6], "texture": "#0"},
				"west": {"uv": [10, 12.2, 10.6, 13.6], "texture": "#0"},
				"up": {"uv": [10, 12.2, 9.8, 11.6], "texture": "#0"},
				"down": {"uv": [10.2, 11.6, 10, 12.2], "texture": "#0"}
			}
		},
		{
			"from": [7, 0.25, 7.75],
			"to": [9, 0.75, 8.25],
			"rotation": {"angle": 0, "axis": "y", "origin": [8.25, -2, 8]},
			"faces": {
				"north": {"uv": [11, 3.2, 11.8, 3.4], "texture": "#0"},
				"east": {"uv": [10.8, 3.2, 11, 3.4], "texture": "#0"},
				"south": {"uv": [12, 3.2, 12.8, 3.4], "texture": "#0"},
				"west": {"uv": [11.8, 3.2, 12, 3.4], "texture": "#0"},
				"up": {"uv": [11.8, 3.2, 11, 3], "texture": "#0"},
				"down": {"uv": [12.6, 3, 11.8, 3.2], "texture": "#0"}
			}
		},
		{
			"from": [7, 1.5, 7.75],
			"to": [9, 2, 8.25],
			"rotation": {"angle": 0, "axis": "y", "origin": [8.25, -2, 8]},
			"faces": {
				"north": {"uv": [1.4, 10, 2.2, 10.2], "texture": "#0"},
				"east": {"uv": [1.2, 10, 1.4, 10.2], "texture": "#0"},
				"south": {"uv": [2.4, 10, 3.2, 10.2], "texture": "#0"},
				"west": {"uv": [2.2, 10, 2.4, 10.2], "texture": "#0"},
				"up": {"uv": [2.2, 10, 1.4, 9.8], "texture": "#0"},
				"down": {"uv": [3, 9.8, 2.2, 10], "texture": "#0"}
			}
		},
		{
			"from": [8.25, 0, 6.25],
			"to": [8.75, 3.5, 9.75],
			"rotation": {"angle": 45, "axis": "x", "origin": [8, 1.75, 8]},
			"faces": {
				"north": {"uv": [6.8, 7.2, 7, 8.6], "texture": "#0"},
				"east": {"uv": [5.4, 7.2, 6.8, 8.6], "texture": "#0"},
				"south": {"uv": [8.4, 7.2, 8.6, 8.6], "texture": "#0"},
				"west": {"uv": [7, 7.2, 8.4, 8.6], "texture": "#0"},
				"up": {"uv": [7, 7.2, 6.8, 5.8], "texture": "#0"},
				"down": {"uv": [7.2, 5.8, 7, 7.2], "texture": "#0"}
			}
		},
		{
			"from": [7.25, 0, 6.25],
			"to": [7.75, 3.5, 9.75],
			"rotation": {"angle": 45, "axis": "x", "origin": [8, 1.75, 8]},
			"faces": {
				"north": {"uv": [4.8, 5.6, 5, 7], "texture": "#0"},
				"east": {"uv": [3.4, 5.6, 4.8, 7], "texture": "#0"},
				"south": {"uv": [6.4, 5.6, 6.6, 7], "texture": "#0"},
				"west": {"uv": [5, 5.6, 6.4, 7], "texture": "#0"},
				"up": {"uv": [5, 5.6, 4.8, 4.2], "texture": "#0"},
				"down": {"uv": [5.2, 4.2, 5, 5.6], "texture": "#0"}
			}
		},
		{
			"from": [7.75, -2.89295, 7.34307],
			"to": [8.25, 2.10705, 8.84307],
			"rotation": {"angle": 22.5, "axis": "x", "origin": [8, -0.22873, 8.09307]},
			"faces": {
				"north": {"uv": [9.8, 5.8, 10, 7.8], "texture": "#0"},
				"east": {"uv": [9.2, 5.8, 9.8, 7.8], "texture": "#0"},
				"south": {"uv": [10.6, 5.8, 10.8, 7.8], "texture": "#0"},
				"west": {"uv": [10, 5.8, 10.6, 7.8], "texture": "#0"},
				"up": {"uv": [10, 5.8, 9.8, 5.2], "texture": "#0"},
				"down": {"uv": [10.2, 5.2, 10, 5.8], "texture": "#0"}
			}
		},
		{
			"from": [7.5, -4.00008, 5.95803],
			"to": [8.5, -2.00008, 7.95803],
			"rotation": {"angle": -22.5, "axis": "x", "origin": [8, -3.00008, 6.95803]},
			"faces": {
				"north": {"uv": [2.6, 11.2, 3, 12], "texture": "#0"},
				"east": {"uv": [1.8, 11.2, 2.6, 12], "texture": "#0"},
				"south": {"uv": [3.8, 11.2, 4.2, 12], "texture": "#0"},
				"west": {"uv": [3, 11.2, 3.8, 12], "texture": "#0"},
				"up": {"uv": [3, 11.2, 2.6, 10.4], "texture": "#0"},
				"down": {"uv": [3.4, 10.4, 3, 11.2], "texture": "#0"}
			}
		},
		{
			"from": [8.25, -8.50146, 11.74783],
			"to": [8.75, -5.00146, 13.24783],
			"rotation": {"angle": -22.5, "axis": "x", "origin": [8, -5.48725, 12.49783]},
			"faces": {
				"north": {"uv": [11.4, 10.2, 11.6, 11.6], "texture": "#0"},
				"east": {"uv": [10.8, 10.2, 11.4, 11.6], "texture": "#0"},
				"south": {"uv": [12.2, 10.2, 12.4, 11.6], "texture": "#0"},
				"west": {"uv": [11.6, 10.2, 12.2, 11.6], "texture": "#0"},
				"up": {"uv": [11.6, 10.2, 11.4, 9.6], "texture": "#0"},
				"down": {"uv": [11.8, 9.6, 11.6, 10.2], "texture": "#0"}
			}
		},
		{
			"from": [7.25, -8.50146, 11.74783],
			"to": [7.75, -5.00146, 13.24783],
			"rotation": {"angle": -22.5, "axis": "x", "origin": [8, -5.48725, 12.49783]},
			"faces": {
				"north": {"uv": [11.4, 8, 11.6, 9.4], "texture": "#0"},
				"east": {"uv": [10.8, 8, 11.4, 9.4], "texture": "#0"},
				"south": {"uv": [12.2, 8, 12.4, 9.4], "texture": "#0"},
				"west": {"uv": [11.6, 8, 12.2, 9.4], "texture": "#0"},
				"up": {"uv": [11.6, 8, 11.4, 7.4], "texture": "#0"},
				"down": {"uv": [11.8, 7.4, 11.6, 8], "texture": "#0"}
			}
		},
		{
			"from": [7, -8.00146, 12.24783],
			"to": [9, -7.50146, 12.74783],
			"rotation": {"angle": -22.5, "axis": "x", "origin": [8, -5.48725, 12.49783]},
			"faces": {
				"north": {"uv": [5.6, 4.4, 6.4, 4.6], "texture": "#0"},
				"east": {"uv": [5.4, 4.4, 5.6, 4.6], "texture": "#0"},
				"south": {"uv": [6.6, 4.4, 7.4, 4.6], "texture": "#0"},
				"west": {"uv": [6.4, 4.4, 6.6, 4.6], "texture": "#0"},
				"up": {"uv": [6.4, 4.4, 5.6, 4.2], "texture": "#0"},
				"down": {"uv": [7.2, 4.2, 6.4, 4.4], "texture": "#0"}
			}
		},
		{
			"from": [7, -5.75146, 12.24783],
			"to": [9, -5.25146, 12.74783],
			"rotation": {"angle": -22.5, "axis": "x", "origin": [8, -5.48725, 12.49783]},
			"faces": {
				"north": {"uv": [5, 0.2, 5.8, 0.4], "texture": "#0"},
				"east": {"uv": [4.8, 0.2, 5, 0.4], "texture": "#0"},
				"south": {"uv": [6, 0.2, 6.8, 0.4], "texture": "#0"},
				"west": {"uv": [5.8, 0.2, 6, 0.4], "texture": "#0"},
				"up": {"uv": [5.8, 0.2, 5, 0], "texture": "#0"},
				"down": {"uv": [6.6, 0, 5.8, 0.2], "texture": "#0"}
			}
		},
		{
			"from": [7.75, -8.82911, 12.11431],
			"to": [8.25, -6.32911, 14.61431],
			"rotation": {"angle": 0, "axis": "y", "origin": [8, -7.57911, 13.36431]},
			"faces": {
				"north": {"uv": [1, 1, 1.2, 2], "texture": "#0"},
				"east": {"uv": [0, 1, 1, 2], "texture": "#0"},
				"south": {"uv": [2.2, 1, 2.4, 2], "texture": "#0"},
				"west": {"uv": [1.2, 1, 2.2, 2], "texture": "#0"},
				"up": {"uv": [1.2, 1, 1, 0], "texture": "#0"},
				"down": {"uv": [1.4, 0, 1.2, 1], "texture": "#0"}
			}
		},
		{
			"from": [7.5, -4.44801, 9.31228],
			"to": [8.5, -2.94801, 9.81228],
			"rotation": {"angle": 22.5, "axis": "x", "origin": [8, -3.50623, 7.56308]},
			"faces": {
				"north": {"uv": [0.2, 7, 0.6, 7.6], "texture": "#0"},
				"east": {"uv": [0, 7, 0.2, 7.6], "texture": "#0"},
				"south": {"uv": [0.8, 7, 1.2, 7.6], "texture": "#0"},
				"west": {"uv": [0.6, 7, 0.8, 7.6], "texture": "#0"},
				"up": {"uv": [0.6, 7, 0.2, 6.8], "texture": "#0"},
				"down": {"uv": [1, 6.8, 0.6, 7], "texture": "#0"}
			}
		},
		{
			"from": [7.5, -4.44801, 9.31228],
			"to": [8.5, -3.44801, 11.81228],
			"rotation": {"angle": 22.5, "axis": "x", "origin": [8, -3.50623, 7.56308]},
			"faces": {
				"north": {"uv": [7.8, 5.2, 8.2, 5.6], "texture": "#0"},
				"east": {"uv": [6.8, 5.2, 7.8, 5.6], "texture": "#0"},
				"south": {"uv": [9.2, 5.2, 9.6, 5.6], "texture": "#0"},
				"west": {"uv": [8.2, 5.2, 9.2, 5.6], "texture": "#0"},
				"up": {"uv": [8.2, 5.2, 7.8, 4.2], "texture": "#0"},
				"down": {"uv": [8.6, 4.2, 8.2, 5.2], "texture": "#0"}
			}
		},
		{
			"from": [7.75, -4.19801, 6.81228],
			"to": [8.25, -2.69801, 13.31228],
			"rotation": {"angle": 22.5, "axis": "x", "origin": [8, -3.50623, 7.56308]},
			"faces": {
				"north": {"uv": [2.6, 2.6, 2.8, 3.2], "texture": "#0"},
				"east": {"uv": [0, 2.6, 2.6, 3.2], "texture": "#0"},
				"south": {"uv": [5.4, 2.6, 5.6, 3.2], "texture": "#0"},
				"west": {"uv": [2.8, 2.6, 5.4, 3.2], "texture": "#0"},
				"up": {"uv": [2.8, 2.6, 2.6, 0], "texture": "#0"},
				"down": {"uv": [3, 0, 2.8, 2.6], "texture": "#0"}
			}
		},
		{
			"from": [7.5, -4.44801, 8.31228],
			"to": [8.5, -2.94801, 8.81228],
			"rotation": {"angle": 22.5, "axis": "x", "origin": [8, -3.50623, 7.56308]},
			"faces": {
				"north": {"uv": [0.2, 3.6, 0.6, 4.2], "texture": "#0"},
				"east": {"uv": [0, 3.6, 0.2, 4.2], "texture": "#0"},
				"south": {"uv": [0.8, 3.6, 1.2, 4.2], "texture": "#0"},
				"west": {"uv": [0.6, 3.6, 0.8, 4.2], "texture": "#0"},
				"up": {"uv": [0.6, 3.6, 0.2, 3.4], "texture": "#0"},
				"down": {"uv": [1, 3.4, 0.6, 3.6], "texture": "#0"}
			}
		},
		{
			"name": "big0",
			"from": [8, 9.75973, 4.76689],
			"to": [8, 13.75973, 8.76689],
			"rotation": {"angle": 45, "axis": "x", "origin": [8, 11.75973, 6.76689]},
			"faces": {
				"north": {"uv": [0, 0, 0, 2], "texture": "#0"},
				"east": {"uv": [0, 5, 1.6, 6.6], "texture": "#0"},
				"south": {"uv": [0, 0, 0, 2], "texture": "#0"},
				"west": {"uv": [1.6, 5, 3.2, 6.6], "texture": "#0"},
				"up": {"uv": [0, 2, 0, 0], "texture": "#0"},
				"down": {"uv": [0, 0, 0, 2], "texture": "#0"}
			}
		},
		{
			"name": "small0",
			"from": [8, 0.75324, 5.1209],
			"to": [8, 3.25324, 7.6209],
			"rotation": {"angle": -45, "axis": "x", "origin": [8, 2.00324, 6.3709]},
			"faces": {
				"north": {"uv": [0, 0, 0, 1.25], "texture": "#0"},
				"east": {"uv": [7, 11.6, 8, 12.6], "texture": "#0"},
				"south": {"uv": [0, 0, 0, 1.25], "texture": "#0"},
				"west": {"uv": [8, 11.59, 9, 12.59], "texture": "#0"},
				"up": {"uv": [0, 1.25, 0, 0], "texture": "#0"},
				"down": {"uv": [0, 0, 0, 1.25], "texture": "#0"}
			}
		},
		{
			"name": "red0",
			"from": [6.7495, 11.5, 7.75],
			"to": [6.7495, 14, 8.25],
			"rotation": {"angle": 22.5, "axis": "x", "origin": [6.7495, 11.75, 8]},
			"faces": {
				"north": {"uv": [0, 0, 0, 1.25], "texture": "#0"},
				"east": {"uv": [7, 0.2, 7.2, 1.2], "texture": "#0"},
				"south": {"uv": [0, 0, 0, 1.25], "texture": "#0"},
				"west": {"uv": [7.2, 0.2, 7.4, 1.2], "texture": "#0"},
				"up": {"uv": [0, 0.25, 0, 0], "texture": "#0"},
				"down": {"uv": [0, 0, 0, 0.25], "texture": "#0"}
			}
		},
		{
			"name": "white0",
			"from": [6.8245, 11.5, 7.75],
			"to": [6.8245, 12, 9.75],
			"rotation": {"angle": -22.5, "axis": "x", "origin": [9.2495, 11.75, 8]},
			"faces": {
				"north": {"uv": [0, 0, 0, 0.25], "texture": "#0"},
				"east": {"uv": [2, 7.6, 2.8, 7.8], "texture": "#0"},
				"south": {"uv": [0, 0, 0, 0.25], "texture": "#0"},
				"west": {"uv": [2.8, 7.6, 3.6, 7.8], "texture": "#0"},
				"up": {"uv": [0, 1, 0, 0], "texture": "#0"},
				"down": {"uv": [0, 0, 0, 1], "texture": "#0"}
			}
		},
		{
			"name": "bowstring",
			"from": [8, -7.75, 14.05],
			"to": [8, 21.25, 18.05],
			"faces": {
				"north": {"uv": [0, 0, 0, 14.5], "texture": "#3"},
				"east": {"uv": [4.25, 0, 6.25, 14.5], "texture": "#3"},
				"south": {"uv": [0, 0, 0, 14.5], "texture": "#3"},
				"west": {"uv": [6.25, 0, 4.25, 14.5], "texture": "#3"},
				"up": {"uv": [0, 2, 0, 0], "texture": "#3"},
				"down": {"uv": [0, 0, 0, 2], "texture": "#3"}
			}
		}
	],
	"gui_light": "front",
	"display": {
		"thirdperson_righthand": {
			"translation": [0, -0.75, 1.5]
		},
		"thirdperson_lefthand": {
			"translation": [0, -0.75, 1.5]
		},
		"firstperson_righthand": {
			"rotation": [13, 7, 0],
			"translation": [4.25, 10, -5.25]
		},
		"firstperson_lefthand": {
			"rotation": [13, 7, 0],
			"translation": [4.25, 10, -5.25]
		},
		"ground": {
			"rotation": [-45, 0, 0],
			"translation": [0, 13.5, -5]
		},
		"gui": {
			"rotation": [-90, 135, 90],
			"translation": [-0.75, 1.75, 0],
			"scale": [0.55, 0.55, 0.55]
		},
		"fixed": {
			"rotation": [90, -45, 90],
			"translation": [1.5, 2.75, -0.5],
			"scale": [0.7, 0.7, 0.7]
		}
	},
	"groups": [
		{
			"name": "arrow",
			"origin": [8.5, 9, 8],
			"color": 0,
			"children": [0, 1, 2, 3, 4]
		},
		{
			"name": "main",
			"origin": [8.5, 9, 8],
			"color": 0,
			"children": [5, 6, 7, 8, 9]
		},
		{
			"name": "up",
			"origin": [8, 18.09433, 9.16561],
			"color": 0,
			"children": [
				10,
				11,
				12,
				13,
				{
					"name": "group",
					"origin": [8, 21.9249, 10.81409],
					"color": 0,
					"children": [
						14,
						15,
						{
							"name": "group",
							"origin": [8, 20.9249, 11.31409],
							"color": 0,
							"children": [
								16,
								17,
								18,
								19,
								20,
								21,
								{
									"name": "group",
									"origin": [8, 17.21906, 7.51839],
									"color": 0,
									"children": [22, 23, 24, 25, 26]
								}
							]
						}
					]
				}
			]
		},
		{
			"name": "down",
			"origin": [8, 18.09433, 9.16561],
			"color": 0,
			"children": [
				27,
				28,
				29,
				30,
				{
					"name": "group",
					"origin": [8, -8.4249, 10.81409],
					"color": 0,
					"children": [
						31,
						32,
						{
							"name": "group",
							"origin": [8, -5.54717, 9.0828],
							"color": 0,
							"children": [
								{
									"name": "group",
									"origin": [8, -6.68725, 13.44783],
									"color": 0,
									"children": [33, 34, 35, 36, 37]
								},
								38,
								39,
								40,
								41
							]
						}
					]
				}
			]
		},
		{
			"name": "gear_big",
			"origin": [8, 0.51946, 5.53377],
			"color": 0,
			"children": [42]
		},
		{
			"name": "gear_small",
			"origin": [8, 0.45278, 12.01279],
			"color": 0,
			"children": [43]
		},
		{
			"name": "red",
			"origin": [10.499, 0.5, 8],
			"color": 0,
			"children": [44]
		},
		{
			"name": "white",
			"origin": [10.499, 0.5, 8],
			"color": 0,
			"children": [45]
		},
		46
	]
}