{
	"credit": "Made with Blockbench",
	"texture_size": [32, 32],
	"textures": {
		"0": "elitecreature:nightclub_furniture_v2/nightclub_chair_brown",
		"particle": "elitecreature:nightclub_furniture_v2/nightclub_chair_brown"
	},
	"elements": [
		{
			"from": [5, 0, 5],
			"to": [11, 1, 11],
			"faces": {
				"north": {"uv": [4, 7, 7, 7.5], "texture": "#0"},
				"east": {"uv": [4, 7, 7, 7.5], "texture": "#0"},
				"south": {"uv": [4, 7, 7, 7.5], "texture": "#0"},
				"west": {"uv": [4, 7, 7, 7.5], "texture": "#0"},
				"up": {"uv": [7, 7, 4, 4], "texture": "#0"},
				"down": {"uv": [7, 4, 4, 7], "texture": "#0"}
			}
		},
		{
			"from": [4, 4, 4],
			"to": [12, 4, 12],
			"faces": {
				"up": {"uv": [8, 4, 4, 0], "texture": "#0"},
				"down": {"uv": [8, 0, 4, 4], "texture": "#0"}
			}
		},
		{
			"from": [4, 12, 4],
			"to": [12, 15, 12],
			"faces": {
				"north": {"uv": [0, 8, 4, 9.5], "texture": "#0"},
				"east": {"uv": [0, 8, 4, 9.5], "texture": "#0"},
				"south": {"uv": [0, 8, 4, 9.5], "texture": "#0"},
				"west": {"uv": [0, 8, 4, 9.5], "texture": "#0"},
				"up": {"uv": [4, 4, 0, 0], "texture": "#0"},
				"down": {"uv": [4, 4, 0, 8], "texture": "#0"}
			}
		},
		{
			"from": [7, 1, 7],
			"to": [9, 12, 9],
			"faces": {
				"north": {"uv": [4, 7.5, 5, 13], "texture": "#0"},
				"east": {"uv": [4, 7.5, 5, 13], "texture": "#0"},
				"south": {"uv": [4, 7.5, 5, 13], "texture": "#0"},
				"west": {"uv": [4, 7.5, 5, 13], "texture": "#0"}
			}
		}
	],
	"gui_light": "front",
	"display": {
		"thirdperson_righthand": {
			"scale": [0.76, 0.76, 0.76]
		},
		"thirdperson_lefthand": {
			"scale": [0.76, 0.76, 0.76]
		},
		"ground": {
			"translation": [0, 7.75, 0]
		},
		"gui": {
			"rotation": [30, 225, 0],
			"scale": [0.625, 0.625, 0.625]
		},
		"head": {
			"translation": [0, -30.5, 0],
			"scale": [1.6, 1.6, 1.6]
		}
	}
}