{"credit":"MadewithBlockbench","textures":{"0":"minehammer:item/cosmetics/squirrel_tail","particle":"minehammer:item/cosmetics/squirrel_tail"},"elements":[{"from":[5,0,4],"to":[11,6,10],"faces":{"north":{"uv":[6.5,5,9.5,8],"rotation":180,"texture":"#0"},"east":{"uv":[7,10,4,13],"texture":"#0"},"south":{"uv":[6.5,5,9.5,8],"texture":"#0"},"west":{"uv":[4,10,7,13],"texture":"#0"},"up":{"uv":[7,10,10,13],"texture":"#0"},"down":{"uv":[6.5,5,9.5,8],"rotation":180,"texture":"#0"}}},{"from":[4,-4,10],"to":[12,16,16],"rotation":{"angle":-22.5,"axis":"x","origin":[0,0,0]},"faces":{"north":{"uv":[11,6,15,16],"rotation":180,"texture":"#0"},"east":{"uv":[14,0,11,10],"texture":"#0"},"south":{"uv":[0,5,4,15],"texture":"#0"},"west":{"uv":[11,0,14,10],"texture":"#0"},"up":{"uv":[6,5,10,8],"rotation":180,"texture":"#0"},"down":{"uv":[6,5,10,8],"texture":"#0"}}},{"from":[2,12,7],"to":[14,22,17],"faces":{"north":{"uv":[5,5,11,10],"texture":"#0"},"east":{"uv":[5,0,0,5],"texture":"#0"},"south":{"uv":[5,0,11,5],"texture":"#0"},"west":{"uv":[0,0,5,5],"texture":"#0"},"up":{"uv":[5,5,11,10],"texture":"#0"},"down":{"uv":[5,0,11,5],"rotation":180,"texture":"#0"}}}],"gui_light":"front","display":{"gui":{"rotation":[30,135,0],"translation":[-1,-2,0],"scale":[0.55,0.55,0.55]},"head":{"rotation":[15,0,0],"translation":[0,-49.75,10.5],"scale":[1.6,1.6,1.6]}}}