{
  "credit": "Made by PolygonMC",
  "texture_size": [
    32,
    32
  ],
  "textures": {
    "0": "littlebunny_set:chest",
    "particle": "littlebunny_set:chest"
  },
  "elements": [
    {
      "from": [
        5,
        7.38445,
        3.75
      ],
      "to": [
        11,
        7.88445,
        5.25
      ],
      "rotation": {
        "angle": 0,
        "axis": "y",
        "origin": [
          8,
          9.26428,
          8
        ]
      },
      "faces": {
        "north": {
          "uv": [
            9,
            10,
            12,
            10.25
          ],
          "texture": "#0"
        },
        "east": {
          "uv": [
            11.5,
            8,
            12.25,
            8.25
          ],
          "texture": "#0"
        },
        "south": {
          "uv": [
            9,
            10.5,
            12,
            10.75
          ],
          "texture": "#0"
        },
        "west": {
          "uv": [
            11.5,
            8.5,
            12.25,
            8.75
          ],
          "texture": "#0"
        },
        "up": {
          "uv": [
            11,
            9.25,
            8,
            8.5
          ],
          "texture": "#0"
        },
        "down": {
          "uv": [
            3,
            9,
            0,
            9.75
          ],
          "texture": "#0"
        }
      }
    },
    {
      "from": [
        3.5,
        7.38445,
        3.75
      ],
      "to": [
        5,
        7.88445,
        12.25
      ],
      "rotation": {
        "angle": 0,
        "axis": "y",
        "origin": [
          8,
          9.26428,
          8
        ]
      },
      "faces": {
        "north": {
          "uv": [
            9,
            11.5,
            9.75,
            11.75
          ],
          "texture": "#0"
        },
        "east": {
          "uv": [
            10,
            1,
            14.25,
            1.25
          ],
          "texture": "#0"
        },
        "south": {
          "uv": [
            11.5,
            9.5,
            12.25,
            9.75
          ],
          "texture": "#0"
        },
        "west": {
          "uv": [
            10,
            1.5,
            14.25,
            1.75
          ],
          "texture": "#0"
        },
        "up": {
          "uv": [
            5.25,
            11.75,
            4.5,
            7.5
          ],
          "texture": "#0"
        },
        "down": {
          "uv": [
            6.25,
            7.5,
            5.5,
            11.75
          ],
          "texture": "#0"
        }
      }
    },
    {
      "from": [
        4.01,
        10.29866,
        5.41421
      ],
      "to": [
        4.99,
        11.29866,
        10.58621
      ],
      "rotation": {
        "angle": 0,
        "axis": "x",
        "origin": [
          8,
          9.26428,
          8
        ]
      },
      "faces": {
        "east": {
          "uv": [
            9.5,
            5,
            12,
            5.5
          ],
          "texture": "#0"
        },
        "west": {
          "uv": [
            9,
            9.5,
            11.5,
            10
          ],
          "texture": "#0"
        },
        "up": {
          "uv": [
            7,
            10,
            6.5,
            7.5
          ],
          "texture": "#0"
        },
        "down": {
          "uv": [
            3.5,
            9,
            3,
            11.5
          ],
          "texture": "#0"
        }
      }
    },
    {
      "from": [
        4.005,
        6.87438,
        4.73305
      ],
      "to": [
        4.995,
        8.87438,
        5.73305
      ],
      "rotation": {
        "angle": 45,
        "axis": "x",
        "origin": [
          8,
          9.26428,
          8
        ]
      },
      "faces": {
        "north": {
          "uv": [
            6.5,
            10,
            7,
            11
          ],
          "texture": "#0"
        },
        "east": {
          "uv": [
            7,
            10,
            7.5,
            11
          ],
          "texture": "#0"
        },
        "south": {
          "uv": [
            7.5,
            10,
            8,
            11
          ],
          "texture": "#0"
        },
        "west": {
          "uv": [
            2,
            11,
            2.5,
            12
          ],
          "texture": "#0"
        },
        "up": {
          "uv": [
            11.5,
            11.5,
            11,
            11
          ],
          "texture": "#0"
        }
      }
    },
    {
      "from": [
        4,
        7.88445,
        4
      ],
      "to": [
        5,
        9.88445,
        5
      ],
      "rotation": {
        "angle": 0,
        "axis": "y",
        "origin": [
          8,
          9.26428,
          8
        ]
      },
      "faces": {
        "north": {
          "uv": [
            11,
            2,
            11.5,
            3
          ],
          "texture": "#0"
        },
        "east": {
          "uv": [
            2.5,
            11,
            3,
            12
          ],
          "texture": "#0"
        },
        "south": {
          "uv": [
            11,
            5.5,
            11.5,
            6.5
          ],
          "texture": "#0"
        },
        "west": {
          "uv": [
            6.5,
            11,
            7,
            12
          ],
          "texture": "#0"
        },
        "up": {
          "uv": [
            12,
            2.5,
            11.5,
            2
          ],
          "texture": "#0"
        },
        "down": {
          "uv": [
            12,
            2.5,
            11.5,
            3
          ],
          "texture": "#0"
        }
      }
    },
    {
      "from": [
        4.9,
        7.88374,
        4.50219
      ],
      "to": [
        11.1,
        9.88374,
        4.50219
      ],
      "rotation": {
        "angle": 0,
        "axis": "y",
        "origin": [
          8,
          9.26428,
          8
        ]
      },
      "faces": {
        "north": {
          "uv": [
            8,
            5.5,
            11,
            6.5
          ],
          "texture": "#0"
        },
        "east": {
          "uv": [
            0,
            0,
            0,
            1
          ],
          "texture": "#0"
        },
        "west": {
          "uv": [
            0,
            0,
            0,
            1
          ],
          "texture": "#0"
        },
        "up": {
          "uv": [
            3,
            0,
            0,
            0
          ],
          "texture": "#0"
        },
        "down": {
          "uv": [
            3,
            0,
            0,
            0
          ],
          "texture": "#0"
        }
      }
    },
    {
      "from": [
        4.9,
        7.22898,
        5.08865
      ],
      "to": [
        11.1,
        8.72898,
        5.08865
      ],
      "rotation": {
        "angle": 45,
        "axis": "x",
        "origin": [
          8,
          9.26428,
          8
        ]
      },
      "faces": {
        "north": {
          "uv": [
            9.5,
            4,
            12.5,
            4.75
          ],
          "texture": "#0"
        },
        "east": {
          "uv": [
            0,
            0,
            0,
            0.75
          ],
          "texture": "#0"
        },
        "west": {
          "uv": [
            0,
            0,
            0,
            0.75
          ],
          "texture": "#0"
        },
        "up": {
          "uv": [
            3,
            0,
            0,
            0
          ],
          "texture": "#0"
        },
        "down": {
          "uv": [
            3,
            0,
            0,
            0
          ],
          "texture": "#0"
        }
      }
    },
    {
      "from": [
        4.9,
        10.94411,
        5.5625
      ],
      "to": [
        11.1,
        10.94411,
        10.4375
      ],
      "rotation": {
        "angle": 0,
        "axis": "x",
        "origin": [
          8,
          9.26428,
          8
        ]
      },
      "faces": {
        "north": {
          "uv": [
            0,
            0,
            3,
            0
          ],
          "texture": "#0"
        },
        "east": {
          "uv": [
            0,
            0,
            2.5,
            0
          ],
          "texture": "#0"
        },
        "south": {
          "uv": [
            0,
            0,
            3,
            0
          ],
          "texture": "#0"
        },
        "west": {
          "uv": [
            0,
            0,
            2.5,
            0
          ],
          "texture": "#0"
        },
        "up": {
          "uv": [
            6.5,
            5.5,
            3.5,
            3
          ],
          "texture": "#0"
        }
      }
    },
    {
      "from": [
        4.25,
        7.88445,
        5
      ],
      "to": [
        4.25,
        10.38445,
        11
      ],
      "rotation": {
        "angle": 0,
        "axis": "y",
        "origin": [
          8,
          9.26428,
          8
        ]
      },
      "faces": {
        "north": {
          "uv": [
            0,
            0,
            0,
            1.25
          ],
          "texture": "#0"
        },
        "south": {
          "uv": [
            0,
            0,
            0,
            1.25
          ],
          "texture": "#0"
        },
        "west": {
          "uv": [
            6.5,
            4,
            9.5,
            5.25
          ],
          "texture": "#0"
        },
        "up": {
          "uv": [
            0,
            3,
            0,
            0
          ],
          "texture": "#0"
        },
        "down": {
          "uv": [
            0,
            0,
            0,
            3
          ],
          "texture": "#0"
        }
      }
    },
    {
      "from": [
        5,
        7.58445,
        5
      ],
      "to": [
        11,
        7.58445,
        11
      ],
      "rotation": {
        "angle": 0,
        "axis": "y",
        "origin": [
          8,
          9.26428,
          8
        ]
      },
      "faces": {
        "north": {
          "uv": [
            0,
            0,
            3,
            0
          ],
          "texture": "#0"
        },
        "east": {
          "uv": [
            0,
            0,
            3,
            0
          ],
          "texture": "#0"
        },
        "south": {
          "uv": [
            0,
            0,
            3,
            0
          ],
          "texture": "#0"
        },
        "west": {
          "uv": [
            0,
            0,
            3,
            0
          ],
          "texture": "#0"
        },
        "down": {
          "uv": [
            6.5,
            0,
            3.5,
            3
          ],
          "texture": "#0"
        }
      }
    },
    {
      "from": [
        5,
        7.38445,
        10.75
      ],
      "to": [
        11,
        7.88445,
        12.25
      ],
      "rotation": {
        "angle": 0,
        "axis": "y",
        "origin": [
          8,
          9.26428,
          8
        ]
      },
      "faces": {
        "north": {
          "uv": [
            12,
            10.5,
            9,
            10.75
          ],
          "texture": "#0"
        },
        "east": {
          "uv": [
            12.25,
            8,
            11.5,
            8.25
          ],
          "texture": "#0"
        },
        "south": {
          "uv": [
            12,
            10,
            9,
            10.25
          ],
          "texture": "#0"
        },
        "west": {
          "uv": [
            12.25,
            8.5,
            11.5,
            8.75
          ],
          "texture": "#0"
        },
        "up": {
          "uv": [
            11,
            8.5,
            8,
            9.25
          ],
          "texture": "#0"
        },
        "down": {
          "uv": [
            3,
            9.75,
            0,
            9
          ],
          "texture": "#0"
        }
      }
    },
    {
      "from": [
        11,
        7.38445,
        3.75
      ],
      "to": [
        12.5,
        7.88445,
        12.25
      ],
      "rotation": {
        "angle": 0,
        "axis": "y",
        "origin": [
          8,
          9.26428,
          8
        ]
      },
      "faces": {
        "north": {
          "uv": [
            9.75,
            11.5,
            9,
            11.75
          ],
          "texture": "#0"
        },
        "east": {
          "uv": [
            14.25,
            1.5,
            10,
            1.75
          ],
          "texture": "#0"
        },
        "south": {
          "uv": [
            12.25,
            9.5,
            11.5,
            9.75
          ],
          "texture": "#0"
        },
        "west": {
          "uv": [
            14.25,
            1,
            10,
            1.25
          ],
          "texture": "#0"
        },
        "up": {
          "uv": [
            4.5,
            11.75,
            5.25,
            7.5
          ],
          "texture": "#0"
        },
        "down": {
          "uv": [
            5.5,
            7.5,
            6.25,
            11.75
          ],
          "texture": "#0"
        }
      }
    },
    {
      "from": [
        4.005,
        6.87438,
        10.26695
      ],
      "to": [
        4.995,
        8.87438,
        11.26695
      ],
      "rotation": {
        "angle": -45,
        "axis": "x",
        "origin": [
          8,
          9.26428,
          8
        ]
      },
      "faces": {
        "north": {
          "uv": [
            8,
            10,
            7.5,
            11
          ],
          "texture": "#0"
        },
        "east": {
          "uv": [
            7.5,
            10,
            7,
            11
          ],
          "texture": "#0"
        },
        "south": {
          "uv": [
            7,
            10,
            6.5,
            11
          ],
          "texture": "#0"
        },
        "west": {
          "uv": [
            2.5,
            11,
            2,
            12
          ],
          "texture": "#0"
        },
        "up": {
          "uv": [
            11.5,
            11,
            11,
            11.5
          ],
          "texture": "#0"
        }
      }
    },
    {
      "from": [
        4,
        7.88445,
        11
      ],
      "to": [
        5,
        9.88445,
        12
      ],
      "rotation": {
        "angle": 0,
        "axis": "y",
        "origin": [
          8,
          9.26428,
          8
        ]
      },
      "faces": {
        "north": {
          "uv": [
            11.5,
            5.5,
            11,
            6.5
          ],
          "texture": "#0"
        },
        "east": {
          "uv": [
            3,
            11,
            2.5,
            12
          ],
          "texture": "#0"
        },
        "south": {
          "uv": [
            11.5,
            2,
            11,
            3
          ],
          "texture": "#0"
        },
        "west": {
          "uv": [
            7,
            11,
            6.5,
            12
          ],
          "texture": "#0"
        },
        "up": {
          "uv": [
            12,
            2,
            11.5,
            2.5
          ],
          "texture": "#0"
        },
        "down": {
          "uv": [
            12,
            3,
            11.5,
            2.5
          ],
          "texture": "#0"
        }
      }
    },
    {
      "from": [
        11,
        7.88445,
        4
      ],
      "to": [
        12,
        9.88445,
        5
      ],
      "rotation": {
        "angle": 0,
        "axis": "y",
        "origin": [
          8,
          9.26428,
          8
        ]
      },
      "faces": {
        "north": {
          "uv": [
            11.5,
            2,
            11,
            3
          ],
          "texture": "#0"
        },
        "east": {
          "uv": [
            7,
            11,
            6.5,
            12
          ],
          "texture": "#0"
        },
        "south": {
          "uv": [
            11.5,
            5.5,
            11,
            6.5
          ],
          "texture": "#0"
        },
        "west": {
          "uv": [
            3,
            11,
            2.5,
            12
          ],
          "texture": "#0"
        },
        "up": {
          "uv": [
            11.5,
            2.5,
            12,
            2
          ],
          "texture": "#0"
        },
        "down": {
          "uv": [
            11.5,
            2.5,
            12,
            3
          ],
          "texture": "#0"
        }
      }
    },
    {
      "from": [
        11.005,
        6.87438,
        4.73305
      ],
      "to": [
        11.995,
        8.87438,
        5.73305
      ],
      "rotation": {
        "angle": 45,
        "axis": "x",
        "origin": [
          8,
          9.26428,
          8
        ]
      },
      "faces": {
        "north": {
          "uv": [
            7,
            10,
            6.5,
            11
          ],
          "texture": "#0"
        },
        "east": {
          "uv": [
            2.5,
            11,
            2,
            12
          ],
          "texture": "#0"
        },
        "south": {
          "uv": [
            8,
            10,
            7.5,
            11
          ],
          "texture": "#0"
        },
        "west": {
          "uv": [
            7.5,
            10,
            7,
            11
          ],
          "texture": "#0"
        },
        "up": {
          "uv": [
            11,
            11.5,
            11.5,
            11
          ],
          "texture": "#0"
        }
      }
    },
    {
      "from": [
        11.01,
        10.29866,
        5.41421
      ],
      "to": [
        11.99,
        11.29866,
        10.58621
      ],
      "rotation": {
        "angle": 0,
        "axis": "x",
        "origin": [
          8,
          9.26428,
          8
        ]
      },
      "faces": {
        "east": {
          "uv": [
            11.5,
            9.5,
            9,
            10
          ],
          "texture": "#0"
        },
        "west": {
          "uv": [
            12,
            5,
            9.5,
            5.5
          ],
          "texture": "#0"
        },
        "up": {
          "uv": [
            6.5,
            10,
            7,
            7.5
          ],
          "texture": "#0"
        },
        "down": {
          "uv": [
            3,
            9,
            3.5,
            11.5
          ],
          "texture": "#0"
        }
      }
    },
    {
      "from": [
        11.005,
        6.87438,
        10.26695
      ],
      "to": [
        11.995,
        8.87438,
        11.26695
      ],
      "rotation": {
        "angle": -45,
        "axis": "x",
        "origin": [
          8,
          9.26428,
          8
        ]
      },
      "faces": {
        "north": {
          "uv": [
            7.5,
            10,
            8,
            11
          ],
          "texture": "#0"
        },
        "east": {
          "uv": [
            2,
            11,
            2.5,
            12
          ],
          "texture": "#0"
        },
        "south": {
          "uv": [
            6.5,
            10,
            7,
            11
          ],
          "texture": "#0"
        },
        "west": {
          "uv": [
            7,
            10,
            7.5,
            11
          ],
          "texture": "#0"
        },
        "up": {
          "uv": [
            11,
            11,
            11.5,
            11.5
          ],
          "texture": "#0"
        }
      }
    },
    {
      "from": [
        11,
        7.88445,
        11
      ],
      "to": [
        12,
        9.88445,
        12
      ],
      "rotation": {
        "angle": 0,
        "axis": "y",
        "origin": [
          8,
          9.26428,
          8
        ]
      },
      "faces": {
        "north": {
          "uv": [
            11,
            5.5,
            11.5,
            6.5
          ],
          "texture": "#0"
        },
        "east": {
          "uv": [
            6.5,
            11,
            7,
            12
          ],
          "texture": "#0"
        },
        "south": {
          "uv": [
            11,
            2,
            11.5,
            3
          ],
          "texture": "#0"
        },
        "west": {
          "uv": [
            2.5,
            11,
            3,
            12
          ],
          "texture": "#0"
        },
        "up": {
          "uv": [
            11.5,
            2,
            12,
            2.5
          ],
          "texture": "#0"
        },
        "down": {
          "uv": [
            11.5,
            3,
            12,
            2.5
          ],
          "texture": "#0"
        }
      }
    },
    {
      "from": [
        4.9,
        7.88374,
        11.49781
      ],
      "to": [
        11.1,
        9.88374,
        11.49781
      ],
      "rotation": {
        "angle": 0,
        "axis": "y",
        "origin": [
          8,
          9.26428,
          8
        ]
      },
      "faces": {
        "east": {
          "uv": [
            0,
            0,
            0,
            1
          ],
          "texture": "#0"
        },
        "south": {
          "uv": [
            11,
            5.5,
            8,
            6.5
          ],
          "texture": "#0"
        },
        "west": {
          "uv": [
            0,
            0,
            0,
            1
          ],
          "texture": "#0"
        },
        "up": {
          "uv": [
            3,
            0,
            0,
            0
          ],
          "texture": "#0"
        },
        "down": {
          "uv": [
            3,
            0,
            0,
            0
          ],
          "texture": "#0"
        }
      }
    },
    {
      "from": [
        4.9,
        7.22898,
        10.91135
      ],
      "to": [
        11.1,
        8.72898,
        10.91135
      ],
      "rotation": {
        "angle": -45,
        "axis": "x",
        "origin": [
          8,
          9.26428,
          8
        ]
      },
      "faces": {
        "east": {
          "uv": [
            0,
            0,
            0,
            0.75
          ],
          "texture": "#0"
        },
        "south": {
          "uv": [
            9.5,
            4,
            12.5,
            4.75
          ],
          "texture": "#0"
        },
        "west": {
          "uv": [
            0,
            0,
            0,
            0.75
          ],
          "texture": "#0"
        },
        "up": {
          "uv": [
            0,
            0,
            3,
            0
          ],
          "texture": "#0"
        },
        "down": {
          "uv": [
            0,
            0,
            3,
            0
          ],
          "texture": "#0"
        }
      }
    },
    {
      "from": [
        11.75,
        7.88445,
        5
      ],
      "to": [
        11.75,
        10.38445,
        11
      ],
      "rotation": {
        "angle": 0,
        "axis": "y",
        "origin": [
          8,
          9.26428,
          8
        ]
      },
      "faces": {
        "north": {
          "uv": [
            0,
            0,
            0,
            1.25
          ],
          "texture": "#0"
        },
        "east": {
          "uv": [
            9.5,
            4,
            6.5,
            5.25
          ],
          "texture": "#0"
        },
        "south": {
          "uv": [
            0,
            0,
            0,
            1.25
          ],
          "texture": "#0"
        },
        "up": {
          "uv": [
            0,
            3,
            0,
            0
          ],
          "texture": "#0"
        },
        "down": {
          "uv": [
            0,
            0,
            0,
            3
          ],
          "texture": "#0"
        }
      }
    },
    {
      "from": [
        4,
        3.13445,
        4
      ],
      "to": [
        5,
        7.13445,
        5
      ],
      "rotation": {
        "angle": 0,
        "axis": "y",
        "origin": [
          0,
          3.13445,
          0
        ]
      },
      "faces": {
        "north": {
          "uv": [
            0,
            10,
            0.5,
            12
          ],
          "texture": "#0"
        },
        "east": {
          "uv": [
            0.5,
            10,
            1,
            12
          ],
          "texture": "#0"
        },
        "south": {
          "uv": [
            1,
            10,
            1.5,
            12
          ],
          "texture": "#0"
        },
        "west": {
          "uv": [
            1.5,
            10,
            2,
            12
          ],
          "texture": "#0"
        },
        "up": {
          "uv": [
            10.5,
            11.5,
            10,
            11
          ],
          "texture": "#0"
        },
        "down": {
          "uv": [
            11,
            11,
            10.5,
            11.5
          ],
          "texture": "#0"
        }
      }
    },
    {
      "from": [
        4.5,
        3.38445,
        4.5
      ],
      "to": [
        11.5,
        6.88445,
        11.5
      ],
      "rotation": {
        "angle": 0,
        "axis": "y",
        "origin": [
          0,
          3.13445,
          0
        ]
      },
      "faces": {
        "north": {
          "uv": [
            3.5,
            5.5,
            7,
            7.25
          ],
          "texture": "#0"
        },
        "east": {
          "uv": [
            6.5,
            0,
            10,
            1.75
          ],
          "texture": "#0"
        },
        "south": {
          "uv": [
            6.5,
            2,
            10,
            3.75
          ],
          "texture": "#0"
        },
        "west": {
          "uv": [
            0,
            7,
            3.5,
            8.75
          ],
          "texture": "#0"
        },
        "up": {
          "uv": [
            3.5,
            3.5,
            0,
            0
          ],
          "texture": "#0"
        },
        "down": {
          "uv": [
            3.5,
            3.5,
            0,
            7
          ],
          "texture": "#0"
        }
      }
    },
    {
      "from": [
        3.5,
        6.88445,
        3.75
      ],
      "to": [
        5,
        7.38445,
        12.25
      ],
      "rotation": {
        "angle": 0,
        "axis": "y",
        "origin": [
          0,
          3.13445,
          0
        ]
      },
      "faces": {
        "north": {
          "uv": [
            11.5,
            6,
            12.25,
            6.25
          ],
          "texture": "#0"
        },
        "east": {
          "uv": [
            10,
            0,
            14.25,
            0.25
          ],
          "texture": "#0"
        },
        "south": {
          "uv": [
            11.5,
            7,
            12.25,
            7.25
          ],
          "texture": "#0"
        },
        "west": {
          "uv": [
            10,
            0.5,
            14.25,
            0.75
          ],
          "texture": "#0"
        },
        "up": {
          "uv": [
            7.75,
            9.75,
            7,
            5.5
          ],
          "texture": "#0"
        },
        "down": {
          "uv": [
            4.25,
            7.5,
            3.5,
            11.75
          ],
          "texture": "#0"
        }
      }
    },
    {
      "from": [
        5,
        6.88445,
        3.75
      ],
      "to": [
        11,
        7.38445,
        5.25
      ],
      "rotation": {
        "angle": 0,
        "axis": "y",
        "origin": [
          8,
          7.63445,
          8
        ]
      },
      "faces": {
        "north": {
          "uv": [
            10,
            3,
            13,
            3.25
          ],
          "texture": "#0"
        },
        "east": {
          "uv": [
            11.5,
            7.5,
            12.25,
            7.75
          ],
          "texture": "#0"
        },
        "south": {
          "uv": [
            10,
            3.5,
            13,
            3.75
          ],
          "texture": "#0"
        },
        "west": {
          "uv": [
            8,
            11.5,
            8.75,
            11.75
          ],
          "texture": "#0"
        },
        "up": {
          "uv": [
            11,
            7.25,
            8,
            6.5
          ],
          "texture": "#0"
        },
        "down": {
          "uv": [
            11,
            7.5,
            8,
            8.25
          ],
          "texture": "#0"
        }
      }
    },
    {
      "from": [
        3.5,
        4.88445,
        7
      ],
      "to": [
        4.5,
        5.88445,
        9
      ],
      "rotation": {
        "angle": 0,
        "axis": "y",
        "origin": [
          0,
          3.13445,
          7
        ]
      },
      "faces": {
        "north": {
          "uv": [
            3,
            11.5,
            3.5,
            12
          ],
          "texture": "#0"
        },
        "south": {
          "uv": [
            11.5,
            5.5,
            12,
            6
          ],
          "texture": "#0"
        },
        "west": {
          "uv": [
            11,
            6.5,
            12,
            7
          ],
          "texture": "#0"
        },
        "up": {
          "uv": [
            7.5,
            12,
            7,
            11
          ],
          "texture": "#0"
        },
        "down": {
          "uv": [
            11.5,
            7,
            11,
            8
          ],
          "texture": "#0"
        }
      }
    },
    {
      "from": [
        2.5,
        4.88445,
        6
      ],
      "to": [
        4,
        4.93445,
        10
      ],
      "rotation": {
        "angle": 45,
        "axis": "z",
        "origin": [
          3.25,
          5.40945,
          8
        ]
      },
      "faces": {
        "up": {
          "uv": [
            8.75,
            11.5,
            8,
            9.5
          ],
          "texture": "#0"
        },
        "down": {
          "uv": [
            8.75,
            11.5,
            8,
            9.5
          ],
          "texture": "#0"
        }
      }
    },
    {
      "from": [
        7,
        6.13445,
        3.5
      ],
      "to": [
        9,
        8.13445,
        4.5
      ],
      "rotation": {
        "angle": -45,
        "axis": "z",
        "origin": [
          8,
          7.13445,
          4
        ]
      },
      "faces": {
        "north": {
          "uv": [
            2,
            10,
            3,
            11
          ],
          "texture": "#0"
        },
        "east": {
          "uv": [
            7.5,
            11,
            8,
            12
          ],
          "texture": "#0"
        },
        "south": {
          "uv": [
            10,
            2,
            11,
            3
          ],
          "texture": "#0"
        },
        "west": {
          "uv": [
            11,
            8,
            11.5,
            9
          ],
          "texture": "#0"
        },
        "up": {
          "uv": [
            10,
            11.5,
            9,
            11
          ],
          "texture": "#0"
        },
        "down": {
          "uv": [
            12,
            9,
            11,
            9.5
          ],
          "texture": "#0"
        }
      }
    },
    {
      "from": [
        11,
        3.13445,
        4
      ],
      "to": [
        12,
        7.13445,
        5
      ],
      "rotation": {
        "angle": 0,
        "axis": "y",
        "origin": [
          16,
          3.13445,
          0
        ]
      },
      "faces": {
        "north": {
          "uv": [
            0.5,
            10,
            0,
            12
          ],
          "texture": "#0"
        },
        "east": {
          "uv": [
            2,
            10,
            1.5,
            12
          ],
          "texture": "#0"
        },
        "south": {
          "uv": [
            1.5,
            10,
            1,
            12
          ],
          "texture": "#0"
        },
        "west": {
          "uv": [
            1,
            10,
            0.5,
            12
          ],
          "texture": "#0"
        },
        "up": {
          "uv": [
            10,
            11.5,
            10.5,
            11
          ],
          "texture": "#0"
        },
        "down": {
          "uv": [
            10.5,
            11,
            11,
            11.5
          ],
          "texture": "#0"
        }
      }
    },
    {
      "from": [
        4,
        3.13445,
        11
      ],
      "to": [
        5,
        7.13445,
        12
      ],
      "rotation": {
        "angle": 0,
        "axis": "y",
        "origin": [
          0,
          3.13445,
          16
        ]
      },
      "faces": {
        "north": {
          "uv": [
            1.5,
            10,
            1,
            12
          ],
          "texture": "#0"
        },
        "east": {
          "uv": [
            1,
            10,
            0.5,
            12
          ],
          "texture": "#0"
        },
        "south": {
          "uv": [
            0.5,
            10,
            0,
            12
          ],
          "texture": "#0"
        },
        "west": {
          "uv": [
            2,
            10,
            1.5,
            12
          ],
          "texture": "#0"
        },
        "up": {
          "uv": [
            10.5,
            11,
            10,
            11.5
          ],
          "texture": "#0"
        },
        "down": {
          "uv": [
            11,
            11.5,
            10.5,
            11
          ],
          "texture": "#0"
        }
      }
    },
    {
      "from": [
        11,
        3.13445,
        11
      ],
      "to": [
        12,
        7.13445,
        12
      ],
      "rotation": {
        "angle": 0,
        "axis": "y",
        "origin": [
          16,
          3.13445,
          16
        ]
      },
      "faces": {
        "north": {
          "uv": [
            1,
            10,
            1.5,
            12
          ],
          "texture": "#0"
        },
        "east": {
          "uv": [
            1.5,
            10,
            2,
            12
          ],
          "texture": "#0"
        },
        "south": {
          "uv": [
            0,
            10,
            0.5,
            12
          ],
          "texture": "#0"
        },
        "west": {
          "uv": [
            0.5,
            10,
            1,
            12
          ],
          "texture": "#0"
        },
        "up": {
          "uv": [
            10,
            11,
            10.5,
            11.5
          ],
          "texture": "#0"
        },
        "down": {
          "uv": [
            10.5,
            11.5,
            11,
            11
          ],
          "texture": "#0"
        }
      }
    },
    {
      "from": [
        11,
        6.88445,
        3.75
      ],
      "to": [
        12.5,
        7.38445,
        12.25
      ],
      "rotation": {
        "angle": 0,
        "axis": "y",
        "origin": [
          16,
          3.13445,
          0
        ]
      },
      "faces": {
        "north": {
          "uv": [
            12.25,
            6,
            11.5,
            6.25
          ],
          "texture": "#0"
        },
        "east": {
          "uv": [
            14.25,
            0.5,
            10,
            0.75
          ],
          "texture": "#0"
        },
        "south": {
          "uv": [
            12.25,
            7,
            11.5,
            7.25
          ],
          "texture": "#0"
        },
        "west": {
          "uv": [
            14.25,
            0,
            10,
            0.25
          ],
          "texture": "#0"
        },
        "up": {
          "uv": [
            7,
            9.75,
            7.75,
            5.5
          ],
          "texture": "#0"
        },
        "down": {
          "uv": [
            3.5,
            7.5,
            4.25,
            11.75
          ],
          "texture": "#0"
        }
      }
    },
    {
      "from": [
        5,
        6.88445,
        10.75
      ],
      "to": [
        11,
        7.38445,
        12.25
      ],
      "rotation": {
        "angle": 0,
        "axis": "y",
        "origin": [
          8,
          7.63445,
          8
        ]
      },
      "faces": {
        "north": {
          "uv": [
            13,
            3.5,
            10,
            3.75
          ],
          "texture": "#0"
        },
        "east": {
          "uv": [
            12.25,
            7.5,
            11.5,
            7.75
          ],
          "texture": "#0"
        },
        "south": {
          "uv": [
            13,
            3,
            10,
            3.25
          ],
          "texture": "#0"
        },
        "west": {
          "uv": [
            8.75,
            11.5,
            8,
            11.75
          ],
          "texture": "#0"
        },
        "up": {
          "uv": [
            11,
            6.5,
            8,
            7.25
          ],
          "texture": "#0"
        },
        "down": {
          "uv": [
            11,
            8.25,
            8,
            7.5
          ],
          "texture": "#0"
        }
      }
    },
    {
      "from": [
        12,
        4.88445,
        6
      ],
      "to": [
        13.5,
        4.93445,
        10
      ],
      "rotation": {
        "angle": -45,
        "axis": "z",
        "origin": [
          12.75,
          5.40945,
          8
        ]
      },
      "faces": {
        "up": {
          "uv": [
            8,
            11.5,
            8.75,
            9.5
          ],
          "texture": "#0"
        },
        "down": {
          "uv": [
            8,
            11.5,
            8.75,
            9.5
          ],
          "texture": "#0"
        }
      }
    },
    {
      "from": [
        11.5,
        4.88445,
        7
      ],
      "to": [
        12.5,
        5.88445,
        9
      ],
      "rotation": {
        "angle": 0,
        "axis": "y",
        "origin": [
          16,
          3.13445,
          7
        ]
      },
      "faces": {
        "north": {
          "uv": [
            3.5,
            11.5,
            3,
            12
          ],
          "texture": "#0"
        },
        "east": {
          "uv": [
            12,
            6.5,
            11,
            7
          ],
          "texture": "#0"
        },
        "south": {
          "uv": [
            12,
            5.5,
            11.5,
            6
          ],
          "texture": "#0"
        },
        "up": {
          "uv": [
            7,
            12,
            7.5,
            11
          ],
          "texture": "#0"
        },
        "down": {
          "uv": [
            11,
            7,
            11.5,
            8
          ],
          "texture": "#0"
        }
      }
    }
  ],
  "gui_light": "front",
  "display": {
    "thirdperson_righthand": {
      "rotation": [
        66.25,
        0,
        0
      ],
      "translation": [
        0,
        3.75,
        3
      ]
    },
    "thirdperson_lefthand": {
      "rotation": [
        66.25,
        0,
        0
      ],
      "translation": [
        0,
        3.75,
        3
      ]
    },
    "firstperson_righthand": {
      "rotation": [
        158.75,
        0,
        180
      ],
      "translation": [
        -2.25,
        4.5,
        0
      ]
    },
    "firstperson_lefthand": {
      "rotation": [
        158.75,
        0,
        180
      ],
      "translation": [
        -2.25,
        4.5,
        0
      ]
    },
    "ground": {
      "translation": [
        0,
        8,
        0
      ]
    },
    "gui": {
      "rotation": [
        0,
        135,
        0
      ],
      "translation": [
        0,
        0.75,
        0
      ],
      "scale": [
        1.27344,
        1.27344,
        1.27344
      ]
    },
    "head": {
      "rotation": [
        0,
        180,
        0
      ],
      "translation": [
        0,
        -29,
        0
      ],
      "scale": [
        2.92578,
        2.92578,
        2.92578
      ]
    },
    "fixed": {
      "rotation": [
        -90,
        0,
        0
      ],
      "translation": [
        0,
        0,
        -19.25
      ],
      "scale": [
        3.9707,
        3.9707,
        3.9707
      ]
    }
  }
}