{
	"credit": "Made For MegaCraft",
	"texture_size": [64, 64],
	"textures": {
		"0": "mega:balloons/ballon",
		"particle": "mega:balloons/ballon"
	},
	"elements": [
		{
			"from": [6, 0, 6],
			"to": [10, 1, 10],
			"faces": {
				"north": {"uv": [5.5, 8.5, 6.5, 8.75], "texture": "#0"},
				"east": {"uv": [8.5, 5.5, 9.5, 5.75], "texture": "#0"},
				"south": {"uv": [8.5, 6, 9.5, 6.25], "texture": "#0"},
				"west": {"uv": [8.5, 6.5, 9.5, 6.75], "texture": "#0"},
				"up": {"uv": [5.25, 9.5, 4.25, 8.5], "texture": "#0"},
				"down": {"uv": [9.5, 4.25, 8.5, 5.25], "texture": "#0"}
			}
		},
		{
			"from": [7, 1, 7],
			"to": [9, 3, 9],
			"faces": {
				"north": {"uv": [6.75, 8.5, 7.25, 9], "texture": "#0"},
				"east": {"uv": [8.5, 7, 9, 7.5], "texture": "#0"},
				"south": {"uv": [7.5, 8.5, 8, 9], "texture": "#0"},
				"west": {"uv": [8.5, 7.75, 9, 8.25], "texture": "#0"},
				"up": {"uv": [8.75, 9, 8.25, 8.5], "texture": "#0"},
				"down": {"uv": [6, 9, 5.5, 9.5], "texture": "#0"}
			}
		},
		{
			"from": [0, 3, 0],
			"to": [16, 19, 16],
			"faces": {
				"north": {"uv": [0, 0, 4, 4], "texture": "#0"},
				"east": {"uv": [0, 4.25, 4, 8.25], "texture": "#0"},
				"south": {"uv": [4.25, 0, 8.25, 4], "texture": "#0"},
				"west": {"uv": [4.25, 4.25, 8.25, 8.25], "texture": "#0"},
				"up": {"uv": [4, 12.5, 0, 8.5], "texture": "#0"},
				"down": {"uv": [12.5, 0, 8.5, 4], "texture": "#0"}
			}
		}
	],
	"display": {
		"ground": {
			"translation": [0, 7.25, 0]
		},
		"gui": {
			"rotation": [5.75, -11, 0],
			"translation": [0, -1, 0],
			"scale": [0.5, 0.5, 0.5]
		},
		"head": {
			"rotation": [17.25, 0, 0],
			"translation": [0.25, 12.5, 4.5],
			"scale": [2, 2, 2]
		},
		"fixed": {
			"rotation": [-90, 0, 0],
			"translation": [0, 0.5, -17.25],
			"scale": [2, 2, 2]
		}
	},
	"groups": [
		{
			"name": "group",
			"origin": [0, 0, 0],
			"color": 0,
			"children": [0, 1, 2]
		}
	]
}