{
	"textures": {
		"0": "minehammer:item/cosmetics/staff_hat",
		"particle": "minehammer:item/cosmetics/staff_hat"
	},
	"elements": [
		{
			"from": [8.58361, 7.27856, 4.875],
			"to": [10.58361, 7.52856, 7.375],
			"rotation": {"angle": -22.5, "axis": "z", "origin": [8.80861, 7.00356, 6.375]},
			"faces": {
				"north": {"uv": [6, 10, 7.875, 10.25], "texture": "#0"},
				"east": {"uv": [14, 2, 15.5, 2.25], "texture": "#0"},
				"south": {"uv": [0, 13, 1.875, 13.25], "texture": "#0"},
				"west": {"uv": [3, 14, 4.5, 14.25], "texture": "#0"},
				"up": {"uv": [10.875, 12.5, 9, 11], "texture": "#0"},
				"down": {"uv": [12.875, 10, 11, 11.5], "texture": "#0"}
			}
		},
		{
			"from": [6.95224, 6.8176, 4.875],
			"to": [8.95224, 7.0676, 7.375],
			"rotation": {"angle": 22.5, "axis": "z", "origin": [7.60224, 6.9426, 6.376]},
			"faces": {
				"north": {"uv": [13, 0, 14.875, 0.25], "texture": "#0"},
				"east": {"uv": [14, 3, 15.5, 3.25], "texture": "#0"},
				"south": {"uv": [13, 1, 14.875, 1.25], "texture": "#0"},
				"west": {"uv": [14, 4, 15.5, 4.25], "texture": "#0"},
				"up": {"uv": [13.875, 3.5, 12, 2], "texture": "#0"},
				"down": {"uv": [4.875, 12, 3, 13.5], "texture": "#0"}
			}
		},
		{
			"from": [7.08623, 8.27034, 7.4],
			"to": [10.53623, 8.57034, 11.15],
			"rotation": {"angle": 0, "axis": "y", "origin": [7.51123, 6.89534, 6.8]},
			"faces": {
				"north": {"uv": [4, 8, 7.125, 9.5], "texture": "#0"},
				"east": {"uv": [4, 8, 7.125, 9.5], "texture": "#0"},
				"south": {"uv": [4, 8, 7.125, 9.5], "texture": "#0"},
				"west": {"uv": [4, 8, 7.125, 9.5], "texture": "#0"},
				"up": {"uv": [2.9375, 3.25, 0, 0], "texture": "#0"},
				"down": {"uv": [5.9375, 0, 3, 3.25], "texture": "#0"}
			}
		},
		{
			"from": [7.48623, 8.32034, 8],
			"to": [10.13623, 8.62034, 10.65],
			"rotation": {"angle": 0, "axis": "y", "origin": [7.51123, 6.89534, 6.8]},
			"faces": {
				"north": {"uv": [16, 14, 18.125, 14.0625], "texture": "#0"},
				"east": {"uv": [16, 15, 18.125, 15.0625], "texture": "#0"},
				"south": {"uv": [17, 0, 19.125, 0.0625], "texture": "#0"},
				"west": {"uv": [17, 1, 19.125, 1.0625], "texture": "#0"},
				"up": {"uv": [10.125, 10.125, 8, 8], "texture": "#0"},
				"down": {"uv": [2.125, 10, 0, 12.125], "texture": "#0"}
			}
		},
		{
			"from": [7.98623, 8.37034, 8.5],
			"to": [9.68623, 8.67034, 10.2],
			"rotation": {"angle": 0, "axis": "y", "origin": [8.06123, 7.92034, 8.375]},
			"faces": {
				"north": {"uv": [2, 17, 3.1875, 17.0625], "texture": "#0"},
				"east": {"uv": [17, 2, 18.1875, 2.0625], "texture": "#0"},
				"south": {"uv": [17, 3, 18.1875, 3.0625], "texture": "#0"},
				"west": {"uv": [17, 5, 18.1875, 5.0625], "texture": "#0"},
				"up": {"uv": [13.1875, 5.1875, 12, 4], "texture": "#0"},
				"down": {"uv": [12.1875, 12, 11, 13.1875], "texture": "#0"}
			}
		},
		{
			"from": [8.28623, 8.44534, 8.8],
			"to": [9.38623, 8.74534, 9.9],
			"rotation": {"angle": 0, "axis": "y", "origin": [8.06123, 7.92034, 8.375]},
			"faces": {
				"north": {"uv": [4, 8, 7.125, 9.5], "texture": "#0"},
				"east": {"uv": [4, 8, 7.125, 9.5], "texture": "#0"},
				"south": {"uv": [4, 8, 7.125, 9.5], "texture": "#0"},
				"west": {"uv": [4, 8, 7.125, 9.5], "texture": "#0"},
				"up": {"uv": [8.625, 13.625, 8, 13], "texture": "#0"},
				"down": {"uv": [9.625, 13, 9, 13.625], "texture": "#0"}
			}
		},
		{
			"from": [7.13623, 6.87034, 7.2],
			"to": [10.48623, 8.42034, 7.3],
			"rotation": {"angle": 0, "axis": "y", "origin": [6.91123, 7.12034, 8.375]},
			"faces": {
				"north": {"uv": [11, 6, 13.875, 7.3125], "texture": "#0"},
				"east": {"uv": [8, 16, 8.125, 17.3125], "texture": "#0"},
				"south": {"uv": [11, 8, 13.875, 9.3125], "texture": "#0"},
				"west": {"uv": [9, 16, 9.125, 17.3125], "texture": "#0"},
				"up": {"uv": [4, 8, 7.125, 9.5], "texture": "#0"},
				"down": {"uv": [16.875, 10, 14, 10.125], "texture": "#0"}
			}
		},
		{
			"from": [10.48623, 6.67034, 7.45],
			"to": [10.73623, 8.42034, 11.1],
			"rotation": {"angle": 0, "axis": "y", "origin": [7.66123, 6.89534, 6.95]},
			"faces": {
				"north": {"uv": [4, 15, 4.125, 16.5], "texture": "#0"},
				"east": {"uv": [7, 6, 10.125, 7.5], "texture": "#0"},
				"south": {"uv": [11, 15, 11.125, 16.5], "texture": "#0"},
				"west": {"uv": [0, 8, 3.125, 9.5], "texture": "#0"},
				"up": {"uv": [10.125, 16.125, 10, 13], "texture": "#0"},
				"down": {"uv": [13.125, 10, 13, 13.125], "texture": "#0"}
			}
		},
		{
			"from": [10.53623, 6.57034, 7.25],
			"to": [10.68623, 8.52034, 11.3],
			"rotation": {"angle": 0, "axis": "y", "origin": [7.66123, 6.89534, 6.95]},
			"faces": {
				"north": {"uv": [8, 14, 8.125, 15.6875], "texture": "#0"},
				"east": {"uv": [0, 4, 3.5625, 5.6875], "texture": "#0"},
				"south": {"uv": [9, 14, 9.125, 15.6875], "texture": "#0"},
				"west": {"uv": [4, 4, 7.5625, 5.6875], "texture": "#0"},
				"up": {"uv": [5.125, 15.5625, 5, 12], "texture": "#0"},
				"down": {"uv": [2.125, 13, 2, 16.5625], "texture": "#0"}
			}
		},
		{
			"from": [7.08623, 6.77034, 7.25],
			"to": [10.53623, 8.52034, 7.4],
			"rotation": {"angle": 0, "axis": "y", "origin": [9.06123, 7.39534, 8.375]},
			"faces": {
				"north": {"uv": [9, 2, 11.9375, 3.5], "texture": "#0"},
				"east": {"uv": [12, 15, 12.125, 16.5], "texture": "#0"},
				"south": {"uv": [10, 0, 12.9375, 1.5], "texture": "#0"},
				"west": {"uv": [13, 15, 13.125, 16.5], "texture": "#0"},
				"up": {"uv": [16.9375, 5.125, 14, 5], "texture": "#0"},
				"down": {"uv": [16.9375, 6, 14, 6.125], "texture": "#0"}
			}
		},
		{
			"from": [6.88623, 6.67034, 7.45],
			"to": [7.13623, 8.42034, 11.1],
			"rotation": {"angle": 0, "axis": "y", "origin": [7.66123, 6.89534, 6.95]},
			"faces": {
				"north": {"uv": [15, 14, 15.125, 15.5], "texture": "#0"},
				"east": {"uv": [4, 8, 7.125, 9.5], "texture": "#0"},
				"south": {"uv": [16, 0, 16.125, 1.5], "texture": "#0"},
				"west": {"uv": [8, 4, 11.125, 5.5], "texture": "#0"},
				"up": {"uv": [0.125, 17.125, 0, 14], "texture": "#0"},
				"down": {"uv": [1.125, 14, 1, 17.125], "texture": "#0"}
			}
		},
		{
			"from": [6.93623, 6.57034, 7.25],
			"to": [7.08623, 8.52034, 11.3],
			"rotation": {"angle": 0, "axis": "y", "origin": [7.66123, 6.89534, 6.95]},
			"faces": {
				"north": {"uv": [14, 12, 14.125, 13.6875], "texture": "#0"},
				"east": {"uv": [0, 6, 3.5625, 7.6875], "texture": "#0"},
				"south": {"uv": [14, 14, 14.125, 15.6875], "texture": "#0"},
				"west": {"uv": [6, 0, 9.5625, 1.6875], "texture": "#0"},
				"up": {"uv": [6.125, 16.5625, 6, 13], "texture": "#0"},
				"down": {"uv": [7.125, 13, 7, 16.5625], "texture": "#0"}
			}
		},
		{
			"from": [7.13623, 6.67034, 11.25],
			"to": [10.48623, 8.42034, 11.35],
			"rotation": {"angle": 0, "axis": "y", "origin": [6.91123, 7.12034, 8.375]},
			"faces": {
				"north": {"uv": [3, 10, 5.875, 11.5], "texture": "#0"},
				"east": {"uv": [16, 2, 16.125, 3.5], "texture": "#0"},
				"south": {"uv": [6, 11, 8.875, 12.5], "texture": "#0"},
				"west": {"uv": [5, 16, 5.125, 17.5], "texture": "#0"},
				"up": {"uv": [13.875, 14.125, 11, 14], "texture": "#0"},
				"down": {"uv": [16.875, 11, 14, 11.125], "texture": "#0"}
			}
		},
		{
			"from": [7.08623, 6.57034, 11.15],
			"to": [10.53623, 8.52034, 11.3],
			"rotation": {"angle": 0, "axis": "y", "origin": [9.06123, 7.39534, 10.475]},
			"faces": {
				"north": {"uv": [6, 2, 8.9375, 3.6875], "texture": "#0"},
				"east": {"uv": [15, 0, 15.125, 1.6875], "texture": "#0"},
				"south": {"uv": [4, 6, 6.9375, 7.6875], "texture": "#0"},
				"west": {"uv": [3, 15, 3.125, 16.6875], "texture": "#0"},
				"up": {"uv": [16.9375, 7.125, 14, 7], "texture": "#0"},
				"down": {"uv": [16.9375, 8, 14, 8.125], "texture": "#0"}
			}
		}
	],
	"display": {
		"thirdperson_righthand": {
			"rotation": [45, 45, 0],
			"translation": [-1.25, 3.25, -0.5],
			"scale": [1.2, 1.2, 1.2]
		},
		"thirdperson_lefthand": {
			"rotation": [45, 45, 0],
			"translation": [-0.25, 3.75, -0.75],
			"scale": [1.2, 1.2, 1.2]
		},
		"firstperson_righthand": {
			"rotation": [30, 115, 0],
			"translation": [-1, 4, 3.75]
		},
		"firstperson_lefthand": {
			"rotation": [30, 115, 0],
			"translation": [-1, 4.75, 2.75]
		},
		"ground": {
			"translation": [-1.25, 1, -0.75],
			"scale": [1.75, 1.75, 1.75]
		},
		"gui": {
			"rotation": [30, 145, 0],
			"translation": [0.5, 0, 0],
			"scale": [2.25, 2.25, 2.25]
		},
		"head": {
			"translation": [-3.25, 7, -5.25],
			"scale": [3.92, 3.92, 3.92]
		},
		"fixed": {
			"rotation": [-90, 0, 0],
			"translation": [-1.25, -1, -3.25],
			"scale": [2.25, 2.25, 2.25]
		}
	},
	"groups": [
		{
			"name": "StaffHat",
			"origin": [0, 0, 0],
			"color": 0,
			"children": [
				0,
				1,
				2,
				3,
				4,
				5,
				{
					"name": "group",
					"origin": [9.06123, 7.39534, 10.475],
					"color": 0,
					"children": [6, 7, 8, 9, 10, 11, 12, 13]
				}
			]
		}
	]
}