{"credit":"momirealms","texture_size":[48,28],"textures":{"0":"minehammer:item/fishing/animated_splash_lava","particle":"minehammer:item/fishing/animated_splash_lava"},"elements":[{"from":[1.75,0,2],"to":[13.75,0,14],"faces":{"north":{"uv":[0,0,12,0],"texture":"#missing"},"east":{"uv":[0,0,12,0],"texture":"#missing"},"south":{"uv":[0,0,12,0],"texture":"#missing"},"west":{"uv":[0,0,12,0],"texture":"#missing"},"up":{"uv":[8,0,12,6.85714],"texture":"#0"},"down":{"uv":[8,0,12,6.85714],"texture":"#0"}}},{"from":[4.25,0,4.5],"to":[11.25,0,11.5],"faces":{"north":{"uv":[0,0,12,0],"texture":"#missing"},"east":{"uv":[0,0,12,0],"texture":"#missing"},"south":{"uv":[0,0,12,0],"texture":"#missing"},"west":{"uv":[0,0,12,0],"texture":"#missing"},"up":{"uv":[4,0,8,6.85714],"texture":"#0"},"down":{"uv":[4,0,8,6.85714],"texture":"#0"}}},{"from":[13.75,0,2],"to":[13.75,6,14],"faces":{"north":{"uv":[0,0,0,6],"texture":"#missing"},"east":{"uv":[0,10,4,16],"texture":"#0"},"south":{"uv":[0,0,0,6],"texture":"#missing"},"west":{"uv":[0,10,4,16],"texture":"#0"},"up":{"uv":[0,0,0,12],"texture":"#missing"},"down":{"uv":[0,0,0,12],"texture":"#missing"}}},{"from":[1.75,0,2],"to":[1.75,6,14],"faces":{"north":{"uv":[0,0,0,6],"texture":"#missing"},"east":{"uv":[0,10,4,16],"texture":"#0"},"south":{"uv":[0,0,0,6],"texture":"#missing"},"west":{"uv":[0,10,4,16],"texture":"#0"},"up":{"uv":[0,0,0,12],"texture":"#missing"},"down":{"uv":[0,0,0,12],"texture":"#missing"}}},{"from":[1.75,0,2],"to":[13.75,6,2],"faces":{"north":{"uv":[0,10,4,16],"texture":"#0"},"east":{"uv":[0,0,0,6],"texture":"#missing"},"south":{"uv":[0,10,4,16],"texture":"#0"},"west":{"uv":[0,0,0,6],"texture":"#missing"},"up":{"uv":[0,0,12,0],"texture":"#missing"},"down":{"uv":[0,0,12,0],"texture":"#missing"}}},{"from":[1.75,0,14],"to":[13.75,6,14],"faces":{"north":{"uv":[0,10,4,16],"texture":"#0"},"east":{"uv":[0,0,0,6],"texture":"#missing"},"south":{"uv":[0,10,4,16],"texture":"#0"},"west":{"uv":[0,0,0,6],"texture":"#missing"},"up":{"uv":[0,0,12,0],"texture":"#missing"},"down":{"uv":[0,0,12,0],"texture":"#missing"}}},{"from":[4.25,0,4.5],"to":[4.25,17,11.5],"faces":{"north":{"uv":[0,0,0,16],"texture":"#missing"},"east":{"uv":[4,10,8,16],"texture":"#0"},"south":{"uv":[0,0,0,16],"texture":"#missing"},"west":{"uv":[4,10,8,16],"texture":"#0"},"up":{"uv":[0,0,0,7],"texture":"#missing"},"down":{"uv":[0,0,0,7],"texture":"#missing"}}},{"from":[4.25,0,11.5],"to":[11.25,17,11.5],"faces":{"north":{"uv":[4,10,8,16],"texture":"#0"},"east":{"uv":[0,0,0,16],"texture":"#missing"},"south":{"uv":[4,10,8,16],"texture":"#0"},"west":{"uv":[0,0,0,16],"texture":"#missing"},"up":{"uv":[0,0,7,0],"texture":"#missing"},"down":{"uv":[0,0,7,0],"texture":"#missing"}}},{"from":[11.25,0,4.5],"to":[11.25,17,11.5],"faces":{"north":{"uv":[0,0,0,16],"texture":"#missing"},"east":{"uv":[4,10,8,16],"texture":"#0"},"south":{"uv":[0,0,0,16],"texture":"#missing"},"west":{"uv":[4,10,8,16],"texture":"#0"},"up":{"uv":[0,0,0,7],"texture":"#missing"},"down":{"uv":[0,0,0,7],"texture":"#missing"}}},{"from":[4.25,0,4.5],"to":[11.25,17,4.5],"faces":{"north":{"uv":[4,10,8,16],"texture":"#0"},"east":{"uv":[0,0,0,16],"texture":"#missing"},"south":{"uv":[4,10,8,16],"texture":"#0"},"west":{"uv":[0,0,0,16],"texture":"#missing"},"up":{"uv":[0,0,7,0],"texture":"#missing"},"down":{"uv":[0,0,7,0],"texture":"#missing"}}}],"display":{"thirdperson_righthand":{"rotation":[-5,0,0],"translation":[0,0.75,0],"scale":[0.5,0.5,0.5]},"thirdperson_lefthand":{"rotation":[-5,0,0],"translation":[0,1,0],"scale":[0.5,0.5,0.5]},"firstperson_righthand":{"rotation":[0,-90,25],"translation":[1.13,3.2,1.13],"scale":[0.68,0.68,0.68]},"firstperson_lefthand":{"rotation":[0,-90,25],"translation":[1.13,3.2,1.13],"scale":[0.68,0.68,0.68]},"ground":{"translation":[0,2,0],"scale":[0.5,0.5,0.5]},"gui":{"rotation":[30,225,0],"translation":[0,1.25,0],"scale":[0.625,0.625,0.625]},"head":{"translation":[0,-2,0.25],"scale":[1.5,1.5,1.5]},"fixed":{"rotation":[90,-45,90],"translation":[3,-3,-0.5]}},"groups":[{"name":"group","origin":[8,8,8],"color":0,"children":[0,1,2,3,4,5,{"name":"group","origin":[8,8,8],"color":0,"children":[6,7,8,9]}]}]}