{
	"credit": "MadewithBlockbench",
	"texture_size": [128, 128],
	"textures": {
		"0": "elitecreatures:industrial_kitchen_v1/ik_table_with_dishwasher",
		"particle": "elitecreatures:industrial_kitchen_v1/ik_table_with_dishwasher"
	},
	"elements": [
		{
			"from": [-16, 0, 0],
			"to": [1, 16, 16],
			"faces": {
				"north": {"uv": [2.125, 2, 0, 4], "texture": "#0"},
				"east": {"uv": [0, 4, 2, 6], "texture": "#0"},
				"south": {"uv": [2.125, 0, 0, 2], "texture": "#0"},
				"west": {"uv": [2, 4, 4, 6], "texture": "#0"},
				"up": {"uv": [4.25, 2, 2.125, 0], "texture": "#0"},
				"down": {"uv": [4.25, 2, 2.125, 4], "texture": "#0"}
			}
		},
		{
			"from": [15, 0, 0],
			"to": [16, 16, 16],
			"faces": {
				"north": {"uv": [7, 7.25, 6.875, 9.25], "texture": "#0"},
				"east": {"uv": [4, 4, 2, 6], "texture": "#0"},
				"south": {"uv": [6.875, 7.25, 7, 9.25], "texture": "#0"},
				"west": {"uv": [4.25, 0, 6.25, 2], "texture": "#0"},
				"up": {"uv": [7.875, 3.875, 7.75, 1.875], "texture": "#0"},
				"down": {"uv": [7.125, 7.75, 7, 9.75], "texture": "#0"}
			}
		},
		{
			"from": [1, 0, 11],
			"to": [15, 16, 16],
			"faces": {
				"north": {"uv": [1.75, 6, 3.5, 8], "texture": "#0"},
				"east": {"uv": [3.5, 7.25, 4.125, 9.25], "texture": "#0"},
				"south": {"uv": [4.25, 2, 6, 4], "texture": "#0"},
				"west": {"uv": [4.125, 7.25, 4.75, 9.25], "texture": "#0"},
				"up": {"uv": [8, 1.875, 6.25, 1.25], "texture": "#0"},
				"down": {"uv": [6.5, 7.25, 4.75, 7.875], "texture": "#0"}
			}
		},
		{
			"from": [7.5, 16, 12],
			"to": [8.5, 22, 13],
			"faces": {
				"north": {"uv": [6, 5.25, 6.125, 6], "texture": "#0"},
				"east": {"uv": [6.125, 5.25, 6.25, 6], "texture": "#0"},
				"south": {"uv": [6.25, 5.25, 6.375, 6], "texture": "#0"},
				"west": {"uv": [6.375, 5.25, 6.5, 6], "texture": "#0"},
				"up": {"uv": [6.625, 5.875, 6.5, 5.75], "texture": "#0"},
				"down": {"uv": [6.625, 5.875, 6.5, 6], "texture": "#0"}
			}
		},
		{
			"from": [6.5, 17, 12],
			"to": [7.5, 18, 13],
			"rotation": {"angle": -22.5, "axis": "x", "origin": [7, 17.5, 12.5]},
			"faces": {
				"north": {"uv": [6.625, 1.875, 6.75, 2], "texture": "#0"},
				"east": {"uv": [6.625, 5.75, 6.75, 5.875], "texture": "#0"},
				"south": {"uv": [6.625, 5.875, 6.75, 6], "texture": "#0"},
				"west": {"uv": [6.75, 1.875, 6.875, 2], "texture": "#0"},
				"up": {"uv": [6.875, 5.5, 6.75, 5.375], "texture": "#0"},
				"down": {"uv": [6.875, 5.5, 6.75, 5.625], "texture": "#0"}
			}
		},
		{
			"from": [7.5, 21, 9],
			"to": [8.5, 22, 12],
			"faces": {
				"north": {"uv": [6.75, 5.625, 6.875, 5.75], "texture": "#0"},
				"east": {"uv": [6.25, 1.875, 6.625, 2], "texture": "#0"},
				"south": {"uv": [6.75, 5.75, 6.875, 5.875], "texture": "#0"},
				"west": {"uv": [6.5, 5.25, 6.875, 5.375], "texture": "#0"},
				"up": {"uv": [6.625, 5.75, 6.5, 5.375], "texture": "#0"},
				"down": {"uv": [6.75, 5.375, 6.625, 5.75], "texture": "#0"}
			}
		},
		{
			"from": [7.5, 20, 9],
			"to": [8.5, 21, 10],
			"faces": {
				"north": {"uv": [6.75, 5.875, 6.875, 6], "texture": "#0"},
				"east": {"uv": [6.875, 1.875, 7, 2], "texture": "#0"},
				"south": {"uv": [6.875, 5.25, 7, 5.375], "texture": "#0"},
				"west": {"uv": [6.875, 5.375, 7, 5.5], "texture": "#0"},
				"up": {"uv": [7, 5.625, 6.875, 5.5], "texture": "#0"},
				"down": {"uv": [7, 5.625, 6.875, 5.75], "texture": "#0"}
			}
		},
		{
			"from": [1, 0, 1],
			"to": [15, 10, 11],
			"faces": {
				"north": {"uv": [3.5, 6, 5.25, 7.25], "texture": "#0"},
				"east": {"uv": [7, 5.25, 8.25, 6.5], "texture": "#0"},
				"south": {"uv": [6, 4, 7.75, 5.25], "texture": "#0"},
				"west": {"uv": [7, 6.5, 8.25, 7.75], "texture": "#0"},
				"up": {"uv": [7, 7.25, 5.25, 6], "texture": "#0"},
				"down": {"uv": [8, 0, 6.25, 1.25], "texture": "#0"}
			}
		},
		{
			"from": [1, 0, 0],
			"to": [15, 16, 1],
			"faces": {
				"north": {"uv": [7.75, 2, 6, 4], "texture": "#0"},
				"east": {"uv": [6.5, 7.25, 6.625, 9.25], "texture": "#0"},
				"south": {"uv": [1.75, 6, 3.5, 8], "texture": "#0"},
				"west": {"uv": [6.625, 7.25, 6.75, 9.25], "texture": "#0"},
				"up": {"uv": [9.5, 4, 7.75, 3.875], "texture": "#0"},
				"down": {"uv": [9.5, 4, 7.75, 4.125], "texture": "#0"}
			}
		}
	],
	"gui_light": "front",
	"display": {
		"thirdperson_righthand": {
			"rotation": [-175.4, 9.43, 176.56],
			"translation": [-1.5, 0, 0.5],
			"scale": [0.26, 0.26, 0.26]
		},
		"thirdperson_lefthand": {
			"rotation": [-175.4, 9.43, 176.56],
			"translation": [2.5, 0, 0.5],
			"scale": [0.26, 0.26, 0.26]
		},
		"firstperson_righthand": {
			"rotation": [-175.4, 9.43, 176.56],
			"translation": [-1.5, 0, 0.5],
			"scale": [0.26, 0.26, 0.26]
		},
		"firstperson_lefthand": {
			"rotation": [-175.4, 9.43, 176.56],
			"translation": [0.25, 0, 0.5],
			"scale": [0.26, 0.26, 0.26]
		},
		"ground": {
			"rotation": [-175.4, 9.43, 176.56],
			"translation": [-1.5, 0, 0.5],
			"scale": [0.26, 0.26, 0.26]
		},
		"gui": {
			"rotation": [-156.04, -53.55, 179.9],
			"translation": [-1.5, -1.5, 0.5],
			"scale": [0.34, 0.34, 0.34]
		},
		"head": {
			"rotation": [-180, 0, -180],
			"translation": [-12.75, -30.25, 0],
			"scale": [1.605, 1.605, 1.605]
		},
		"fixed": {
			"rotation": [-175.4, 9.43, 176.56],
			"translation": [-1.5, 0, 0.5],
			"scale": [0.26, 0.26, 0.26]
		}
	}
}