{
  "credit": "Made with Blockbench",
  "texture_size": [
    64,
    64
  ],
  "textures": {
    "3": "elitecreatures:farmer_decoration_v1/farmer_corn"
  },
  "elements": [
    {
      "from": [
        0,
        0,
        8
      ],
      "to": [
        16,
        32,
        8
      ],
      "rotation": {
        "angle": 22.5,
        "axis": "y",
        "origin": [
          8,
          16,
          8
        ]
      },
      "faces": {
        "north": {
          "uv": [
            4,
            0,
            8,
            8
          ],
          "texture": "#3"
        },
        "east": {
          "uv": [
            0,
            0,
            0,
            8
          ],
          "texture": "#3"
        },
        "south": {
          "uv": [
            8,
            0,
            4,
            8
          ],
          "texture": "#3"
        },
        "west": {
          "uv": [
            0,
            0,
            0,
            8
          ],
          "texture": "#3"
        },
        "up": {
          "uv": [
            0,
            0,
            4,
            0
          ],
          "texture": "#3"
        },
        "down": {
          "uv": [
            0,
            0,
            4,
            0
          ],
          "texture": "#3"
        }
      }
    },
    {
      "from": [
        8,
        0,
        0
      ],
      "to": [
        8,
        32,
        16
      ],
      "rotation": {
        "angle": 22.5,
        "axis": "y",
        "origin": [
          8,
          16,
          8
        ]
      },
      "faces": {
        "north": {
          "uv": [
            0,
            0,
            0,
            8
          ],
          "texture": "#3"
        },
        "east": {
          "uv": [
            4,
            0,
            8,
            8
          ],
          "texture": "#3"
        },
        "south": {
          "uv": [
            0,
            0,
            0,
            8
          ],
          "texture": "#3"
        },
        "west": {
          "uv": [
            8,
            0,
            4,
            8
          ],
          "texture": "#3"
        },
        "up": {
          "uv": [
            0,
            0,
            4,
            0
          ],
          "rotation": 90,
          "texture": "#3"
        },
        "down": {
          "uv": [
            0,
            0,
            4,
            0
          ],
          "rotation": 270,
          "texture": "#3"
        }
      }
    },
    {
      "from": [
        3,
        7.8,
        7
      ],
      "to": [
        5,
        13.3,
        9
      ],
      "rotation": {
        "angle": 22.5,
        "axis": "z",
        "origin": [
          3.5,
          17.5,
          6.3
        ]
      },
      "faces": {
        "north": {
          "uv": [
            4,
            8,
            4.5,
            9.375
          ],
          "texture": "#3"
        },
        "east": {
          "uv": [
            3.25,
            8,
            3.75,
            9.375
          ],
          "texture": "#3"
        },
        "south": {
          "uv": [
            4.5,
            8,
            4,
            9.375
          ],
          "texture": "#3"
        },
        "west": {
          "uv": [
            4,
            8,
            4.5,
            9.375
          ],
          "texture": "#3"
        },
        "up": {
          "uv": [
            8.625,
            6.875,
            8.125,
            6.375
          ],
          "texture": "#3"
        },
        "down": {
          "uv": [
            8.625,
            7.125,
            8.125,
            7.625
          ],
          "texture": "#3"
        }
      }
    },
    {
      "from": [
        2.5,
        8.3,
        6.5
      ],
      "to": [
        5.5,
        12.3,
        9.5
      ],
      "rotation": {
        "angle": 22.5,
        "axis": "z",
        "origin": [
          3.5,
          17.5,
          6.3
        ]
      },
      "faces": {
        "north": {
          "uv": [
            0,
            8,
            0.75,
            9
          ],
          "texture": "#3"
        },
        "east": {
          "uv": [
            0,
            8,
            0.75,
            9
          ],
          "texture": "#3"
        },
        "south": {
          "uv": [
            0,
            8,
            0.75,
            9
          ],
          "texture": "#3"
        },
        "west": {
          "uv": [
            0,
            8,
            0.75,
            9
          ],
          "texture": "#3"
        },
        "up": {
          "uv": [
            5.75,
            9,
            5,
            8.25
          ],
          "texture": "#3"
        },
        "down": {
          "uv": [
            7,
            8.25,
            6.25,
            9
          ],
          "texture": "#3"
        }
      }
    },
    {
      "from": [
        9,
        17.8,
        7
      ],
      "to": [
        11,
        23.3,
        9
      ],
      "rotation": {
        "angle": -45,
        "axis": "z",
        "origin": [
          9,
          19.425,
          8
        ]
      },
      "faces": {
        "north": {
          "uv": [
            4,
            8,
            4.5,
            9.375
          ],
          "texture": "#3"
        },
        "east": {
          "uv": [
            3.25,
            8,
            3.75,
            9.375
          ],
          "texture": "#3"
        },
        "south": {
          "uv": [
            4.5,
            8,
            4,
            9.375
          ],
          "texture": "#3"
        },
        "west": {
          "uv": [
            4,
            8,
            4.5,
            9.375
          ],
          "texture": "#3"
        },
        "up": {
          "uv": [
            8.625,
            6.875,
            8.125,
            6.375
          ],
          "texture": "#3"
        },
        "down": {
          "uv": [
            8.625,
            7.125,
            8.125,
            7.625
          ],
          "texture": "#3"
        }
      }
    },
    {
      "from": [
        8.5,
        18.3,
        6.5
      ],
      "to": [
        11.5,
        22.3,
        9.5
      ],
      "rotation": {
        "angle": -45,
        "axis": "z",
        "origin": [
          9,
          19.425,
          8
        ]
      },
      "faces": {
        "north": {
          "uv": [
            0,
            8,
            0.75,
            9
          ],
          "texture": "#3"
        },
        "east": {
          "uv": [
            0,
            8,
            0.75,
            9
          ],
          "texture": "#3"
        },
        "south": {
          "uv": [
            0,
            8,
            0.75,
            9
          ],
          "texture": "#3"
        },
        "west": {
          "uv": [
            0,
            8,
            0.75,
            9
          ],
          "texture": "#3"
        },
        "up": {
          "uv": [
            5.75,
            9,
            5,
            8.25
          ],
          "texture": "#3"
        },
        "down": {
          "uv": [
            7,
            8.25,
            6.25,
            9
          ],
          "texture": "#3"
        }
      }
    },
    {
      "from": [
        4,
        23.8,
        7
      ],
      "to": [
        6,
        29.3,
        9
      ],
      "rotation": {
        "angle": 22.5,
        "axis": "z",
        "origin": [
          7,
          28.425,
          8
        ]
      },
      "faces": {
        "north": {
          "uv": [
            4,
            8,
            4.5,
            9.375
          ],
          "texture": "#3"
        },
        "east": {
          "uv": [
            3.25,
            8,
            3.75,
            9.375
          ],
          "texture": "#3"
        },
        "south": {
          "uv": [
            4.5,
            8,
            4,
            9.375
          ],
          "texture": "#3"
        },
        "west": {
          "uv": [
            4,
            8,
            4.5,
            9.375
          ],
          "texture": "#3"
        },
        "up": {
          "uv": [
            8.625,
            6.875,
            8.125,
            6.375
          ],
          "texture": "#3"
        },
        "down": {
          "uv": [
            8.625,
            7.125,
            8.125,
            7.625
          ],
          "texture": "#3"
        }
      }
    },
    {
      "from": [
        3.5,
        24.3,
        6.5
      ],
      "to": [
        6.5,
        28.3,
        9.5
      ],
      "rotation": {
        "angle": 22.5,
        "axis": "z",
        "origin": [
          7,
          28.425,
          8
        ]
      },
      "faces": {
        "north": {
          "uv": [
            0,
            8,
            0.75,
            9
          ],
          "texture": "#3"
        },
        "east": {
          "uv": [
            0,
            8,
            0.75,
            9
          ],
          "texture": "#3"
        },
        "south": {
          "uv": [
            0,
            8,
            0.75,
            9
          ],
          "texture": "#3"
        },
        "west": {
          "uv": [
            0,
            8,
            0.75,
            9
          ],
          "texture": "#3"
        },
        "up": {
          "uv": [
            5.75,
            9,
            5,
            8.25
          ],
          "texture": "#3"
        },
        "down": {
          "uv": [
            7,
            8.25,
            6.25,
            9
          ],
          "texture": "#3"
        }
      }
    }
  ],
  "gui_light": "front",
  "display": {
    "thirdperson_righthand": {
      "rotation": [
        0,
        95,
        0
      ],
      "translation": [
        0,
        5.25,
        1.75
      ],
      "scale": [
        0.68,
        0.68,
        0.68
      ]
    },
    "thirdperson_lefthand": {
      "rotation": [
        0,
        95,
        0
      ],
      "translation": [
        0,
        5.25,
        1.75
      ],
      "scale": [
        0.68,
        0.68,
        0.68
      ]
    },
    "firstperson_righthand": {
      "rotation": [
        0,
        92,
        0
      ],
      "translation": [
        0.5,
        0,
        2.25
      ],
      "scale": [
        0.5,
        0.5,
        0.5
      ]
    },
    "firstperson_lefthand": {
      "rotation": [
        0,
        92,
        0
      ],
      "translation": [
        0.5,
        0,
        2.25
      ],
      "scale": [
        0.5,
        0.5,
        0.5
      ]
    },
    "ground": {
      "translation": [
        0,
        2,
        0
      ],
      "scale": [
        0.5,
        0.5,
        0.5
      ]
    },
    "gui": {
      "rotation": [
        30,
        225,
        0
      ],
      "translation": [
        0,
        -3,
        0
      ],
      "scale": [
        0.46,
        0.46,
        0.46
      ]
    },
    "head": {
      "rotation": [
        -135.5,
        0,
        0
      ],
      "translation": [
        0,
        20.5,
        4.75
      ],
      "scale": [
        0.7,
        0.7,
        0.7
      ]
    },
    "fixed": {
      "rotation": [
        -90,
        0,
        0
      ],
      "translation": [
        -0.5,
        0.25,
        -16.75
      ],
      "scale": [
        2,
        2,
        2
      ]
    }
  },
  "groups": [
    0,
    1,
    {
      "name": "Corn",
      "origin": [
        0,
        0,
        0
      ],
      "color": 0,
      "children": [
        2,
        3
      ]
    },
    {
      "name": "Corn",
      "origin": [
        0,
        0,
        0
      ],
      "color": 0,
      "children": [
        4,
        5
      ]
    },
    {
      "name": "Corn",
      "origin": [
        0,
        0,
        0
      ],
      "color": 0,
      "children": [
        6,
        7
      ]
    }
  ]
}