{
  "credit": "Made with Blockbench",
  "texture_size": [
    256,
    128
  ],
  "textures": {
    "3": "elitecreatures:farmer_decoration_v1/farmer_corn_basket"
  },
  "elements": [
    {
      "from": [
        1,
        0,
        1
      ],
      "to": [
        15,
        1,
        15
      ],
      "faces": {
        "north": {
          "uv": [
            5.25,
            8.25,
            6.5,
            8.5
          ],
          "texture": "#3"
        },
        "east": {
          "uv": [
            5.25,
            8.25,
            6.5,
            8.5
          ],
          "texture": "#3"
        },
        "south": {
          "uv": [
            5.25,
            8.25,
            6.5,
            8.5
          ],
          "texture": "#3"
        },
        "west": {
          "uv": [
            5.25,
            8.25,
            6.5,
            8.5
          ],
          "texture": "#3"
        },
        "up": {
          "uv": [
            5.25,
            10.5,
            4,
            8
          ],
          "texture": "#3"
        },
        "down": {
          "uv": [
            5.25,
            10.5,
            4,
            13
          ],
          "texture": "#3"
        }
      }
    },
    {
      "from": [
        1,
        8,
        1
      ],
      "to": [
        15,
        9,
        15
      ],
      "faces": {
        "north": {
          "uv": [
            5.25,
            8.25,
            6.5,
            8.5
          ],
          "texture": "#3"
        },
        "east": {
          "uv": [
            5.25,
            8.25,
            6.5,
            8.5
          ],
          "texture": "#3"
        },
        "south": {
          "uv": [
            5.25,
            8.25,
            6.5,
            8.5
          ],
          "texture": "#3"
        },
        "west": {
          "uv": [
            5.25,
            8.25,
            6.5,
            8.5
          ],
          "texture": "#3"
        },
        "up": {
          "uv": [
            1.75,
            16,
            0,
            12.5
          ],
          "texture": "#3"
        },
        "down": {
          "uv": [
            5.25,
            10.5,
            4,
            13
          ],
          "texture": "#3"
        }
      }
    },
    {
      "from": [
        2,
        1,
        2
      ],
      "to": [
        14,
        8,
        14
      ],
      "faces": {
        "north": {
          "uv": [
            2.25,
            6.25,
            3.75,
            8
          ],
          "texture": "#3"
        },
        "east": {
          "uv": [
            2.25,
            6.25,
            3.75,
            8
          ],
          "texture": "#3"
        },
        "south": {
          "uv": [
            2.25,
            6.25,
            3.75,
            8
          ],
          "texture": "#3"
        },
        "west": {
          "uv": [
            2.25,
            6.25,
            3.75,
            8
          ],
          "texture": "#3"
        },
        "up": {
          "uv": [
            5.25,
            10.5,
            4,
            8
          ],
          "texture": "#3"
        },
        "down": {
          "uv": [
            5.25,
            10.5,
            4,
            13
          ],
          "texture": "#3"
        }
      }
    },
    {
      "from": [
        0,
        8,
        1.75
      ],
      "to": [
        16,
        14,
        1.75
      ],
      "rotation": {
        "angle": -22.5,
        "axis": "x",
        "origin": [
          8,
          9,
          1.75
        ]
      },
      "faces": {
        "north": {
          "uv": [
            4,
            4,
            2,
            5.5
          ],
          "texture": "#3"
        },
        "east": {
          "uv": [
            0,
            0,
            0,
            4
          ],
          "texture": "#3"
        },
        "south": {
          "uv": [
            4,
            4,
            2,
            5.5
          ],
          "texture": "#3"
        },
        "west": {
          "uv": [
            0,
            0,
            0,
            4
          ],
          "texture": "#3"
        },
        "up": {
          "uv": [
            2,
            0,
            0,
            0
          ],
          "texture": "#3"
        },
        "down": {
          "uv": [
            2,
            0,
            0,
            0
          ],
          "texture": "#3"
        }
      }
    },
    {
      "from": [
        0,
        8,
        14.25
      ],
      "to": [
        16,
        14,
        14.25
      ],
      "rotation": {
        "angle": 22.5,
        "axis": "x",
        "origin": [
          8,
          9,
          14.25
        ]
      },
      "faces": {
        "north": {
          "uv": [
            2,
            4,
            4,
            5.5
          ],
          "texture": "#3"
        },
        "east": {
          "uv": [
            0,
            0,
            0,
            4
          ],
          "texture": "#3"
        },
        "south": {
          "uv": [
            2,
            4,
            4,
            5.5
          ],
          "texture": "#3"
        },
        "west": {
          "uv": [
            0,
            0,
            0,
            4
          ],
          "texture": "#3"
        },
        "up": {
          "uv": [
            2,
            0,
            0,
            0
          ],
          "texture": "#3"
        },
        "down": {
          "uv": [
            2,
            0,
            0,
            0
          ],
          "texture": "#3"
        }
      }
    },
    {
      "from": [
        14,
        8,
        -0.25
      ],
      "to": [
        14,
        14,
        15.75
      ],
      "rotation": {
        "angle": -22.5,
        "axis": "z",
        "origin": [
          14,
          9,
          7.75
        ]
      },
      "faces": {
        "north": {
          "uv": [
            0,
            0,
            0,
            4
          ],
          "texture": "#3"
        },
        "east": {
          "uv": [
            4,
            4,
            2,
            5.5
          ],
          "texture": "#3"
        },
        "south": {
          "uv": [
            0,
            0,
            0,
            4
          ],
          "texture": "#3"
        },
        "west": {
          "uv": [
            4,
            4,
            2,
            5.5
          ],
          "texture": "#3"
        },
        "up": {
          "uv": [
            2,
            0,
            0,
            0
          ],
          "rotation": 90,
          "texture": "#3"
        },
        "down": {
          "uv": [
            2,
            0,
            0,
            0
          ],
          "rotation": 270,
          "texture": "#3"
        }
      }
    },
    {
      "from": [
        1.5,
        8,
        -0.25
      ],
      "to": [
        1.5,
        14,
        15.75
      ],
      "rotation": {
        "angle": 22.5,
        "axis": "z",
        "origin": [
          1.5,
          9,
          7.75
        ]
      },
      "faces": {
        "north": {
          "uv": [
            0,
            0,
            0,
            4
          ],
          "texture": "#3"
        },
        "east": {
          "uv": [
            2,
            4,
            4,
            5.5
          ],
          "texture": "#3"
        },
        "south": {
          "uv": [
            0,
            0,
            0,
            4
          ],
          "texture": "#3"
        },
        "west": {
          "uv": [
            2,
            4,
            4,
            5.5
          ],
          "texture": "#3"
        },
        "up": {
          "uv": [
            2,
            0,
            0,
            0
          ],
          "rotation": 90,
          "texture": "#3"
        },
        "down": {
          "uv": [
            2,
            0,
            0,
            0
          ],
          "rotation": 270,
          "texture": "#3"
        }
      }
    },
    {
      "from": [
        10,
        9,
        8
      ],
      "to": [
        12,
        14.5,
        10
      ],
      "rotation": {
        "angle": 0,
        "axis": "y",
        "origin": [
          10,
          11.375,
          8
        ]
      },
      "faces": {
        "north": {
          "uv": [
            10,
            8,
            10.25,
            9.375
          ],
          "texture": "#3"
        },
        "east": {
          "uv": [
            9.625,
            8,
            9.875,
            9.375
          ],
          "texture": "#3"
        },
        "south": {
          "uv": [
            10.25,
            8,
            10,
            9.375
          ],
          "texture": "#3"
        },
        "west": {
          "uv": [
            10,
            8,
            10.25,
            9.375
          ],
          "texture": "#3"
        },
        "up": {
          "uv": [
            12.3125,
            6.875,
            12.0625,
            6.375
          ],
          "texture": "#3"
        },
        "down": {
          "uv": [
            12.3125,
            7.125,
            12.0625,
            7.625
          ],
          "texture": "#3"
        }
      }
    },
    {
      "from": [
        9.5,
        9,
        7.5
      ],
      "to": [
        12.5,
        13,
        10.5
      ],
      "rotation": {
        "angle": 0,
        "axis": "y",
        "origin": [
          10,
          11.375,
          8
        ]
      },
      "faces": {
        "north": {
          "uv": [
            8,
            8,
            8.375,
            9
          ],
          "texture": "#3"
        },
        "east": {
          "uv": [
            8,
            8,
            8.375,
            9
          ],
          "texture": "#3"
        },
        "south": {
          "uv": [
            8,
            8,
            8.375,
            9
          ],
          "texture": "#3"
        },
        "west": {
          "uv": [
            8,
            8,
            8.375,
            9
          ],
          "texture": "#3"
        },
        "up": {
          "uv": [
            10.875,
            9,
            10.5,
            8.25
          ],
          "texture": "#3"
        },
        "down": {
          "uv": [
            11.5,
            8.25,
            11.125,
            9
          ],
          "texture": "#3"
        }
      }
    },
    {
      "from": [
        10.25,
        9,
        4
      ],
      "to": [
        12.25,
        14.5,
        6
      ],
      "rotation": {
        "angle": 0,
        "axis": "y",
        "origin": [
          10,
          11.375,
          8
        ]
      },
      "faces": {
        "north": {
          "uv": [
            10,
            8,
            10.25,
            9.375
          ],
          "texture": "#3"
        },
        "east": {
          "uv": [
            9.625,
            8,
            9.875,
            9.375
          ],
          "texture": "#3"
        },
        "south": {
          "uv": [
            10.25,
            8,
            10,
            9.375
          ],
          "texture": "#3"
        },
        "west": {
          "uv": [
            10,
            8,
            10.25,
            9.375
          ],
          "texture": "#3"
        },
        "up": {
          "uv": [
            12.3125,
            6.875,
            12.0625,
            6.375
          ],
          "texture": "#3"
        },
        "down": {
          "uv": [
            12.3125,
            7.125,
            12.0625,
            7.625
          ],
          "texture": "#3"
        }
      }
    },
    {
      "from": [
        9.75,
        9,
        3.5
      ],
      "to": [
        12.75,
        13,
        6.5
      ],
      "rotation": {
        "angle": 0,
        "axis": "y",
        "origin": [
          10,
          11.375,
          8
        ]
      },
      "faces": {
        "north": {
          "uv": [
            8,
            8,
            8.375,
            9
          ],
          "texture": "#3"
        },
        "east": {
          "uv": [
            8,
            8,
            8.375,
            9
          ],
          "texture": "#3"
        },
        "south": {
          "uv": [
            8,
            8,
            8.375,
            9
          ],
          "texture": "#3"
        },
        "west": {
          "uv": [
            8,
            8,
            8.375,
            9
          ],
          "texture": "#3"
        },
        "up": {
          "uv": [
            10.875,
            9,
            10.5,
            8.25
          ],
          "texture": "#3"
        },
        "down": {
          "uv": [
            11.5,
            8.25,
            11.125,
            9
          ],
          "texture": "#3"
        }
      }
    },
    {
      "from": [
        6.5,
        9,
        4
      ],
      "to": [
        8.5,
        14.5,
        6
      ],
      "rotation": {
        "angle": -22.5,
        "axis": "x",
        "origin": [
          7.5,
          11.375,
          5
        ]
      },
      "faces": {
        "north": {
          "uv": [
            10,
            8,
            10.25,
            9.375
          ],
          "texture": "#3"
        },
        "east": {
          "uv": [
            9.625,
            8,
            9.875,
            9.375
          ],
          "texture": "#3"
        },
        "south": {
          "uv": [
            10.25,
            8,
            10,
            9.375
          ],
          "texture": "#3"
        },
        "west": {
          "uv": [
            10,
            8,
            10.25,
            9.375
          ],
          "texture": "#3"
        },
        "up": {
          "uv": [
            12.3125,
            6.875,
            12.0625,
            6.375
          ],
          "texture": "#3"
        },
        "down": {
          "uv": [
            12.3125,
            7.125,
            12.0625,
            7.625
          ],
          "texture": "#3"
        }
      }
    },
    {
      "from": [
        6,
        9,
        3.5
      ],
      "to": [
        9,
        13,
        6.5
      ],
      "rotation": {
        "angle": -22.5,
        "axis": "x",
        "origin": [
          7.5,
          11.375,
          5
        ]
      },
      "faces": {
        "north": {
          "uv": [
            8,
            8,
            8.375,
            9
          ],
          "texture": "#3"
        },
        "east": {
          "uv": [
            8,
            8,
            8.375,
            9
          ],
          "texture": "#3"
        },
        "south": {
          "uv": [
            8,
            8,
            8.375,
            9
          ],
          "texture": "#3"
        },
        "west": {
          "uv": [
            8,
            8,
            8.375,
            9
          ],
          "texture": "#3"
        },
        "up": {
          "uv": [
            10.875,
            9,
            10.5,
            8.25
          ],
          "texture": "#3"
        },
        "down": {
          "uv": [
            11.5,
            8.25,
            11.125,
            9
          ],
          "texture": "#3"
        }
      }
    },
    {
      "from": [
        3.25,
        9,
        4
      ],
      "to": [
        5.25,
        14.5,
        6
      ],
      "rotation": {
        "angle": 0,
        "axis": "y",
        "origin": [
          10,
          11.375,
          8
        ]
      },
      "faces": {
        "north": {
          "uv": [
            10,
            8,
            10.25,
            9.375
          ],
          "texture": "#3"
        },
        "east": {
          "uv": [
            9.625,
            8,
            9.875,
            9.375
          ],
          "texture": "#3"
        },
        "south": {
          "uv": [
            10.25,
            8,
            10,
            9.375
          ],
          "texture": "#3"
        },
        "west": {
          "uv": [
            10,
            8,
            10.25,
            9.375
          ],
          "texture": "#3"
        },
        "up": {
          "uv": [
            12.3125,
            6.875,
            12.0625,
            6.375
          ],
          "texture": "#3"
        },
        "down": {
          "uv": [
            12.3125,
            7.125,
            12.0625,
            7.625
          ],
          "texture": "#3"
        }
      }
    },
    {
      "from": [
        2.75,
        9,
        3.5
      ],
      "to": [
        5.75,
        13,
        6.5
      ],
      "rotation": {
        "angle": 0,
        "axis": "y",
        "origin": [
          10,
          11.375,
          8
        ]
      },
      "faces": {
        "north": {
          "uv": [
            8,
            8,
            8.375,
            9
          ],
          "texture": "#3"
        },
        "east": {
          "uv": [
            8,
            8,
            8.375,
            9
          ],
          "texture": "#3"
        },
        "south": {
          "uv": [
            8,
            8,
            8.375,
            9
          ],
          "texture": "#3"
        },
        "west": {
          "uv": [
            8,
            8,
            8.375,
            9
          ],
          "texture": "#3"
        },
        "up": {
          "uv": [
            10.875,
            9,
            10.5,
            8.25
          ],
          "texture": "#3"
        },
        "down": {
          "uv": [
            11.5,
            8.25,
            11.125,
            9
          ],
          "texture": "#3"
        }
      }
    },
    {
      "from": [
        3,
        9,
        7.5
      ],
      "to": [
        5,
        14.5,
        9.5
      ],
      "rotation": {
        "angle": 22.5,
        "axis": "z",
        "origin": [
          4,
          11.375,
          9
        ]
      },
      "faces": {
        "north": {
          "uv": [
            10,
            8,
            10.25,
            9.375
          ],
          "texture": "#3"
        },
        "east": {
          "uv": [
            9.625,
            8,
            9.875,
            9.375
          ],
          "texture": "#3"
        },
        "south": {
          "uv": [
            10.25,
            8,
            10,
            9.375
          ],
          "texture": "#3"
        },
        "west": {
          "uv": [
            10,
            8,
            10.25,
            9.375
          ],
          "texture": "#3"
        },
        "up": {
          "uv": [
            12.3125,
            6.875,
            12.0625,
            6.375
          ],
          "texture": "#3"
        },
        "down": {
          "uv": [
            12.3125,
            7.125,
            12.0625,
            7.625
          ],
          "texture": "#3"
        }
      }
    },
    {
      "from": [
        2.5,
        9,
        7
      ],
      "to": [
        5.5,
        13,
        10
      ],
      "rotation": {
        "angle": 22.5,
        "axis": "z",
        "origin": [
          4,
          11.375,
          9
        ]
      },
      "faces": {
        "north": {
          "uv": [
            8,
            8,
            8.375,
            9
          ],
          "texture": "#3"
        },
        "east": {
          "uv": [
            8,
            8,
            8.375,
            9
          ],
          "texture": "#3"
        },
        "south": {
          "uv": [
            8,
            8,
            8.375,
            9
          ],
          "texture": "#3"
        },
        "west": {
          "uv": [
            8,
            8,
            8.375,
            9
          ],
          "texture": "#3"
        },
        "up": {
          "uv": [
            10.875,
            9,
            10.5,
            8.25
          ],
          "texture": "#3"
        },
        "down": {
          "uv": [
            11.5,
            8.25,
            11.125,
            9
          ],
          "texture": "#3"
        }
      }
    },
    {
      "from": [
        3.5,
        9,
        10.75
      ],
      "to": [
        5.5,
        14.5,
        12.75
      ],
      "rotation": {
        "angle": 0,
        "axis": "y",
        "origin": [
          10,
          11.375,
          8
        ]
      },
      "faces": {
        "north": {
          "uv": [
            10,
            8,
            10.25,
            9.375
          ],
          "texture": "#3"
        },
        "east": {
          "uv": [
            9.625,
            8,
            9.875,
            9.375
          ],
          "texture": "#3"
        },
        "south": {
          "uv": [
            10.25,
            8,
            10,
            9.375
          ],
          "texture": "#3"
        },
        "west": {
          "uv": [
            10,
            8,
            10.25,
            9.375
          ],
          "texture": "#3"
        },
        "up": {
          "uv": [
            12.3125,
            6.875,
            12.0625,
            6.375
          ],
          "texture": "#3"
        },
        "down": {
          "uv": [
            12.3125,
            7.125,
            12.0625,
            7.625
          ],
          "texture": "#3"
        }
      }
    },
    {
      "from": [
        3,
        9,
        10.25
      ],
      "to": [
        6,
        13,
        13.25
      ],
      "rotation": {
        "angle": 0,
        "axis": "y",
        "origin": [
          10,
          11.375,
          8
        ]
      },
      "faces": {
        "north": {
          "uv": [
            8,
            8,
            8.375,
            9
          ],
          "texture": "#3"
        },
        "east": {
          "uv": [
            8,
            8,
            8.375,
            9
          ],
          "texture": "#3"
        },
        "south": {
          "uv": [
            8,
            8,
            8.375,
            9
          ],
          "texture": "#3"
        },
        "west": {
          "uv": [
            8,
            8,
            8.375,
            9
          ],
          "texture": "#3"
        },
        "up": {
          "uv": [
            10.875,
            9,
            10.5,
            8.25
          ],
          "texture": "#3"
        },
        "down": {
          "uv": [
            11.5,
            8.25,
            11.125,
            9
          ],
          "texture": "#3"
        }
      }
    },
    {
      "from": [
        8,
        9,
        11
      ],
      "to": [
        10,
        14.5,
        13
      ],
      "rotation": {
        "angle": -45,
        "axis": "y",
        "origin": [
          9,
          11.375,
          12
        ]
      },
      "faces": {
        "north": {
          "uv": [
            10,
            8,
            10.25,
            9.375
          ],
          "texture": "#3"
        },
        "east": {
          "uv": [
            9.625,
            8,
            9.875,
            9.375
          ],
          "texture": "#3"
        },
        "south": {
          "uv": [
            10.25,
            8,
            10,
            9.375
          ],
          "texture": "#3"
        },
        "west": {
          "uv": [
            10,
            8,
            10.25,
            9.375
          ],
          "texture": "#3"
        },
        "up": {
          "uv": [
            12.3125,
            6.875,
            12.0625,
            6.375
          ],
          "texture": "#3"
        },
        "down": {
          "uv": [
            12.3125,
            7.125,
            12.0625,
            7.625
          ],
          "texture": "#3"
        }
      }
    },
    {
      "from": [
        7.5,
        9,
        10.5
      ],
      "to": [
        10.5,
        13,
        13.5
      ],
      "rotation": {
        "angle": -45,
        "axis": "y",
        "origin": [
          9,
          11.375,
          12
        ]
      },
      "faces": {
        "north": {
          "uv": [
            8,
            8,
            8.375,
            9
          ],
          "texture": "#3"
        },
        "east": {
          "uv": [
            8,
            8,
            8.375,
            9
          ],
          "texture": "#3"
        },
        "south": {
          "uv": [
            8,
            8,
            8.375,
            9
          ],
          "texture": "#3"
        },
        "west": {
          "uv": [
            8,
            8,
            8.375,
            9
          ],
          "texture": "#3"
        },
        "up": {
          "uv": [
            10.875,
            9,
            10.5,
            8.25
          ],
          "texture": "#3"
        },
        "down": {
          "uv": [
            11.5,
            8.25,
            11.125,
            9
          ],
          "texture": "#3"
        }
      }
    },
    {
      "from": [
        6.75,
        9,
        7.25
      ],
      "to": [
        8.75,
        14.5,
        9.25
      ],
      "rotation": {
        "angle": 22.5,
        "axis": "x",
        "origin": [
          7.75,
          11.375,
          8.25
        ]
      },
      "faces": {
        "north": {
          "uv": [
            10,
            8,
            10.25,
            9.375
          ],
          "texture": "#3"
        },
        "east": {
          "uv": [
            9.625,
            8,
            9.875,
            9.375
          ],
          "texture": "#3"
        },
        "south": {
          "uv": [
            10.25,
            8,
            10,
            9.375
          ],
          "texture": "#3"
        },
        "west": {
          "uv": [
            10,
            8,
            10.25,
            9.375
          ],
          "texture": "#3"
        },
        "up": {
          "uv": [
            12.3125,
            6.875,
            12.0625,
            6.375
          ],
          "texture": "#3"
        },
        "down": {
          "uv": [
            12.3125,
            7.125,
            12.0625,
            7.625
          ],
          "texture": "#3"
        }
      }
    },
    {
      "from": [
        6.25,
        9,
        6.75
      ],
      "to": [
        9.25,
        13,
        9.75
      ],
      "rotation": {
        "angle": 22.5,
        "axis": "x",
        "origin": [
          7.75,
          11.375,
          8.25
        ]
      },
      "faces": {
        "north": {
          "uv": [
            8,
            8,
            8.375,
            9
          ],
          "texture": "#3"
        },
        "east": {
          "uv": [
            8,
            8,
            8.375,
            9
          ],
          "texture": "#3"
        },
        "south": {
          "uv": [
            8,
            8,
            8.375,
            9
          ],
          "texture": "#3"
        },
        "west": {
          "uv": [
            8,
            8,
            8.375,
            9
          ],
          "texture": "#3"
        },
        "up": {
          "uv": [
            10.875,
            9,
            10.5,
            8.25
          ],
          "texture": "#3"
        },
        "down": {
          "uv": [
            11.5,
            8.25,
            11.125,
            9
          ],
          "texture": "#3"
        }
      }
    }
  ],
  "gui_light": "front",
  "display": {
    "thirdperson_righthand": {
      "rotation": [
        0,
        95,
        0
      ],
      "translation": [
        0,
        3,
        1.75
      ],
      "scale": [
        0.35,
        0.35,
        0.35
      ]
    },
    "thirdperson_lefthand": {
      "rotation": [
        0,
        95,
        0
      ],
      "translation": [
        0,
        3,
        1.75
      ],
      "scale": [
        0.35,
        0.35,
        0.35
      ]
    },
    "firstperson_righthand": {
      "rotation": [
        0,
        95,
        0
      ],
      "translation": [
        0,
        3,
        1.75
      ],
      "scale": [
        0.58,
        0.58,
        0.58
      ]
    },
    "firstperson_lefthand": {
      "rotation": [
        0,
        95,
        0
      ],
      "translation": [
        0,
        3,
        1.75
      ],
      "scale": [
        0.58,
        0.58,
        0.58
      ]
    },
    "ground": {
      "translation": [
        0,
        2,
        0
      ],
      "scale": [
        0.5,
        0.5,
        0.5
      ]
    },
    "gui": {
      "rotation": [
        30,
        225,
        0
      ],
      "scale": [
        0.46,
        0.46,
        0.46
      ]
    },
    "head": {
      "translation": [
        0,
        -30.25,
        0
      ],
      "scale": [
        1.6,
        1.6,
        1.6
      ]
    },
    "fixed": {
      "rotation": [
        -88,
        45,
        88
      ],
      "translation": [
        2.5,
        -3.5,
        -2
      ],
      "scale": [
        0,
        0,
        0
      ]
    }
  },
  "groups": [
    {
      "name": "Basket",
      "origin": [
        -1.6,
        11.7979,
        8.39695
      ],
      "color": 0,
      "children": [
        0,
        1,
        2,
        {
          "name": "group",
          "origin": [
            8,
            9,
            14.25
          ],
          "color": 0,
          "children": [
            3,
            4
          ]
        },
        {
          "name": "group",
          "origin": [
            8,
            9,
            14.25
          ],
          "color": 0,
          "children": [
            5,
            6
          ]
        }
      ]
    },
    {
      "name": "Corn",
      "origin": [
        0,
        0,
        0
      ],
      "color": 0,
      "children": [
        7,
        8
      ]
    },
    {
      "name": "Corn",
      "origin": [
        0,
        0,
        0
      ],
      "color": 0,
      "children": [
        9,
        10
      ]
    },
    {
      "name": "Corn",
      "origin": [
        0,
        0,
        0
      ],
      "color": 0,
      "children": [
        11,
        12
      ]
    },
    {
      "name": "Corn",
      "origin": [
        0,
        0,
        0
      ],
      "color": 0,
      "children": [
        13,
        14
      ]
    },
    {
      "name": "Corn",
      "origin": [
        0,
        0,
        0
      ],
      "color": 0,
      "children": [
        15,
        16
      ]
    },
    {
      "name": "Corn",
      "origin": [
        0,
        0,
        0
      ],
      "color": 0,
      "children": [
        17,
        18
      ]
    },
    {
      "name": "Corn",
      "origin": [
        0,
        0,
        0
      ],
      "color": 0,
      "children": [
        19,
        20
      ]
    },
    {
      "name": "Corn",
      "origin": [
        0,
        0,
        0
      ],
      "color": 0,
      "children": [
        21,
        22
      ]
    }
  ]
}