{
  "credit": "MadebyPolygonMC",
  "texture_size": [
    24,
    24
  ],
  "textures": {
    "2": "minehammer:item/nitro/animations/nitro_gems",
    "3": "minehammer:item/nitro/animations/animations_1",
    "4": "minehammer:item/nitro/bow",
    "particle": "minehammer:item/nitro/animations/nitro_gems"
  },
  "elements": [
    {
      "from": [
        7.5,
        5.75,
        7.5
      ],
      "to": [
        8.5,
        6.75,
        8.5
      ],
      "rotation": {
        "angle": 0,
        "axis": "y",
        "origin": [
          7.5,
          5.75,
          7.5
        ]
      },
      "faces": {
        "north": {
          "uv": [
            11.33333,
            8.66667,
            12,
            9.33333
          ],
          "texture": "#4"
        },
        "east": {
          "uv": [
            11.33333,
            12,
            12,
            12.66667
          ],
          "texture": "#4"
        },
        "south": {
          "uv": [
            0,
            12.66667,
            0.66667,
            13.33333
          ],
          "texture": "#4"
        },
        "west": {
          "uv": [
            12.66667,
            0,
            13.33333,
            0.66667
          ],
          "texture": "#4"
        },
        "up": {
          "uv": [
            1.33333,
            13.33333,
            0.66667,
            12.66667
          ],
          "texture": "#4"
        },
        "down": {
          "uv": [
            13.33333,
            0.66667,
            12.66667,
            1.33333
          ],
          "texture": "#4"
        }
      }
    },
    {
      "from": [
        7.5,
        7.5,
        7.5
      ],
      "to": [
        8.5,
        8.5,
        8.5
      ],
      "rotation": {
        "angle": 0,
        "axis": "y",
        "origin": [
          7.5,
          5.75,
          7.5
        ]
      },
      "faces": {
        "north": {
          "uv": [
            1.33333,
            12.66667,
            2,
            13.33333
          ],
          "texture": "#4"
        },
        "east": {
          "uv": [
            12.66667,
            1.33333,
            13.33333,
            2
          ],
          "texture": "#4"
        },
        "south": {
          "uv": [
            2,
            12.66667,
            2.66667,
            13.33333
          ],
          "texture": "#4"
        },
        "west": {
          "uv": [
            12.66667,
            2,
            13.33333,
            2.66667
          ],
          "texture": "#4"
        },
        "up": {
          "uv": [
            3.33333,
            13.33333,
            2.66667,
            12.66667
          ],
          "texture": "#4"
        },
        "down": {
          "uv": [
            13.33333,
            2.66667,
            12.66667,
            3.33333
          ],
          "texture": "#4"
        }
      }
    },
    {
      "from": [
        7.5,
        9.25,
        7.5
      ],
      "to": [
        8.5,
        10.25,
        8.5
      ],
      "rotation": {
        "angle": 0,
        "axis": "y",
        "origin": [
          7.5,
          7.5,
          7.5
        ]
      },
      "faces": {
        "north": {
          "uv": [
            3.33333,
            12.66667,
            4,
            13.33333
          ],
          "texture": "#4"
        },
        "east": {
          "uv": [
            12.66667,
            3.33333,
            13.33333,
            4
          ],
          "texture": "#4"
        },
        "south": {
          "uv": [
            4,
            12.66667,
            4.66667,
            13.33333
          ],
          "texture": "#4"
        },
        "west": {
          "uv": [
            12.66667,
            4,
            13.33333,
            4.66667
          ],
          "texture": "#4"
        },
        "up": {
          "uv": [
            5.33333,
            13.33333,
            4.66667,
            12.66667
          ],
          "texture": "#4"
        },
        "down": {
          "uv": [
            13.33333,
            4.66667,
            12.66667,
            5.33333
          ],
          "texture": "#4"
        }
      }
    },
    {
      "from": [
        7.6,
        6.75,
        7.6
      ],
      "to": [
        8.4,
        7.5,
        8.4
      ],
      "rotation": {
        "angle": 0,
        "axis": "y",
        "origin": [
          7.5,
          5.75,
          7.5
        ]
      },
      "faces": {
        "north": {
          "uv": [
            2,
            13.33333,
            2.5,
            13.83333
          ],
          "texture": "#4"
        },
        "east": {
          "uv": [
            13.33333,
            2,
            13.83333,
            2.5
          ],
          "texture": "#4"
        },
        "south": {
          "uv": [
            2.66667,
            13.33333,
            3.16667,
            13.83333
          ],
          "texture": "#4"
        },
        "west": {
          "uv": [
            13.33333,
            2.66667,
            13.83333,
            3.16667
          ],
          "texture": "#4"
        }
      }
    },
    {
      "from": [
        7.6,
        8.5,
        7.6
      ],
      "to": [
        8.4,
        9.25,
        8.4
      ],
      "rotation": {
        "angle": 0,
        "axis": "y",
        "origin": [
          7.5,
          5.75,
          7.5
        ]
      },
      "faces": {
        "north": {
          "uv": [
            3.33333,
            13.33333,
            3.83333,
            13.83333
          ],
          "texture": "#4"
        },
        "east": {
          "uv": [
            13.33333,
            3.33333,
            13.83333,
            3.83333
          ],
          "texture": "#4"
        },
        "south": {
          "uv": [
            4,
            13.33333,
            4.5,
            13.83333
          ],
          "texture": "#4"
        },
        "west": {
          "uv": [
            13.33333,
            4,
            13.83333,
            4.5
          ],
          "texture": "#4"
        }
      }
    },
    {
      "from": [
        7.375,
        5.125,
        7.375
      ],
      "to": [
        8.625,
        6.375,
        8.625
      ],
      "rotation": {
        "angle": -45,
        "axis": "x",
        "origin": [
          8,
          5.75,
          8
        ]
      },
      "faces": {
        "north": {
          "uv": [
            10.66667,
            9.33333,
            11.5,
            10.16667
          ],
          "texture": "#4"
        },
        "east": {
          "uv": [
            10.66667,
            10.66667,
            11.5,
            11.5
          ],
          "texture": "#4"
        },
        "south": {
          "uv": [
            0,
            11.33333,
            0.83333,
            12.16667
          ],
          "texture": "#4"
        },
        "west": {
          "uv": [
            11.33333,
            0,
            12.16667,
            0.83333
          ],
          "texture": "#4"
        },
        "up": {
          "uv": [
            2.16667,
            12.16667,
            1.33333,
            11.33333
          ],
          "texture": "#4"
        },
        "down": {
          "uv": [
            12.16667,
            1.33333,
            11.33333,
            2.16667
          ],
          "texture": "#4"
        }
      }
    },
    {
      "from": [
        7.375,
        9.625,
        7.375
      ],
      "to": [
        8.625,
        10.875,
        8.625
      ],
      "rotation": {
        "angle": 45,
        "axis": "x",
        "origin": [
          8,
          10.25,
          8
        ]
      },
      "faces": {
        "north": {
          "uv": [
            2.66667,
            11.33333,
            3.5,
            12.16667
          ],
          "texture": "#4"
        },
        "east": {
          "uv": [
            11.33333,
            2.66667,
            12.16667,
            3.5
          ],
          "texture": "#4"
        },
        "south": {
          "uv": [
            4,
            11.33333,
            4.83333,
            12.16667
          ],
          "texture": "#4"
        },
        "west": {
          "uv": [
            11.33333,
            4,
            12.16667,
            4.83333
          ],
          "texture": "#4"
        },
        "up": {
          "uv": [
            12.16667,
            6.16667,
            11.33333,
            5.33333
          ],
          "texture": "#4"
        },
        "down": {
          "uv": [
            12.16667,
            6.66667,
            11.33333,
            7.5
          ],
          "texture": "#4"
        }
      }
    },
    {
      "from": [
        7.3,
        10.85113,
        5.99203
      ],
      "to": [
        8.7,
        13.85113,
        6.99203
      ],
      "rotation": {
        "angle": 22.5,
        "axis": "x",
        "origin": [
          8,
          12.44394,
          6.88723
        ]
      },
      "faces": {
        "north": {
          "uv": [
            6,
            5.33333,
            7,
            7.33333
          ],
          "texture": "#4"
        },
        "east": {
          "uv": [
            8.66667,
            8.66667,
            9.33333,
            10.66667
          ],
          "texture": "#4"
        },
        "south": {
          "uv": [
            7.33333,
            5.33333,
            8.33333,
            7.33333
          ],
          "texture": "#4"
        },
        "west": {
          "uv": [
            0,
            9.33333,
            0.66667,
            11.33333
          ],
          "texture": "#4"
        },
        "up": {
          "uv": [
            8.33333,
            12,
            7.33333,
            11.33333
          ],
          "texture": "#4"
        },
        "down": {
          "uv": [
            12.33333,
            8,
            11.33333,
            8.66667
          ],
          "texture": "#4"
        }
      }
    },
    {
      "from": [
        7.55,
        12.66146,
        5.57309
      ],
      "to": [
        8.45,
        14.16146,
        9.07309
      ],
      "rotation": {
        "angle": -45,
        "axis": "x",
        "origin": [
          8,
          12.44394,
          6.88723
        ]
      },
      "faces": {
        "north": {
          "uv": [
            5.33333,
            11.33333,
            6,
            12.33333
          ],
          "texture": "#4"
        },
        "east": {
          "uv": [
            6,
            2.66667,
            8.33333,
            3.66667
          ],
          "texture": "#4"
        },
        "south": {
          "uv": [
            9.33333,
            11.33333,
            10,
            12.33333
          ],
          "texture": "#4"
        },
        "west": {
          "uv": [
            6,
            4,
            8.33333,
            5
          ],
          "texture": "#4"
        },
        "up": {
          "uv": [
            8,
            11,
            7.33333,
            8.66667
          ],
          "texture": "#4"
        },
        "down": {
          "uv": [
            8.66667,
            8.66667,
            8,
            11
          ],
          "texture": "#4"
        }
      }
    },
    {
      "from": [
        7.5,
        10.73074,
        5.63915
      ],
      "to": [
        8.5,
        12.48074,
        6.63915
      ],
      "rotation": {
        "angle": -45,
        "axis": "x",
        "origin": [
          8,
          12.44394,
          6.88723
        ]
      },
      "faces": {
        "north": {
          "uv": [
            2,
            10,
            2.66667,
            11.16667
          ],
          "texture": "#4"
        },
        "east": {
          "uv": [
            6,
            10.66667,
            6.66667,
            11.83333
          ],
          "texture": "#4"
        },
        "south": {
          "uv": [
            6.66667,
            10.66667,
            7.33333,
            11.83333
          ],
          "texture": "#4"
        },
        "west": {
          "uv": [
            8.66667,
            10.66667,
            9.33333,
            11.83333
          ],
          "texture": "#4"
        }
      }
    },
    {
      "from": [
        7.65,
        10.91421,
        6.96967
      ],
      "to": [
        8.35,
        12.91421,
        7.46967
      ],
      "rotation": {
        "angle": -22.5,
        "axis": "x",
        "origin": [
          8,
          11.91421,
          7.21967
        ]
      },
      "faces": {
        "east": {
          "uv": [
            5.33333,
            12.66667,
            5.66667,
            14
          ],
          "texture": "#4"
        },
        "south": {
          "uv": [
            10,
            11.33333,
            10.5,
            12.66667
          ],
          "texture": "#4"
        },
        "west": {
          "uv": [
            12.66667,
            5.33333,
            13,
            6.66667
          ],
          "texture": "#4"
        }
      }
    },
    {
      "from": [
        7.25,
        13.88082,
        7.7415
      ],
      "to": [
        8.75,
        16.38082,
        8.2415
      ],
      "rotation": {
        "angle": 22.5,
        "axis": "x",
        "origin": [
          7.525,
          15.13083,
          8.979
        ]
      },
      "faces": {
        "north": {
          "uv": [
            8.66667,
            2.66667,
            9.66667,
            4.33333
          ],
          "texture": "#4"
        },
        "east": {
          "uv": [
            8.66667,
            12,
            9,
            13.66667
          ],
          "texture": "#4"
        },
        "south": {
          "uv": [
            8.66667,
            4.66667,
            9.66667,
            6.33333
          ],
          "texture": "#4"
        },
        "west": {
          "uv": [
            12,
            8.66667,
            12.33333,
            10.33333
          ],
          "texture": "#4"
        }
      }
    },
    {
      "from": [
        7.25,
        16.38975,
        8.98784
      ],
      "to": [
        8.75,
        16.88975,
        10.23784
      ],
      "rotation": {
        "angle": -22.5,
        "axis": "x",
        "origin": [
          7.525,
          15.13083,
          8.979
        ]
      },
      "faces": {
        "east": {
          "uv": [
            12.66667,
            10.66667,
            13.5,
            11
          ],
          "texture": "#4"
        },
        "west": {
          "uv": [
            11.33333,
            12.66667,
            12.16667,
            13
          ],
          "texture": "#4"
        },
        "up": {
          "uv": [
            1.66667,
            10.83333,
            0.66667,
            10
          ],
          "texture": "#4"
        },
        "down": {
          "uv": [
            11,
            0.66667,
            10,
            1.5
          ],
          "texture": "#4"
        }
      }
    },
    {
      "from": [
        7.25,
        16.38975,
        10.23784
      ],
      "to": [
        8.75,
        16.88975,
        10.73784
      ],
      "rotation": {
        "angle": -22.5,
        "axis": "x",
        "origin": [
          7.525,
          15.13083,
          8.979
        ]
      },
      "faces": {
        "east": {
          "uv": [
            4.66667,
            13.33333,
            5,
            13.66667
          ],
          "texture": "#4"
        },
        "south": {
          "uv": [
            12.66667,
            8.66667,
            13.66667,
            9
          ],
          "texture": "#4"
        },
        "west": {
          "uv": [
            13.33333,
            4.66667,
            13.66667,
            5
          ],
          "texture": "#4"
        },
        "up": {
          "uv": [
            10.33333,
            13,
            9.33333,
            12.66667
          ],
          "texture": "#4"
        }
      }
    },
    {
      "from": [
        7.25,
        13.3719,
        7.22016
      ],
      "to": [
        8.75,
        13.8719,
        7.72016
      ],
      "rotation": {
        "angle": -22.5,
        "axis": "x",
        "origin": [
          7.525,
          15.13083,
          8.979
        ]
      },
      "faces": {
        "north": {
          "uv": [
            12.66667,
            9.33333,
            13.66667,
            9.66667
          ],
          "texture": "#4"
        },
        "east": {
          "uv": [
            13.33333,
            5.33333,
            13.66667,
            5.66667
          ],
          "texture": "#4"
        },
        "west": {
          "uv": [
            6,
            13.33333,
            6.33333,
            13.66667
          ],
          "texture": "#4"
        },
        "down": {
          "uv": [
            13.66667,
            10,
            12.66667,
            10.33333
          ],
          "texture": "#4"
        }
      }
    },
    {
      "from": [
        7.25,
        15.13967,
        10.23792
      ],
      "to": [
        8.75,
        16.38967,
        10.73792
      ],
      "rotation": {
        "angle": -22.5,
        "axis": "x",
        "origin": [
          7.525,
          15.13083,
          8.979
        ]
      },
      "faces": {
        "north": {
          "uv": [
            10,
            2,
            11,
            2.83333
          ],
          "texture": "#4"
        },
        "east": {
          "uv": [
            12.66667,
            11.33333,
            13,
            12.16667
          ],
          "texture": "#4"
        },
        "south": {
          "uv": [
            10,
            3.33333,
            11,
            4.16667
          ],
          "texture": "#4"
        },
        "west": {
          "uv": [
            12.66667,
            12.66667,
            13,
            13.5
          ],
          "texture": "#4"
        }
      }
    },
    {
      "from": [
        7.25,
        13.3719,
        7.72016
      ],
      "to": [
        8.75,
        13.8719,
        8.97016
      ],
      "rotation": {
        "angle": -22.5,
        "axis": "x",
        "origin": [
          7.525,
          15.13083,
          8.979
        ]
      },
      "faces": {
        "east": {
          "uv": [
            0,
            13.33333,
            0.83333,
            13.66667
          ],
          "texture": "#4"
        },
        "west": {
          "uv": [
            13.33333,
            0,
            14.16667,
            0.33333
          ],
          "texture": "#4"
        },
        "up": {
          "uv": [
            11,
            5.5,
            10,
            4.66667
          ],
          "texture": "#4"
        },
        "down": {
          "uv": [
            11,
            6,
            10,
            6.83333
          ],
          "texture": "#4"
        }
      }
    },
    {
      "from": [
        7.25,
        13.87198,
        7.22007
      ],
      "to": [
        8.75,
        15.12198,
        7.72007
      ],
      "rotation": {
        "angle": -22.5,
        "axis": "x",
        "origin": [
          7.525,
          15.13083,
          8.979
        ]
      },
      "faces": {
        "north": {
          "uv": [
            10,
            7.33333,
            11,
            8.16667
          ],
          "texture": "#4"
        },
        "east": {
          "uv": [
            13.33333,
            0.66667,
            13.66667,
            1.5
          ],
          "texture": "#4"
        },
        "south": {
          "uv": [
            9.33333,
            10,
            10.33333,
            10.83333
          ],
          "texture": "#4"
        },
        "west": {
          "uv": [
            1.33333,
            13.33333,
            1.66667,
            14.16667
          ],
          "texture": "#4"
        }
      }
    },
    {
      "from": [
        7.25,
        13.88082,
        9.7165
      ],
      "to": [
        8.75,
        16.38082,
        10.2165
      ],
      "rotation": {
        "angle": 22.5,
        "axis": "x",
        "origin": [
          7.525,
          15.13083,
          8.979
        ]
      },
      "faces": {
        "north": {
          "uv": [
            6,
            8.66667,
            7,
            10.33333
          ],
          "texture": "#4"
        },
        "east": {
          "uv": [
            10.66667,
            12,
            11,
            13.66667
          ],
          "texture": "#4"
        },
        "south": {
          "uv": [
            8.66667,
            6.66667,
            9.66667,
            8.33333
          ],
          "texture": "#4"
        },
        "west": {
          "uv": [
            12,
            10.66667,
            12.33333,
            12.33333
          ],
          "texture": "#4"
        }
      }
    },
    {
      "from": [
        8.55,
        13.32549,
        8.229
      ],
      "to": [
        8.55,
        16.95049,
        9.729
      ],
      "rotation": {
        "angle": 22.5,
        "axis": "x",
        "origin": [
          8.475,
          15.13083,
          8.979
        ]
      },
      "faces": {
        "east": {
          "uv": [
            0,
            0,
            6,
            15
          ],
          "texture": "#2"
        }
      }
    },
    {
      "from": [
        8.95,
        11.80227,
        5.479
      ],
      "to": [
        8.95,
        18.80227,
        12.479
      ],
      "rotation": {
        "angle": 22.5,
        "axis": "x",
        "origin": [
          8.475,
          15.13083,
          8.979
        ]
      },
      "faces": {
        "east": {
          "uv": [
            0,
            0,
            14,
            14
          ],
          "texture": "#3"
        }
      }
    },
    {
      "from": [
        7.45,
        13.32549,
        8.229
      ],
      "to": [
        7.45,
        16.95049,
        9.729
      ],
      "rotation": {
        "angle": 22.5,
        "axis": "x",
        "origin": [
          7.525,
          15.13083,
          8.979
        ]
      },
      "faces": {
        "west": {
          "uv": [
            0,
            0,
            6,
            15
          ],
          "texture": "#2"
        }
      }
    },
    {
      "from": [
        7.05,
        11.80227,
        5.479
      ],
      "to": [
        7.05,
        18.80227,
        12.479
      ],
      "rotation": {
        "angle": 22.5,
        "axis": "x",
        "origin": [
          7.525,
          15.13083,
          8.979
        ]
      },
      "faces": {
        "west": {
          "uv": [
            0,
            0,
            14,
            14
          ],
          "texture": "#3"
        }
      }
    },
    {
      "from": [
        7.25,
        -0.38082,
        7.7415
      ],
      "to": [
        8.75,
        2.11918,
        8.2415
      ],
      "rotation": {
        "angle": -22.5,
        "axis": "x",
        "origin": [
          7.525,
          0.86917,
          8.979
        ]
      },
      "faces": {
        "north": {
          "uv": [
            8.66667,
            4.33333,
            9.66667,
            2.66667
          ],
          "texture": "#4"
        },
        "east": {
          "uv": [
            8.66667,
            13.66667,
            9,
            12
          ],
          "texture": "#4"
        },
        "south": {
          "uv": [
            8.66667,
            6.33333,
            9.66667,
            4.66667
          ],
          "texture": "#4"
        },
        "west": {
          "uv": [
            12,
            10.33333,
            12.33333,
            8.66667
          ],
          "texture": "#4"
        }
      }
    },
    {
      "from": [
        7.25,
        -0.88975,
        8.98784
      ],
      "to": [
        8.75,
        -0.38975,
        10.23784
      ],
      "rotation": {
        "angle": 22.5,
        "axis": "x",
        "origin": [
          7.525,
          0.86917,
          8.979
        ]
      },
      "faces": {
        "east": {
          "uv": [
            12.66667,
            11,
            13.5,
            10.66667
          ],
          "texture": "#4"
        },
        "west": {
          "uv": [
            11.33333,
            13,
            12.16667,
            12.66667
          ],
          "texture": "#4"
        },
        "up": {
          "uv": [
            11,
            1.5,
            10,
            0.66667
          ],
          "texture": "#4"
        },
        "down": {
          "uv": [
            1.66667,
            10,
            0.66667,
            10.83333
          ],
          "texture": "#4"
        }
      }
    },
    {
      "from": [
        7.25,
        -0.88975,
        10.23784
      ],
      "to": [
        8.75,
        -0.38975,
        10.73784
      ],
      "rotation": {
        "angle": 22.5,
        "axis": "x",
        "origin": [
          7.525,
          0.86917,
          8.979
        ]
      },
      "faces": {
        "east": {
          "uv": [
            4.66667,
            13.66667,
            5,
            13.33333
          ],
          "texture": "#4"
        },
        "south": {
          "uv": [
            12.66667,
            9,
            13.66667,
            8.66667
          ],
          "texture": "#4"
        },
        "west": {
          "uv": [
            13.33333,
            5,
            13.66667,
            4.66667
          ],
          "texture": "#4"
        },
        "down": {
          "uv": [
            10.33333,
            12.66667,
            9.33333,
            13
          ],
          "texture": "#4"
        }
      }
    },
    {
      "from": [
        7.25,
        2.1281,
        7.22016
      ],
      "to": [
        8.75,
        2.6281,
        7.72016
      ],
      "rotation": {
        "angle": 22.5,
        "axis": "x",
        "origin": [
          7.525,
          0.86917,
          8.979
        ]
      },
      "faces": {
        "north": {
          "uv": [
            12.66667,
            9.66667,
            13.66667,
            9.33333
          ],
          "texture": "#4"
        },
        "east": {
          "uv": [
            13.33333,
            5.66667,
            13.66667,
            5.33333
          ],
          "texture": "#4"
        },
        "west": {
          "uv": [
            6,
            13.66667,
            6.33333,
            13.33333
          ],
          "texture": "#4"
        },
        "up": {
          "uv": [
            13.66667,
            10.33333,
            12.66667,
            10
          ],
          "texture": "#4"
        }
      }
    },
    {
      "from": [
        7.25,
        -0.38967,
        10.23792
      ],
      "to": [
        8.75,
        0.86033,
        10.73792
      ],
      "rotation": {
        "angle": 22.5,
        "axis": "x",
        "origin": [
          7.525,
          0.86917,
          8.979
        ]
      },
      "faces": {
        "north": {
          "uv": [
            10,
            2.83333,
            11,
            2
          ],
          "texture": "#4"
        },
        "east": {
          "uv": [
            12.66667,
            12.16667,
            13,
            11.33333
          ],
          "texture": "#4"
        },
        "south": {
          "uv": [
            10,
            4.16667,
            11,
            3.33333
          ],
          "texture": "#4"
        },
        "west": {
          "uv": [
            12.66667,
            13.5,
            13,
            12.66667
          ],
          "texture": "#4"
        }
      }
    },
    {
      "from": [
        7.25,
        2.1281,
        7.72016
      ],
      "to": [
        8.75,
        2.6281,
        8.97016
      ],
      "rotation": {
        "angle": 22.5,
        "axis": "x",
        "origin": [
          7.525,
          0.86917,
          8.979
        ]
      },
      "faces": {
        "east": {
          "uv": [
            0,
            13.66667,
            0.83333,
            13.33333
          ],
          "texture": "#4"
        },
        "west": {
          "uv": [
            13.33333,
            0.33333,
            14.16667,
            0
          ],
          "texture": "#4"
        },
        "up": {
          "uv": [
            11,
            6.83333,
            10,
            6
          ],
          "texture": "#4"
        },
        "down": {
          "uv": [
            11,
            4.66667,
            10,
            5.5
          ],
          "texture": "#4"
        }
      }
    },
    {
      "from": [
        7.25,
        0.87802,
        7.22007
      ],
      "to": [
        8.75,
        2.12802,
        7.72007
      ],
      "rotation": {
        "angle": 22.5,
        "axis": "x",
        "origin": [
          7.525,
          0.86917,
          8.979
        ]
      },
      "faces": {
        "north": {
          "uv": [
            10,
            8.16667,
            11,
            7.33333
          ],
          "texture": "#4"
        },
        "east": {
          "uv": [
            13.33333,
            1.5,
            13.66667,
            0.66667
          ],
          "texture": "#4"
        },
        "south": {
          "uv": [
            9.33333,
            10.83333,
            10.33333,
            10
          ],
          "texture": "#4"
        },
        "west": {
          "uv": [
            1.33333,
            14.16667,
            1.66667,
            13.33333
          ],
          "texture": "#4"
        }
      }
    },
    {
      "from": [
        7.25,
        -0.38082,
        9.7165
      ],
      "to": [
        8.75,
        2.11918,
        10.2165
      ],
      "rotation": {
        "angle": -22.5,
        "axis": "x",
        "origin": [
          7.525,
          0.86917,
          8.979
        ]
      },
      "faces": {
        "north": {
          "uv": [
            6,
            10.33333,
            7,
            8.66667
          ],
          "texture": "#4"
        },
        "east": {
          "uv": [
            10.66667,
            13.66667,
            11,
            12
          ],
          "texture": "#4"
        },
        "south": {
          "uv": [
            8.66667,
            8.33333,
            9.66667,
            6.66667
          ],
          "texture": "#4"
        },
        "west": {
          "uv": [
            12,
            12.33333,
            12.33333,
            10.66667
          ],
          "texture": "#4"
        }
      }
    },
    {
      "from": [
        7.45,
        -0.95049,
        8.229
      ],
      "to": [
        7.45,
        2.67451,
        9.729
      ],
      "rotation": {
        "angle": -22.5,
        "axis": "x",
        "origin": [
          7.525,
          0.86917,
          8.979
        ]
      },
      "faces": {
        "west": {
          "uv": [
            0,
            15,
            6,
            0
          ],
          "texture": "#2"
        }
      }
    },
    {
      "from": [
        7.05,
        -2.80227,
        5.479
      ],
      "to": [
        7.05,
        4.19773,
        12.479
      ],
      "rotation": {
        "angle": -22.5,
        "axis": "x",
        "origin": [
          7.525,
          0.86917,
          8.979
        ]
      },
      "faces": {
        "west": {
          "uv": [
            0,
            14,
            14,
            0
          ],
          "texture": "#3"
        }
      }
    },
    {
      "from": [
        8.95,
        -2.80227,
        5.479
      ],
      "to": [
        8.95,
        4.19773,
        12.479
      ],
      "rotation": {
        "angle": -22.5,
        "axis": "x",
        "origin": [
          8.475,
          0.86917,
          8.979
        ]
      },
      "faces": {
        "east": {
          "uv": [
            0,
            14,
            14,
            0
          ],
          "texture": "#3"
        }
      }
    },
    {
      "from": [
        8.55,
        -0.95049,
        8.229
      ],
      "to": [
        8.55,
        2.67451,
        9.729
      ],
      "rotation": {
        "angle": -22.5,
        "axis": "x",
        "origin": [
          8.475,
          0.86917,
          8.979
        ]
      },
      "faces": {
        "east": {
          "uv": [
            0,
            15,
            6,
            0
          ],
          "texture": "#2"
        }
      }
    },
    {
      "from": [
        7.5,
        14,
        10
      ],
      "to": [
        8.5,
        15,
        13
      ],
      "rotation": {
        "angle": -22.5,
        "axis": "x",
        "origin": [
          7.5,
          14,
          9
        ]
      },
      "faces": {
        "east": {
          "uv": [
            0.66667,
            9.33333,
            2.66667,
            10
          ],
          "texture": "#4"
        },
        "south": {
          "uv": [
            12.66667,
            6.66667,
            13.33333,
            7.33333
          ],
          "texture": "#4"
        },
        "west": {
          "uv": [
            9.33333,
            8.66667,
            11.33333,
            9.33333
          ],
          "texture": "#4"
        },
        "up": {
          "uv": [
            3.33333,
            11.33333,
            2.66667,
            9.33333
          ],
          "texture": "#4"
        },
        "down": {
          "uv": [
            4,
            9.33333,
            3.33333,
            11.33333
          ],
          "texture": "#4"
        }
      }
    },
    {
      "from": [
        7.75,
        15.59253,
        9.73567
      ],
      "to": [
        8.25,
        16.59253,
        11.73567
      ],
      "rotation": {
        "angle": 22.5,
        "axis": "x",
        "origin": [
          8,
          16.34253,
          10.73567
        ]
      },
      "faces": {
        "east": {
          "uv": [
            9.33333,
            9.33333,
            10.66667,
            10
          ],
          "texture": "#4"
        },
        "west": {
          "uv": [
            10,
            0,
            11.33333,
            0.66667
          ],
          "texture": "#4"
        },
        "up": {
          "uv": [
            13,
            8.66667,
            12.66667,
            7.33333
          ],
          "texture": "#4"
        }
      }
    },
    {
      "from": [
        7.6,
        20.5,
        0
      ],
      "to": [
        8.4,
        22.5,
        2
      ],
      "rotation": {
        "angle": 45,
        "axis": "x",
        "origin": [
          7,
          4.5,
          0
        ]
      },
      "faces": {
        "north": {
          "uv": [
            6,
            12,
            6.5,
            13.33333
          ],
          "texture": "#4"
        },
        "east": {
          "uv": [
            6,
            7.33333,
            7.33333,
            8.66667
          ],
          "texture": "#4"
        },
        "south": {
          "uv": [
            6.66667,
            12,
            7.16667,
            13.33333
          ],
          "texture": "#4"
        },
        "west": {
          "uv": [
            7.33333,
            7.33333,
            8.66667,
            8.66667
          ],
          "texture": "#4"
        },
        "up": {
          "uv": [
            7.83333,
            13.33333,
            7.33333,
            12
          ],
          "texture": "#4"
        },
        "down": {
          "uv": [
            8.5,
            12,
            8,
            13.33333
          ],
          "texture": "#4"
        }
      }
    },
    {
      "from": [
        7.975,
        1,
        12.6
      ],
      "to": [
        8.025,
        15,
        18.6
      ],
      "rotation": {
        "angle": 0,
        "axis": "y",
        "origin": [
          7.975,
          1,
          12.6
        ]
      },
      "faces": {
        "east": {
          "uv": [
            4,
            0,
            0,
            9.33333
          ],
          "texture": "#4"
        },
        "west": {
          "uv": [
            0,
            0,
            4,
            9.33333
          ],
          "texture": "#4"
        }
      }
    },
    {
      "from": [
        7.975,
        13,
        5
      ],
      "to": [
        8.025,
        17,
        14
      ],
      "rotation": {
        "angle": -22.5,
        "axis": "x",
        "origin": [
          7.975,
          13,
          5
        ]
      },
      "faces": {
        "east": {
          "uv": [
            10,
            0,
            4,
            2.66667
          ],
          "texture": "#4"
        },
        "west": {
          "uv": [
            4,
            0,
            10,
            2.66667
          ],
          "texture": "#4"
        }
      }
    },
    {
      "from": [
        7.3,
        2.14887,
        5.99203
      ],
      "to": [
        8.7,
        5.14887,
        6.99203
      ],
      "rotation": {
        "angle": -22.5,
        "axis": "x",
        "origin": [
          8,
          3.55606,
          6.88723
        ]
      },
      "faces": {
        "north": {
          "uv": [
            6,
            7.33333,
            7,
            5.33333
          ],
          "texture": "#4"
        },
        "east": {
          "uv": [
            8.66667,
            10.66667,
            9.33333,
            8.66667
          ],
          "texture": "#4"
        },
        "south": {
          "uv": [
            7.33333,
            7.33333,
            8.33333,
            5.33333
          ],
          "texture": "#4"
        },
        "west": {
          "uv": [
            0,
            11.33333,
            0.66667,
            9.33333
          ],
          "texture": "#4"
        },
        "up": {
          "uv": [
            12.33333,
            8.66667,
            11.33333,
            8
          ],
          "texture": "#4"
        },
        "down": {
          "uv": [
            8.33333,
            11.33333,
            7.33333,
            12
          ],
          "texture": "#4"
        }
      }
    },
    {
      "from": [
        7.55,
        1.83854,
        5.57309
      ],
      "to": [
        8.45,
        3.33854,
        9.07309
      ],
      "rotation": {
        "angle": 45,
        "axis": "x",
        "origin": [
          8,
          3.55606,
          6.88723
        ]
      },
      "faces": {
        "north": {
          "uv": [
            5.33333,
            12.33333,
            6,
            11.33333
          ],
          "texture": "#4"
        },
        "east": {
          "uv": [
            6,
            3.66667,
            8.33333,
            2.66667
          ],
          "texture": "#4"
        },
        "south": {
          "uv": [
            9.33333,
            12.33333,
            10,
            11.33333
          ],
          "texture": "#4"
        },
        "west": {
          "uv": [
            6,
            5,
            8.33333,
            4
          ],
          "texture": "#4"
        },
        "up": {
          "uv": [
            8.66667,
            11,
            8,
            8.66667
          ],
          "texture": "#4"
        },
        "down": {
          "uv": [
            8,
            8.66667,
            7.33333,
            11
          ],
          "texture": "#4"
        }
      }
    },
    {
      "from": [
        7.5,
        3.51926,
        5.63915
      ],
      "to": [
        8.5,
        5.26926,
        6.63915
      ],
      "rotation": {
        "angle": 45,
        "axis": "x",
        "origin": [
          8,
          3.55606,
          6.88723
        ]
      },
      "faces": {
        "north": {
          "uv": [
            2,
            11.16667,
            2.66667,
            10
          ],
          "texture": "#4"
        },
        "east": {
          "uv": [
            6,
            11.83333,
            6.66667,
            10.66667
          ],
          "texture": "#4"
        },
        "south": {
          "uv": [
            6.66667,
            11.83333,
            7.33333,
            10.66667
          ],
          "texture": "#4"
        },
        "west": {
          "uv": [
            8.66667,
            11.83333,
            9.33333,
            10.66667
          ],
          "texture": "#4"
        }
      }
    },
    {
      "from": [
        7.65,
        3.08579,
        6.96967
      ],
      "to": [
        8.35,
        5.08579,
        7.46967
      ],
      "rotation": {
        "angle": 22.5,
        "axis": "x",
        "origin": [
          8,
          4.08579,
          7.21967
        ]
      },
      "faces": {
        "east": {
          "uv": [
            5.33333,
            14,
            5.66667,
            12.66667
          ],
          "texture": "#4"
        },
        "south": {
          "uv": [
            10,
            12.66667,
            10.5,
            11.33333
          ],
          "texture": "#4"
        },
        "west": {
          "uv": [
            12.66667,
            6.66667,
            13,
            5.33333
          ],
          "texture": "#4"
        }
      }
    },
    {
      "from": [
        7.5,
        1,
        10
      ],
      "to": [
        8.5,
        2,
        13
      ],
      "rotation": {
        "angle": 22.5,
        "axis": "x",
        "origin": [
          7.5,
          2,
          9
        ]
      },
      "faces": {
        "east": {
          "uv": [
            0.66667,
            10,
            2.66667,
            9.33333
          ],
          "texture": "#4"
        },
        "south": {
          "uv": [
            12.66667,
            7.33333,
            13.33333,
            6.66667
          ],
          "texture": "#4"
        },
        "west": {
          "uv": [
            9.33333,
            9.33333,
            11.33333,
            8.66667
          ],
          "texture": "#4"
        },
        "up": {
          "uv": [
            4,
            11.33333,
            3.33333,
            9.33333
          ],
          "texture": "#4"
        },
        "down": {
          "uv": [
            3.33333,
            9.33333,
            2.66667,
            11.33333
          ],
          "texture": "#4"
        }
      }
    },
    {
      "from": [
        7.75,
        -0.59253,
        9.73567
      ],
      "to": [
        8.25,
        0.40747,
        11.73567
      ],
      "rotation": {
        "angle": -22.5,
        "axis": "x",
        "origin": [
          8,
          -0.34253,
          10.73567
        ]
      },
      "faces": {
        "east": {
          "uv": [
            9.33333,
            10,
            10.66667,
            9.33333
          ],
          "texture": "#4"
        },
        "west": {
          "uv": [
            10,
            0.66667,
            11.33333,
            0
          ],
          "texture": "#4"
        },
        "down": {
          "uv": [
            13,
            7.33333,
            12.66667,
            8.66667
          ],
          "texture": "#4"
        }
      }
    },
    {
      "from": [
        7.6,
        -6.5,
        0
      ],
      "to": [
        8.4,
        -4.5,
        2
      ],
      "rotation": {
        "angle": -45,
        "axis": "x",
        "origin": [
          7,
          11.5,
          0
        ]
      },
      "faces": {
        "north": {
          "uv": [
            6,
            13.33333,
            6.5,
            12
          ],
          "texture": "#4"
        },
        "east": {
          "uv": [
            6,
            8.66667,
            7.33333,
            7.33333
          ],
          "texture": "#4"
        },
        "south": {
          "uv": [
            6.66667,
            13.33333,
            7.16667,
            12
          ],
          "texture": "#4"
        },
        "west": {
          "uv": [
            7.33333,
            8.66667,
            8.66667,
            7.33333
          ],
          "texture": "#4"
        },
        "up": {
          "uv": [
            8.5,
            13.33333,
            8,
            12
          ],
          "texture": "#4"
        },
        "down": {
          "uv": [
            7.83333,
            12,
            7.33333,
            13.33333
          ],
          "texture": "#4"
        }
      }
    },
    {
      "from": [
        7.975,
        -1,
        5
      ],
      "to": [
        8.025,
        3,
        14
      ],
      "rotation": {
        "angle": 22.5,
        "axis": "x",
        "origin": [
          7.975,
          3,
          5
        ]
      },
      "faces": {
        "east": {
          "uv": [
            10,
            2.66667,
            4,
            0
          ],
          "texture": "#4"
        },
        "west": {
          "uv": [
            4,
            2.66667,
            10,
            0
          ],
          "texture": "#4"
        }
      }
    }
  ],
  "gui_light": "front",
  "display": {
    "thirdperson_righthand": {
      "translation": [
        0,
        -2,
        1
      ]
    },
    "thirdperson_lefthand": {
      "translation": [
        0,
        -2,
        1
      ]
    },
    "firstperson_righthand": {
      "translation": [
        0,
        3.75,
        -0.75
      ]
    },
    "firstperson_lefthand": {
      "translation": [
        0,
        3.75,
        -0.75
      ]
    },
    "ground": {
      "rotation": [
        45,
        0,
        0
      ],
      "translation": [
        0,
        12.25,
        0
      ]
    },
    "gui": {
      "rotation": [
        90,
        45,
        90
      ],
      "translation": [
        -1.25,
        1.25,
        0
      ],
      "scale": [
        0.87109,
        0.87109,
        0.87109
      ]
    },
    "head": {
      "rotation": [
        0,
        90,
        0
      ],
      "translation": [
        0,
        -2,
        0
      ],
      "scale": [
        1.5,
        1.5,
        1.5
      ]
    },
    "fixed": {
      "rotation": [
        90,
        -90,
        90
      ],
      "translation": [
        2.25,
        0,
        -1.25
      ],
      "scale": [
        1.5,
        1.5,
        1.5
      ]
    }
  },
  "groups": [
    0,
    1,
    2,
    3,
    4,
    5,
    6,
    7,
    8,
    9,
    10,
    {
      "name": "group",
      "origin": [
        7,
        14,
        4.5
      ],
      "color": 0,
      "children": [
        11,
        12,
        13,
        14,
        15,
        16,
        17,
        18,
        19,
        20,
        21,
        22,
        23,
        24,
        25,
        26,
        27,
        28,
        29,
        30,
        31,
        32,
        33,
        34
      ]
    },
    35,
    36,
    37,
    38,
    39,
    40,
    41,
    42,
    43,
    44,
    45,
    46,
    47
  ]
}