{
  "credit": "MadebyPolygonMC",
  "texture_size": [
    32,
    32
  ],
  "textures": {
    "1": "minehammer:item/nitro/helmet"
  },
  "elements": [
    {
      "from": [
        5,
        3.875,
        11
      ],
      "to": [
        11,
        10.875,
        12
      ],
      "rotation": {
        "angle": 0,
        "axis": "y",
        "origin": [
          4,
          3.875,
          11
        ]
      },
      "faces": {
        "north": {
          "uv": [
            0,
            7,
            3,
            10.5
          ],
          "texture": "#1",
          "tintindex": 0
        },
        "south": {
          "uv": [
            7,
            0,
            10,
            3.5
          ],
          "texture": "#1",
          "tintindex": 0
        },
        "up": {
          "uv": [
            8.5,
            10.5,
            5.5,
            10
          ],
          "texture": "#1",
          "tintindex": 0
        },
        "down": {
          "uv": [
            11.5,
            10,
            8.5,
            10.5
          ],
          "texture": "#1",
          "tintindex": 0
        }
      }
    },
    {
      "from": [
        4.5,
        10.875,
        4.5
      ],
      "to": [
        11.5,
        11.375,
        11.5
      ],
      "rotation": {
        "angle": 0,
        "axis": "y",
        "origin": [
          4,
          4.875,
          11
        ]
      },
      "faces": {
        "north": {
          "uv": [
            9.5,
            10.5,
            13,
            10.75
          ],
          "texture": "#1",
          "tintindex": 0
        },
        "east": {
          "uv": [
            11,
            6.5,
            14.5,
            6.75
          ],
          "texture": "#1",
          "tintindex": 0
        },
        "south": {
          "uv": [
            11,
            7,
            14.5,
            7.25
          ],
          "texture": "#1",
          "tintindex": 0
        },
        "west": {
          "uv": [
            11,
            7.5,
            14.5,
            7.75
          ],
          "texture": "#1",
          "tintindex": 0
        },
        "up": {
          "uv": [
            7,
            3.5,
            3.5,
            0
          ],
          "texture": "#1",
          "tintindex": 0
        },
        "down": {
          "uv": [
            7,
            3.5,
            3.5,
            7
          ],
          "texture": "#1",
          "tintindex": 0
        }
      }
    },
    {
      "from": [
        10,
        3.875,
        4
      ],
      "to": [
        12,
        5.875,
        5
      ],
      "rotation": {
        "angle": 0,
        "axis": "y",
        "origin": [
          12,
          3.875,
          4
        ]
      },
      "faces": {
        "north": {
          "uv": [
            6,
            8,
            7,
            9
          ],
          "texture": "#1",
          "tintindex": 0
        },
        "east": {
          "uv": [
            7,
            6,
            7.5,
            7
          ],
          "texture": "#1",
          "tintindex": 0
        },
        "south": {
          "uv": [
            10.5,
            0.5,
            11.5,
            1.5
          ],
          "texture": "#1",
          "tintindex": 0
        },
        "west": {
          "uv": [
            7,
            8,
            7.5,
            9
          ],
          "texture": "#1",
          "tintindex": 0
        },
        "up": {
          "uv": [
            2.5,
            11.5,
            1.5,
            11
          ],
          "texture": "#1",
          "tintindex": 0
        },
        "down": {
          "uv": [
            10.5,
            11,
            9.5,
            11.5
          ],
          "texture": "#1",
          "tintindex": 0
        }
      }
    },
    {
      "from": [
        5,
        3.375,
        3.75
      ],
      "to": [
        11,
        4.875,
        4.75
      ],
      "rotation": {
        "angle": 0,
        "axis": "y",
        "origin": [
          11,
          2.875,
          3.5
        ]
      },
      "faces": {
        "north": {
          "uv": [
            8.5,
            8,
            11.5,
            8.75
          ],
          "texture": "#1",
          "tintindex": 0
        },
        "east": {
          "uv": [
            2,
            11.5,
            2.5,
            12.25
          ],
          "texture": "#1",
          "tintindex": 0
        },
        "south": {
          "uv": [
            6,
            9,
            9,
            9.75
          ],
          "texture": "#1",
          "tintindex": 0
        },
        "west": {
          "uv": [
            11.5,
            2.5,
            12,
            3.25
          ],
          "texture": "#1",
          "tintindex": 0
        },
        "up": {
          "uv": [
            3,
            11,
            0,
            10.5
          ],
          "texture": "#1",
          "tintindex": 0
        },
        "down": {
          "uv": [
            13.5,
            0,
            10.5,
            0.5
          ],
          "texture": "#1",
          "tintindex": 0
        }
      }
    },
    {
      "from": [
        4,
        8.875,
        4
      ],
      "to": [
        12,
        10.875,
        5
      ],
      "rotation": {
        "angle": 0,
        "axis": "y",
        "origin": [
          12,
          8.875,
          4
        ]
      },
      "faces": {
        "north": {
          "uv": [
            8.5,
            4.5,
            12.5,
            5.5
          ],
          "texture": "#1",
          "tintindex": 0
        },
        "east": {
          "uv": [
            2.5,
            11,
            3,
            12
          ],
          "texture": "#1",
          "tintindex": 0
        },
        "south": {
          "uv": [
            8.5,
            5.5,
            12.5,
            6.5
          ],
          "texture": "#1",
          "tintindex": 0
        },
        "west": {
          "uv": [
            10.5,
            11,
            11,
            12
          ],
          "texture": "#1",
          "tintindex": 0
        },
        "up": {
          "uv": [
            13,
            9.5,
            9,
            9
          ],
          "texture": "#1",
          "tintindex": 0
        },
        "down": {
          "uv": [
            13,
            9.5,
            9,
            10
          ],
          "texture": "#1",
          "tintindex": 0
        }
      }
    },
    {
      "from": [
        11,
        3.875,
        5
      ],
      "to": [
        12,
        10.875,
        12
      ],
      "rotation": {
        "angle": 0,
        "axis": "y",
        "origin": [
          12,
          3.875,
          5
        ]
      },
      "faces": {
        "north": {
          "uv": [
            10,
            0,
            10.5,
            3.5
          ],
          "texture": "#1",
          "tintindex": 0
        },
        "east": {
          "uv": [
            0,
            0,
            3.5,
            3.5
          ],
          "texture": "#1",
          "tintindex": 0
        },
        "south": {
          "uv": [
            4,
            10,
            4.5,
            13.5
          ],
          "texture": "#1",
          "tintindex": 0
        },
        "west": {
          "uv": [
            0,
            3.5,
            3.5,
            7
          ],
          "texture": "#1",
          "tintindex": 0
        },
        "up": {
          "uv": [
            5,
            13.5,
            4.5,
            10
          ],
          "texture": "#1",
          "tintindex": 0
        },
        "down": {
          "uv": [
            5.5,
            10,
            5,
            13.5
          ],
          "texture": "#1",
          "tintindex": 0
        }
      }
    },
    {
      "from": [
        4,
        3.875,
        4
      ],
      "to": [
        6,
        5.875,
        5
      ],
      "rotation": {
        "angle": 0,
        "axis": "y",
        "origin": [
          4,
          3.875,
          4
        ]
      },
      "faces": {
        "north": {
          "uv": [
            7,
            8,
            6,
            9
          ],
          "texture": "#1",
          "tintindex": 0
        },
        "east": {
          "uv": [
            7.5,
            8,
            7,
            9
          ],
          "texture": "#1",
          "tintindex": 0
        },
        "south": {
          "uv": [
            11.5,
            0.5,
            10.5,
            1.5
          ],
          "texture": "#1",
          "tintindex": 0
        },
        "west": {
          "uv": [
            7.5,
            6,
            7,
            7
          ],
          "texture": "#1",
          "tintindex": 0
        },
        "up": {
          "uv": [
            1.5,
            11.5,
            2.5,
            11
          ],
          "texture": "#1",
          "tintindex": 0
        },
        "down": {
          "uv": [
            9.5,
            11,
            10.5,
            11.5
          ],
          "texture": "#1",
          "tintindex": 0
        }
      }
    },
    {
      "from": [
        4,
        3.875,
        5
      ],
      "to": [
        5,
        10.875,
        12
      ],
      "rotation": {
        "angle": 0,
        "axis": "y",
        "origin": [
          4,
          3.875,
          5
        ]
      },
      "faces": {
        "north": {
          "uv": [
            10.5,
            0,
            10,
            3.5
          ],
          "texture": "#1",
          "tintindex": 0
        },
        "east": {
          "uv": [
            3.5,
            3.5,
            0,
            7
          ],
          "texture": "#1",
          "tintindex": 0
        },
        "south": {
          "uv": [
            4.5,
            10,
            4,
            13.5
          ],
          "texture": "#1",
          "tintindex": 0
        },
        "west": {
          "uv": [
            3.5,
            0,
            0,
            3.5
          ],
          "texture": "#1",
          "tintindex": 0
        },
        "up": {
          "uv": [
            4.5,
            13.5,
            5,
            10
          ],
          "texture": "#1",
          "tintindex": 0
        },
        "down": {
          "uv": [
            5,
            10,
            5.5,
            13.5
          ],
          "texture": "#1",
          "tintindex": 0
        }
      }
    },
    {
      "from": [
        11,
        5.875,
        4.5
      ],
      "to": [
        12,
        8.875,
        4.5
      ],
      "rotation": {
        "angle": -45,
        "axis": "y",
        "origin": [
          11,
          5.875,
          4.5
        ]
      },
      "faces": {
        "north": {
          "uv": [
            0,
            11,
            0.5,
            12.5
          ],
          "texture": "#1",
          "tintindex": 0
        },
        "south": {
          "uv": [
            0.5,
            11,
            0,
            12.5
          ],
          "texture": "#1",
          "tintindex": 0
        }
      }
    },
    {
      "from": [
        10.07612,
        5.875,
        4.11732
      ],
      "to": [
        11.07612,
        8.875,
        4.11732
      ],
      "rotation": {
        "angle": -22.5,
        "axis": "y",
        "origin": [
          10.07612,
          5.875,
          4.11732
        ]
      },
      "faces": {
        "north": {
          "uv": [
            7,
            4.5,
            7.5,
            6
          ],
          "texture": "#1",
          "tintindex": 0
        },
        "south": {
          "uv": [
            7.5,
            4.5,
            7,
            6
          ],
          "texture": "#1",
          "tintindex": 0
        }
      }
    },
    {
      "from": [
        4.92388,
        5.875,
        4.11732
      ],
      "to": [
        5.92388,
        8.875,
        4.11732
      ],
      "rotation": {
        "angle": 22.5,
        "axis": "y",
        "origin": [
          5.92388,
          5.875,
          4.11732
        ]
      },
      "faces": {
        "north": {
          "uv": [
            1,
            11,
            1.5,
            12.5
          ],
          "texture": "#1",
          "tintindex": 0
        },
        "south": {
          "uv": [
            1.5,
            11,
            1,
            12.5
          ],
          "texture": "#1",
          "tintindex": 0
        }
      }
    },
    {
      "from": [
        4,
        5.875,
        4.5
      ],
      "to": [
        5,
        8.875,
        4.5
      ],
      "rotation": {
        "angle": 45,
        "axis": "y",
        "origin": [
          5,
          5.875,
          4.5
        ]
      },
      "faces": {
        "north": {
          "uv": [
            0.5,
            11,
            1,
            12.5
          ],
          "texture": "#1",
          "tintindex": 0
        },
        "south": {
          "uv": [
            1,
            11,
            0.5,
            12.5
          ],
          "texture": "#1",
          "tintindex": 0
        }
      }
    },
    {
      "from": [
        5.92612,
        4.875,
        4.11732
      ],
      "to": [
        10.07612,
        8.875,
        4.11732
      ],
      "rotation": {
        "angle": 0,
        "axis": "y",
        "origin": [
          9.07612,
          5.875,
          4.11732
        ]
      },
      "faces": {
        "north": {
          "uv": [
            4,
            8,
            6,
            10
          ],
          "texture": "#1",
          "tintindex": 0
        },
        "south": {
          "uv": [
            6,
            8,
            4,
            10
          ],
          "texture": "#1",
          "tintindex": 0
        }
      }
    },
    {
      "from": [
        8,
        9.75,
        3.5
      ],
      "to": [
        10,
        11.75,
        12.5
      ],
      "rotation": {
        "angle": 45,
        "axis": "z",
        "origin": [
          8,
          9.75,
          3.5
        ]
      },
      "faces": {
        "north": {
          "uv": [
            10.5,
            1.5,
            11.5,
            2.5
          ],
          "texture": "#1",
          "tintindex": 0
        },
        "east": {
          "uv": [
            3,
            7,
            7.5,
            8
          ],
          "texture": "#1",
          "tintindex": 0
        },
        "south": {
          "uv": [
            10.5,
            2.5,
            11.5,
            3.5
          ],
          "texture": "#1",
          "tintindex": 0
        },
        "west": {
          "uv": [
            7,
            3.5,
            11.5,
            4.5
          ],
          "texture": "#1",
          "tintindex": 0
        },
        "up": {
          "uv": [
            8.5,
            9,
            7.5,
            4.5
          ],
          "texture": "#1",
          "tintindex": 0
        },
        "down": {
          "uv": [
            4,
            8,
            3,
            12.5
          ],
          "texture": "#1",
          "tintindex": 0
        }
      }
    },
    {
      "from": [
        8,
        8,
        3.75
      ],
      "to": [
        10,
        10,
        4.25
      ],
      "rotation": {
        "angle": 45,
        "axis": "z",
        "origin": [
          8,
          8,
          5.75
        ]
      },
      "faces": {
        "north": {
          "uv": [
            7.5,
            10.5,
            8.5,
            11.5
          ],
          "texture": "#1",
          "tintindex": 0
        },
        "east": {
          "uv": [
            11.5,
            3.5,
            11.75,
            4.5
          ],
          "texture": "#1",
          "tintindex": 0
        },
        "south": {
          "uv": [
            8.5,
            10.5,
            9.5,
            11.5
          ],
          "texture": "#1",
          "tintindex": 0
        },
        "west": {
          "uv": [
            5.5,
            11.5,
            5.75,
            12.5
          ],
          "texture": "#1",
          "tintindex": 0
        },
        "up": {
          "uv": [
            7,
            11.75,
            6,
            11.5
          ],
          "texture": "#1",
          "tintindex": 0
        },
        "down": {
          "uv": [
            8,
            11.5,
            7,
            11.75
          ],
          "texture": "#1",
          "tintindex": 0
        }
      }
    },
    {
      "from": [
        12,
        6,
        7
      ],
      "to": [
        13,
        8,
        9
      ],
      "rotation": {
        "angle": -22.5,
        "axis": "x",
        "origin": [
          12.5,
          7,
          8
        ]
      },
      "faces": {
        "north": {
          "uv": [
            11,
            11,
            11.5,
            12
          ],
          "texture": "#1",
          "tintindex": 0
        },
        "east": {
          "uv": [
            5.5,
            10.5,
            6.5,
            11.5
          ],
          "texture": "#1",
          "tintindex": 0
        },
        "south": {
          "uv": [
            11.5,
            0.5,
            12,
            1.5
          ],
          "texture": "#1",
          "tintindex": 0
        },
        "west": {
          "uv": [
            6.5,
            10.5,
            7.5,
            11.5
          ],
          "texture": "#1",
          "tintindex": 0
        },
        "up": {
          "uv": [
            2,
            12.5,
            1.5,
            11.5
          ],
          "texture": "#1",
          "tintindex": 0
        },
        "down": {
          "uv": [
            12,
            1.5,
            11.5,
            2.5
          ],
          "texture": "#1",
          "tintindex": 0
        }
      }
    },
    {
      "from": [
        12.475,
        6.5,
        7.5
      ],
      "to": [
        12.525,
        9.5,
        12.5
      ],
      "rotation": {
        "angle": -22.5,
        "axis": "x",
        "origin": [
          12.5,
          7,
          8
        ]
      },
      "faces": {
        "east": {
          "uv": [
            8.5,
            6.5,
            11,
            8
          ],
          "texture": "#1",
          "tintindex": 0
        },
        "west": {
          "uv": [
            11,
            6.5,
            8.5,
            8
          ],
          "texture": "#1",
          "tintindex": 0
        }
      }
    },
    {
      "from": [
        3.475,
        6.5,
        7.5
      ],
      "to": [
        3.525,
        9.5,
        12.5
      ],
      "rotation": {
        "angle": -22.5,
        "axis": "x",
        "origin": [
          3.5,
          7,
          8
        ]
      },
      "faces": {
        "east": {
          "uv": [
            8.5,
            6.5,
            11,
            8
          ],
          "texture": "#1",
          "tintindex": 0
        },
        "west": {
          "uv": [
            11,
            6.5,
            8.5,
            8
          ],
          "texture": "#1",
          "tintindex": 0
        }
      }
    },
    {
      "from": [
        3,
        6,
        7
      ],
      "to": [
        4,
        8,
        9
      ],
      "rotation": {
        "angle": -22.5,
        "axis": "x",
        "origin": [
          3.5,
          7,
          8
        ]
      },
      "faces": {
        "north": {
          "uv": [
            11.5,
            11,
            11,
            12
          ],
          "texture": "#1",
          "tintindex": 0
        },
        "east": {
          "uv": [
            7.5,
            10.5,
            6.5,
            11.5
          ],
          "texture": "#1",
          "tintindex": 0
        },
        "south": {
          "uv": [
            12,
            0.5,
            11.5,
            1.5
          ],
          "texture": "#1",
          "tintindex": 0
        },
        "west": {
          "uv": [
            6.5,
            10.5,
            5.5,
            11.5
          ],
          "texture": "#1",
          "tintindex": 0
        },
        "up": {
          "uv": [
            1.5,
            12.5,
            2,
            11.5
          ],
          "texture": "#1",
          "tintindex": 0
        },
        "down": {
          "uv": [
            11.5,
            1.5,
            12,
            2.5
          ],
          "texture": "#1",
          "tintindex": 0
        }
      }
    }
  ],
  "gui_light": "front",
  "display": {
    "thirdperson_righthand": {
      "rotation": [
        66.25,
        0,
        0
      ],
      "translation": [
        0,
        2,
        1.5
      ],
      "scale": [
        0.55664,
        0.55664,
        0.55664
      ]
    },
    "thirdperson_lefthand": {
      "rotation": [
        66.25,
        0,
        0
      ],
      "translation": [
        0,
        2,
        1.5
      ],
      "scale": [
        0.55664,
        0.55664,
        0.55664
      ]
    },
    "firstperson_righthand": {
      "rotation": [
        152.5,
        0,
        180
      ],
      "translation": [
        -1.25,
        4,
        0
      ]
    },
    "firstperson_lefthand": {
      "rotation": [
        152.5,
        0,
        180
      ],
      "translation": [
        -1.25,
        4,
        0
      ]
    },
    "ground": {
      "rotation": [
        25,
        0,
        0
      ],
      "translation": [
        0,
        6.75,
        0
      ]
    },
    "gui": {
      "rotation": [
        0,
        180,
        0
      ],
      "translation": [
        0,
        0.25,
        0
      ],
      "scale": [
        1.64844,
        1.64844,
        1.64844
      ]
    },
    "head": {
      "translation": [
        0,
        1.5,
        -0.25
      ],
      "scale": [
        2.18945,
        2.18945,
        2.18945
      ]
    },
    "fixed": {
      "rotation": [
        -86.25,
        0,
        0
      ],
      "translation": [
        0,
        0,
        -11.25
      ],
      "scale": [
        2.54688,
        2.54688,
        2.54688
      ]
    }
  }
}