{
	"credit": "Made by PolygonMC",
	"texture_size": [28, 28],
	"textures": {
		"2": "minehammer:item/nitro/animations/nitro_gems",
		"3": "minehammer:item/nitro/animations/animations_1",
		"4": "minehammer:item/nitro/shield",
		"particle": "minehammer:item/nitro/animations/nitro_gems"
	},
	"elements": [
		{
			"from": [7.5, 5.3758, 9.625],
			"to": [8.5, 6.3758, 10.625],
			"rotation": {"angle": 0, "axis": "y", "origin": [8, 8, 8]},
			"faces": {
				"north": {"uv": [8, 10.85714, 8.57143, 11.42857], "texture": "#4"},
				"east": {"uv": [9.14286, 5.14286, 9.71429, 5.71429], "texture": "#4"},
				"south": {"uv": [10.28571, 1.71429, 10.85714, 2.28571], "texture": "#4"},
				"west": {"uv": [7.42857, 10.85714, 8, 11.42857], "texture": "#4"},
				"up": {"uv": [9.14286, 11.42857, 8.57143, 10.85714], "rotation": 90, "texture": "#4"},
				"down": {"uv": [11.42857, 8.57143, 10.85714, 9.14286], "rotation": 270, "texture": "#4"}
			}
		},
		{
			"from": [7.5, 7.1258, 9.625],
			"to": [8.5, 8.1258, 10.625],
			"rotation": {"angle": 0, "axis": "y", "origin": [8, 8, 8]},
			"faces": {
				"north": {"uv": [2.28571, 11.42857, 2.85714, 12], "texture": "#4"},
				"east": {"uv": [11.42857, 0.57143, 12, 1.14286], "texture": "#4"},
				"south": {"uv": [11.42857, 1.14286, 12, 1.71429], "texture": "#4"},
				"west": {"uv": [1.71429, 11.42857, 2.28571, 12], "texture": "#4"},
				"up": {"uv": [3.42857, 12, 2.85714, 11.42857], "rotation": 90, "texture": "#4"},
				"down": {"uv": [4, 11.42857, 3.42857, 12], "rotation": 270, "texture": "#4"}
			}
		},
		{
			"from": [7.5, 8.8758, 9.625],
			"to": [8.5, 9.8758, 10.625],
			"rotation": {"angle": 0, "axis": "y", "origin": [8, 8, 8]},
			"faces": {
				"north": {"uv": [11.42857, 5.14286, 12, 5.71429], "texture": "#4"},
				"east": {"uv": [4, 11.42857, 4.57143, 12], "texture": "#4"},
				"south": {"uv": [11.42857, 4, 12, 4.57143], "texture": "#4"},
				"west": {"uv": [11.42857, 4.57143, 12, 5.14286], "texture": "#4"},
				"up": {"uv": [12, 6.28571, 11.42857, 5.71429], "rotation": 90, "texture": "#4"},
				"down": {"uv": [12, 6.28571, 11.42857, 6.85714], "rotation": 270, "texture": "#4"}
			}
		},
		{
			"from": [7.6, 6.3758, 9.725],
			"to": [8.4, 7.1258, 10.525],
			"rotation": {"angle": 0, "axis": "y", "origin": [8, 8, 8]},
			"faces": {
				"north": {"uv": [8.57143, 12, 9, 12.42857], "texture": "#4"},
				"east": {"uv": [7.42857, 12, 7.85714, 12.42857], "texture": "#4"},
				"south": {"uv": [12, 7.42857, 12.42857, 7.85714], "texture": "#4"},
				"west": {"uv": [8, 12, 8.42857, 12.42857], "texture": "#4"}
			}
		},
		{
			"from": [7.6, 8.1258, 9.725],
			"to": [8.4, 8.8758, 10.525],
			"rotation": {"angle": 0, "axis": "y", "origin": [8, 8, 8]},
			"faces": {
				"north": {"uv": [9.71429, 12, 10.14286, 12.42857], "texture": "#4"},
				"east": {"uv": [12, 8.57143, 12.42857, 9], "texture": "#4"},
				"south": {"uv": [9.14286, 12, 9.57143, 12.42857], "texture": "#4"},
				"west": {"uv": [12, 9.14286, 12.42857, 9.57143], "texture": "#4"}
			}
		},
		{
			"from": [13.47323, 1.27677, 6.25],
			"to": [14.72323, 2.52677, 7.5],
			"rotation": {"angle": -45, "axis": "z", "origin": [8, 8, 8]},
			"faces": {
				"north": {"uv": [10.28571, 10.28571, 11, 11], "texture": "#4"},
				"east": {"uv": [2.28571, 10.28571, 3, 11], "texture": "#4"},
				"south": {"uv": [3.42857, 10.28571, 4.14286, 11], "texture": "#4"},
				"west": {"uv": [9.14286, 10.28571, 9.85714, 11], "texture": "#4"},
				"up": {"uv": [0.71429, 11.57143, 0, 10.85714], "rotation": 90, "texture": "#4"},
				"down": {"uv": [11.57143, 1.71429, 10.85714, 2.42857], "rotation": 270, "texture": "#4"}
			}
		},
		{
			"from": [11.53406, -0.39548, 6.475],
			"to": [12.53406, 0.60452, 7.275],
			"rotation": {"angle": -22.5, "axis": "z", "origin": [8, 8, 8]},
			"faces": {
				"north": {"uv": [7.42857, 11.42857, 8, 12], "texture": "#4"},
				"south": {"uv": [11.42857, 6.85714, 12, 7.42857], "texture": "#4"},
				"up": {"uv": [1, 12.57143, 0.57143, 12], "rotation": 90, "texture": "#4"},
				"down": {"uv": [1.57143, 12, 1.14286, 12.57143], "rotation": 270, "texture": "#4"}
			}
		},
		{
			"from": [12.53406, -0.47048, 6.375],
			"to": [13.53406, 1.52952, 7.375],
			"rotation": {"angle": -22.5, "axis": "z", "origin": [8, 8, 8]},
			"faces": {
				"north": {"uv": [9.71429, 1.14286, 10.28571, 2.28571], "texture": "#4"},
				"east": {"uv": [9.14286, 8, 9.71429, 9.14286], "texture": "#4"},
				"south": {"uv": [9.14286, 9.14286, 9.71429, 10.28571], "texture": "#4"},
				"west": {"uv": [9.71429, 0, 10.28571, 1.14286], "texture": "#4"},
				"up": {"uv": [12, 8, 11.42857, 7.42857], "rotation": 90, "texture": "#4"},
				"down": {"uv": [8.57143, 11.42857, 8, 12], "rotation": 270, "texture": "#4"}
			}
		},
		{
			"from": [3.46594, -0.39548, 6.475],
			"to": [4.46594, 0.60452, 7.275],
			"rotation": {"angle": 22.5, "axis": "z", "origin": [8, 8, 8]},
			"faces": {
				"north": {"uv": [8, 11.42857, 7.42857, 12], "texture": "#4"},
				"south": {"uv": [12, 6.85714, 11.42857, 7.42857], "texture": "#4"},
				"up": {"uv": [1, 12, 0.57143, 12.57143], "rotation": 90, "texture": "#4"},
				"down": {"uv": [1.57143, 12.57143, 1.14286, 12], "rotation": 270, "texture": "#4"}
			}
		},
		{
			"from": [2.46594, -0.47048, 6.375],
			"to": [3.46594, 1.52952, 7.375],
			"rotation": {"angle": 22.5, "axis": "z", "origin": [8, 8, 8]},
			"faces": {
				"north": {"uv": [10.28571, 1.14286, 9.71429, 2.28571], "texture": "#4"},
				"east": {"uv": [10.28571, 0, 9.71429, 1.14286], "texture": "#4"},
				"south": {"uv": [9.71429, 9.14286, 9.14286, 10.28571], "texture": "#4"},
				"west": {"uv": [9.71429, 8, 9.14286, 9.14286], "texture": "#4"},
				"up": {"uv": [12, 7.42857, 11.42857, 8], "rotation": 90, "texture": "#4"},
				"down": {"uv": [8.57143, 12, 8, 11.42857], "rotation": 270, "texture": "#4"}
			}
		},
		{
			"from": [4.96118, 13.22129, 6.175],
			"to": [5.96118, 16.22129, 7.575],
			"rotation": {"angle": -45, "axis": "z", "origin": [8, 8, 8]},
			"faces": {
				"north": {"uv": [9.14286, 3.42857, 9.71429, 5.14286], "texture": "#4"},
				"east": {"uv": [0, 8.57143, 0.85714, 10.28571], "texture": "#4"},
				"south": {"uv": [8.57143, 8, 9.14286, 9.71429], "texture": "#4"},
				"west": {"uv": [8.57143, 0, 9.42857, 1.71429], "texture": "#4"},
				"up": {"uv": [11.71429, 3.42857, 10.85714, 2.85714], "rotation": 90, "texture": "#4"},
				"down": {"uv": [11.71429, 3.42857, 10.85714, 4], "rotation": 270, "texture": "#4"}
			}
		},
		{
			"from": [8.11447, 14.10407, 6.425],
			"to": [9.61447, 17.60407, 7.325],
			"rotation": {"angle": -22.5, "axis": "z", "origin": [8, 8, 8]},
			"faces": {
				"north": {"uv": [7.42857, 7.42857, 8.28571, 9.42857], "texture": "#4"},
				"east": {"uv": [8.57143, 3.42857, 9.14286, 5.42857], "texture": "#4"},
				"south": {"uv": [6.28571, 7.42857, 7.14286, 9.42857], "texture": "#4"},
				"west": {"uv": [4.57143, 8.57143, 5.14286, 10.57143], "texture": "#4"},
				"up": {"uv": [1.71429, 11.71429, 1.14286, 10.85714], "rotation": 90, "texture": "#4"},
				"down": {"uv": [11.42857, 4, 10.85714, 4.85714], "rotation": 270, "texture": "#4"}
			}
		},
		{
			"from": [6.18376, 14.17012, 6.375],
			"to": [7.93376, 15.17012, 7.375],
			"rotation": {"angle": -22.5, "axis": "z", "origin": [8, 8, 8]},
			"faces": {
				"north": {"uv": [10.28571, 1.14286, 11.28571, 1.71429], "texture": "#4"},
				"south": {"uv": [10.28571, 0.57143, 11.28571, 1.14286], "texture": "#4"},
				"up": {"uv": [9.14286, 10.71429, 8.57143, 9.71429], "rotation": 90, "texture": "#4"},
				"down": {"uv": [2.28571, 10.28571, 1.71429, 11.28571], "rotation": 270, "texture": "#4"}
			}
		},
		{
			"from": [5.93376, 15.17012, 6.525],
			"to": [7.93376, 15.67012, 7.225],
			"rotation": {"angle": -22.5, "axis": "z", "origin": [8, 8, 8]},
			"faces": {
				"north": {"uv": [8.57143, 11.42857, 9.71429, 11.71429], "texture": "#4"},
				"south": {"uv": [11.42857, 8, 12.57143, 8.28571], "texture": "#4"},
				"up": {"uv": [5, 12, 4.57143, 10.85714], "rotation": 90, "texture": "#4"}
			}
		},
		{
			"from": [10.03882, 13.22129, 6.175],
			"to": [11.03882, 16.22129, 7.575],
			"rotation": {"angle": 45, "axis": "z", "origin": [8, 8, 8]},
			"faces": {
				"north": {"uv": [9.71429, 3.42857, 9.14286, 5.14286], "texture": "#4"},
				"east": {"uv": [9.42857, 0, 8.57143, 1.71429], "texture": "#4"},
				"south": {"uv": [9.14286, 8, 8.57143, 9.71429], "texture": "#4"},
				"west": {"uv": [0.85714, 8.57143, 0, 10.28571], "texture": "#4"},
				"up": {"uv": [11.71429, 2.85714, 10.85714, 3.42857], "rotation": 90, "texture": "#4"},
				"down": {"uv": [11.71429, 4, 10.85714, 3.42857], "rotation": 270, "texture": "#4"}
			}
		},
		{
			"from": [8.06624, 14.17012, 6.375],
			"to": [9.81624, 15.17012, 7.375],
			"rotation": {"angle": 22.5, "axis": "z", "origin": [8, 8, 8]},
			"faces": {
				"north": {"uv": [11.28571, 1.14286, 10.28571, 1.71429], "texture": "#4"},
				"south": {"uv": [11.28571, 0.57143, 10.28571, 1.14286], "texture": "#4"},
				"up": {"uv": [9.14286, 9.71429, 8.57143, 10.71429], "rotation": 90, "texture": "#4"},
				"down": {"uv": [2.28571, 11.28571, 1.71429, 10.28571], "rotation": 270, "texture": "#4"}
			}
		},
		{
			"from": [8.06624, 15.17012, 6.525],
			"to": [10.06624, 15.67012, 7.225],
			"rotation": {"angle": 22.5, "axis": "z", "origin": [8, 8, 8]},
			"faces": {
				"north": {"uv": [9.71429, 11.42857, 8.57143, 11.71429], "texture": "#4"},
				"south": {"uv": [12.57143, 8, 11.42857, 8.28571], "texture": "#4"},
				"up": {"uv": [5, 10.85714, 4.57143, 12], "rotation": 90, "texture": "#4"}
			}
		},
		{
			"from": [6.38553, 14.10407, 6.425],
			"to": [7.88553, 17.60407, 7.325],
			"rotation": {"angle": 22.5, "axis": "z", "origin": [8, 8, 8]},
			"faces": {
				"north": {"uv": [8.28571, 7.42857, 7.42857, 9.42857], "texture": "#4"},
				"east": {"uv": [5.14286, 8.57143, 4.57143, 10.57143], "texture": "#4"},
				"south": {"uv": [7.14286, 7.42857, 6.28571, 9.42857], "texture": "#4"},
				"west": {"uv": [9.14286, 3.42857, 8.57143, 5.42857], "texture": "#4"},
				"up": {"uv": [1.71429, 10.85714, 1.14286, 11.71429], "rotation": 90, "texture": "#4"},
				"down": {"uv": [11.42857, 4.85714, 10.85714, 4], "rotation": 270, "texture": "#4"}
			}
		},
		{
			"from": [8.7375, 13.45435, 6.125],
			"to": [9.2375, 15.95435, 7.625],
			"rotation": {"angle": 0, "axis": "y", "origin": [8, 8, 8]},
			"faces": {
				"north": {"uv": [6.28571, 10.85714, 6.57143, 12.28571], "texture": "#4"},
				"east": {"uv": [1.14286, 8.57143, 2, 10], "texture": "#4"},
				"south": {"uv": [10.85714, 5.14286, 11.14286, 6.57143], "texture": "#4"},
				"west": {"uv": [8.57143, 1.71429, 9.42857, 3.14286], "texture": "#4"}
			}
		},
		{
			"from": [13.99962, 12.74954, 6.125],
			"to": [14.49962, 13.99954, 7.625],
			"rotation": {"angle": 45, "axis": "z", "origin": [8, 8, 8]},
			"faces": {
				"north": {"uv": [12, 2.85714, 12.28571, 3.57143], "texture": "#4"},
				"east": {"uv": [9.71429, 2.28571, 10.57143, 3], "texture": "#4"},
				"south": {"uv": [2.85714, 12, 3.14286, 12.71429], "texture": "#4"},
				"west": {"uv": [9.71429, 3.42857, 10.57143, 4.14286], "texture": "#4"}
			}
		},
		{
			"from": [13.99962, 13.99954, 6.125],
			"to": [14.49962, 14.49954, 7.625],
			"rotation": {"angle": 45, "axis": "z", "origin": [8, 8, 8]},
			"faces": {
				"north": {"uv": [10.28571, 12, 10.57143, 12.28571], "texture": "#4"},
				"east": {"uv": [12, 1.14286, 12.85714, 1.42857], "texture": "#4"},
				"south": {"uv": [12, 9.71429, 12.28571, 10], "texture": "#4"},
				"up": {"uv": [2.57143, 12.28571, 1.71429, 12], "rotation": 90, "texture": "#4"}
			}
		},
		{
			"from": [10.98177, 10.98185, 6.125],
			"to": [11.48177, 11.48185, 7.625],
			"rotation": {"angle": 45, "axis": "z", "origin": [8, 8, 8]},
			"faces": {
				"north": {"uv": [12, 10.85714, 12.28571, 11.14286], "texture": "#4"},
				"south": {"uv": [12, 10.28571, 12.28571, 10.57143], "texture": "#4"},
				"west": {"uv": [12, 1.71429, 12.85714, 2], "texture": "#4"},
				"down": {"uv": [12.85714, 2.28571, 12, 2.57143], "rotation": 270, "texture": "#4"}
			}
		},
		{
			"from": [1.50038, 12.74954, 6.125],
			"to": [2.00038, 13.99954, 7.625],
			"rotation": {"angle": -45, "axis": "z", "origin": [8, 8, 8]},
			"faces": {
				"north": {"uv": [4, 12, 4.28571, 12.71429], "texture": "#4"},
				"east": {"uv": [9.71429, 4.57143, 10.57143, 5.28571], "texture": "#4"},
				"south": {"uv": [3.42857, 12, 3.71429, 12.71429], "texture": "#4"},
				"west": {"uv": [9.71429, 5.71429, 10.57143, 6.42857], "texture": "#4"}
			}
		},
		{
			"from": [10.98177, 11.48185, 6.125],
			"to": [11.48177, 12.73185, 7.625],
			"rotation": {"angle": 45, "axis": "z", "origin": [8, 8, 8]},
			"faces": {
				"north": {"uv": [4.57143, 12, 4.85714, 12.71429], "texture": "#4"},
				"east": {"uv": [6.28571, 9.71429, 7.14286, 10.42857], "texture": "#4"},
				"south": {"uv": [12, 4, 12.28571, 4.71429], "texture": "#4"},
				"west": {"uv": [9.71429, 6.85714, 10.57143, 7.57143], "texture": "#4"}
			}
		},
		{
			"from": [4.51823, 11.48185, 6.125],
			"to": [5.01823, 12.73185, 7.625],
			"rotation": {"angle": -45, "axis": "z", "origin": [8, 8, 8]},
			"faces": {
				"north": {"uv": [12, 6.28571, 12.28571, 7], "texture": "#4"},
				"east": {"uv": [7.42857, 9.71429, 8.28571, 10.42857], "texture": "#4"},
				"south": {"uv": [12, 5.14286, 12.28571, 5.85714], "texture": "#4"},
				"west": {"uv": [9.71429, 8, 10.57143, 8.71429], "texture": "#4"}
			}
		},
		{
			"from": [6.7625, 13.45435, 6.125],
			"to": [7.2625, 15.95435, 7.625],
			"rotation": {"angle": 0, "axis": "y", "origin": [8, 8, 8]},
			"faces": {
				"north": {"uv": [10.85714, 6.85714, 11.14286, 8.28571], "texture": "#4"},
				"east": {"uv": [2.28571, 8.57143, 3.14286, 10], "texture": "#4"},
				"south": {"uv": [6.85714, 10.85714, 7.14286, 12.28571], "texture": "#4"},
				"west": {"uv": [3.42857, 8.57143, 4.28571, 10], "texture": "#4"}
			}
		},
		{
			"from": [4.5, 11.3758, 5.875],
			"to": [11.5, 18.3758, 5.875],
			"rotation": {"angle": 0, "axis": "y", "origin": [8, 8, 8]},
			"faces": {
				"north": {"uv": [0, 0, 14, 14], "texture": "#3"}
			}
		},
		{
			"from": [7.25, 12.89902, 6.275],
			"to": [8.75, 16.52402, 6.275],
			"rotation": {"angle": 0, "axis": "y", "origin": [8, 8, 8]},
			"faces": {
				"north": {"uv": [0, 0, 6, 15], "texture": "#2"}
			}
		},
		{
			"from": [7.25, 12.89902, 7.475],
			"to": [8.75, 16.52402, 7.475],
			"rotation": {"angle": 0, "axis": "y", "origin": [8, 8, 8]},
			"faces": {
				"south": {"uv": [0, 0, 6, 15], "texture": "#2"}
			}
		},
		{
			"from": [6.85, 0.3758, 6.625],
			"to": [9.15, 13.3758, 7.125],
			"rotation": {"angle": 0, "axis": "y", "origin": [8, 8, 8]},
			"faces": {
				"north": {"uv": [6.85714, 0, 8.14286, 7.42857], "texture": "#4"},
				"east": {"uv": [5.14286, 7.42857, 5.42857, 14.85714], "texture": "#4"},
				"south": {"uv": [5.14286, 0, 6.42857, 7.42857], "texture": "#4"},
				"west": {"uv": [5.71429, 7.42857, 6, 14.85714], "texture": "#4"}
			}
		},
		{
			"from": [12.57713, 1.79487, 6.6225],
			"to": [14.20513, 3.42287, 7.1275],
			"rotation": {"angle": -45, "axis": "z", "origin": [8, 8, 8]},
			"faces": {
				"north": {"uv": [8.57143, 6.85714, 9.57143, 7.85714], "texture": "#4"},
				"east": {"uv": [10.85714, 11.42857, 11.14286, 12.42857], "texture": "#4"},
				"south": {"uv": [8.57143, 5.71429, 9.57143, 6.71429], "texture": "#4"},
				"west": {"uv": [11.42857, 10.85714, 11.71429, 11.85714], "texture": "#4"},
				"up": {"uv": [0.28571, 13, 0, 12], "rotation": 90, "texture": "#4"},
				"down": {"uv": [12.28571, 0, 12, 1], "rotation": 270, "texture": "#4"}
			}
		},
		{
			"from": [4.75, -0.6242, 6.875],
			"to": [11.25, 14.3758, 6.925],
			"rotation": {"angle": 0, "axis": "y", "origin": [8, 8, 8]},
			"faces": {
				"north": {"uv": [0, 0, 3.71429, 8.57143], "texture": "#4"},
				"south": {"uv": [3.71429, 0, 0, 8.57143], "texture": "#4"}
			}
		},
		{
			"from": [10.57209, -0.6242, 5.71691],
			"to": [12.57209, 14.3758, 5.76691],
			"rotation": {"angle": -22.5, "axis": "y", "origin": [8, 8, 8]},
			"faces": {
				"north": {"uv": [4, 0, 5.14286, 8.57143], "texture": "#4"},
				"south": {"uv": [5.14286, 0, 4, 8.57143], "texture": "#4"}
			}
		},
		{
			"from": [3.42791, -0.6242, 5.71691],
			"to": [5.42791, 14.3758, 5.76691],
			"rotation": {"angle": 22.5, "axis": "y", "origin": [8, 8, 8]},
			"faces": {
				"north": {"uv": [5.14286, 0, 4, 8.57143], "texture": "#4"},
				"south": {"uv": [4, 0, 5.14286, 8.57143], "texture": "#4"}
			}
		},
		{
			"from": [5.94183, 8.94817, 9.57],
			"to": [7.05183, 10.05817, 10.68],
			"rotation": {"angle": -45, "axis": "z", "origin": [8, 8, 8]},
			"faces": {
				"north": {"uv": [11.42857, 9.71429, 12, 10.28571], "texture": "#4"},
				"east": {"uv": [11.42857, 8.57143, 12, 9.14286], "texture": "#4"},
				"south": {"uv": [11.42857, 9.14286, 12, 9.71429], "texture": "#4"},
				"west": {"uv": [9.71429, 11.42857, 10.28571, 12], "texture": "#4"},
				"up": {"uv": [10.85714, 12, 10.28571, 11.42857], "rotation": 90, "texture": "#4"},
				"down": {"uv": [12, 10.28571, 11.42857, 10.85714], "rotation": 270, "texture": "#4"}
			}
		},
		{
			"from": [6.11254, 9.08746, 7.07],
			"to": [6.91254, 9.88746, 9.57],
			"rotation": {"angle": -45, "axis": "z", "origin": [8, 8, 8]},
			"faces": {
				"east": {"uv": [9.71429, 9.14286, 11.14286, 9.57143], "texture": "#4"},
				"west": {"uv": [9.71429, 9.71429, 11.14286, 10.14286], "texture": "#4"},
				"up": {"uv": [1.42857, 10.71429, 0, 10.28571], "rotation": 90, "texture": "#4"},
				"down": {"uv": [11.71429, 0, 10.28571, 0.42857], "rotation": 270, "texture": "#4"}
			}
		},
		{
			"from": [5.58334, 5.58334, 7.07],
			"to": [6.38334, 6.38334, 9.57],
			"rotation": {"angle": 45, "axis": "z", "origin": [8, 8, 8]},
			"faces": {
				"east": {"uv": [9.71429, 9.57143, 11.14286, 9.14286], "texture": "#4"},
				"west": {"uv": [9.71429, 10.14286, 11.14286, 9.71429], "texture": "#4"},
				"up": {"uv": [11.71429, 0.42857, 10.28571, 0], "rotation": 90, "texture": "#4"},
				"down": {"uv": [1.42857, 10.28571, 0, 10.71429], "rotation": 270, "texture": "#4"}
			}
		},
		{
			"from": [5.41263, 5.41263, 9.57],
			"to": [6.52263, 6.52263, 10.68],
			"rotation": {"angle": 45, "axis": "z", "origin": [8, 8, 8]},
			"faces": {
				"north": {"uv": [11.42857, 10.28571, 12, 9.71429], "texture": "#4"},
				"east": {"uv": [11.42857, 9.14286, 12, 8.57143], "texture": "#4"},
				"south": {"uv": [11.42857, 9.71429, 12, 9.14286], "texture": "#4"},
				"west": {"uv": [9.71429, 12, 10.28571, 11.42857], "texture": "#4"},
				"up": {"uv": [12, 10.85714, 11.42857, 10.28571], "rotation": 90, "texture": "#4"},
				"down": {"uv": [10.85714, 11.42857, 10.28571, 12], "rotation": 270, "texture": "#4"}
			}
		}
	],
	"gui_light": "front",
	"display": {
		"thirdperson_righthand": {
			"rotation": [25, -45, 0],
			"translation": [1.5, -0.75, -1]
		},
		"thirdperson_lefthand": {
			"rotation": [25, -45, 0],
			"translation": [1.5, -0.75, -1]
		},
		"firstperson_righthand": {
			"rotation": [0, 0, 5],
			"translation": [-8.5, 2, 2.5]
		},
		"firstperson_lefthand": {
			"rotation": [0, 0, 5],
			"translation": [-8.5, 2, 2.5]
		},
		"ground": {
			"rotation": [45, 0, 0],
			"translation": [0, 12.25, 0]
		},
		"gui": {
			"rotation": [0, 180, -45],
			"translation": [0.25, -0.25, 0],
			"scale": [0.89844, 0.89844, 0.89844]
		},
		"head": {
			"translation": [0, -2, 0],
			"scale": [1.5, 1.5, 1.5]
		},
		"fixed": {
			"translation": [0, 0.75, -1.75],
			"scale": [1.5, 1.5, 1.5]
		}
	}
}