{
	"credit": "Made with Blockbench",
	"ambientocclusion": false,
	"texture_size": [32, 32],
	"textures": {
		"0": "littleroom_bdaycake:bdaycard",
		"particle": "littleroom_bdaycake:bdaycard"
	},
	"elements": [
		{
			"from": [11, 0, 5],
			"to": [11, 10, 11],
			"faces": {
				"north": {"uv": [0, 0, 0, 5], "texture": "#0"},
				"east": {"uv": [0, 0, 3, 5], "texture": "#0"},
				"south": {"uv": [0, 0, 0, 5], "texture": "#0"},
				"west": {"uv": [3, 0, 6, 5], "texture": "#0"},
				"up": {"uv": [0, 3, 0, 0], "texture": "#0"},
				"down": {"uv": [0, 0, 0, 3], "texture": "#0"}
			}
		},
		{
			"from": [5.001, 0, 10.999],
			"to": [11.001, 10, 10.999],
			"rotation": {"angle": 0, "axis": "y", "origin": [0.001, 0, 15.999]},
			"faces": {
				"north": {"uv": [0, 5, 3, 10], "texture": "#0"},
				"east": {"uv": [0, 0, 0, 5], "texture": "#0"},
				"south": {"uv": [3, 5, 6, 10], "texture": "#0"},
				"west": {"uv": [0, 0, 0, 5], "texture": "#0"},
				"up": {"uv": [3, 0, 0, 0], "texture": "#0"},
				"down": {"uv": [3, 0, 0, 0], "texture": "#0"}
			}
		},
		{
			"from": [7, 6, 10.9],
			"to": [10, 12, 10.9],
			"rotation": {"angle": 22.5, "axis": "z", "origin": [9.5, 9, 10.9]},
			"faces": {
				"north": {"uv": [6, 0, 7.5, 3], "texture": "#0"},
				"east": {"uv": [0, 0, 0, 3], "texture": "#0"},
				"south": {"uv": [6, 0, 7.5, 3], "texture": "#0"},
				"west": {"uv": [0, 0, 0, 3], "texture": "#0"},
				"up": {"uv": [0, 0, 1.5, 0], "texture": "#0"},
				"down": {"uv": [0, 0, 1.5, 0], "texture": "#0"}
			}
		}
	],
	"display": {
		"thirdperson_righthand": {
			"rotation": [14, 90, 0],
			"translation": [-2.25, 3.5, 1],
			"scale": [0.5, 0.5, 0.5]
		},
		"thirdperson_lefthand": {
			"rotation": [14, -180, 0],
			"translation": [-2.5, 3.5, 1],
			"scale": [0.5, 0.5, 0.5]
		},
		"firstperson_righthand": {
			"rotation": [-24, 161, 8],
			"translation": [1.25, 4.5, 1]
		},
		"firstperson_lefthand": {
			"rotation": [-21, 109, 19],
			"translation": [-1.75, 4.5, 1]
		},
		"ground": {
			"rotation": [47, 0, 0],
			"translation": [-1.25, 3.25, 1.25],
			"scale": [0.75, 0.75, 0.75]
		},
		"gui": {
			"rotation": [-9, -155, -29],
			"translation": [0, 2.75, 0]
		},
		"head": {
			"translation": [0, 14.25, 0]
		},
		"fixed": {
			"rotation": [-90, 0, 0],
			"translation": [0, 0, -7.5]
		}
	}
}