{"textures":{"0":"modelengine:entity/lr_yeti"},"elements":[{"from":[3.302741,2.8571424,-0.23749733],"to":[13.017027,8.0,8.333932],"rotation":{"angle":0.0,"axis":"y","origin":[8.445599,-16.57143,8.90536]},"faces":{"east":{"uv":[8.625,9.75,7.6875,10.3125],"rotation":0,"texture":"#0","tintindex":0},"south":{"uv":[9.125,3.5,10.1875,4.0625],"rotation":0,"texture":"#0","tintindex":0},"north":{"uv":[9.0625,1.5,10.125,2.0625],"rotation":0,"texture":"#0","tintindex":0},"west":{"uv":[7.6875,9.75,8.625,10.3125],"rotation":0,"texture":"#0","tintindex":0},"up":{"uv":[8.0625,8.9375,7.0,8.0],"rotation":0,"texture":"#0","tintindex":0},"down":{"uv":[9.125,3.5,8.0625,4.4375],"rotation":0,"texture":"#0","tintindex":0}}},{"from":[3.302741,-2.0899763,0.74654627],"to":[13.017027,3.0528808,0.74654627],"rotation":{"angle":-22.5,"axis":"x","origin":[8.159884,0.481452,0.74654627]},"faces":{"east":{"uv":[0.0,0.0,0.0,0.5625],"rotation":0,"texture":"#0","tintindex":0},"south":{"uv":[9.125,7.4375,10.1875,8.0],"rotation":0,"texture":"#0","tintindex":0},"north":{"uv":[10.1875,7.4375,9.125,8.0],"rotation":0,"texture":"#0","tintindex":0},"west":{"uv":[0.0,0.0,0.0,0.5625],"rotation":0,"texture":"#0","tintindex":0},"up":{"uv":[1.0625,0.0,0.0,0.0],"rotation":0,"texture":"#0","tintindex":0},"down":{"uv":[1.0625,0.0,0.0,0.0],"rotation":0,"texture":"#0","tintindex":0}}},{"from":[2.318698,1.1428566,2.995336],"to":[2.318698,8.0,9.85248],"rotation":{"angle":-22.5,"axis":"y","origin":[2.318698,5.428571,7.2810507]},"faces":{"east":{"uv":[10.375,8.0,9.625,8.75],"rotation":0,"texture":"#0","tintindex":0},"south":{"uv":[0.0,0.0,0.0,0.75],"rotation":0,"texture":"#0","tintindex":0},"north":{"uv":[0.0,0.0,0.0,0.75],"rotation":0,"texture":"#0","tintindex":0},"west":{"uv":[9.625,8.0,10.375,8.75],"rotation":0,"texture":"#0","tintindex":0},"up":{"uv":[0.0,0.75,0.0,0.0],"rotation":0,"texture":"#0","tintindex":0},"down":{"uv":[0.0,0.0,0.0,0.75],"rotation":0,"texture":"#0","tintindex":0}}},{"from":[2.4280362,-1.5402966,0.33393192],"to":[2.4280362,3.0311322,8.333932],"rotation":{"angle":-22.5,"axis":"z","origin":[2.4280362,0.7454176,5.191075]},"faces":{"east":{"uv":[11.125,4.1875,10.25,4.6875],"rotation":0,"texture":"#0","tintindex":0},"south":{"uv":[0.0,0.0,0.0,0.5],"rotation":0,"texture":"#0","tintindex":0},"north":{"uv":[0.0,0.0,0.0,0.5],"rotation":0,"texture":"#0","tintindex":0},"west":{"uv":[10.25,4.1875,11.125,4.6875],"rotation":0,"texture":"#0","tintindex":0},"up":{"uv":[0.0,0.875,0.0,0.0],"rotation":0,"texture":"#0","tintindex":0},"down":{"uv":[0.0,0.0,0.0,0.875],"rotation":0,"texture":"#0","tintindex":0}}},{"from":[14.00107,1.1428566,2.995336],"to":[14.00107,8.0,9.85248],"rotation":{"angle":22.5,"axis":"y","origin":[14.00107,5.428571,7.2810507]},"faces":{"east":{"uv":[10.375,8.0,9.625,8.75],"rotation":0,"texture":"#0","tintindex":0},"south":{"uv":[0.0,0.0,0.0,0.75],"rotation":0,"texture":"#0","tintindex":0},"north":{"uv":[0.0,0.0,0.0,0.75],"rotation":0,"texture":"#0","tintindex":0},"west":{"uv":[9.625,8.0,10.375,8.75],"rotation":0,"texture":"#0","tintindex":0},"up":{"uv":[0.0,0.75,0.0,0.0],"rotation":0,"texture":"#0","tintindex":0},"down":{"uv":[0.0,0.0,0.0,0.75],"rotation":0,"texture":"#0","tintindex":0}}},{"from":[13.891732,-1.5402966,0.33393192],"to":[13.891732,3.0311322,8.333932],"rotation":{"angle":22.5,"axis":"z","origin":[13.891732,0.7454176,5.191075]},"faces":{"east":{"uv":[11.125,4.1875,10.25,4.6875],"rotation":0,"texture":"#0","tintindex":0},"south":{"uv":[0.0,0.0,0.0,0.5],"rotation":0,"texture":"#0","tintindex":0},"north":{"uv":[0.0,0.0,0.0,0.5],"rotation":0,"texture":"#0","tintindex":0},"west":{"uv":[10.25,4.1875,11.125,4.6875],"rotation":0,"texture":"#0","tintindex":0},"up":{"uv":[0.0,0.875,0.0,0.0],"rotation":0,"texture":"#0","tintindex":0},"down":{"uv":[0.0,0.0,0.0,0.875],"rotation":0,"texture":"#0","tintindex":0}}},{"from":[3.302741,8.0,-0.23749733],"to":[5.5884557,10.857143,2.0482173],"rotation":{"angle":0.0,"axis":"y","origin":[1.0170269,-16.57143,8.90536]},"faces":{"east":{"uv":[1.75,7.0625,2.0,7.375],"rotation":0,"texture":"#0","tintindex":0},"south":{"uv":[1.5,8.75,1.75,9.0625],"rotation":0,"texture":"#0","tintindex":0},"north":{"uv":[5.8125,6.5,6.0625,6.8125],"rotation":0,"texture":"#0","tintindex":0},"west":{"uv":[6.75,9.0,7.0,9.3125],"rotation":0,"texture":"#0","tintindex":0},"up":{"uv":[1.75,9.5625,1.5,9.3125],"rotation":0,"texture":"#0","tintindex":0},"down":{"uv":[7.0,9.5625,6.75,9.8125],"rotation":0,"texture":"#0","tintindex":0}}},{"from":[10.731313,8.0,-0.23749733],"to":[13.017027,13.142858,2.0482173],"rotation":{"angle":0.0,"axis":"y","origin":[15.87417,-16.57143,8.90536]},"faces":{"east":{"uv":[7.0,9.0,6.75,9.5625],"rotation":0,"texture":"#0","tintindex":0},"south":{"uv":[1.75,8.75,1.5,9.3125],"rotation":0,"texture":"#0","tintindex":0},"north":{"uv":[6.0625,6.5,5.8125,7.0625],"rotation":0,"texture":"#0","tintindex":0},"west":{"uv":[2.0,7.0625,1.75,7.625],"rotation":0,"texture":"#0","tintindex":0},"up":{"uv":[1.5,9.5625,1.75,9.3125],"rotation":0,"texture":"#0","tintindex":0},"down":{"uv":[6.75,9.5625,7.0,9.8125],"rotation":0,"texture":"#0","tintindex":0}}}],"display":{"head":{"translation":[0.0,-6.4,0.0],"scale":[4.0,4.0,4.0]}}}