{"textures":{"0":"modelengine:entity/lr_yeti"},"elements":[{"from":[-1.1428576,1.9999995,2.2857141],"to":[8.0,11.714286,13.714286],"rotation":{"angle":0.0,"axis":"y","origin":[5.714286,7.142857,6.285714]},"faces":{"east":{"uv":[3.3125,6.5,4.5625,7.5625],"rotation":0,"texture":"#0","tintindex":0},"south":{"uv":[6.0,7.9375,7.0,9.0],"rotation":0,"texture":"#0","tintindex":0},"north":{"uv":[5.0,7.5625,6.0,8.625],"rotation":0,"texture":"#0","tintindex":0},"west":{"uv":[4.5625,6.5,5.8125,7.5625],"rotation":0,"texture":"#0","tintindex":0},"up":{"uv":[8.0625,5.625,7.0625,4.375],"rotation":0,"texture":"#0","tintindex":0},"down":{"uv":[8.0625,5.625,7.0625,6.875],"rotation":0,"texture":"#0","tintindex":0}}},{"from":[0.0,-6.000001,2.2857141],"to":[6.857143,1.9999995,12.571428],"rotation":{"angle":0.0,"axis":"y","origin":[5.714286,-2.5714293,6.285714]},"faces":{"east":{"uv":[0.0,8.1875,1.125,9.0625],"rotation":0,"texture":"#0","tintindex":0},"south":{"uv":[0.0,9.0625,0.75,9.9375],"rotation":0,"texture":"#0","tintindex":0},"north":{"uv":[6.0,9.0,6.75,9.875],"rotation":0,"texture":"#0","tintindex":0},"west":{"uv":[8.1875,0.0,9.3125,0.875],"rotation":0,"texture":"#0","tintindex":0},"up":{"uv":[3.6875,9.8125,2.9375,8.6875],"rotation":0,"texture":"#0","tintindex":0},"down":{"uv":[4.4375,8.6875,3.6875,9.8125],"rotation":0,"texture":"#0","tintindex":0}}},{"from":[8.069325,-4.8571434,12.069326],"to":[8.069325,1.9999995,15.497898],"rotation":{"angle":45.0,"axis":"y","origin":[8.069325,1.4285712,13.783612]},"faces":{"east":{"uv":[8.0625,8.9375,7.6875,9.6875],"rotation":0,"texture":"#0","tintindex":0},"south":{"uv":[0.0,0.0,0.0,0.75],"rotation":0,"texture":"#0","tintindex":0},"north":{"uv":[0.0,0.0,0.0,0.75],"rotation":0,"texture":"#0","tintindex":0},"west":{"uv":[7.6875,8.9375,8.0625,9.6875],"rotation":0,"texture":"#0","tintindex":0},"up":{"uv":[0.0,0.375,0.0,0.0],"rotation":0,"texture":"#0","tintindex":0},"down":{"uv":[0.0,0.0,0.0,0.375],"rotation":0,"texture":"#0","tintindex":0}}},{"from":[-1.7988863,1.9999995,13.583794],"to":[-1.7988863,11.714286,17.012365],"rotation":{"angle":-22.5,"axis":"y","origin":[-1.7988863,11.142858,15.2980795]},"faces":{"east":{"uv":[8.5625,10.3125,8.1875,11.375],"rotation":0,"texture":"#0","tintindex":0},"south":{"uv":[0.0,0.0,0.0,1.0625],"rotation":0,"texture":"#0","tintindex":0},"north":{"uv":[0.0,0.0,0.0,1.0625],"rotation":0,"texture":"#0","tintindex":0},"west":{"uv":[8.1875,10.3125,8.5625,11.375],"rotation":0,"texture":"#0","tintindex":0},"up":{"uv":[0.0,0.375,0.0,0.0],"rotation":0,"texture":"#0","tintindex":0},"down":{"uv":[0.0,0.0,0.0,0.375],"rotation":0,"texture":"#0","tintindex":0}}},{"from":[-2.285715,-7.714287,6.285714],"to":[0.0,2.5714283,16.57143],"rotation":{"angle":22.5,"axis":"y","origin":[-1.1428576,-4.8571434,11.428572]},"faces":{"east":{"uv":[0.0,7.0625,1.125,8.1875],"rotation":0,"texture":"#0","tintindex":0},"south":{"uv":[2.5,10.4375,2.75,11.5625],"rotation":0,"texture":"#0","tintindex":0},"north":{"uv":[6.5,10.375,6.75,11.5],"rotation":0,"texture":"#0","tintindex":0},"west":{"uv":[7.0625,0.0,8.1875,1.125],"rotation":0,"texture":"#0","tintindex":0},"up":{"uv":[3.0,11.5625,2.75,10.4375],"rotation":0,"texture":"#0","tintindex":0},"down":{"uv":[3.25,10.4375,3.0,11.5625],"rotation":0,"texture":"#0","tintindex":0}}},{"from":[-9.714287,-7.714287,11.428572],"to":[-0.57142925,1.4285712,11.428572],"rotation":{"angle":22.5,"axis":"y","origin":[-1.1428576,-4.8571434,11.428572]},"faces":{"east":{"uv":[0.0,7.0625,0.0,8.0625],"rotation":0,"texture":"#0","tintindex":0},"south":{"uv":[1.0,3.5,0.0,4.5],"rotation":0,"texture":"#0","tintindex":0},"north":{"uv":[0.0,3.5,1.0,4.5],"rotation":0,"texture":"#0","tintindex":0},"west":{"uv":[7.0625,0.0,7.0625,1.0],"rotation":0,"texture":"#0","tintindex":0},"up":{"uv":[3.75,10.4375,2.75,10.4375],"rotation":0,"texture":"#0","tintindex":0},"down":{"uv":[4.0,10.4375,3.0,10.4375],"rotation":0,"texture":"#0","tintindex":0}}},{"from":[-1.5404091,-6.5714293,1.916718],"to":[-1.5404091,-0.2857151,8.202433],"rotation":{"angle":-45.0,"axis":"y","origin":[-1.5404091,-1.7142859,4.488147]},"faces":{"east":{"uv":[7.625,10.0,6.9375,10.6875],"rotation":0,"texture":"#0","tintindex":0},"south":{"uv":[0.0,0.0,0.0,0.6875],"rotation":0,"texture":"#0","tintindex":0},"north":{"uv":[0.0,0.0,0.0,0.6875],"rotation":0,"texture":"#0","tintindex":0},"west":{"uv":[6.9375,10.0,7.625,10.6875],"rotation":0,"texture":"#0","tintindex":0},"up":{"uv":[0.0,0.6875,0.0,0.0],"rotation":0,"texture":"#0","tintindex":0},"down":{"uv":[0.0,0.0,0.0,0.6875],"rotation":0,"texture":"#0","tintindex":0}}},{"from":[1.127533,-7.1428576,13.923922],"to":[6.2703905,0.28571415,13.923922],"rotation":{"angle":45.0,"axis":"y","origin":[3.6989617,-3.4285717,13.923922]},"faces":{"east":{"uv":[0.0,0.0,0.0,0.8125],"rotation":0,"texture":"#0","tintindex":0},"south":{"uv":[10.25,3.375,10.8125,4.1875],"rotation":0,"texture":"#0","tintindex":0},"north":{"uv":[10.8125,3.375,10.25,4.1875],"rotation":0,"texture":"#0","tintindex":0},"west":{"uv":[0.0,0.0,0.0,0.8125],"rotation":0,"texture":"#0","tintindex":0},"up":{"uv":[0.5625,0.0,0.0,0.0],"rotation":0,"texture":"#0","tintindex":0},"down":{"uv":[0.5625,0.0,0.0,0.0],"rotation":0,"texture":"#0","tintindex":0}}}],"display":{"head":{"translation":[0.0,-6.4,0.0],"scale":[4.0,4.0,4.0]}}}