{"textures":{"0":"modelengine:entity/lr_yeti"},"elements":[{"from":[5.714286,4.5714283,8.0],"to":[10.285714,8.0,12.571428],"rotation":{"angle":0.0,"axis":"y","origin":[6.285714,5.142857,8.571428]},"faces":{"east":{"uv":[10.625,10.75,11.125,11.125],"rotation":0,"texture":"#0","tintindex":0},"south":{"uv":[10.8125,3.1875,11.3125,3.5625],"rotation":0,"texture":"#0","tintindex":0},"north":{"uv":[6.75,10.6875,7.25,11.0625],"rotation":0,"texture":"#0","tintindex":0},"west":{"uv":[10.8125,3.5625,11.3125,3.9375],"rotation":0,"texture":"#0","tintindex":0},"up":{"uv":[9.75,11.0,9.25,10.5],"rotation":0,"texture":"#0","tintindex":0},"down":{"uv":[10.25,10.5,9.75,11.0],"rotation":0,"texture":"#0","tintindex":0}}},{"from":[6.941743,2.8571424,11.2980795],"to":[6.941743,8.0,14.726651],"rotation":{"angle":22.5,"axis":"y","origin":[6.941743,5.428571,13.012365]},"faces":{"east":{"uv":[11.0,9.875,10.625,10.4375],"rotation":0,"texture":"#0","tintindex":0},"south":{"uv":[0.0,0.0,0.0,0.5625],"rotation":0,"texture":"#0","tintindex":0},"north":{"uv":[0.0,0.0,0.0,0.5625],"rotation":0,"texture":"#0","tintindex":0},"west":{"uv":[10.625,9.875,11.0,10.4375],"rotation":0,"texture":"#0","tintindex":0},"up":{"uv":[0.0,0.375,0.0,0.0],"rotation":0,"texture":"#0","tintindex":0},"down":{"uv":[0.0,0.0,0.0,0.375],"rotation":0,"texture":"#0","tintindex":0}}},{"from":[6.285714,1.7142854,8.0],"to":[9.714286,4.5714283,11.428572],"rotation":{"angle":0.0,"axis":"y","origin":[6.285714,5.142857,8.571428]},"faces":{"east":{"uv":[10.8125,6.9375,11.1875,7.25],"rotation":0,"texture":"#0","tintindex":0},"south":{"uv":[10.875,5.5,11.25,5.8125],"rotation":0,"texture":"#0","tintindex":0},"north":{"uv":[6.6875,4.375,7.0625,4.6875],"rotation":0,"texture":"#0","tintindex":0},"west":{"uv":[8.875,10.875,9.25,11.1875],"rotation":0,"texture":"#0","tintindex":0},"up":{"uv":[7.625,11.0625,7.25,10.6875],"rotation":0,"texture":"#0","tintindex":0},"down":{"uv":[11.1875,6.5625,10.8125,6.9375],"rotation":0,"texture":"#0","tintindex":0}}}],"display":{"head":{"translation":[0.0,-6.4,0.0],"scale":[4.0,4.0,4.0]}}}