{
	"credit": "Made with Blockbench",
	"texture_size": [32, 32],
	"textures": {
		"0": "modelengine:entity/bdaycake",
		"particle": "minecraft:block/sand"
	},
	"elements": [
		{
			"from": [5, 0, 5],
			"to": [12, 1, 11],
			"rotation": {"angle": 0, "axis": "y", "origin": [3.16667, 4, 0]},
			"faces": {
				"north": {"uv": [10, 11.5, 6.5, 12], "texture": "#0"},
				"east": {"uv": [9, 12, 6, 12.5], "texture": "#0"},
				"south": {"uv": [13.5, 11.5, 10, 12], "texture": "#0"},
				"west": {"uv": [6, 12, 3, 12.5], "texture": "#0"},
				"up": {"uv": [3.5, 3, 7, 0], "texture": "#0"},
				"down": {"uv": [3.5, 3, 7, 6], "texture": "#0"}
			}
		},
		{
			"from": [5, 1, 5],
			"to": [11, 6, 11],
			"rotation": {"angle": 0, "axis": "y", "origin": [3.16667, 4, 0]},
			"faces": {
				"north": {"uv": [10, 3, 7, 5.5], "texture": "#0"},
				"east": {"uv": [12, 9, 9, 11.5], "texture": "#0"},
				"south": {"uv": [9, 9, 6, 11.5], "texture": "#0"},
				"west": {"uv": [6, 9, 3, 11.5], "texture": "#0"},
				"up": {"uv": [3.5, 9, 6.5, 6], "texture": "#0"},
				"down": {"uv": [6.5, 6, 9.5, 9], "texture": "#0"}
			}
		},
		{
			"from": [7.5, 6, 7.5],
			"to": [8.5, 10, 8.5],
			"rotation": {"angle": 0, "axis": "y", "origin": [3.16667, 4, 0]},
			"faces": {
				"north": {"uv": [3.5, 7, 3, 9], "texture": "#0"},
				"east": {"uv": [10, 12, 9.5, 14], "texture": "#0"},
				"south": {"uv": [12.5, 9, 12, 11], "texture": "#0"},
				"west": {"uv": [9.5, 12, 9, 14], "texture": "#0"},
				"up": {"uv": [7, 6, 7.5, 5.5], "texture": "#0"},
				"down": {"uv": [7.5, 5.5, 8, 6], "texture": "#0"}
			}
		}
	],
	"display": {
		"thirdperson_righthand": {
			"translation": [0, 7.75, 0]
		},
		"thirdperson_lefthand": {
			"rotation": [0, -180, 0],
			"translation": [0, 7.75, 0]
		},
		"firstperson_righthand": {
			"rotation": [-2, -72, -2],
			"translation": [0, 6.5, -0.75]
		},
		"firstperson_lefthand": {
			"rotation": [-2, 102, -2],
			"translation": [0, 6.5, -0.75]
		},
		"ground": {
			"rotation": [0, -1, 0],
			"translation": [0, 8.5, 0]
		},
		"gui": {
			"rotation": [39, -45, 0],
			"translation": [0, 4.25, 0],
			"scale": [1.25, 1.25, 1.25]
		},
		"head": {
			"rotation": [0, 45, 0],
			"translation": [0, 14.5, 0]
		},
		"fixed": {
			"rotation": [-90, 0, 0],
			"translation": [0, -0.25, -12],
			"scale": [1.5, 1.5, 1.5]
		}
	},
	"groups": [
		{
			"name": "cake6",
			"origin": [2.96667, 10, 0],
			"children": [0, 1, 2]
		}
	]
}