{
  "credit": "magic_store_official",
  "texture_size": [
    128,
    128
  ],
  "textures": {
    "0": "magic_store:furnitures/bank_pack/bank_safe_door",
    "particle": "magic_store:furnitures/bank_pack/bank_safe_door"
  },
  "elements": [
    {
      "from": [
        -8,
        0,
        0
      ],
      "to": [
        24,
        32,
        11
      ],
      "faces": {
        "north": {
          "uv": [
            0,
            0,
            4,
            4
          ],
          "texture": "#0"
        },
        "east": {
          "uv": [
            4,
            0,
            5.375,
            4
          ],
          "texture": "#0"
        },
        "south": {
          "uv": [
            0,
            0,
            4,
            4
          ],
          "texture": "#0"
        },
        "west": {
          "uv": [
            4,
            0,
            5.375,
            4
          ],
          "texture": "#0"
        },
        "up": {
          "uv": [
            9.375,
            1.375,
            5.375,
            0
          ],
          "texture": "#0"
        },
        "down": {
          "uv": [
            9.375,
            1.375,
            5.375,
            2.75
          ],
          "texture": "#0"
        }
      }
    },
    {
      "from": [
        4,
        12,
        -1
      ],
      "to": [
        12,
        20,
        0
      ],
      "faces": {
        "north": {
          "uv": [
            5.375,
            6.25,
            6.375,
            7.25
          ],
          "texture": "#0"
        },
        "east": {
          "uv": [
            7,
            7.5,
            7.125,
            8.5
          ],
          "texture": "#0"
        },
        "south": {
          "uv": [
            5.375,
            6.25,
            6.375,
            7.25
          ],
          "texture": "#0"
        },
        "west": {
          "uv": [
            7,
            7.5,
            7.125,
            8.5
          ],
          "texture": "#0"
        },
        "up": {
          "uv": [
            8.375,
            6.75,
            7.375,
            6.625
          ],
          "texture": "#0"
        },
        "down": {
          "uv": [
            8.375,
            6.75,
            7.375,
            6.875
          ],
          "texture": "#0"
        }
      }
    },
    {
      "from": [
        4,
        12,
        -5
      ],
      "to": [
        12,
        20,
        -4
      ],
      "faces": {
        "north": {
          "uv": [
            5.375,
            6.25,
            6.375,
            7.25
          ],
          "texture": "#0"
        },
        "east": {
          "uv": [
            7,
            7.5,
            7.125,
            8.5
          ],
          "texture": "#0"
        },
        "south": {
          "uv": [
            5.375,
            6.25,
            6.375,
            7.25
          ],
          "texture": "#0"
        },
        "west": {
          "uv": [
            7,
            7.5,
            7.125,
            8.5
          ],
          "texture": "#0"
        },
        "up": {
          "uv": [
            8.375,
            6.75,
            7.375,
            6.625
          ],
          "texture": "#0"
        },
        "down": {
          "uv": [
            8.375,
            6.75,
            7.375,
            6.875
          ],
          "texture": "#0"
        }
      }
    },
    {
      "from": [
        3,
        11,
        -4
      ],
      "to": [
        13,
        21,
        -1
      ],
      "faces": {
        "north": {
          "uv": [
            5.375,
            2.75,
            6.625,
            4
          ],
          "texture": "#0"
        },
        "east": {
          "uv": [
            6.625,
            2.75,
            7,
            4
          ],
          "texture": "#0"
        },
        "south": {
          "uv": [
            5.375,
            2.75,
            6.625,
            4
          ],
          "texture": "#0"
        },
        "west": {
          "uv": [
            6.625,
            2.75,
            7,
            4
          ],
          "texture": "#0"
        },
        "up": {
          "uv": [
            8.25,
            3.125,
            7,
            2.75
          ],
          "texture": "#0"
        },
        "down": {
          "uv": [
            8.25,
            3.125,
            7,
            3.5
          ],
          "texture": "#0"
        }
      }
    },
    {
      "from": [
        13,
        15,
        -3.5
      ],
      "to": [
        20,
        17,
        -1.5
      ],
      "faces": {
        "north": {
          "uv": [
            6.25,
            7.25,
            7.125,
            7.5
          ],
          "texture": "#0"
        },
        "east": {
          "uv": [
            7.625,
            6,
            7.875,
            6.25
          ],
          "texture": "#0"
        },
        "south": {
          "uv": [
            7.125,
            7.25,
            6.25,
            7.5
          ],
          "texture": "#0"
        },
        "west": {
          "uv": [
            7.625,
            6.25,
            7.875,
            6.5
          ],
          "texture": "#0"
        },
        "up": {
          "uv": [
            8.25,
            5.5,
            7.375,
            5.25
          ],
          "texture": "#0"
        },
        "down": {
          "uv": [
            8.25,
            5.5,
            7.375,
            5.75
          ],
          "texture": "#0"
        }
      }
    },
    {
      "from": [
        6.75,
        4,
        -3.5
      ],
      "to": [
        8.75,
        11,
        -1.5
      ],
      "rotation": {
        "angle": 0,
        "axis": "z",
        "origin": [
          3.5,
          16,
          -2.5
        ]
      },
      "faces": {
        "north": {
          "uv": [
            5.875,
            7.5,
            6.125,
            8.375
          ],
          "texture": "#0"
        },
        "east": {
          "uv": [
            6.625,
            7.5,
            6.875,
            8.375
          ],
          "texture": "#0"
        },
        "south": {
          "uv": [
            5.875,
            7.5,
            6.125,
            8.375
          ],
          "texture": "#0"
        },
        "west": {
          "uv": [
            6.625,
            7.5,
            6.875,
            8.375
          ],
          "texture": "#0"
        },
        "up": {
          "uv": [
            8,
            4,
            7.75,
            3.75
          ],
          "texture": "#0"
        },
        "down": {
          "uv": [
            8,
            4,
            7.75,
            4.25
          ],
          "texture": "#0"
        }
      }
    },
    {
      "from": [
        6,
        14,
        -6
      ],
      "to": [
        10,
        18,
        -5
      ],
      "faces": {
        "north": {
          "uv": [
            7,
            3.5,
            7.5,
            4
          ],
          "texture": "#0"
        },
        "east": {
          "uv": [
            7.375,
            7.75,
            7.5,
            8.25
          ],
          "texture": "#0"
        },
        "south": {
          "uv": [
            7.5,
            3.5,
            7,
            4
          ],
          "texture": "#0"
        },
        "west": {
          "uv": [
            7.5,
            7.75,
            7.625,
            8.25
          ],
          "texture": "#0"
        },
        "up": {
          "uv": [
            7.875,
            7.25,
            7.375,
            7.125
          ],
          "texture": "#0"
        },
        "down": {
          "uv": [
            8,
            4.375,
            7.5,
            4.5
          ],
          "texture": "#0"
        }
      }
    },
    {
      "from": [
        21,
        29,
        -1
      ],
      "to": [
        23,
        31,
        0
      ],
      "faces": {
        "north": {
          "uv": [
            7.875,
            6.25,
            8.125,
            6.5
          ],
          "texture": "#0"
        },
        "east": {
          "uv": [
            1.125,
            8,
            1.25,
            8.25
          ],
          "texture": "#0"
        },
        "south": {
          "uv": [
            7.875,
            7.5,
            8.125,
            7.75
          ],
          "texture": "#0"
        },
        "west": {
          "uv": [
            1.25,
            8,
            1.375,
            8.25
          ],
          "texture": "#0"
        },
        "up": {
          "uv": [
            1.625,
            8.125,
            1.375,
            8
          ],
          "texture": "#0"
        },
        "down": {
          "uv": [
            1.875,
            8,
            1.625,
            8.125
          ],
          "texture": "#0"
        }
      }
    },
    {
      "from": [
        -4,
        15,
        -3.5
      ],
      "to": [
        3,
        17,
        -1.5
      ],
      "rotation": {
        "angle": 0,
        "axis": "y",
        "origin": [
          16,
          0,
          0
        ]
      },
      "faces": {
        "north": {
          "uv": [
            7.125,
            7.25,
            6.25,
            7.5
          ],
          "texture": "#0"
        },
        "east": {
          "uv": [
            7.875,
            6.25,
            7.625,
            6.5
          ],
          "texture": "#0"
        },
        "south": {
          "uv": [
            6.25,
            7.25,
            7.125,
            7.5
          ],
          "texture": "#0"
        },
        "west": {
          "uv": [
            7.875,
            6,
            7.625,
            6.25
          ],
          "texture": "#0"
        },
        "up": {
          "uv": [
            7.375,
            5.5,
            8.25,
            5.25
          ],
          "texture": "#0"
        },
        "down": {
          "uv": [
            7.375,
            5.5,
            8.25,
            5.75
          ],
          "texture": "#0"
        }
      }
    },
    {
      "from": [
        6.75,
        21,
        -3.5
      ],
      "to": [
        8.75,
        28,
        -1.5
      ],
      "rotation": {
        "angle": 0,
        "axis": "z",
        "origin": [
          3.5,
          0,
          -2.5
        ]
      },
      "faces": {
        "north": {
          "uv": [
            5.875,
            8.375,
            6.125,
            7.5
          ],
          "texture": "#0"
        },
        "east": {
          "uv": [
            6.625,
            8.375,
            6.875,
            7.5
          ],
          "texture": "#0"
        },
        "south": {
          "uv": [
            5.875,
            8.375,
            6.125,
            7.5
          ],
          "texture": "#0"
        },
        "west": {
          "uv": [
            6.625,
            8.375,
            6.875,
            7.5
          ],
          "texture": "#0"
        },
        "up": {
          "uv": [
            8,
            4.25,
            7.75,
            4
          ],
          "texture": "#0"
        },
        "down": {
          "uv": [
            8,
            3.75,
            7.75,
            4
          ],
          "texture": "#0"
        }
      }
    },
    {
      "from": [
        21,
        1,
        -1
      ],
      "to": [
        23,
        3,
        0
      ],
      "faces": {
        "north": {
          "uv": [
            7.875,
            6.25,
            8.125,
            6.5
          ],
          "texture": "#0"
        },
        "east": {
          "uv": [
            1.125,
            8,
            1.25,
            8.25
          ],
          "texture": "#0"
        },
        "south": {
          "uv": [
            7.875,
            7.5,
            8.125,
            7.75
          ],
          "texture": "#0"
        },
        "west": {
          "uv": [
            1.25,
            8,
            1.375,
            8.25
          ],
          "texture": "#0"
        },
        "up": {
          "uv": [
            1.625,
            8.125,
            1.375,
            8
          ],
          "texture": "#0"
        },
        "down": {
          "uv": [
            1.875,
            8,
            1.625,
            8.125
          ],
          "texture": "#0"
        }
      }
    },
    {
      "from": [
        -7,
        29,
        -1
      ],
      "to": [
        -5,
        31,
        0
      ],
      "faces": {
        "north": {
          "uv": [
            7.875,
            6.25,
            8.125,
            6.5
          ],
          "texture": "#0"
        },
        "east": {
          "uv": [
            1.125,
            8,
            1.25,
            8.25
          ],
          "texture": "#0"
        },
        "south": {
          "uv": [
            7.875,
            7.5,
            8.125,
            7.75
          ],
          "texture": "#0"
        },
        "west": {
          "uv": [
            1.25,
            8,
            1.375,
            8.25
          ],
          "texture": "#0"
        },
        "up": {
          "uv": [
            1.625,
            8.125,
            1.375,
            8
          ],
          "texture": "#0"
        },
        "down": {
          "uv": [
            1.875,
            8,
            1.625,
            8.125
          ],
          "texture": "#0"
        }
      }
    },
    {
      "from": [
        -7,
        1,
        -1
      ],
      "to": [
        -5,
        3,
        0
      ],
      "faces": {
        "north": {
          "uv": [
            7.875,
            6.25,
            8.125,
            6.5
          ],
          "texture": "#0"
        },
        "east": {
          "uv": [
            1.125,
            8,
            1.25,
            8.25
          ],
          "texture": "#0"
        },
        "south": {
          "uv": [
            7.875,
            7.5,
            8.125,
            7.75
          ],
          "texture": "#0"
        },
        "west": {
          "uv": [
            1.25,
            8,
            1.375,
            8.25
          ],
          "texture": "#0"
        },
        "up": {
          "uv": [
            1.625,
            8.125,
            1.375,
            8
          ],
          "texture": "#0"
        },
        "down": {
          "uv": [
            1.875,
            8,
            1.625,
            8.125
          ],
          "texture": "#0"
        }
      }
    }
  ],
  "display": {
    "thirdperson_righthand": {
      "rotation": [
        49,
        36,
        0
      ],
      "translation": [
        1,
        1,
        0.5
      ],
      "scale": [
        0.25,
        0.25,
        0.25
      ]
    },
    "thirdperson_lefthand": {
      "rotation": [
        49,
        36,
        0
      ],
      "translation": [
        1,
        1,
        0.5
      ],
      "scale": [
        0.25,
        0.25,
        0.25
      ]
    },
    "firstperson_righthand": {
      "rotation": [
        0,
        140,
        0
      ],
      "translation": [
        16.25,
        -8,
        -14.5
      ],
      "scale": [
        0.5,
        0.5,
        0.5
      ]
    },
    "firstperson_lefthand": {
      "rotation": [
        0,
        140,
        0
      ],
      "translation": [
        16.25,
        -8,
        -14.5
      ],
      "scale": [
        0.5,
        0.5,
        0.5
      ]
    },
    "ground": {
      "translation": [
        0,
        5.5,
        0
      ],
      "scale": [
        0.39,
        0.39,
        0.39
      ]
    },
    "gui": {
      "rotation": [
        30,
        135,
        0
      ],
      "translation": [
        0.75,
        -2,
        0
      ],
      "scale": [
        0.4,
        0.4,
        0.4
      ]
    },
    "head": {
      "rotation": [
        0,
        180,
        0
      ],
      "translation": [
        0,
        -43,
        -8
      ],
      "scale": [
        1.6,
        1.6,
        1.6
      ]
    },
    "fixed": {
      "translation": [
        0,
        -16,
        -6
      ],
      "scale": [
        2,
        2,
        2
      ]
    }
  },
  "groups": [
    {
      "name": "group",
      "origin": [
        0,
        0,
        0
      ],
      "color": 0,
      "children": [
        0,
        1,
        2,
        3,
        4,
        5,
        6,
        7,
        8,
        9,
        10,
        11,
        12
      ]
    }
  ]
}