{
	"parent": "minecraft:item/generated",
	"textures": {
		"layer0": "minecraft:item/leather_horse_armor"
	},
	"overrides": [
		{
			"predicate": {
				"custom_model_data": 2
			},
			"model": "minehammer:item/cosmetics/summer_disco"
		},
		{
			"predicate": {
				"custom_model_data": 3
			},
			"model": "minehammer:item/cosmetics/newyear_balloon"
		},
		{
			"predicate": {
				"custom_model_data": 4
			},
			"model": "minehammer:item/cosmetics/heartballoon"
		},
		{
			"predicate": {
				"custom_model_data": 5
			},
			"model": "minecraft:item/leather_horse_armor"
		}
	]
}