{
  "parent": "minecraft:item/handheld",
  "textures": {
    "layer0": "minecraft:item/netherite_axe"
  },
	"overrides": [
	{ "predicate": { "custom_model_data": 1}, "model": "minehammer:item/valentines/cupids_axe" },
{ "predicate": { "custom_model_data": 2}, "model": "minehammer:item/pearl/pearl_axe" },
{ "predicate": { "custom_model_data": 3}, "model": "minehammer:item/legendary-set/legendary_axe" },
		{
			"predicate": {
				"custom_model_data": 4
			},
			"model": "minehammer:item/steampunk/steampunk_axe"
		},
		{
			"predicate": {
				"custom_model_data": 5
			},
			"model": "minehammer:item/fallenset/axe"
		},
		{
			"predicate": {
				"custom_model_data": 6
			},
			"model": "minecraft:item/netherite_axe"
		}
	]
}

