{
  "parent": "minecraft:item/handheld",
  "textures": {
    "layer0": "minecraft:item/netherite_sword"
  },
	"overrides": [

{ "predicate": { "custom_model_data": 1}, "model": "minehammer:item/royal/royal_scepter" },
{ "predicate": { "custom_model_data": 2}, "model": "minehammer:item/pearl/pearl_sword" },
{ "predicate": { "custom_model_data": 3}, "model": "minehammer:item/legendary-set/legendary_sword" },
{ "predicate": { "custom_model_data": 4}, "model": "minehammer:item/valentines/cupids_sword" },
{
			"predicate": {
				"custom_model_data": 5
			},
			"model": "minehammer:item/steampunk/steampunk_sword"
		},
		{
			"predicate": {
				"custom_model_data": 6
			},
			"model": "minehammer:item/fallenset/sword"
		},
		{
			"predicate": {
				"custom_model_data": 7
			},
			"model": "minecraft:item/netherite_sword"
		}

	]
}

