{
   "parent":"item/generated",
   "textures":{
      "layer0":"item/paper"
   },
   "overrides":[
      {"predicate":{"custom_model_data":1},"model":"minehammer:item/pearl/pearl"},
      {"predicate":{"custom_model_data":2},"model":"minehammer:item/other/jewel"},
      {"predicate":{"custom_model_data":3},"model":"minehammer:item/other/totem_of_insurance"},
	  {"predicate":{"custom_model_data":4},"model":"minecraft:item/paper"},
	  {"predicate":{"custom_model_data":10000},"model":"minehammer:item/furniture/medieval_market_stalltable"},
   {"predicate":{"custom_model_data":10001},"model":"minehammer:item/furniture/medieval_market_scarecrow"},
   {"predicate":{"custom_model_data":10002},"model":"minehammer:item/furniture/medieval_market_campfire"},
   {"predicate":{"custom_model_data":10003},"model":"minehammer:item/furniture/medieval_market_chest"},
   {"predicate":{"custom_model_data":10004},"model":"minehammer:item/furniture/medieval_market_direction_sign"},
   {"predicate":{"custom_model_data":10005},"model":"minehammer:item/furniture/medieval_market_hangingpot"},
   {"predicate":{"custom_model_data":10006},"model":"minehammer:item/furniture/medieval_market_haybales"},
   {"predicate":{"custom_model_data":10007},"model":"minehammer:item/furniture/medieval_market_lantern"},
   {"predicate":{"custom_model_data":10008},"model":"minehammer:item/furniture/medieval_market_marketstall_red"},
   {"predicate":{"custom_model_data":10009},"model":"minehammer:item/furniture/medieval_market_marketstall_purple"},
   {"predicate":{"custom_model_data":10010},"model":"minehammer:item/furniture/medieval_market_open_chest"},
   {"predicate":{"custom_model_data":10011},"model":"minehammer:item/furniture/medieval_market_pot"},
   {"predicate":{"custom_model_data":10012},"model":"minehammer:item/furniture/medieval_market_bench"},
   {"predicate":{"custom_model_data":10013},"model":"minehammer:item/furniture/medieval_market_box"},
   {"predicate":{"custom_model_data":10014},"model":"minehammer:item/furniture/medieval_market_box_apples"},
   {"predicate":{"custom_model_data":10015},"model":"minehammer:item/furniture/medieval_market_box_bread"},
   {"predicate":{"custom_model_data":10016},"model":"minehammer:item/furniture/medieval_market_bed"},
   {"predicate":{"custom_model_data":10017},"model":"minehammer:item/furniture/medieval_market_barell"},
   {"predicate":{"custom_model_data":10018},"model":"minehammer:item/furniture/medieval_market_bath"},
   {"predicate":{"custom_model_data":10019},"model":"minehammer:item/furniture/medieval_market_bag"},
   {"predicate":{"custom_model_data":10020},"model":"minehammer:item/furniture/medieval_market_chair"},
   {"predicate":{"custom_model_data":10021},"model":"minehammer:item/furniture/medieval_market_stool"},
   {"predicate":{"custom_model_data":10022},"model":"minehammer:item/furniture/medieval_market_table"},
   {"predicate":{"custom_model_data":10023},"model":"minehammer:item/furniture/medieval_market_wagon_red"},
   {"predicate":{"custom_model_data":10024},"model":"minehammer:item/furniture/medieval_market_wagon_purple"},
   {"predicate":{"custom_model_data":10025},"model":"minehammer:item/furniture/medieval_market_wagon2"},
   {"predicate":{"custom_model_data":10026},"model":"minehammer:item/furniture/medieval_market_wall_lantern"},
   {"predicate":{"custom_model_data":10027},"model":"minehammer:item/furniture/medieval_market_well"},
   {"predicate":{"custom_model_data":10028},"model":"minehammer:item/furniture/medieval_market_wood_pile"},
   {
			"predicate": {
				"custom_model_data": 10029
			},
			"model": "minehammer:item/fallenset/chest"
		},
		{
			"predicate": {
				"custom_model_data": 10030
			},
			"model": "minehammer:item/fallenset/chest_open"
		},
   {"predicate":{"custom_model_data":10031},"model":"minecraft:item/paper"}
   ]
}

{
  "parent": "item/generated",
  "textures": {
    "layer0": "item/paper"
  },
  "overrides": [
    {
      "predicate": {
        "custom_model_data": 1
      },
      "model": "minehammer:item/pearl/pearl"
    },
    {
      "predicate": {
        "custom_model_data": 2
      },
      "model": "minehammer:item/other/jewel"
    },
    {
      "predicate": {
        "custom_model_data": 3
      },
      "model": "minehammer:item/other/totem_of_insurance"
    },
    {
      "predicate": {
        "custom_model_data": 4
      },
      "model": "onyx_ore"
    },
    {
      "predicate": {
        "custom_model_data": 5
      },
      "model": "orax_ore"
    },
    {
      "predicate": {
        "custom_model_data": 6
      },
      "model": "default/table"
    },
    {
      "predicate": {
        "custom_model_data": 7
      },
      "model": "default/cart"
    },
    {
      "predicate": {
        "custom_model_data": 8
      },
      "model": "default/chair"
    },
    {
      "predicate": {
        "custom_model_data": 9
      },
      "model": "default/coach"
    },
    {
      "predicate": {
        "custom_model_data": 10
      },
      "model": "default/shelf"
    },
    {
      "predicate": {
        "custom_model_data": 11
      },
      "model": "brunnera"
    },
    {
      "predicate": {
        "custom_model_data": 12
      },
      "model": "daffodil"
    },
    {
      "predicate": {
        "custom_model_data": 13
      },
      "model": "dailily"
    },
    {
      "predicate": {
        "custom_model_data": 14
      },
      "model": "arrow_next_icon"
    },
    {
      "predicate": {
        "custom_model_data": 15
      },
      "model": "arrow_previous_icon"
    },
    {
      "predicate": {
        "custom_model_data": 16
      },
      "model": "exit_icon"
    },
    {
      "predicate": {
        "custom_model_data": 17
      },
      "model": "default/anubis_head"
    },
    {
      "predicate": {
        "custom_model_data": 18
      },
      "model": "default/crown"
    },
    {
      "predicate": {
        "custom_model_data": 19
      },
      "model": "default/pharaoh_head"
    },
    {
      "predicate": {
        "custom_model_data": 20
      },
      "model": "default/witch_hat"
    },
    {
      "predicate": {
        "custom_model_data": 21
      },
      "model": "default/space_helmet"
    },
    {
      "predicate": {
        "custom_model_data": 22
      },
      "model": "amethyst"
    },
    {
      "predicate": {
        "custom_model_data": 23
      },
      "model": "ruby"
    },
    {
      "predicate": {
        "custom_model_data": 24
      },
      "model": "onyx"
    },
    {
      "predicate": {
        "custom_model_data": 25
      },
      "model": "orax"
    },
    {
      "predicate": {
        "custom_model_data": 26
      },
      "model": "block/fire_floor0"
    },
    {
      "predicate": {
        "custom_model_data": 27
      },
      "model": "weed_seed"
    },
    {
      "predicate": {
        "custom_model_data": 28
      },
      "model": "default/weed/stage0"
    },
    {
      "predicate": {
        "custom_model_data": 29
      },
      "model": "default/weed/stage1"
    },
    {
      "predicate": {
        "custom_model_data": 30
      },
      "model": "default/weed/stage2"
    },
    {
      "predicate": {
        "custom_model_data": 31
      },
      "model": "default/weed/stage3"
    },
    {
      "predicate": {
        "custom_model_data": 32
      },
      "model": "grape_seeds"
    },
    {
      "predicate": {
        "custom_model_data": 33
      },
      "model": "default/grape/stage0"
    },
    {
      "predicate": {
        "custom_model_data": 34
      },
      "model": "default/grape/stage1"
    },
    {
      "predicate": {
        "custom_model_data": 35
      },
      "model": "default/grape/stage2"
    },
    {
      "predicate": {
        "custom_model_data": 36
      },
      "model": "default/grape/stage3"
    },
    {
      "predicate": {
        "custom_model_data": 37
      },
      "model": "default/grape/stage4"
    },
    {
      "predicate": {
        "custom_model_data": 38
      },
      "model": "iron_cog"
    },
    {
      "predicate": {
        "custom_model_data": 39
      },
      "model": "gold_cog"
    },
    {
      "predicate": {
        "custom_model_data": 40
      },
      "model": "diamond_cog"
    },
    {
      "predicate": {
        "custom_model_data": 10000
      },
      "model": "minehammer:item/furniture/medieval_market_stalltable"
    },
    {
      "predicate": {
        "custom_model_data": 10001
      },
      "model": "minehammer:item/furniture/medieval_market_scarecrow"
    },
    {
      "predicate": {
        "custom_model_data": 10002
      },
      "model": "minehammer:item/furniture/medieval_market_campfire"
    },
    {
      "predicate": {
        "custom_model_data": 10003
      },
      "model": "minehammer:item/furniture/medieval_market_chest"
    },
    {
      "predicate": {
        "custom_model_data": 10004
      },
      "model": "minehammer:item/furniture/medieval_market_direction_sign"
    },
    {
      "predicate": {
        "custom_model_data": 10005
      },
      "model": "minehammer:item/furniture/medieval_market_hangingpot"
    },
    {
      "predicate": {
        "custom_model_data": 10006
      },
      "model": "minehammer:item/furniture/medieval_market_haybales"
    },
    {
      "predicate": {
        "custom_model_data": 10007
      },
      "model": "minehammer:item/furniture/medieval_market_lantern"
    },
    {
      "predicate": {
        "custom_model_data": 10008
      },
      "model": "minehammer:item/furniture/medieval_market_marketstall_red"
    },
    {
      "predicate": {
        "custom_model_data": 10009
      },
      "model": "minehammer:item/furniture/medieval_market_marketstall_purple"
    },
    {
      "predicate": {
        "custom_model_data": 10010
      },
      "model": "minehammer:item/furniture/medieval_market_open_chest"
    },
    {
      "predicate": {
        "custom_model_data": 10011
      },
      "model": "minehammer:item/furniture/medieval_market_pot"
    },
    {
      "predicate": {
        "custom_model_data": 10012
      },
      "model": "minehammer:item/furniture/medieval_market_bench"
    },
    {
      "predicate": {
        "custom_model_data": 10013
      },
      "model": "minehammer:item/furniture/medieval_market_box"
    },
    {
      "predicate": {
        "custom_model_data": 10014
      },
      "model": "minehammer:item/furniture/medieval_market_box_apples"
    },
    {
      "predicate": {
        "custom_model_data": 10015
      },
      "model": "minehammer:item/furniture/medieval_market_box_bread"
    },
    {
      "predicate": {
        "custom_model_data": 10016
      },
      "model": "minehammer:item/furniture/medieval_market_bed"
    },
    {
      "predicate": {
        "custom_model_data": 10017
      },
      "model": "minehammer:item/furniture/medieval_market_barell"
    },
    {
      "predicate": {
        "custom_model_data": 10018
      },
      "model": "minehammer:item/furniture/medieval_market_bath"
    },
    {
      "predicate": {
        "custom_model_data": 10019
      },
      "model": "minehammer:item/furniture/medieval_market_bag"
    },
    {
      "predicate": {
        "custom_model_data": 10020
      },
      "model": "minehammer:item/furniture/medieval_market_chair"
    },
    {
      "predicate": {
        "custom_model_data": 10021
      },
      "model": "minehammer:item/furniture/medieval_market_stool"
    },
    {
      "predicate": {
        "custom_model_data": 10022
      },
      "model": "minehammer:item/furniture/medieval_market_table"
    },
    {
      "predicate": {
        "custom_model_data": 10023
      },
      "model": "minehammer:item/furniture/medieval_market_wagon_red"
    },
    {
      "predicate": {
        "custom_model_data": 10024
      },
      "model": "minehammer:item/furniture/medieval_market_wagon_purple"
    },
    {
      "predicate": {
        "custom_model_data": 10025
      },
      "model": "minehammer:item/furniture/medieval_market_wagon2"
    },
    {
      "predicate": {
        "custom_model_data": 10026
      },
      "model": "minehammer:item/furniture/medieval_market_wall_lantern"
    },
    {
      "predicate": {
        "custom_model_data": 10027
      },
      "model": "minehammer:item/furniture/medieval_market_well"
    },
    {
      "predicate": {
        "custom_model_data": 10028
      },
      "model": "minehammer:item/furniture/medieval_market_wood_pile"
    }
  ]
}