{
  "parent": "item/handheld_rod",
  "textures": {
    "layer0": "item/fishing_rod"
  },
  "overrides": [
    {
      "predicate": {
        "cast": 1
      },
      "model": "item/fishing_rod_cast"
    },
    {
      "predicate": {
        "custom_model_data": 2
      },
      "model": "minehammer:item/fishing/nature_fishing_rod"
    },
    {
      "predicate": {
        "cast": 1,
        "custom_model_data": 2
      },
      "model": "minehammer:item/fishing/nature_fishing_rod_cast"
    },
    {
      "predicate": {
        "custom_model_data": 3
      },
      "model": "minehammer:item/fishing/silver_fishing_rod"
    },
    {
      "predicate": {
        "cast": 1,
        "custom_model_data": 3
      },
      "model": "minehammer:item/fishing/silver_fishing_rod_cast"
    },
    {
      "predicate": {
        "custom_model_data": 4
      },
      "model": "minehammer:item/fishing/golden_fishing_rod"
    },
    {
      "predicate": {
        "cast": 1,
        "custom_model_data": 4
      },
      "model": "minehammer:item/fishing/golden_fishing_rod_cast"
    },
    {
      "predicate": {
        "custom_model_data": 5
      },
      "model": "minehammer:item/fishing/star_fishing_rod"
    },
    {
      "predicate": {
        "cast": 1,
        "custom_model_data": 5
      },
      "model": "minehammer:item/fishing/star_fishing_rod_cast"
    },
    {
      "predicate": {
        "custom_model_data": 6
      },
      "model": "minecraft:item/fishing_rod"
    },
    {
      "predicate": {
        "custom_model_data": 10000
      },
      "model": "saintpatricksset:fishing_rod"
    },
    {
      "predicate": {
        "cast": 1,
        "custom_model_data": 10000
      },
      "model": "saintpatricksset:fishing_rod_cast"
    },
    {
      "predicate": {
        "custom_model_data": 10001
      },
      "model": "littlebunny_set:fishing_rod"
    },
    {
      "predicate": {
        "cast": 1,
        "custom_model_data": 10001
      },
      "model": "littlebunny_set:fishing_rod_cast"
    },
    {
      "predicate": {
        "custom_model_data": 10002
      },
      "model": "minehammer:item/nitro/fishing_rod"
    },
    {
      "predicate": {
        "cast": 1,
        "custom_model_data": 10002
      },
      "model": "minehammer:item/nitro/fishing_rod_cast"
    },
    {
      "predicate": {
        "custom_model_data": 10003
      },
      "model": "littlecatset:fishing_rod"
    },
    {
      "predicate": {
        "cast": 1,
        "custom_model_data": 10003
      },
      "model": "littlecatset:fishing_rod_cast"
    },
    {
      "predicate": {
        "custom_model_data": 10004
      },
      "model": "item/fishing_rod"
    }
  ]
}