{
	"credit": "Made with Blockbench",
	"texture_size": [32, 32],
	"textures": {
		"0": "modelengine:entity/bdaycake"
	},
	"elements": [
		{
			"from": [2, 1, -1],
			"to": [8, 6, 5],
			"rotation": {"angle": 0, "axis": "y", "origin": [-1, 0, -4]},
			"faces": {
				"north": {"uv": [9.5, 5.5, 12.5, 8], "texture": "#0"},
				"east": {"uv": [0, 10, 3, 12.5], "texture": "#0"},
				"south": {"uv": [10, 0, 13, 2.5], "texture": "#0"},
				"west": {"uv": [10, 2.5, 13, 5], "texture": "#0"},
				"up": {"uv": [3, 10, 0, 7], "texture": "#0"},
				"down": {"uv": [10, 0, 7, 3], "texture": "#0"}
			}
		},
		{
			"from": [4.5, 6, 1.5],
			"to": [5.5, 10, 2.5],
			"rotation": {"angle": 0, "axis": "y", "origin": [-1, 0, -4]},
			"faces": {
				"north": {"uv": [3, 7, 3.5, 9], "texture": "#0"},
				"east": {"uv": [9, 12, 9.5, 14], "texture": "#0"},
				"south": {"uv": [12, 9, 12.5, 11], "texture": "#0"},
				"west": {"uv": [9.5, 12, 10, 14], "texture": "#0"},
				"up": {"uv": [7.5, 6, 7, 5.5], "texture": "#0"},
				"down": {"uv": [8, 5.5, 7.5, 6], "texture": "#0"}
			}
		},
		{
			"from": [1, 0, -2],
			"to": [8, 1, 5],
			"rotation": {"angle": 0, "axis": "y", "origin": [-1, 0, -4]},
			"faces": {
				"north": {"uv": [9.5, 8, 13, 8.5], "texture": "#0"},
				"east": {"uv": [9.5, 8.5, 13, 9], "texture": "#0"},
				"south": {"uv": [10, 5, 13.5, 5.5], "texture": "#0"},
				"west": {"uv": [3, 11.5, 6.5, 12], "texture": "#0"},
				"up": {"uv": [3.5, 3.5, 0, 0], "texture": "#0"},
				"down": {"uv": [3.5, 3.5, 0, 7], "texture": "#0"}
			}
		},
		{
			"from": [1, 0, 5],
			"to": [8, 1, 11],
			"rotation": {"angle": 0, "axis": "y", "origin": [-1, 0, -4]},
			"faces": {
				"north": {"uv": [6.5, 11.5, 10, 12], "texture": "#0"},
				"east": {"uv": [3, 12, 6, 12.5], "texture": "#0"},
				"south": {"uv": [10, 11.5, 13.5, 12], "texture": "#0"},
				"west": {"uv": [6, 12, 9, 12.5], "texture": "#0"},
				"up": {"uv": [7, 3, 3.5, 0], "texture": "#0"},
				"down": {"uv": [7, 3, 3.5, 6], "texture": "#0"}
			}
		},
		{
			"from": [2, 1, 5],
			"to": [8, 6, 11],
			"rotation": {"angle": 0, "axis": "y", "origin": [-1, 0, -4]},
			"faces": {
				"north": {"uv": [7, 3, 10, 5.5], "texture": "#0"},
				"east": {"uv": [3, 9, 6, 11.5], "texture": "#0"},
				"south": {"uv": [6, 9, 9, 11.5], "texture": "#0"},
				"west": {"uv": [9, 9, 12, 11.5], "texture": "#0"},
				"up": {"uv": [6.5, 9, 3.5, 6], "texture": "#0"},
				"down": {"uv": [9.5, 6, 6.5, 9], "texture": "#0"}
			}
		},
		{
			"from": [4.5, 6, 7.5],
			"to": [5.5, 10, 8.5],
			"rotation": {"angle": 0, "axis": "y", "origin": [-1, 0, -4]},
			"faces": {
				"north": {"uv": [3, 7, 3.5, 9], "texture": "#0"},
				"east": {"uv": [9, 12, 9.5, 14], "texture": "#0"},
				"south": {"uv": [12, 9, 12.5, 11], "texture": "#0"},
				"west": {"uv": [9.5, 12, 10, 14], "texture": "#0"},
				"up": {"uv": [7.5, 6, 7, 5.5], "texture": "#0"},
				"down": {"uv": [8, 5.5, 7.5, 6], "texture": "#0"}
			}
		},
		{
			"from": [2, 1, 11],
			"to": [8, 6, 17],
			"rotation": {"angle": 0, "axis": "y", "origin": [-1, 0, -16]},
			"faces": {
				"north": {"uv": [13, 0, 10, 2.5], "texture": "#0"},
				"east": {"uv": [3, 10, 0, 12.5], "texture": "#0"},
				"south": {"uv": [12.5, 5.5, 9.5, 8], "texture": "#0"},
				"west": {"uv": [13, 2.5, 10, 5], "texture": "#0"},
				"up": {"uv": [3, 7, 0, 10], "texture": "#0"},
				"down": {"uv": [10, 3, 7, 0], "texture": "#0"}
			}
		},
		{
			"from": [4.5, 6, 13.5],
			"to": [5.5, 10, 14.5],
			"rotation": {"angle": 0, "axis": "y", "origin": [-1, 0, -16]},
			"faces": {
				"north": {"uv": [12.5, 9, 12, 11], "texture": "#0"},
				"east": {"uv": [9.5, 12, 9, 14], "texture": "#0"},
				"south": {"uv": [3.5, 7, 3, 9], "texture": "#0"},
				"west": {"uv": [10, 12, 9.5, 14], "texture": "#0"},
				"up": {"uv": [7.5, 5.5, 7, 6], "texture": "#0"},
				"down": {"uv": [8, 6, 7.5, 5.5], "texture": "#0"}
			}
		},
		{
			"from": [1, 0, 11],
			"to": [8, 1, 18],
			"rotation": {"angle": 0, "axis": "y", "origin": [-1, 0, -16]},
			"faces": {
				"north": {"uv": [13.5, 5, 10, 5.5], "texture": "#0"},
				"east": {"uv": [13, 8.5, 9.5, 9], "texture": "#0"},
				"south": {"uv": [13, 8, 9.5, 8.5], "texture": "#0"},
				"west": {"uv": [6.5, 11.5, 3, 12], "texture": "#0"},
				"up": {"uv": [3.5, 0, 0, 3.5], "texture": "#0"},
				"down": {"uv": [3.5, 7, 0, 3.5], "texture": "#0"}
			}
		},
		{
			"from": [8, 1, -1],
			"to": [14, 6, 5],
			"rotation": {"angle": 0, "axis": "y", "origin": [1, 0, -4]},
			"faces": {
				"north": {"uv": [12.5, 5.5, 9.5, 8], "texture": "#0"},
				"east": {"uv": [13, 2.5, 10, 5], "texture": "#0"},
				"south": {"uv": [13, 0, 10, 2.5], "texture": "#0"},
				"west": {"uv": [3, 10, 0, 12.5], "texture": "#0"},
				"up": {"uv": [0, 10, 3, 7], "texture": "#0"},
				"down": {"uv": [7, 0, 10, 3], "texture": "#0"}
			}
		},
		{
			"from": [10.5, 6, 1.5],
			"to": [11.5, 10, 2.5],
			"rotation": {"angle": 0, "axis": "y", "origin": [1, 0, -4]},
			"faces": {
				"north": {"uv": [3.5, 7, 3, 9], "texture": "#0"},
				"east": {"uv": [10, 12, 9.5, 14], "texture": "#0"},
				"south": {"uv": [12.5, 9, 12, 11], "texture": "#0"},
				"west": {"uv": [9.5, 12, 9, 14], "texture": "#0"},
				"up": {"uv": [7, 6, 7.5, 5.5], "texture": "#0"},
				"down": {"uv": [7.5, 5.5, 8, 6], "texture": "#0"}
			}
		},
		{
			"from": [8, 0, -2],
			"to": [15, 1, 5],
			"rotation": {"angle": 0, "axis": "y", "origin": [1, 0, -4]},
			"faces": {
				"north": {"uv": [13, 8, 9.5, 8.5], "texture": "#0"},
				"east": {"uv": [6.5, 11.5, 3, 12], "texture": "#0"},
				"south": {"uv": [13.5, 5, 10, 5.5], "texture": "#0"},
				"west": {"uv": [13, 8.5, 9.5, 9], "texture": "#0"},
				"up": {"uv": [0, 3.5, 3.5, 0], "texture": "#0"},
				"down": {"uv": [0, 3.5, 3.5, 7], "texture": "#0"}
			}
		},
		{
			"from": [8, 0, 5],
			"to": [15, 1, 11],
			"rotation": {"angle": 0, "axis": "y", "origin": [1, 0, -4]},
			"faces": {
				"north": {"uv": [10, 11.5, 6.5, 12], "texture": "#0"},
				"east": {"uv": [9, 12, 6, 12.5], "texture": "#0"},
				"south": {"uv": [13.5, 11.5, 10, 12], "texture": "#0"},
				"west": {"uv": [6, 12, 3, 12.5], "texture": "#0"},
				"up": {"uv": [3.5, 3, 7, 0], "texture": "#0"},
				"down": {"uv": [3.5, 3, 7, 6], "texture": "#0"}
			}
		},
		{
			"from": [8, 1, 5],
			"to": [14, 6, 11],
			"rotation": {"angle": 0, "axis": "y", "origin": [1, 0, -4]},
			"faces": {
				"north": {"uv": [10, 3, 7, 5.5], "texture": "#0"},
				"east": {"uv": [12, 9, 9, 11.5], "texture": "#0"},
				"south": {"uv": [9, 9, 6, 11.5], "texture": "#0"},
				"west": {"uv": [6, 9, 3, 11.5], "texture": "#0"},
				"up": {"uv": [3.5, 9, 6.5, 6], "texture": "#0"},
				"down": {"uv": [6.5, 6, 9.5, 9], "texture": "#0"}
			}
		},
		{
			"from": [10.5, 6, 7.5],
			"to": [11.5, 10, 8.5],
			"rotation": {"angle": 0, "axis": "y", "origin": [1, 0, -4]},
			"faces": {
				"north": {"uv": [3.5, 7, 3, 9], "texture": "#0"},
				"east": {"uv": [10, 12, 9.5, 14], "texture": "#0"},
				"south": {"uv": [12.5, 9, 12, 11], "texture": "#0"},
				"west": {"uv": [9.5, 12, 9, 14], "texture": "#0"},
				"up": {"uv": [7, 6, 7.5, 5.5], "texture": "#0"},
				"down": {"uv": [7.5, 5.5, 8, 6], "texture": "#0"}
			}
		},
		{
			"from": [8, 1, 11],
			"to": [14, 6, 17],
			"rotation": {"angle": 0, "axis": "y", "origin": [-1, 0, -16]},
			"faces": {
				"north": {"uv": [10, 0, 13, 2.5], "texture": "#0"},
				"east": {"uv": [10, 2.5, 13, 5], "texture": "#0"},
				"south": {"uv": [9.5, 5.5, 12.5, 8], "texture": "#0"},
				"west": {"uv": [0, 10, 3, 12.5], "texture": "#0"},
				"up": {"uv": [0, 7, 3, 10], "texture": "#0"},
				"down": {"uv": [7, 3, 10, 0], "texture": "#0"}
			}
		},
		{
			"from": [10.5, 6, 13.5],
			"to": [11.5, 10, 14.5],
			"rotation": {"angle": 0, "axis": "y", "origin": [-1, 0, -16]},
			"faces": {
				"north": {"uv": [12, 9, 12.5, 11], "texture": "#0"},
				"east": {"uv": [9.5, 12, 10, 14], "texture": "#0"},
				"south": {"uv": [3, 7, 3.5, 9], "texture": "#0"},
				"west": {"uv": [9, 12, 9.5, 14], "texture": "#0"},
				"up": {"uv": [7, 5.5, 7.5, 6], "texture": "#0"},
				"down": {"uv": [7.5, 6, 8, 5.5], "texture": "#0"}
			}
		},
		{
			"from": [8, 0, 11],
			"to": [15, 1, 18],
			"rotation": {"angle": 0, "axis": "y", "origin": [-1, 0, -16]},
			"faces": {
				"north": {"uv": [10, 5, 13.5, 5.5], "texture": "#0"},
				"east": {"uv": [3, 11.5, 6.5, 12], "texture": "#0"},
				"south": {"uv": [9.5, 8, 13, 8.5], "texture": "#0"},
				"west": {"uv": [9.5, 8.5, 13, 9], "texture": "#0"},
				"up": {"uv": [0, 0, 3.5, 3.5], "texture": "#0"},
				"down": {"uv": [0, 7, 3.5, 3.5], "texture": "#0"}
			}
		}
	],
	"display": {
		"thirdperson_righthand": {
			"rotation": [61, 90, 1],
			"translation": [-6, 6.75, 3.5],
			"scale": [0.75, 0.75, 0.75]
		},
		"thirdperson_lefthand": {
			"rotation": [61, 90, 1],
			"translation": [-6, 6.75, 3.5],
			"scale": [0.75, 0.75, 0.75]
		},
		"firstperson_righthand": {
			"rotation": [-4, 90, 5],
			"translation": [-9, 3.25, -6.5]
		},
		"firstperson_lefthand": {
			"rotation": [-4, 90, 5],
			"translation": [-9, 3.25, -6.5]
		},
		"ground": {
			"translation": [0, 6.25, 0]
		},
		"gui": {
			"rotation": [40, -45, 0],
			"translation": [0, 2.5, 0],
			"scale": [0.65, 0.65, 0.65]
		},
		"head": {
			"translation": [0, 14.25, 0]
		},
		"fixed": {
			"rotation": [-90, 0, 0],
			"translation": [0, 0, -15],
			"scale": [2, 2, 2]
		}
	},
	"groups": [
		{
			"name": "fullcake",
			"origin": [-3.01667, 10, -6.01667],
			"children": [
				{
					"name": "cake1",
					"origin": [-3.01667, 10, -6.01667],
					"children": [0, 1, 2]
				},
				{
					"name": "cake2",
					"origin": [-2.96667, 10, 0],
					"children": [3, 4, 5]
				},
				{
					"name": "cake3",
					"origin": [-3.01667, 10, 5.98333],
					"children": [6, 7, 8]
				},
				{
					"name": "cake4",
					"origin": [3.01667, 10, -6.01667],
					"children": [9, 10, 11]
				},
				{
					"name": "cake6",
					"origin": [2.96667, 10, 0],
					"children": [12, 13, 14]
				},
				{
					"name": "cake5",
					"origin": [2.98333, 10, 5.98333],
					"children": [15, 16, 17]
				}
			]
		}
	]
}