{
  "parent": "minecraft:item/handheld",
  "textures": {
    "layer0": "minecraft:item/netherite_sword"
  },
  "overrides": [
    {
      "predicate": {
        "custom_model_data": 1
      },
      "model": "minehammer:item/royal/royal_scepter"
    },
    {
      "predicate": {
        "custom_model_data": 2
      },
      "model": "minehammer:item/pearl/pearl_sword"
    },
    {
      "predicate": {
        "custom_model_data": 3
      },
      "model": "minehammer:item/legendary-set/legendary_sword"
    },
    {
      "predicate": {
        "custom_model_data": 4
      },
      "model": "minehammer:item/valentines/cupids_sword"
    },
    {
      "predicate": {
        "custom_model_data": 5
      },
      "model": "minehammer:item/steampunk/steampunk_sword"
    },
    {
      "predicate": {
        "custom_model_data": 6
      },
      "model": "minehammer:item/fallenset/sword"
    },
    {
      "predicate": {
        "custom_model_data": 7
      },
      "model": "littleroom_magnus:magnus_sword"
    },
    {
      "predicate": {
        "custom_model_data": 8
      },
      "model": "minecraft:item/netherite_sword"
    },
    {
      "predicate": {
        "custom_model_data": 2003
      },
      "model": "item/weapons/zeus_jolt"
    },
    {
      "predicate": {
        "custom_model_data": 2004
      },
      "model": "item/weapons/zeus_jolt_blue"
    },
    {
      "predicate": {
        "custom_model_data": 2005
      },
      "model": "minecraft:item/netherite_sword"
    },
    {
      "predicate": {
        "custom_model_data": 10000
      },
      "model": "saintpatricksset:greatsword"
    },
    {
      "predicate": {
        "custom_model_data": 10001
      },
      "model": "saintpatricksset:hammer"
    },
    {
      "predicate": {
        "custom_model_data": 10002
      },
      "model": "saintpatricksset:scythe"
    },
    {
      "predicate": {
        "custom_model_data": 10003
      },
      "model": "saintpatricksset:spear"
    },
    {
      "predicate": {
        "custom_model_data": 10004
      },
      "model": "saintpatricksset:staff"
    },
    {
      "predicate": {
        "custom_model_data": 10005
      },
      "model": "saintpatricksset:sword"
    },
    {
      "predicate": {
        "custom_model_data": 10006
      },
      "model": "saintpatricksset:trident"
    },
    {
      "predicate": {
        "custom_model_data": 10007
      },
      "model": "littlebunny_set:spear"
    },
    {
      "predicate": {
        "custom_model_data": 10008
      },
      "model": "littlebunny_set:staff"
    },
    {
      "predicate": {
        "custom_model_data": 10009
      },
      "model": "littlebunny_set:sword"
    },
    {
      "predicate": {
        "custom_model_data": 10010
      },
      "model": "minehammer:item/nitro/hammer"
    },
    {
      "predicate": {
        "custom_model_data": 10011
      },
      "model": "minehammer:item/nitro/spear"
    },
    {
      "predicate": {
        "custom_model_data": 10012
      },
      "model": "minehammer:item/nitro/sword"
    },
    {
      "predicate": {
        "custom_model_data": 10013
      },
      "model": "minehammer:item/nitro/scythe"
    },
    {
      "predicate": {
        "custom_model_data": 10014
      },
      "model": "minehammer:item/nitro/staff"
    },
    {
      "predicate": {
        "custom_model_data": 10015
      },
      "model": "minehammer:item/nitro/greatsword"
    },
    {
      "predicate": {
        "custom_model_data": 10016
      },
      "model": "minehammer:item/nitro/trident"
    },
    {
      "predicate": {
        "custom_model_data": 10017
      },
      "model": "littlecatset:sword"
    },
    {
      "predicate": {
        "custom_model_data": 10018
      },
      "model": "littlecatset:hammer"
    },
    {
      "predicate": {
        "custom_model_data": 10019
      },
      "model": "littlecatset:spear"
    },
    {
      "predicate": {
        "custom_model_data": 10020
      },
      "model": "littlecatset:staff"
    },
    {
      "predicate": {
        "custom_model_data": 10021
      },
      "model": "item/netherite_sword"
    }
  ]
}