{
  "credit": "Made by PolygonMC",
  "texture_size": [
    24,
    24
  ],
  "textures": {
    "0": "littlecatset:flag",
    "1": "littlecatset:animations/animations_1",
    "particle": "littlecatset:flag"
  },
  "elements": [
    {
      "from": [
        7.5,
        0.225,
        7.5
      ],
      "to": [
        8.5,
        1.225,
        8.5
      ],
      "rotation": {
        "angle": -45,
        "axis": "x",
        "origin": [
          8,
          0.725,
          8
        ]
      },
      "faces": {
        "north": {
          "uv": [
            3,
            10.66667,
            3.66667,
            11.33333
          ],
          "texture": "#0"
        },
        "east": {
          "uv": [
            3,
            11.33333,
            3.66667,
            12
          ],
          "texture": "#0"
        },
        "south": {
          "uv": [
            3,
            9.66667,
            3.66667,
            10.33333
          ],
          "texture": "#0"
        },
        "west": {
          "uv": [
            3,
            12,
            3.66667,
            12.66667
          ],
          "texture": "#0"
        },
        "up": {
          "uv": [
            4.33333,
            10.33333,
            3.66667,
            9.66667
          ],
          "texture": "#0"
        },
        "down": {
          "uv": [
            3.66667,
            12.66667,
            3,
            13.33333
          ],
          "texture": "#0"
        }
      }
    },
    {
      "from": [
        7.5,
        10,
        7.5
      ],
      "to": [
        8.5,
        13,
        8.5
      ],
      "rotation": {
        "angle": 0,
        "axis": "y",
        "origin": [
          7.5,
          0,
          7.5
        ]
      },
      "faces": {
        "north": {
          "uv": [
            0.66667,
            5.66667,
            0,
            7.66667
          ],
          "texture": "#0"
        },
        "east": {
          "uv": [
            0,
            5.66667,
            0.66667,
            7.66667
          ],
          "texture": "#0"
        },
        "south": {
          "uv": [
            0.66667,
            5.66667,
            0,
            7.66667
          ],
          "texture": "#0"
        },
        "west": {
          "uv": [
            0,
            5.66667,
            0.66667,
            7.66667
          ],
          "texture": "#0"
        },
        "up": {
          "uv": [
            4.33333,
            9.33333,
            3.66667,
            8.66667
          ],
          "texture": "#0"
        },
        "down": {
          "uv": [
            5.33333,
            8.66667,
            4.66667,
            9.33333
          ],
          "texture": "#0"
        }
      }
    },
    {
      "from": [
        7.5,
        26.775,
        7.5
      ],
      "to": [
        8.5,
        27.775,
        8.5
      ],
      "rotation": {
        "angle": 45,
        "axis": "x",
        "origin": [
          8,
          27.275,
          8
        ]
      },
      "faces": {
        "north": {
          "uv": [
            5.66667,
            8.66667,
            6.33333,
            9.33333
          ],
          "texture": "#0"
        },
        "east": {
          "uv": [
            3.66667,
            10.66667,
            4.33333,
            11.33333
          ],
          "texture": "#0"
        },
        "south": {
          "uv": [
            3.66667,
            11.33333,
            4.33333,
            12
          ],
          "texture": "#0"
        },
        "west": {
          "uv": [
            3.66667,
            12,
            4.33333,
            12.66667
          ],
          "texture": "#0"
        },
        "up": {
          "uv": [
            4.33333,
            13.33333,
            3.66667,
            12.66667
          ],
          "texture": "#0"
        },
        "down": {
          "uv": [
            3.33333,
            8.66667,
            2.66667,
            9.33333
          ],
          "texture": "#0"
        }
      }
    },
    {
      "from": [
        7.5,
        4,
        7.5
      ],
      "to": [
        8.5,
        6,
        8.5
      ],
      "rotation": {
        "angle": 0,
        "axis": "y",
        "origin": [
          7.5,
          0,
          7.5
        ]
      },
      "faces": {
        "north": {
          "uv": [
            9,
            9.33333,
            9.66667,
            10.66667
          ],
          "texture": "#0"
        },
        "east": {
          "uv": [
            8.33333,
            10.66667,
            9,
            12
          ],
          "texture": "#0"
        },
        "south": {
          "uv": [
            9,
            10.66667,
            9.66667,
            12
          ],
          "texture": "#0"
        },
        "west": {
          "uv": [
            8.33333,
            9.33333,
            9,
            10.66667
          ],
          "texture": "#0"
        },
        "up": {
          "uv": [
            5.33333,
            12.33333,
            4.66667,
            11.66667
          ],
          "texture": "#0"
        },
        "down": {
          "uv": [
            6.33333,
            11.66667,
            5.66667,
            12.33333
          ],
          "texture": "#0"
        }
      }
    },
    {
      "from": [
        7.5,
        9,
        7.5
      ],
      "to": [
        8.5,
        9.5,
        8.5
      ],
      "rotation": {
        "angle": 0,
        "axis": "y",
        "origin": [
          7.5,
          0,
          7.5
        ]
      },
      "faces": {
        "north": {
          "uv": [
            6.66667,
            10.33333,
            7.33333,
            10.66667
          ],
          "texture": "#0"
        },
        "east": {
          "uv": [
            6.66667,
            9.66667,
            7.33333,
            10
          ],
          "texture": "#0"
        },
        "south": {
          "uv": [
            7.33333,
            10.33333,
            8,
            10.66667
          ],
          "texture": "#0"
        },
        "west": {
          "uv": [
            7.33333,
            9.66667,
            8,
            10
          ],
          "texture": "#0"
        },
        "up": {
          "uv": [
            6.33333,
            10.33333,
            5.66667,
            9.66667
          ],
          "texture": "#0"
        },
        "down": {
          "uv": [
            5.33333,
            9.66667,
            4.66667,
            10.33333
          ],
          "texture": "#0"
        }
      }
    },
    {
      "from": [
        7.5,
        6.5,
        7.5
      ],
      "to": [
        8.5,
        7,
        8.5
      ],
      "rotation": {
        "angle": 0,
        "axis": "y",
        "origin": [
          7.5,
          0,
          7.5
        ]
      },
      "faces": {
        "north": {
          "uv": [
            7.33333,
            11,
            8,
            11.33333
          ],
          "texture": "#0"
        },
        "east": {
          "uv": [
            6.66667,
            11,
            7.33333,
            11.33333
          ],
          "texture": "#0"
        },
        "south": {
          "uv": [
            7.33333,
            11.66667,
            8,
            12
          ],
          "texture": "#0"
        },
        "west": {
          "uv": [
            6.66667,
            11.66667,
            7.33333,
            12
          ],
          "texture": "#0"
        },
        "up": {
          "uv": [
            6.33333,
            11.33333,
            5.66667,
            10.66667
          ],
          "texture": "#0"
        },
        "down": {
          "uv": [
            5.33333,
            10.66667,
            4.66667,
            11.33333
          ],
          "texture": "#0"
        }
      }
    },
    {
      "from": [
        7.6,
        6,
        7.6
      ],
      "to": [
        8.4,
        10,
        8.4
      ],
      "rotation": {
        "angle": 0,
        "axis": "y",
        "origin": [
          7.5,
          0,
          7.5
        ]
      },
      "faces": {
        "north": {
          "uv": [
            0,
            9.66667,
            0.66667,
            12.33333
          ],
          "texture": "#0"
        },
        "east": {
          "uv": [
            0.66667,
            9.66667,
            1.33333,
            12.33333
          ],
          "texture": "#0"
        },
        "south": {
          "uv": [
            1.33333,
            9.66667,
            2,
            12.33333
          ],
          "texture": "#0"
        },
        "west": {
          "uv": [
            2,
            9.66667,
            2.66667,
            12.33333
          ],
          "texture": "#0"
        }
      }
    },
    {
      "from": [
        7.6,
        1,
        7.6
      ],
      "to": [
        8.4,
        4,
        8.4
      ],
      "rotation": {
        "angle": 0,
        "axis": "y",
        "origin": [
          7.5,
          0,
          7.5
        ]
      },
      "faces": {
        "north": {
          "uv": [
            1.66667,
            5.66667,
            1,
            7.66667
          ],
          "texture": "#0"
        },
        "east": {
          "uv": [
            1,
            5.66667,
            1.66667,
            7.66667
          ],
          "texture": "#0"
        },
        "south": {
          "uv": [
            1.66667,
            5.66667,
            1,
            7.66667
          ],
          "texture": "#0"
        },
        "west": {
          "uv": [
            1,
            5.66667,
            1.66667,
            7.66667
          ],
          "texture": "#0"
        }
      }
    },
    {
      "from": [
        7.6,
        13,
        7.6
      ],
      "to": [
        8.4,
        27,
        8.4
      ],
      "rotation": {
        "angle": 0,
        "axis": "y",
        "origin": [
          7.5,
          0,
          7.5
        ]
      },
      "faces": {
        "north": {
          "uv": [
            7.33333,
            0,
            8,
            9.33333
          ],
          "texture": "#0"
        },
        "east": {
          "uv": [
            8,
            0,
            7.33333,
            9.33333
          ],
          "texture": "#0"
        },
        "south": {
          "uv": [
            7.33333,
            0,
            8,
            9.33333
          ],
          "texture": "#0"
        },
        "west": {
          "uv": [
            8,
            0,
            7.33333,
            9.33333
          ],
          "texture": "#0"
        }
      }
    },
    {
      "from": [
        7.975,
        19,
        -3.35
      ],
      "to": [
        8.025,
        27,
        7.65
      ],
      "rotation": {
        "angle": 0,
        "axis": "y",
        "origin": [
          7.975,
          19,
          -0.35
        ]
      },
      "faces": {
        "east": {
          "uv": [
            7.33333,
            0,
            0,
            5.33333
          ],
          "texture": "#0"
        },
        "west": {
          "uv": [
            0,
            0,
            7.33333,
            5.33333
          ],
          "texture": "#0"
        }
      }
    },
    {
      "from": [
        7.7,
        19,
        -2.6
      ],
      "to": [
        7.75,
        27,
        5.4
      ],
      "rotation": {
        "angle": 0,
        "axis": "y",
        "origin": [
          8.05,
          8.5,
          -0.35
        ]
      },
      "faces": {
        "east": {
          "uv": [
            16,
            0,
            0,
            16
          ],
          "texture": "#1"
        },
        "west": {
          "uv": [
            0,
            0,
            16,
            16
          ],
          "texture": "#1"
        }
      }
    },
    {
      "from": [
        8.25,
        19,
        -2.6
      ],
      "to": [
        8.3,
        27,
        5.4
      ],
      "rotation": {
        "angle": 0,
        "axis": "y",
        "origin": [
          7.95,
          8.5,
          -0.35
        ]
      },
      "faces": {
        "east": {
          "uv": [
            16,
            0,
            0,
            16
          ],
          "texture": "#1"
        },
        "west": {
          "uv": [
            0,
            0,
            16,
            16
          ],
          "texture": "#1"
        }
      }
    }
  ],
  "gui_light": "front",
  "display": {
    "thirdperson_righthand": {
      "rotation": [
        50,
        0,
        0
      ],
      "translation": [
        0,
        -1,
        1
      ]
    },
    "thirdperson_lefthand": {
      "rotation": [
        50,
        0,
        0
      ],
      "translation": [
        0,
        -1,
        1
      ]
    },
    "firstperson_righthand": {
      "rotation": [
        -10,
        0,
        0
      ],
      "translation": [
        0,
        -1.75,
        1.5
      ]
    },
    "firstperson_lefthand": {
      "rotation": [
        -10,
        0,
        0
      ],
      "translation": [
        0,
        -1.75,
        1.5
      ]
    },
    "ground": {
      "rotation": [
        -45,
        0,
        0
      ],
      "translation": [
        0,
        7,
        7
      ]
    },
    "gui": {
      "rotation": [
        -90,
        45,
        90
      ],
      "translation": [
        5,
        -2.75,
        0
      ],
      "scale": [
        0.61719,
        0.61719,
        0.61719
      ]
    },
    "head": {
      "rotation": [
        0,
        180,
        0
      ],
      "translation": [
        0,
        -29,
        0
      ],
      "scale": [
        2.06641,
        2.06641,
        2.06641
      ]
    },
    "fixed": {
      "rotation": [
        -90,
        0,
        0
      ],
      "translation": [
        0,
        0,
        -28.25
      ],
      "scale": [
        3.77344,
        3.77344,
        3.77344
      ]
    }
  }
}