{
  "credit": "Made by PolygonMC",
  "texture_size": [
    24,
    24
  ],
  "textures": {
    "0": "littlebunny_set:backpack",
    "particle": "littlebunny_set:backpack"
  },
  "elements": [
    {
      "from": [
        5,
        2.938,
        5
      ],
      "to": [
        11,
        7.938,
        10
      ],
      "rotation": {
        "angle": 0,
        "axis": "y",
        "origin": [
          4,
          2.938,
          5
        ]
      },
      "faces": {
        "north": {
          "uv": [
            0,
            0,
            4,
            3.33333
          ],
          "texture": "#0"
        },
        "east": {
          "uv": [
            0,
            6.66667,
            3.33333,
            10
          ],
          "texture": "#0"
        },
        "south": {
          "uv": [
            0,
            3.33333,
            4,
            6.66667
          ],
          "texture": "#0"
        },
        "west": {
          "uv": [
            3.33333,
            6.66667,
            6.66667,
            10
          ],
          "texture": "#0"
        },
        "up": {
          "uv": [
            8,
            3.33333,
            4,
            0
          ],
          "texture": "#0"
        },
        "down": {
          "uv": [
            8,
            3.33333,
            4,
            6.66667
          ],
          "texture": "#0"
        }
      }
    },
    {
      "from": [
        5,
        7.938,
        5
      ],
      "to": [
        11,
        11.938,
        8.5
      ],
      "rotation": {
        "angle": 0,
        "axis": "y",
        "origin": [
          4,
          9.938,
          5
        ]
      },
      "faces": {
        "north": {
          "uv": [
            6.66667,
            6.66667,
            10.66667,
            9.33333
          ],
          "texture": "#0"
        },
        "east": {
          "uv": [
            6.66667,
            9.33333,
            9,
            12
          ],
          "texture": "#0"
        },
        "south": {
          "uv": [
            8,
            0,
            12,
            2.66667
          ],
          "texture": "#0"
        },
        "west": {
          "uv": [
            9.33333,
            9.33333,
            11.66667,
            12
          ],
          "texture": "#0"
        },
        "up": {
          "uv": [
            12,
            5,
            8,
            2.66667
          ],
          "texture": "#0"
        }
      }
    },
    {
      "from": [
        4,
        3.938,
        6.5
      ],
      "to": [
        5,
        6.938,
        8.5
      ],
      "rotation": {
        "angle": 0,
        "axis": "y",
        "origin": [
          4,
          3.938,
          6.5
        ]
      },
      "faces": {
        "north": {
          "uv": [
            10.66667,
            5.33333,
            11.33333,
            7.33333
          ],
          "texture": "#0"
        },
        "south": {
          "uv": [
            10.66667,
            7.33333,
            11.33333,
            9.33333
          ],
          "texture": "#0"
        },
        "west": {
          "uv": [
            1.33333,
            10,
            2.66667,
            12
          ],
          "texture": "#0"
        },
        "up": {
          "uv": [
            10.66667,
            6.66667,
            10,
            5.33333
          ],
          "texture": "#0"
        },
        "down": {
          "uv": [
            12.66667,
            1.33333,
            12,
            2.66667
          ],
          "texture": "#0"
        }
      }
    },
    {
      "from": [
        11,
        3.938,
        6.5
      ],
      "to": [
        12,
        6.938,
        8.5
      ],
      "rotation": {
        "angle": 0,
        "axis": "y",
        "origin": [
          12,
          3.938,
          6.5
        ]
      },
      "faces": {
        "north": {
          "uv": [
            11.33333,
            5.33333,
            10.66667,
            7.33333
          ],
          "texture": "#0"
        },
        "east": {
          "uv": [
            2.66667,
            10,
            1.33333,
            12
          ],
          "texture": "#0"
        },
        "south": {
          "uv": [
            11.33333,
            7.33333,
            10.66667,
            9.33333
          ],
          "texture": "#0"
        },
        "up": {
          "uv": [
            10,
            6.66667,
            10.66667,
            5.33333
          ],
          "texture": "#0"
        },
        "down": {
          "uv": [
            12,
            1.33333,
            12.66667,
            2.66667
          ],
          "texture": "#0"
        }
      }
    },
    {
      "from": [
        6,
        7.938,
        9
      ],
      "to": [
        7.5,
        11.938,
        9.5
      ],
      "rotation": {
        "angle": 0,
        "axis": "y",
        "origin": [
          5.125,
          7.938,
          9.5
        ]
      },
      "faces": {
        "north": {
          "uv": [
            2.66667,
            10,
            3.66667,
            12.66667
          ],
          "texture": "#0"
        },
        "east": {
          "uv": [
            12,
            2.66667,
            12.33333,
            5.33333
          ],
          "texture": "#0"
        },
        "south": {
          "uv": [
            4,
            10,
            5,
            12.66667
          ],
          "texture": "#0"
        },
        "west": {
          "uv": [
            6.66667,
            12,
            7,
            14.66667
          ],
          "texture": "#0"
        },
        "up": {
          "uv": [
            4.33333,
            13,
            3.33333,
            12.66667
          ],
          "texture": "#0"
        }
      }
    },
    {
      "from": [
        8.5,
        7.938,
        9
      ],
      "to": [
        10,
        9.938,
        9.5
      ],
      "rotation": {
        "angle": 0,
        "axis": "y",
        "origin": [
          11,
          7.938,
          9.5
        ]
      },
      "faces": {
        "north": {
          "uv": [
            11.33333,
            5.33333,
            12.33333,
            6.66667
          ],
          "texture": "#0"
        },
        "east": {
          "uv": [
            12,
            10.66667,
            12.33333,
            12
          ],
          "texture": "#0"
        },
        "south": {
          "uv": [
            11.33333,
            6.66667,
            12.33333,
            8
          ],
          "texture": "#0"
        },
        "west": {
          "uv": [
            12,
            12,
            12.33333,
            13.33333
          ],
          "texture": "#0"
        },
        "up": {
          "uv": [
            13.66667,
            3.66667,
            12.66667,
            3.33333
          ],
          "texture": "#0"
        }
      }
    },
    {
      "from": [
        8.505,
        9.76621,
        9.36365
      ],
      "to": [
        9.995,
        11.76621,
        9.86365
      ],
      "rotation": {
        "angle": 22.5,
        "axis": "x",
        "origin": [
          9.255,
          10.76621,
          9.61365
        ]
      },
      "faces": {
        "north": {
          "uv": [
            11.33333,
            8,
            12.33333,
            9.33333
          ],
          "texture": "#0"
        },
        "east": {
          "uv": [
            12.66667,
            1.33333,
            13,
            2.66667
          ],
          "texture": "#0"
        },
        "south": {
          "uv": [
            12,
            0,
            13,
            1.33333
          ],
          "texture": "#0"
        },
        "west": {
          "uv": [
            2.66667,
            12.66667,
            3,
            14
          ],
          "texture": "#0"
        },
        "up": {
          "uv": [
            13.66667,
            4.33333,
            12.66667,
            4
          ],
          "texture": "#0"
        }
      }
    },
    {
      "from": [
        7,
        3.438,
        10
      ],
      "to": [
        9,
        4.938,
        11
      ],
      "rotation": {
        "angle": 0,
        "axis": "y",
        "origin": [
          7,
          2.938,
          10
        ]
      },
      "faces": {
        "east": {
          "uv": [
            12,
            9.33333,
            12.66667,
            10.33333
          ],
          "texture": "#0"
        },
        "south": {
          "uv": [
            1.33333,
            12,
            2.66667,
            13
          ],
          "texture": "#0"
        },
        "west": {
          "uv": [
            10,
            12,
            10.66667,
            13
          ],
          "texture": "#0"
        },
        "up": {
          "uv": [
            8.66667,
            12.66667,
            7.33333,
            12
          ],
          "texture": "#0"
        },
        "down": {
          "uv": [
            10,
            12,
            8.66667,
            12.66667
          ],
          "texture": "#0"
        }
      }
    },
    {
      "from": [
        7.5,
        2.438,
        10.749
      ],
      "to": [
        8.5,
        3.438,
        10.799
      ],
      "rotation": {
        "angle": 0,
        "axis": "y",
        "origin": [
          7.25,
          2.938,
          10.999
        ]
      },
      "faces": {
        "north": {
          "uv": [
            13.33333,
            2.66667,
            12.66667,
            3.33333
          ],
          "texture": "#0"
        },
        "south": {
          "uv": [
            12.66667,
            2.66667,
            13.33333,
            3.33333
          ],
          "texture": "#0"
        }
      }
    },
    {
      "from": [
        6.5,
        11.938,
        6.999
      ],
      "to": [
        9.5,
        13.438,
        7.049
      ],
      "rotation": {
        "angle": 0,
        "axis": "y",
        "origin": [
          6.5,
          11.938,
          4.999
        ]
      },
      "faces": {
        "north": {
          "uv": [
            10,
            5.33333,
            8,
            6.33333
          ],
          "texture": "#0"
        },
        "south": {
          "uv": [
            8,
            5.33333,
            10,
            6.33333
          ],
          "texture": "#0"
        }
      }
    },
    {
      "from": [
        9.5,
        11.938,
        4.999
      ],
      "to": [
        11,
        12.938,
        4.999
      ],
      "rotation": {
        "angle": 0,
        "axis": "y",
        "origin": [
          9.5,
          11.938,
          4.999
        ]
      },
      "faces": {
        "north": {
          "uv": [
            11.66667,
            12,
            10.66667,
            12.66667
          ],
          "texture": "#0"
        },
        "east": {
          "uv": [
            0,
            0,
            0,
            0.66667
          ],
          "texture": "#0"
        },
        "south": {
          "uv": [
            10.66667,
            12,
            11.66667,
            12.66667
          ],
          "texture": "#0"
        },
        "west": {
          "uv": [
            0,
            0,
            0,
            0.66667
          ],
          "texture": "#0"
        },
        "up": {
          "uv": [
            1,
            0,
            0,
            0
          ],
          "texture": "#0"
        },
        "down": {
          "uv": [
            1,
            0,
            0,
            0
          ],
          "texture": "#0"
        }
      }
    },
    {
      "from": [
        9.5,
        4.938,
        1.499
      ],
      "to": [
        11,
        12.938,
        1.499
      ],
      "rotation": {
        "angle": 0,
        "axis": "y",
        "origin": [
          9.5,
          11.938,
          4.999
        ]
      },
      "faces": {
        "north": {
          "uv": [
            0,
            10,
            1,
            15.33333
          ],
          "texture": "#0"
        },
        "east": {
          "uv": [
            0,
            0,
            0,
            5.33333
          ],
          "texture": "#0"
        },
        "south": {
          "uv": [
            0,
            10,
            1,
            15.33333
          ],
          "texture": "#0"
        },
        "west": {
          "uv": [
            0,
            0,
            0,
            5.33333
          ],
          "texture": "#0"
        },
        "up": {
          "uv": [
            1,
            0,
            0,
            0
          ],
          "texture": "#0"
        },
        "down": {
          "uv": [
            1,
            0,
            0,
            0
          ],
          "texture": "#0"
        }
      }
    },
    {
      "from": [
        9.5,
        12.937,
        1.5
      ],
      "to": [
        11,
        12.937,
        5
      ],
      "rotation": {
        "angle": 0,
        "axis": "x",
        "origin": [
          8,
          13.937,
          4
        ]
      },
      "faces": {
        "north": {
          "uv": [
            0,
            0,
            1,
            0
          ],
          "texture": "#0"
        },
        "east": {
          "uv": [
            0,
            0,
            2.33333,
            0
          ],
          "texture": "#0"
        },
        "south": {
          "uv": [
            0,
            0,
            1,
            0
          ],
          "texture": "#0"
        },
        "west": {
          "uv": [
            0,
            0,
            2.33333,
            0
          ],
          "texture": "#0"
        },
        "up": {
          "uv": [
            6.33333,
            12.33333,
            5.33333,
            10
          ],
          "texture": "#0"
        },
        "down": {
          "uv": [
            5.33333,
            12.33333,
            6.33333,
            10
          ],
          "texture": "#0"
        }
      }
    },
    {
      "from": [
        9.5,
        4.937,
        1.5
      ],
      "to": [
        11,
        4.937,
        5
      ],
      "rotation": {
        "angle": 0,
        "axis": "x",
        "origin": [
          8,
          13.937,
          4
        ]
      },
      "faces": {
        "north": {
          "uv": [
            0,
            0,
            1,
            0
          ],
          "texture": "#0"
        },
        "east": {
          "uv": [
            0,
            0,
            2.33333,
            0
          ],
          "texture": "#0"
        },
        "south": {
          "uv": [
            0,
            0,
            1,
            0
          ],
          "texture": "#0"
        },
        "west": {
          "uv": [
            0,
            0,
            2.33333,
            0
          ],
          "texture": "#0"
        },
        "up": {
          "uv": [
            6.33333,
            12.33333,
            5.33333,
            10
          ],
          "texture": "#0"
        },
        "down": {
          "uv": [
            5.33333,
            12.33333,
            6.33333,
            10
          ],
          "texture": "#0"
        }
      }
    },
    {
      "from": [
        5,
        11.938,
        4.999
      ],
      "to": [
        6.5,
        12.938,
        4.999
      ],
      "rotation": {
        "angle": 0,
        "axis": "y",
        "origin": [
          6.5,
          11.938,
          4.999
        ]
      },
      "faces": {
        "north": {
          "uv": [
            10.66667,
            12,
            11.66667,
            12.66667
          ],
          "texture": "#0"
        },
        "east": {
          "uv": [
            0,
            0,
            0,
            0.66667
          ],
          "texture": "#0"
        },
        "south": {
          "uv": [
            11.66667,
            12,
            10.66667,
            12.66667
          ],
          "texture": "#0"
        },
        "west": {
          "uv": [
            0,
            0,
            0,
            0.66667
          ],
          "texture": "#0"
        },
        "up": {
          "uv": [
            0,
            0,
            1,
            0
          ],
          "texture": "#0"
        },
        "down": {
          "uv": [
            0,
            0,
            1,
            0
          ],
          "texture": "#0"
        }
      }
    },
    {
      "from": [
        5,
        12.937,
        1.5
      ],
      "to": [
        6.5,
        12.937,
        5
      ],
      "rotation": {
        "angle": 0,
        "axis": "x",
        "origin": [
          8,
          13.937,
          4
        ]
      },
      "faces": {
        "north": {
          "uv": [
            1,
            0,
            0,
            0
          ],
          "texture": "#0"
        },
        "east": {
          "uv": [
            2.33333,
            0,
            0,
            0
          ],
          "texture": "#0"
        },
        "south": {
          "uv": [
            1,
            0,
            0,
            0
          ],
          "texture": "#0"
        },
        "west": {
          "uv": [
            2.33333,
            0,
            0,
            0
          ],
          "texture": "#0"
        },
        "up": {
          "uv": [
            5.33333,
            12.33333,
            6.33333,
            10
          ],
          "texture": "#0"
        },
        "down": {
          "uv": [
            6.33333,
            12.33333,
            5.33333,
            10
          ],
          "texture": "#0"
        }
      }
    },
    {
      "from": [
        5,
        4.938,
        1.499
      ],
      "to": [
        6.5,
        12.938,
        1.499
      ],
      "rotation": {
        "angle": 0,
        "axis": "y",
        "origin": [
          6.5,
          11.938,
          4.999
        ]
      },
      "faces": {
        "north": {
          "uv": [
            1,
            10,
            0,
            15.33333
          ],
          "texture": "#0"
        },
        "east": {
          "uv": [
            0,
            0,
            0,
            5.33333
          ],
          "texture": "#0"
        },
        "south": {
          "uv": [
            1,
            10,
            0,
            15.33333
          ],
          "texture": "#0"
        },
        "west": {
          "uv": [
            0,
            0,
            0,
            5.33333
          ],
          "texture": "#0"
        },
        "up": {
          "uv": [
            0,
            0,
            1,
            0
          ],
          "texture": "#0"
        },
        "down": {
          "uv": [
            0,
            0,
            1,
            0
          ],
          "texture": "#0"
        }
      }
    },
    {
      "from": [
        5,
        4.937,
        1.5
      ],
      "to": [
        6.5,
        4.937,
        5
      ],
      "rotation": {
        "angle": 0,
        "axis": "x",
        "origin": [
          8,
          13.937,
          4
        ]
      },
      "faces": {
        "north": {
          "uv": [
            1,
            0,
            0,
            0
          ],
          "texture": "#0"
        },
        "east": {
          "uv": [
            2.33333,
            0,
            0,
            0
          ],
          "texture": "#0"
        },
        "south": {
          "uv": [
            1,
            0,
            0,
            0
          ],
          "texture": "#0"
        },
        "west": {
          "uv": [
            2.33333,
            0,
            0,
            0
          ],
          "texture": "#0"
        },
        "up": {
          "uv": [
            5.33333,
            12.33333,
            6.33333,
            10
          ],
          "texture": "#0"
        },
        "down": {
          "uv": [
            6.33333,
            12.33333,
            5.33333,
            10
          ],
          "texture": "#0"
        }
      }
    }
  ],
  "gui_light": "front",
  "display": {
    "thirdperson_righthand": {
      "rotation": [
        -121.5,
        0,
        -180
      ],
      "translation": [
        0,
        0,
        -3.75
      ]
    },
    "thirdperson_lefthand": {
      "rotation": [
        67.25,
        0,
        0
      ],
      "translation": [
        -5.5,
        -9.25,
        8.5
      ],
      "scale": [
        1.3,
        1.3,
        1.3
      ]
    },
    "firstperson_righthand": {
      "rotation": [
        -20.75,
        0,
        0
      ],
      "translation": [
        -1.75,
        6.5,
        1
      ]
    },
    "firstperson_lefthand": {
      "rotation": [
        -20.75,
        0,
        0
      ],
      "translation": [
        -1.25,
        8,
        0
      ],
      "scale": [
        0,
        0,
        0
      ]
    },
    "ground": {
      "rotation": [
        -35,
        0,
        0
      ],
      "translation": [
        0,
        7.5,
        0
      ]
    },
    "gui": {
      "rotation": [
        25,
        -35,
        0
      ],
      "translation": [
        -1.5,
        -1,
        0
      ],
      "scale": [
        1.24805,
        1.24805,
        1.24805
      ]
    },
    "head": {
      "translation": [
        0,
        -51.25,
        9.25
      ],
      "scale": [
        1.94922,
        1.94922,
        1.94922
      ]
    },
    "fixed": {
      "rotation": [
        111,
        0,
        -180
      ],
      "translation": [
        0,
        -0.25,
        -15.5
      ],
      "scale": [
        2.79414,
        2.79414,
        2.79414
      ]
    }
  }
}