{
	"credit": "Made with Blockbench",
	"textures": {
		"1": "minehammer:item/fallenset/fallen_angel_texrure",
		"2": "minehammer:item/fallenset/fallen_angel_eff01",
		"3": "minehammer:item/fallenset/fallen_angel_eff02",
		"4": "minehammer:item/fallenset/fallen_angel_bow",
		"5": "minehammer:item/fallenset/fallen_angel_eff03",
		"6": "minehammer:item/fallenset/fallen_angel_wings",
		"particle": "minehammer:item/fallenset/fallen_angel_eff03"
	},
	"elements": [
		{
			"from": [8, -8.88202, -6.9788],
			"to": [8, 0.75798, -3.5788],
			"rotation": {"angle": -45, "axis": "x", "origin": [8, 8, 3]},
			"faces": {
				"north": {"uv": [0, 0, 9, 1], "rotation": 90, "texture": "#6"},
				"east": {"uv": [16, 0, 0, 16], "rotation": 90, "texture": "#6"},
				"south": {"uv": [0, 0, 9, 1], "rotation": 90, "texture": "#6"},
				"west": {"uv": [0, 0, 16, 16], "rotation": 270, "texture": "#6"},
				"up": {"uv": [0, 0, 1, 9], "texture": "#6"},
				"down": {"uv": [0, 0, 1, 9], "rotation": 180, "texture": "#6"}
			}
		},
		{
			"from": [7.3, 16.28979, -4.97356],
			"to": [8.7, 17.28979, -3.57356],
			"rotation": {"angle": 45, "axis": "x", "origin": [8, 8, 3]},
			"faces": {
				"north": {"uv": [6.54545, 10.90909, 7.09091, 11.27273], "texture": "#4"},
				"east": {"uv": [7.27273, 10.90909, 7.81818, 11.27273], "texture": "#4"},
				"south": {"uv": [8, 10.90909, 8.54545, 11.27273], "texture": "#4"},
				"west": {"uv": [5.81818, 10.90909, 6.36364, 11.27273], "texture": "#4"},
				"up": {"uv": [3.45455, 11.45455, 2.90909, 10.90909], "rotation": 270, "texture": "#4"},
				"down": {"uv": [4.18182, 10.90909, 3.63636, 11.45455], "rotation": 90, "texture": "#4"}
			}
		},
		{
			"from": [7.4, 17.84252, 2.68158],
			"to": [8.6, 18.34252, 3.88158],
			"rotation": {"angle": 0, "axis": "z", "origin": [8, 8, 3]},
			"faces": {
				"north": {"uv": [7.27273, 11.27273, 7.72727, 11.45455], "texture": "#4"},
				"east": {"uv": [7.27273, 11.27273, 7.72728, 11.45455], "texture": "#4"},
				"south": {"uv": [8.72727, 11.27273, 9.18182, 11.45455], "texture": "#4"},
				"west": {"uv": [6.54545, 11.27273, 7, 11.45455], "texture": "#4"},
				"up": {"uv": [4.81818, 11.36364, 4.36364, 10.90909], "rotation": 270, "texture": "#4"},
				"down": {"uv": [5.54545, 10.90909, 5.09091, 11.36364], "rotation": 90, "texture": "#4"}
			}
		},
		{
			"from": [7.3, 17.09252, 2.33158],
			"to": [8.7, 17.59252, 3.73158],
			"rotation": {"angle": 0, "axis": "z", "origin": [8, 8, 3]},
			"faces": {
				"north": {"uv": [10.18182, 10.90909, 10.72727, 11.09091], "texture": "#4"},
				"east": {"uv": [10.90909, 10.90909, 11.45455, 11.09091], "texture": "#4"},
				"south": {"uv": [5.81818, 11.27273, 6.36364, 11.45455], "texture": "#4"},
				"west": {"uv": [9.45455, 10.90909, 10, 11.09091], "texture": "#4"},
				"up": {"uv": [2, 11.45455, 1.45455, 10.90909], "rotation": 270, "texture": "#4"},
				"down": {"uv": [2.72727, 10.90909, 2.18182, 11.45455], "rotation": 90, "texture": "#4"}
			}
		},
		{
			"from": [7.3, 11.67231, -1.25098],
			"to": [8.7, 12.17231, 0.14902],
			"rotation": {"angle": 22.5, "axis": "x", "origin": [8, 8, 3]},
			"faces": {
				"north": {"uv": [10.18182, 10.90909, 10.72727, 11.09091], "texture": "#4"},
				"east": {"uv": [10.90909, 10.90909, 11.45455, 11.09091], "texture": "#4"},
				"south": {"uv": [5.81818, 11.27273, 6.36364, 11.45455], "texture": "#4"},
				"west": {"uv": [9.45455, 10.90909, 10, 11.09091], "texture": "#4"},
				"up": {"uv": [2, 11.45455, 1.45455, 10.90909], "rotation": 270, "texture": "#4"},
				"down": {"uv": [2.72727, 10.90909, 2.18182, 11.45455], "rotation": 90, "texture": "#4"}
			}
		},
		{
			"from": [7.4, 12.42231, -1.15098],
			"to": [8.6, 12.92231, 0.04902],
			"rotation": {"angle": 22.5, "axis": "x", "origin": [8, 8, 3]},
			"faces": {
				"north": {"uv": [7.27273, 11.27273, 7.72727, 11.45455], "texture": "#4"},
				"east": {"uv": [7.27273, 11.27273, 7.72728, 11.45455], "texture": "#4"},
				"south": {"uv": [8.72727, 11.27273, 9.18182, 11.45455], "texture": "#4"},
				"west": {"uv": [6.54545, 11.27273, 7, 11.45455], "texture": "#4"},
				"up": {"uv": [4.81818, 11.36364, 4.36364, 10.90909], "rotation": 270, "texture": "#4"},
				"down": {"uv": [5.54545, 10.90909, 5.09091, 11.36364], "rotation": 90, "texture": "#4"}
			}
		},
		{
			"from": [7.3, 10.5, 0.07623],
			"to": [8.7, 11, 1.47623],
			"rotation": {"angle": 0, "axis": "y", "origin": [8, 8, 3]},
			"faces": {
				"north": {"uv": [5.81818, 11.27273, 6.36364, 11.45455], "rotation": 180, "texture": "#4"},
				"east": {"uv": [10.90909, 10.90909, 11.45455, 11.09091], "rotation": 180, "texture": "#4"},
				"south": {"uv": [10.18182, 10.90909, 10.72727, 11.09091], "rotation": 180, "texture": "#4"},
				"west": {"uv": [9.45455, 10.90909, 10, 11.09091], "rotation": 180, "texture": "#4"},
				"up": {"uv": [2.72727, 10.90909, 2.18182, 11.45455], "rotation": 90, "texture": "#4"},
				"down": {"uv": [2, 11.45455, 1.45455, 10.90909], "rotation": 270, "texture": "#4"}
			}
		},
		{
			"from": [7.4, 9.75, 0.17623],
			"to": [8.6, 10.25, 1.37623],
			"rotation": {"angle": 0, "axis": "y", "origin": [8, 8, 3]},
			"faces": {
				"north": {"uv": [8.72727, 11.27273, 9.18182, 11.45455], "rotation": 180, "texture": "#4"},
				"east": {"uv": [7.27273, 11.27273, 7.72728, 11.45455], "rotation": 180, "texture": "#4"},
				"south": {"uv": [7.27273, 11.27273, 7.72727, 11.45455], "rotation": 180, "texture": "#4"},
				"west": {"uv": [6.54545, 11.27273, 7, 11.45455], "rotation": 180, "texture": "#4"},
				"up": {"uv": [5.54545, 10.90909, 5.09091, 11.36364], "rotation": 90, "texture": "#4"},
				"down": {"uv": [4.81818, 11.36364, 4.36364, 10.90909], "rotation": 270, "texture": "#4"}
			}
		},
		{
			"from": [7.3, 5, 0.07623],
			"to": [8.7, 5.5, 1.47623],
			"rotation": {"angle": 0, "axis": "y", "origin": [8, 8, 3]},
			"faces": {
				"north": {"uv": [10.18182, 10.90909, 10.72727, 11.09091], "texture": "#4"},
				"east": {"uv": [10.90909, 10.90909, 11.45455, 11.09091], "texture": "#4"},
				"south": {"uv": [5.81818, 11.27273, 6.36364, 11.45455], "texture": "#4"},
				"west": {"uv": [9.45455, 10.90909, 10, 11.09091], "texture": "#4"},
				"up": {"uv": [2, 11.45455, 1.45455, 10.90909], "rotation": 270, "texture": "#4"},
				"down": {"uv": [2.72727, 10.90909, 2.18182, 11.45455], "rotation": 90, "texture": "#4"}
			}
		},
		{
			"from": [7.4, 5.75, 0.17623],
			"to": [8.6, 6.25, 1.37623],
			"rotation": {"angle": 0, "axis": "y", "origin": [8, 8, 3]},
			"faces": {
				"north": {"uv": [7.27273, 11.27273, 7.72727, 11.45455], "texture": "#4"},
				"east": {"uv": [7.27273, 11.27273, 7.72728, 11.45455], "texture": "#4"},
				"south": {"uv": [8.72727, 11.27273, 9.18182, 11.45455], "texture": "#4"},
				"west": {"uv": [6.54545, 11.27273, 7, 11.45455], "texture": "#4"},
				"up": {"uv": [4.81818, 11.36364, 4.36364, 10.90909], "rotation": 270, "texture": "#4"},
				"down": {"uv": [5.54545, 10.90909, 5.09091, 11.36364], "rotation": 90, "texture": "#4"}
			}
		},
		{
			"from": [7.5, 6.75, 0.27623],
			"to": [8.5, 7.25, 1.27623],
			"rotation": {"angle": 0, "axis": "y", "origin": [8, 8, 3]},
			"faces": {
				"north": {"uv": [7.27273, 11.27273, 7.72727, 11.45455], "texture": "#4"},
				"east": {"uv": [7.27273, 11.27273, 7.72728, 11.45455], "texture": "#4"},
				"south": {"uv": [8.72727, 11.27273, 9.18182, 11.45455], "texture": "#4"},
				"west": {"uv": [6.54545, 11.27273, 7, 11.45455], "texture": "#4"},
				"up": {"uv": [4.81818, 11.36364, 4.36364, 10.90909], "rotation": 270, "texture": "#4"},
				"down": {"uv": [5.54545, 10.90909, 5.09091, 11.36364], "rotation": 90, "texture": "#4"}
			}
		},
		{
			"from": [7.5, 7.75, 0.27623],
			"to": [8.5, 8.25, 1.27623],
			"rotation": {"angle": 0, "axis": "y", "origin": [8, 8, 3]},
			"faces": {
				"north": {"uv": [7.27273, 11.27273, 7.72727, 11.45455], "texture": "#4"},
				"east": {"uv": [7.27273, 11.27273, 7.72728, 11.45455], "texture": "#4"},
				"south": {"uv": [8.72727, 11.27273, 9.18182, 11.45455], "texture": "#4"},
				"west": {"uv": [6.54545, 11.27273, 7, 11.45455], "texture": "#4"},
				"up": {"uv": [4.81818, 11.36364, 4.36364, 10.90909], "rotation": 270, "texture": "#4"},
				"down": {"uv": [5.54545, 10.90909, 5.09091, 11.36364], "rotation": 90, "texture": "#4"}
			}
		},
		{
			"from": [7.5, 8.75, 0.27623],
			"to": [8.5, 9.25, 1.27623],
			"rotation": {"angle": 0, "axis": "y", "origin": [8, 8, 3]},
			"faces": {
				"north": {"uv": [7.27273, 11.27273, 7.72727, 11.45455], "texture": "#4"},
				"east": {"uv": [7.27273, 11.27273, 7.72728, 11.45455], "texture": "#4"},
				"south": {"uv": [8.72727, 11.27273, 9.18182, 11.45455], "texture": "#4"},
				"west": {"uv": [6.54545, 11.27273, 7, 11.45455], "texture": "#4"},
				"up": {"uv": [4.81818, 11.36364, 4.36364, 10.90909], "rotation": 270, "texture": "#4"},
				"down": {"uv": [5.54545, 10.90909, 5.09091, 11.36364], "rotation": 90, "texture": "#4"}
			}
		},
		{
			"from": [7.55, 10.67231, -1.00098],
			"to": [8.45, 18.67231, -0.10098],
			"rotation": {"angle": 22.5, "axis": "x", "origin": [8, 8, 3]},
			"faces": {
				"north": {"uv": [0.36364, 10.90909, 0.72727, 13.81818], "texture": "#4"},
				"east": {"uv": [0.72727, 10.90909, 1.09091, 13.81818], "texture": "#4"},
				"south": {"uv": [1.09091, 10.90909, 1.45455, 13.81818], "texture": "#4"},
				"west": {"uv": [0, 10.90909, 0.36364, 13.81818], "texture": "#4"},
				"up": {"uv": [9.09091, 11.27273, 8.72727, 10.90909], "rotation": 270, "texture": "#4"},
				"down": {"uv": [9.45455, 10.90909, 9.09091, 11.27273], "rotation": 90, "texture": "#4"}
			}
		},
		{
			"from": [7.3, -1.28979, -4.97356],
			"to": [8.7, -0.28979, -3.57356],
			"rotation": {"angle": -45, "axis": "x", "origin": [8, 8, 3]},
			"faces": {
				"north": {"uv": [6.54545, 11.27273, 7.09091, 10.90909], "texture": "#4"},
				"east": {"uv": [7.27273, 11.27273, 7.81818, 10.90909], "texture": "#4"},
				"south": {"uv": [8, 11.27273, 8.54545, 10.90909], "texture": "#4"},
				"west": {"uv": [5.81818, 11.27273, 6.36364, 10.90909], "texture": "#4"},
				"up": {"uv": [4.18182, 11.45455, 3.63636, 10.90909], "rotation": 270, "texture": "#4"},
				"down": {"uv": [3.45455, 10.90909, 2.90909, 11.45455], "rotation": 90, "texture": "#4"}
			}
		},
		{
			"from": [7.55, -2.67231, -1.00098],
			"to": [8.45, 5.32769, -0.10098],
			"rotation": {"angle": -22.5, "axis": "x", "origin": [8, 8, 3]},
			"faces": {
				"north": {"uv": [0.36364, 13.81818, 0.72727, 10.90909], "texture": "#4"},
				"east": {"uv": [0.72727, 13.81818, 1.09091, 10.90909], "texture": "#4"},
				"south": {"uv": [1.09091, 13.81818, 1.45455, 10.90909], "texture": "#4"},
				"west": {"uv": [0, 13.81818, 0.36364, 10.90909], "texture": "#4"},
				"up": {"uv": [9.45455, 11.27273, 9.09091, 10.90909], "rotation": 270, "texture": "#4"},
				"down": {"uv": [9.09091, 10.90909, 8.72727, 11.27273], "rotation": 90, "texture": "#4"}
			}
		},
		{
			"from": [7.3, -1.59252, 2.23158],
			"to": [8.7, -1.09252, 3.63158],
			"rotation": {"angle": 0, "axis": "z", "origin": [8, 8, 3]},
			"faces": {
				"north": {"uv": [10.18182, 11.09091, 10.72727, 10.90909], "texture": "#4"},
				"east": {"uv": [10.90909, 11.09091, 11.45455, 10.90909], "texture": "#4"},
				"south": {"uv": [5.81818, 11.45455, 6.36364, 11.27273], "texture": "#4"},
				"west": {"uv": [9.45455, 11.09091, 10, 10.90909], "texture": "#4"},
				"up": {"uv": [2.72727, 11.45455, 2.18182, 10.90909], "rotation": 270, "texture": "#4"},
				"down": {"uv": [2, 10.90909, 1.45455, 11.45455], "rotation": 90, "texture": "#4"}
			}
		},
		{
			"from": [7.4, 3.07769, -1.15098],
			"to": [8.6, 3.57769, 0.04902],
			"rotation": {"angle": -22.5, "axis": "x", "origin": [8, 8, 3]},
			"faces": {
				"north": {"uv": [7.27273, 11.45455, 7.72727, 11.27273], "texture": "#4"},
				"east": {"uv": [7.27273, 11.45455, 7.72728, 11.27273], "texture": "#4"},
				"south": {"uv": [8.72727, 11.45455, 9.18182, 11.27273], "texture": "#4"},
				"west": {"uv": [6.54545, 11.45455, 7, 11.27273], "texture": "#4"},
				"up": {"uv": [5.54545, 11.36364, 5.09091, 10.90909], "rotation": 270, "texture": "#4"},
				"down": {"uv": [4.81818, 10.90909, 4.36364, 11.36364], "rotation": 90, "texture": "#4"}
			}
		},
		{
			"from": [7.3, 3.82769, -1.25098],
			"to": [8.7, 4.32769, 0.14902],
			"rotation": {"angle": -22.5, "axis": "x", "origin": [8, 8, 3]},
			"faces": {
				"north": {"uv": [10.18182, 11.09091, 10.72727, 10.90909], "texture": "#4"},
				"east": {"uv": [10.90909, 11.09091, 11.45455, 10.90909], "texture": "#4"},
				"south": {"uv": [5.81818, 11.45455, 6.36364, 11.27273], "texture": "#4"},
				"west": {"uv": [9.45455, 11.09091, 10, 10.90909], "texture": "#4"},
				"up": {"uv": [2.72727, 11.45455, 2.18182, 10.90909], "rotation": 270, "texture": "#4"},
				"down": {"uv": [2, 10.90909, 1.45455, 11.45455], "rotation": 90, "texture": "#4"}
			}
		},
		{
			"from": [7.4, -2.34252, 2.68158],
			"to": [8.6, -1.84252, 3.88158],
			"rotation": {"angle": 0, "axis": "z", "origin": [8, 8, 3]},
			"faces": {
				"north": {"uv": [7.27273, 11.45455, 7.72727, 11.27273], "texture": "#4"},
				"east": {"uv": [7.27273, 11.45455, 7.72728, 11.27273], "texture": "#4"},
				"south": {"uv": [8.72727, 11.45455, 9.18182, 11.27273], "texture": "#4"},
				"west": {"uv": [6.54545, 11.45455, 7, 11.27273], "texture": "#4"},
				"up": {"uv": [5.54545, 11.36364, 5.09091, 10.90909], "rotation": 270, "texture": "#4"},
				"down": {"uv": [4.81818, 10.90909, 4.36364, 11.36364], "rotation": 90, "texture": "#4"}
			}
		},
		{
			"from": [7.55, 4, 0.32623],
			"to": [8.45, 12, 1.22623],
			"rotation": {"angle": 0, "axis": "y", "origin": [8, 8, 3]},
			"faces": {
				"north": {"uv": [0.36364, 10.90909, 0.72727, 13.81818], "texture": "#4"},
				"east": {"uv": [0.72727, 10.90909, 1.09091, 13.81818], "texture": "#4"},
				"south": {"uv": [1.09091, 10.90909, 1.45455, 13.81818], "texture": "#4"},
				"west": {"uv": [0, 10.90909, 0.36364, 13.81818], "texture": "#4"},
				"up": {"uv": [9.09091, 11.27273, 8.72727, 10.90909], "rotation": 270, "texture": "#4"},
				"down": {"uv": [9.45455, 10.90909, 9.09091, 11.27273], "rotation": 90, "texture": "#4"}
			}
		},
		{
			"from": [8, -6.75, -7.19939],
			"to": [8, 22.75, 13.70061],
			"rotation": {"angle": 0, "axis": "z", "origin": [8, 8, 3]},
			"faces": {
				"north": {"uv": [0, 0, 0, 10.72727], "rotation": 180, "texture": "#4"},
				"east": {"uv": [7.63636, 0, 15.27273, 10.72727], "rotation": 180, "texture": "#4"},
				"south": {"uv": [0, 0, 0, 10.72727], "rotation": 180, "texture": "#4"},
				"west": {"uv": [0, 0, 7.63636, 10.72727], "rotation": 180, "texture": "#4"},
				"up": {"uv": [7.63636, 0, 0, 0], "rotation": 90, "texture": "#4"},
				"down": {"uv": [7.63636, 0, 0, 0], "rotation": 270, "texture": "#4"}
			}
		},
		{
			"from": [8, 15.24202, -6.9788],
			"to": [8, 24.88202, -3.5788],
			"rotation": {"angle": 45, "axis": "x", "origin": [8, 8, 3]},
			"faces": {
				"north": {"uv": [9, 0, 0, 1], "rotation": 90, "texture": "#6"},
				"east": {"uv": [0, 0, 16, 16], "rotation": 90, "texture": "#6"},
				"south": {"uv": [9, 0, 0, 1], "rotation": 90, "texture": "#6"},
				"west": {"uv": [16, 0, 0, 16], "rotation": 270, "texture": "#6"},
				"up": {"uv": [1, 0, 0, 9], "texture": "#6"},
				"down": {"uv": [1, 0, 0, 9], "rotation": 180, "texture": "#6"}
			}
		},
		{
			"from": [7.75, 13.06306, -4.44725],
			"to": [7.75, 19.06306, 1.55275],
			"rotation": {"angle": 22.5, "axis": "x", "origin": [8, 8, 3]},
			"faces": {
				"north": {"uv": [9, 1, 0, 0], "rotation": 90, "texture": "#3"},
				"east": {"uv": [0, 0, 16, 16], "rotation": 90, "texture": "#3"},
				"south": {"uv": [9, 1, 0, 0], "rotation": 90, "texture": "#3"},
				"west": {"uv": [16, 0, 0, 16], "rotation": 270, "texture": "#3"},
				"up": {"uv": [0, 0, 1, 9], "texture": "#3"},
				"down": {"uv": [0, 0, 1, 9], "rotation": 180, "texture": "#3"}
			}
		},
		{
			"from": [7.75, 8.06306, -4.44725],
			"to": [7.75, 14.06306, 1.55275],
			"rotation": {"angle": 22.5, "axis": "x", "origin": [8, 8, 3]},
			"faces": {
				"north": {"uv": [0, 1, 9, 0], "rotation": 270, "texture": "#2"},
				"east": {"uv": [16, 0, 0, 16], "rotation": 270, "texture": "#2"},
				"south": {"uv": [0, 1, 9, 0], "rotation": 270, "texture": "#2"},
				"west": {"uv": [0, 0, 16, 16], "rotation": 90, "texture": "#2"},
				"up": {"uv": [1, 0, 0, 9], "rotation": 180, "texture": "#2"},
				"down": {"uv": [1, 0, 0, 9], "texture": "#2"}
			}
		},
		{
			"from": [7.9, 18.96058, -6.70617],
			"to": [7.9, 20.96058, -3.70617],
			"rotation": {"angle": 45, "axis": "x", "origin": [8, 8, 3]},
			"faces": {
				"north": {"uv": [0, 1, 9, 0], "rotation": 270, "texture": "#5"},
				"east": {"uv": [16, 16, 0, 0], "rotation": 270, "texture": "#5"},
				"south": {"uv": [0, 1, 9, 0], "rotation": 270, "texture": "#5"},
				"west": {"uv": [0, 16, 16, 0], "rotation": 90, "texture": "#5"},
				"up": {"uv": [0, 9, 1, 0], "rotation": 180, "texture": "#5"},
				"down": {"uv": [0, 9, 1, 0], "texture": "#5"}
			}
		},
		{
			"from": [7.75, -3.06306, -4.44725],
			"to": [7.75, 2.93694, 1.55275],
			"rotation": {"angle": -22.5, "axis": "x", "origin": [8, 8, 3]},
			"faces": {
				"north": {"uv": [0, 1, 9, 0], "rotation": 90, "texture": "#3"},
				"east": {"uv": [16, 0, 0, 16], "rotation": 90, "texture": "#3"},
				"south": {"uv": [0, 1, 9, 0], "rotation": 90, "texture": "#3"},
				"west": {"uv": [0, 0, 16, 16], "rotation": 270, "texture": "#3"},
				"up": {"uv": [1, 0, 0, 9], "texture": "#3"},
				"down": {"uv": [1, 0, 0, 9], "rotation": 180, "texture": "#3"}
			}
		},
		{
			"from": [7.75, 1.93694, -4.44725],
			"to": [7.75, 7.93694, 1.55275],
			"rotation": {"angle": -22.5, "axis": "x", "origin": [8, 8, 3]},
			"faces": {
				"north": {"uv": [9, 1, 0, 0], "rotation": 270, "texture": "#2"},
				"east": {"uv": [0, 0, 16, 16], "rotation": 270, "texture": "#2"},
				"south": {"uv": [9, 1, 0, 0], "rotation": 270, "texture": "#2"},
				"west": {"uv": [16, 0, 0, 16], "rotation": 90, "texture": "#2"},
				"up": {"uv": [0, 0, 1, 9], "rotation": 180, "texture": "#2"},
				"down": {"uv": [0, 0, 1, 9], "texture": "#2"}
			}
		},
		{
			"from": [7.9, -4.96058, -6.70617],
			"to": [7.9, -2.96058, -3.70617],
			"rotation": {"angle": -45, "axis": "x", "origin": [8, 8, 3]},
			"faces": {
				"north": {"uv": [9, 1, 0, 0], "rotation": 270, "texture": "#5"},
				"east": {"uv": [0, 16, 16, 0], "rotation": 270, "texture": "#5"},
				"south": {"uv": [9, 1, 0, 0], "rotation": 270, "texture": "#5"},
				"west": {"uv": [16, 16, 0, 0], "rotation": 90, "texture": "#5"},
				"up": {"uv": [1, 9, 0, 0], "rotation": 180, "texture": "#5"},
				"down": {"uv": [1, 9, 0, 0], "texture": "#5"}
			}
		},
		{
			"from": [8.1, 18.96058, -6.70617],
			"to": [8.1, 20.96058, -3.70617],
			"rotation": {"angle": 45, "axis": "x", "origin": [8, 8, 3]},
			"faces": {
				"north": {"uv": [0, 0, 9, 1], "rotation": 270, "texture": "#5"},
				"east": {"uv": [0, 0, 16, 16], "rotation": 90, "texture": "#5"},
				"south": {"uv": [0, 0, 9, 1], "rotation": 270, "texture": "#5"},
				"west": {"uv": [16, 0, 0, 16], "rotation": 270, "texture": "#5"},
				"up": {"uv": [1, 9, 0, 0], "rotation": 180, "texture": "#5"},
				"down": {"uv": [1, 9, 0, 0], "texture": "#5"}
			}
		},
		{
			"from": [8.25, 13.06306, -4.44725],
			"to": [8.25, 19.06306, 1.55275],
			"rotation": {"angle": 22.5, "axis": "x", "origin": [8, 8, 3]},
			"faces": {
				"north": {"uv": [9, 0, 0, 1], "rotation": 90, "texture": "#3"},
				"east": {"uv": [16, 16, 0, 0], "rotation": 270, "texture": "#3"},
				"south": {"uv": [9, 0, 0, 1], "rotation": 90, "texture": "#3"},
				"west": {"uv": [0, 16, 16, 0], "rotation": 90, "texture": "#3"},
				"up": {"uv": [1, 0, 0, 9], "texture": "#3"},
				"down": {"uv": [1, 0, 0, 9], "rotation": 180, "texture": "#3"}
			}
		},
		{
			"from": [8.25, 8.06306, -4.44725],
			"to": [8.25, 14.06306, 1.55275],
			"rotation": {"angle": 22.5, "axis": "x", "origin": [8, 8, 3]},
			"faces": {
				"north": {"uv": [0, 0, 9, 1], "rotation": 270, "texture": "#2"},
				"east": {"uv": [0, 16, 16, 0], "rotation": 90, "texture": "#2"},
				"south": {"uv": [0, 0, 9, 1], "rotation": 270, "texture": "#2"},
				"west": {"uv": [16, 16, 0, 0], "rotation": 270, "texture": "#2"},
				"up": {"uv": [0, 0, 1, 9], "rotation": 180, "texture": "#2"},
				"down": {"uv": [0, 0, 1, 9], "texture": "#2"}
			}
		},
		{
			"from": [8.25, 1.93694, -4.44725],
			"to": [8.25, 7.93694, 1.55275],
			"rotation": {"angle": -22.5, "axis": "x", "origin": [8, 8, 3]},
			"faces": {
				"north": {"uv": [9, 0, 0, 1], "rotation": 270, "texture": "#2"},
				"east": {"uv": [16, 16, 0, 0], "rotation": 90, "texture": "#2"},
				"south": {"uv": [9, 0, 0, 1], "rotation": 270, "texture": "#2"},
				"west": {"uv": [0, 16, 16, 0], "rotation": 270, "texture": "#2"},
				"up": {"uv": [1, 0, 0, 9], "rotation": 180, "texture": "#2"},
				"down": {"uv": [1, 0, 0, 9], "texture": "#2"}
			}
		},
		{
			"from": [8.25, -3.06306, -4.44725],
			"to": [8.25, 2.93694, 1.55275],
			"rotation": {"angle": -22.5, "axis": "x", "origin": [8, 8, 3]},
			"faces": {
				"north": {"uv": [0, 0, 9, 1], "rotation": 90, "texture": "#3"},
				"east": {"uv": [0, 16, 16, 0], "rotation": 270, "texture": "#3"},
				"south": {"uv": [0, 0, 9, 1], "rotation": 90, "texture": "#3"},
				"west": {"uv": [16, 16, 0, 0], "rotation": 90, "texture": "#3"},
				"up": {"uv": [0, 0, 1, 9], "texture": "#3"},
				"down": {"uv": [0, 0, 1, 9], "rotation": 180, "texture": "#3"}
			}
		},
		{
			"from": [8.1, -4.96058, -6.70617],
			"to": [8.1, -2.96058, -3.70617],
			"rotation": {"angle": -45, "axis": "x", "origin": [8, 8, 3]},
			"faces": {
				"north": {"uv": [9, 0, 0, 1], "rotation": 270, "texture": "#5"},
				"east": {"uv": [16, 0, 0, 16], "rotation": 90, "texture": "#5"},
				"south": {"uv": [9, 0, 0, 1], "rotation": 270, "texture": "#5"},
				"west": {"uv": [0, 0, 16, 16], "rotation": 270, "texture": "#5"},
				"up": {"uv": [0, 9, 1, 0], "rotation": 180, "texture": "#5"},
				"down": {"uv": [0, 9, 1, 0], "texture": "#5"}
			}
		},
		{
			"from": [8, 14.06975, -4.16975],
			"to": [8, 15.16975, -3.06975],
			"rotation": {"angle": -45, "axis": "x", "origin": [8, 8, 3]},
			"faces": {
				"north": {"uv": [6, 4, 4, 5], "rotation": 270, "texture": "#1"},
				"east": {"uv": [0, 2, 2, 4], "rotation": 270, "texture": "#1"},
				"south": {"uv": [4, 5, 2, 4], "rotation": 270, "texture": "#1"},
				"west": {"uv": [0, 0, 2, 2], "rotation": 90, "texture": "#1"},
				"up": {"uv": [0, 4, 1, 6], "rotation": 180, "texture": "#1"},
				"down": {"uv": [1, 4, 2, 6], "texture": "#1"}
			}
		},
		{
			"from": [7.72, 1.45591, -3.54409],
			"to": [8.28, 2.01591, -2.98409],
			"rotation": {"angle": 45, "axis": "x", "origin": [8, 8, 3]},
			"faces": {
				"north": {"uv": [10, 1, 11, 0], "rotation": 180, "texture": "#1"},
				"east": {"uv": [0, 11, 1, 10], "rotation": 180, "texture": "#1"},
				"south": {"uv": [9, 10, 10, 9], "rotation": 180, "texture": "#1"},
				"west": {"uv": [8, 10, 9, 9], "rotation": 180, "texture": "#1"},
				"up": {"uv": [2, 10, 1, 11], "rotation": 90, "texture": "#1"},
				"down": {"uv": [11, 2, 10, 1], "rotation": 270, "texture": "#1"}
			}
		},
		{
			"from": [8, 1.53736, -3.46264],
			"to": [8, 3.13736, -1.86264],
			"rotation": {"angle": 45, "axis": "x", "origin": [8, 8, 3]},
			"faces": {
				"north": {"uv": [4, 5, 2, 4], "rotation": 90, "texture": "#1"},
				"east": {"uv": [0, 2, 2, 4], "rotation": 90, "texture": "#1"},
				"south": {"uv": [6, 4, 4, 5], "rotation": 90, "texture": "#1"},
				"west": {"uv": [0, 0, 2, 2], "rotation": 270, "texture": "#1"},
				"up": {"uv": [1, 4, 2, 6], "texture": "#1"},
				"down": {"uv": [0, 4, 1, 6], "rotation": 180, "texture": "#1"}
			}
		},
		{
			"from": [7.72, 2.58728, -2.41272],
			"to": [8.28, 3.39728, -1.60272],
			"rotation": {"angle": 45, "axis": "x", "origin": [8, 8, 3]},
			"faces": {
				"north": {"uv": [10, 1, 11, 0], "rotation": 180, "texture": "#1"},
				"east": {"uv": [0, 11, 1, 10], "rotation": 180, "texture": "#1"},
				"south": {"uv": [9, 10, 10, 9], "rotation": 180, "texture": "#1"},
				"west": {"uv": [8, 10, 9, 9], "rotation": 180, "texture": "#1"},
				"up": {"uv": [2, 10, 1, 11], "rotation": 90, "texture": "#1"},
				"down": {"uv": [11, 2, 10, 1], "rotation": 270, "texture": "#1"}
			}
		},
		{
			"from": [7.9, 7.9, -4.72377],
			"to": [8.1, 8.1, 3.27623],
			"rotation": {"angle": 0, "axis": "z", "origin": [8, 8, 3]},
			"faces": {
				"north": {"uv": [9.09091, 11.27273, 8.72727, 10.90909], "rotation": 90, "texture": "#4"},
				"east": {"uv": [0.18182, 10.90909, 0.27273, 13.81818], "rotation": 90, "texture": "#4"},
				"south": {"uv": [9.45455, 10.90909, 9.09091, 11.27273], "rotation": 90, "texture": "#4"},
				"west": {"uv": [0.18182, 10.90909, 0.27273, 13.81818], "rotation": 270, "texture": "#4"},
				"up": {"uv": [0.18182, 10.90909, 0.27273, 13.81818], "texture": "#4"},
				"down": {"uv": [0.18182, 10.90909, 0.27272, 13.81818], "rotation": 180, "texture": "#4"}
			}
		},
		{
			"from": [7.9, 7.9, 3.27623],
			"to": [8.1, 8.1, 11.27623],
			"rotation": {"angle": 0, "axis": "z", "origin": [8, 8, 3]},
			"faces": {
				"north": {"uv": [9.09091, 11.27273, 8.72727, 10.90909], "rotation": 90, "texture": "#4"},
				"east": {"uv": [0.18182, 10.90909, 0.27273, 13.81818], "rotation": 90, "texture": "#4"},
				"south": {"uv": [9.45455, 10.90909, 9.09091, 11.27273], "rotation": 90, "texture": "#4"},
				"west": {"uv": [0.18182, 10.90909, 0.27273, 13.81818], "rotation": 270, "texture": "#4"},
				"up": {"uv": [0.18182, 10.90909, 0.27273, 13.81818], "texture": "#4"},
				"down": {"uv": [0.18182, 10.90909, 0.27272, 13.81818], "rotation": 180, "texture": "#4"}
			}
		},
		{
			"from": [7.72, 12.10676, 7.05615],
			"to": [8.28, 12.66676, 7.61615],
			"rotation": {"angle": 45, "axis": "x", "origin": [8, 8, 3]},
			"faces": {
				"north": {"uv": [10, 1, 11, 0], "rotation": 180, "texture": "#1"},
				"east": {"uv": [0, 11, 1, 10], "rotation": 180, "texture": "#1"},
				"south": {"uv": [9, 10, 10, 9], "rotation": 180, "texture": "#1"},
				"west": {"uv": [8, 10, 9, 9], "rotation": 180, "texture": "#1"},
				"up": {"uv": [2, 10, 1, 11], "rotation": 90, "texture": "#1"},
				"down": {"uv": [11, 2, 10, 1], "rotation": 270, "texture": "#1"}
			}
		},
		{
			"from": [7.804, 3.48716, 7.30299],
			"to": [8.196, 3.87916, 8.28299],
			"rotation": {"angle": -45, "axis": "x", "origin": [8, 8, 3]},
			"faces": {
				"north": {"uv": [12.75, 6.75, 12, 6], "texture": "#1"},
				"east": {"uv": [8.75, 0.75, 7, 0], "texture": "#1"},
				"south": {"uv": [6.75, 12.75, 6, 12], "texture": "#1"},
				"west": {"uv": [7.75, 4.75, 6, 4], "texture": "#1"},
				"up": {"uv": [2, 7.75, 3.75, 7], "rotation": 270, "texture": "#1"},
				"down": {"uv": [7, 1, 8.75, 1.75], "rotation": 90, "texture": "#1"}
			}
		},
		{
			"from": [7.804, 12.12084, 7.30299],
			"to": [8.196, 12.51284, 8.28299],
			"rotation": {"angle": 45, "axis": "x", "origin": [8, 8, 3]},
			"faces": {
				"north": {"uv": [12.75, 6, 12, 6.75], "texture": "#1"},
				"east": {"uv": [8.75, 0, 7, 0.75], "texture": "#1"},
				"south": {"uv": [6.75, 12, 6, 12.75], "texture": "#1"},
				"west": {"uv": [7.75, 4, 6, 4.75], "texture": "#1"},
				"up": {"uv": [7, 1.75, 8.75, 1], "rotation": 270, "texture": "#1"},
				"down": {"uv": [2, 7, 3.75, 7.75], "rotation": 90, "texture": "#1"}
			}
		},
		{
			"from": [7.72, 13.52097, 8.47036],
			"to": [8.28, 14.08097, 9.03036],
			"rotation": {"angle": 45, "axis": "x", "origin": [8, 8, 3]},
			"faces": {
				"north": {"uv": [10, 1, 11, 0], "rotation": 180, "texture": "#1"},
				"east": {"uv": [0, 11, 1, 10], "rotation": 180, "texture": "#1"},
				"south": {"uv": [9, 10, 10, 9], "rotation": 180, "texture": "#1"},
				"west": {"uv": [8, 10, 9, 9], "rotation": 180, "texture": "#1"},
				"up": {"uv": [2, 10, 1, 11], "rotation": 90, "texture": "#1"},
				"down": {"uv": [11, 2, 10, 1], "rotation": 270, "texture": "#1"}
			}
		},
		{
			"from": [7.804, 2.07294, 8.7172],
			"to": [8.196, 2.46494, 9.6972],
			"rotation": {"angle": -45, "axis": "x", "origin": [8, 8, 3]},
			"faces": {
				"north": {"uv": [12.75, 6.75, 12, 6], "texture": "#1"},
				"east": {"uv": [8.75, 0.75, 7, 0], "texture": "#1"},
				"south": {"uv": [6.75, 12.75, 6, 12], "texture": "#1"},
				"west": {"uv": [7.75, 4.75, 6, 4], "texture": "#1"},
				"up": {"uv": [2, 7.75, 3.75, 7], "rotation": 270, "texture": "#1"},
				"down": {"uv": [7, 1, 8.75, 1.75], "rotation": 90, "texture": "#1"}
			}
		},
		{
			"from": [7.804, 13.53506, 8.7172],
			"to": [8.196, 13.92706, 9.6972],
			"rotation": {"angle": 45, "axis": "x", "origin": [8, 8, 3]},
			"faces": {
				"north": {"uv": [12.75, 6, 12, 6.75], "texture": "#1"},
				"east": {"uv": [8.75, 0, 7, 0.75], "texture": "#1"},
				"south": {"uv": [6.75, 12, 6, 12.75], "texture": "#1"},
				"west": {"uv": [7.75, 4, 6, 4.75], "texture": "#1"},
				"up": {"uv": [7, 1.75, 8.75, 1], "rotation": 270, "texture": "#1"},
				"down": {"uv": [2, 7, 3.75, 7.75], "rotation": 90, "texture": "#1"}
			}
		},
		{
			"from": [8, 5.51353, 9.03405],
			"to": [8, 6.31353, 11.17405],
			"rotation": {"angle": -22.5, "axis": "x", "origin": [8, 8, 3]},
			"faces": {
				"north": {"uv": [1, 0, 0, 9], "texture": "#6"},
				"east": {"uv": [0, 0, 16, 16], "texture": "#6"},
				"south": {"uv": [1, 0, 0, 9], "texture": "#6"},
				"west": {"uv": [16, 0, 0, 16], "texture": "#6"},
				"up": {"uv": [9, 0, 0, 1], "rotation": 270, "texture": "#6"},
				"down": {"uv": [9, 0, 0, 1], "rotation": 90, "texture": "#6"}
			}
		},
		{
			"from": [8, 8.14095, 11.29174],
			"to": [8, 8.94095, 13.43174],
			"rotation": {"angle": 0, "axis": "z", "origin": [8, 8, 3]},
			"faces": {
				"north": {"uv": [1, 0, 0, 9], "texture": "#6"},
				"east": {"uv": [0, 0, 16, 16], "texture": "#6"},
				"south": {"uv": [1, 0, 0, 9], "texture": "#6"},
				"west": {"uv": [16, 0, 0, 16], "texture": "#6"},
				"up": {"uv": [9, 0, 0, 1], "rotation": 270, "texture": "#6"},
				"down": {"uv": [9, 0, 0, 1], "rotation": 90, "texture": "#6"}
			}
		},
		{
			"from": [8, 9.68647, 9.03405],
			"to": [8, 10.48647, 11.17405],
			"rotation": {"angle": 22.5, "axis": "x", "origin": [8, 8, 3]},
			"faces": {
				"north": {"uv": [1, 9, 0, 0], "texture": "#6"},
				"east": {"uv": [0, 16, 16, 0], "texture": "#6"},
				"south": {"uv": [1, 9, 0, 0], "texture": "#6"},
				"west": {"uv": [16, 16, 0, 0], "texture": "#6"},
				"up": {"uv": [9, 1, 0, 0], "rotation": 270, "texture": "#6"},
				"down": {"uv": [9, 1, 0, 0], "rotation": 90, "texture": "#6"}
			}
		},
		{
			"from": [8, 7.05905, 11.29174],
			"to": [8, 7.85905, 13.43174],
			"rotation": {"angle": 0, "axis": "z", "origin": [8, 8, 3]},
			"faces": {
				"north": {"uv": [1, 9, 0, 0], "texture": "#6"},
				"east": {"uv": [0, 16, 16, 0], "texture": "#6"},
				"south": {"uv": [1, 9, 0, 0], "texture": "#6"},
				"west": {"uv": [16, 16, 0, 0], "texture": "#6"},
				"up": {"uv": [9, 1, 0, 0], "rotation": 270, "texture": "#6"},
				"down": {"uv": [9, 1, 0, 0], "rotation": 90, "texture": "#6"}
			}
		},
		{
			"from": [8, 4.98762, 9.51977],
			"to": [8, 5.78762, 11.65977],
			"rotation": {"angle": -22.5, "axis": "x", "origin": [8, 8, 3]},
			"faces": {
				"north": {"uv": [1, 0, 0, 9], "texture": "#6"},
				"east": {"uv": [0, 0, 16, 16], "texture": "#6"},
				"south": {"uv": [1, 0, 0, 9], "texture": "#6"},
				"west": {"uv": [16, 0, 0, 16], "texture": "#6"},
				"up": {"uv": [9, 0, 0, 1], "rotation": 270, "texture": "#6"},
				"down": {"uv": [9, 0, 0, 1], "rotation": 90, "texture": "#6"}
			}
		},
		{
			"from": [8, 10.21238, 9.51977],
			"to": [8, 11.01238, 11.65977],
			"rotation": {"angle": 22.5, "axis": "x", "origin": [8, 8, 3]},
			"faces": {
				"north": {"uv": [1, 9, 0, 0], "texture": "#6"},
				"east": {"uv": [0, 16, 16, 0], "texture": "#6"},
				"south": {"uv": [1, 9, 0, 0], "texture": "#6"},
				"west": {"uv": [16, 16, 0, 0], "texture": "#6"},
				"up": {"uv": [9, 1, 0, 0], "rotation": 270, "texture": "#6"},
				"down": {"uv": [9, 1, 0, 0], "rotation": 90, "texture": "#6"}
			}
		},
		{
			"from": [7.72, 18.42872, 1.99734],
			"to": [8.28, 19.82872, 2.55734],
			"rotation": {"angle": 0, "axis": "z", "origin": [8, 8, 3]},
			"faces": {
				"north": {"uv": [3.75, 7, 2, 7.75], "rotation": 270, "texture": "#1"},
				"east": {"uv": [7, 0, 8.75, 0.75], "rotation": 270, "texture": "#1"},
				"south": {"uv": [8.75, 1.75, 7, 1], "rotation": 270, "texture": "#1"},
				"west": {"uv": [6, 4, 7.75, 4.75], "rotation": 90, "texture": "#1"},
				"up": {"uv": [6, 12, 6.75, 12.75], "rotation": 180, "texture": "#1"},
				"down": {"uv": [12, 6, 12.75, 6.75], "texture": "#1"}
			}
		},
		{
			"from": [7.8, 13.77633, 3.70097],
			"to": [8.2, 15.37633, 4.10097],
			"rotation": {"angle": -22.5, "axis": "x", "origin": [8, 8, 3]},
			"faces": {
				"north": {"uv": [11, 0, 11.5, 2], "rotation": 180, "texture": "#1"},
				"east": {"uv": [0, 11, 0.5, 13], "rotation": 180, "texture": "#1"},
				"south": {"uv": [10, 9, 10.5, 11], "rotation": 180, "texture": "#1"},
				"west": {"uv": [9, 10, 9.5, 12], "rotation": 180, "texture": "#1"},
				"up": {"uv": [13.5, 13, 13, 13.5], "rotation": 90, "texture": "#1"},
				"down": {"uv": [13.5, 12.5, 13, 12], "rotation": 270, "texture": "#1"}
			}
		},
		{
			"from": [7.8, 14.73984, 4.64126],
			"to": [8.2, 16.33984, 5.04126],
			"rotation": {"angle": -22.5, "axis": "x", "origin": [8, 8, 3]},
			"faces": {
				"north": {"uv": [11, 0, 11.5, 2], "rotation": 180, "texture": "#1"},
				"east": {"uv": [0, 11, 0.5, 13], "rotation": 180, "texture": "#1"},
				"south": {"uv": [10, 9, 10.5, 11], "rotation": 180, "texture": "#1"},
				"west": {"uv": [9, 10, 9.5, 12], "rotation": 180, "texture": "#1"},
				"up": {"uv": [13.5, 13, 13, 13.5], "rotation": 90, "texture": "#1"},
				"down": {"uv": [13.5, 12.5, 13, 12], "rotation": 270, "texture": "#1"}
			}
		},
		{
			"from": [7.72, 12.86576, 1.43326],
			"to": [8.28, 14.26576, 1.99326],
			"rotation": {"angle": -22.5, "axis": "x", "origin": [8, 8, 3]},
			"faces": {
				"north": {"uv": [2, 7.75, 3.75, 7], "rotation": 90, "texture": "#1"},
				"east": {"uv": [8.75, 0.75, 7, 0], "rotation": 90, "texture": "#1"},
				"south": {"uv": [7, 1, 8.75, 1.75], "rotation": 90, "texture": "#1"},
				"west": {"uv": [7.75, 4.75, 6, 4], "rotation": 270, "texture": "#1"},
				"up": {"uv": [6.75, 12.75, 6, 12], "texture": "#1"},
				"down": {"uv": [12.75, 6.75, 12, 6], "rotation": 180, "texture": "#1"}
			}
		},
		{
			"from": [7.72, 12.86576, 1.43326],
			"to": [8.28, 14.26576, 1.99326],
			"rotation": {"angle": -22.5, "axis": "x", "origin": [8, 8, 3]},
			"faces": {
				"north": {"uv": [2, 7, 3.75, 7.75], "rotation": 90, "texture": "#1"},
				"east": {"uv": [7.75, 4, 6, 4.75], "rotation": 270, "texture": "#1"},
				"south": {"uv": [7, 1.75, 8.75, 1], "rotation": 90, "texture": "#1"},
				"west": {"uv": [8.75, 0, 7, 0.75], "rotation": 90, "texture": "#1"},
				"up": {"uv": [6, 12.75, 6.75, 12], "texture": "#1"},
				"down": {"uv": [12, 6.75, 12.75, 6], "rotation": 180, "texture": "#1"}
			}
		},
		{
			"from": [7.8, 11.32068, -2.50327],
			"to": [8.2, 12.92068, -2.10327],
			"rotation": {"angle": 22.5, "axis": "x", "origin": [8, 8, 3]},
			"faces": {
				"north": {"uv": [10, 9, 10.5, 11], "texture": "#1"},
				"east": {"uv": [0, 11, 0.5, 13], "texture": "#1"},
				"south": {"uv": [11, 0, 11.5, 2], "texture": "#1"},
				"west": {"uv": [9, 10, 9.5, 12], "texture": "#1"},
				"up": {"uv": [13.5, 12.5, 13, 12], "rotation": 270, "texture": "#1"},
				"down": {"uv": [13.5, 13, 13, 13.5], "rotation": 90, "texture": "#1"}
			}
		},
		{
			"from": [7.925, 5.48473, 11.19714],
			"to": [8.075, 18.08473, 11.34714],
			"rotation": {"angle": -22.5, "axis": "x", "origin": [8, 8, 3]},
			"faces": {
				"north": {"uv": [15, 0, 15.25, 14.25], "rotation": 180, "texture": "#1"},
				"east": {"uv": [15, 0, 15.25, 14.25], "rotation": 180, "texture": "#1"},
				"south": {"uv": [15, 0, 15.25, 14.25], "rotation": 180, "texture": "#1"},
				"west": {"uv": [15, 0, 15.25, 14.25], "rotation": 180, "texture": "#1"},
				"up": {"uv": [13.5, 13, 13, 13.5], "rotation": 90, "texture": "#1"},
				"down": {"uv": [13.5, 12.5, 13, 12], "rotation": 270, "texture": "#1"}
			}
		},
		{
			"from": [7.925, -2.08473, 11.19714],
			"to": [8.075, 10.51527, 11.34714],
			"rotation": {"angle": 22.5, "axis": "x", "origin": [8, 8, 3]},
			"faces": {
				"north": {"uv": [15, 14.25, 15.25, 0], "rotation": 180, "texture": "#1"},
				"east": {"uv": [15, 14.25, 15.25, 0], "rotation": 180, "texture": "#1"},
				"south": {"uv": [15, 14.25, 15.25, 0], "rotation": 180, "texture": "#1"},
				"west": {"uv": [15, 14.25, 15.25, 0], "rotation": 180, "texture": "#1"},
				"up": {"uv": [13.5, 12, 13, 12.5], "rotation": 90, "texture": "#1"},
				"down": {"uv": [13.5, 13.5, 13, 13], "rotation": 270, "texture": "#1"}
			}
		},
		{
			"from": [7.72, -3.82872, 1.99734],
			"to": [8.28, -2.42872, 2.55734],
			"rotation": {"angle": 0, "axis": "z", "origin": [8, 8, 3]},
			"faces": {
				"north": {"uv": [2, 7, 3.75, 7.75], "rotation": 270, "texture": "#1"},
				"east": {"uv": [8.75, 0, 7, 0.75], "rotation": 270, "texture": "#1"},
				"south": {"uv": [7, 1.75, 8.75, 1], "rotation": 270, "texture": "#1"},
				"west": {"uv": [7.75, 4, 6, 4.75], "rotation": 90, "texture": "#1"},
				"up": {"uv": [12.75, 6, 12, 6.75], "rotation": 180, "texture": "#1"},
				"down": {"uv": [6.75, 12, 6, 12.75], "texture": "#1"}
			}
		},
		{
			"from": [7.8, -0.33984, 4.64126],
			"to": [8.2, 1.26016, 5.04126],
			"rotation": {"angle": 22.5, "axis": "x", "origin": [8, 8, 3]},
			"faces": {
				"north": {"uv": [11, 2, 11.5, 0], "rotation": 180, "texture": "#1"},
				"east": {"uv": [0, 13, 0.5, 11], "rotation": 180, "texture": "#1"},
				"south": {"uv": [10, 11, 10.5, 9], "rotation": 180, "texture": "#1"},
				"west": {"uv": [9, 12, 9.5, 10], "rotation": 180, "texture": "#1"},
				"up": {"uv": [13.5, 12, 13, 12.5], "rotation": 90, "texture": "#1"},
				"down": {"uv": [13.5, 13.5, 13, 13], "rotation": 270, "texture": "#1"}
			}
		},
		{
			"from": [7.8, 0.62367, 3.70097],
			"to": [8.2, 2.22367, 4.10097],
			"rotation": {"angle": 22.5, "axis": "x", "origin": [8, 8, 3]},
			"faces": {
				"north": {"uv": [11, 2, 11.5, 0], "rotation": 180, "texture": "#1"},
				"east": {"uv": [0, 13, 0.5, 11], "rotation": 180, "texture": "#1"},
				"south": {"uv": [10, 11, 10.5, 9], "rotation": 180, "texture": "#1"},
				"west": {"uv": [9, 12, 9.5, 10], "rotation": 180, "texture": "#1"},
				"up": {"uv": [13.5, 12, 13, 12.5], "rotation": 90, "texture": "#1"},
				"down": {"uv": [13.5, 13.5, 13, 13], "rotation": 270, "texture": "#1"}
			}
		},
		{
			"from": [7.8, 3.07932, -2.50327],
			"to": [8.2, 4.67932, -2.10327],
			"rotation": {"angle": -22.5, "axis": "x", "origin": [8, 8, 3]},
			"faces": {
				"north": {"uv": [10, 11, 10.5, 9], "texture": "#1"},
				"east": {"uv": [0, 13, 0.5, 11], "texture": "#1"},
				"south": {"uv": [11, 2, 11.5, 0], "texture": "#1"},
				"west": {"uv": [9, 12, 9.5, 10], "texture": "#1"},
				"up": {"uv": [13.5, 13.5, 13, 13], "rotation": 270, "texture": "#1"},
				"down": {"uv": [13.5, 12, 13, 12.5], "rotation": 90, "texture": "#1"}
			}
		},
		{
			"from": [7.72, 1.73424, 1.43326],
			"to": [8.28, 3.13424, 1.99326],
			"rotation": {"angle": 22.5, "axis": "x", "origin": [8, 8, 3]},
			"faces": {
				"north": {"uv": [3.75, 7.75, 2, 7], "rotation": 90, "texture": "#1"},
				"east": {"uv": [7, 0.75, 8.75, 0], "rotation": 90, "texture": "#1"},
				"south": {"uv": [8.75, 1, 7, 1.75], "rotation": 90, "texture": "#1"},
				"west": {"uv": [6, 4.75, 7.75, 4], "rotation": 270, "texture": "#1"},
				"up": {"uv": [12, 6.75, 12.75, 6], "texture": "#1"},
				"down": {"uv": [6, 12.75, 6.75, 12], "rotation": 180, "texture": "#1"}
			}
		},
		{
			"from": [7.7, 13.59728, -2.11699],
			"to": [8.3, 14.39728, -1.31699],
			"rotation": {"angle": 22.5, "axis": "x", "origin": [8, 8, 3]},
			"faces": {
				"north": {"uv": [6, 11.75, 5, 11], "rotation": 90, "texture": "#1"},
				"east": {"uv": [2, 10, 3, 9], "rotation": 90, "texture": "#1"},
				"south": {"uv": [12, 4, 11, 4.75], "rotation": 90, "texture": "#1"},
				"west": {"uv": [9, 2, 10, 1], "rotation": 270, "texture": "#1"},
				"up": {"uv": [4, 12, 4.75, 11], "texture": "#1"},
				"down": {"uv": [11, 4, 11.75, 3], "rotation": 180, "texture": "#1"}
			}
		},
		{
			"from": [7.7, 14.94347, -2.13341],
			"to": [8.3, 15.74347, -1.33341],
			"rotation": {"angle": 22.5, "axis": "x", "origin": [8, 8, 3]},
			"faces": {
				"north": {"uv": [6, 11.75, 5, 11], "rotation": 90, "texture": "#1"},
				"east": {"uv": [2, 10, 3, 9], "rotation": 90, "texture": "#1"},
				"south": {"uv": [12, 4, 11, 4.75], "rotation": 90, "texture": "#1"},
				"west": {"uv": [9, 2, 10, 1], "rotation": 270, "texture": "#1"},
				"up": {"uv": [4, 12, 4.75, 11], "texture": "#1"},
				"down": {"uv": [11, 4, 11.75, 3], "rotation": 180, "texture": "#1"}
			}
		},
		{
			"from": [7.6, 17.44983, 5.90657],
			"to": [8.4, 18.24983, 6.70657],
			"rotation": {"angle": -22.5, "axis": "x", "origin": [8, 8, 3]},
			"faces": {
				"north": {"uv": [11, 0, 10, 1], "texture": "#1"},
				"east": {"uv": [1, 10, 0, 11], "texture": "#1"},
				"south": {"uv": [10, 9, 9, 10], "texture": "#1"},
				"west": {"uv": [9, 9, 8, 10], "texture": "#1"},
				"up": {"uv": [1, 11, 2, 10], "rotation": 270, "texture": "#1"},
				"down": {"uv": [10, 1, 11, 2], "rotation": 90, "texture": "#1"}
			}
		},
		{
			"from": [7.6, 12.52617, 3.25658],
			"to": [8.4, 13.32617, 4.05658],
			"rotation": {"angle": -45, "axis": "x", "origin": [8, 8, 3]},
			"faces": {
				"north": {"uv": [10, 1, 11, 0], "rotation": 180, "texture": "#1"},
				"east": {"uv": [0, 11, 1, 10], "rotation": 180, "texture": "#1"},
				"south": {"uv": [9, 10, 10, 9], "rotation": 180, "texture": "#1"},
				"west": {"uv": [8, 10, 9, 9], "rotation": 180, "texture": "#1"},
				"up": {"uv": [2, 10, 1, 11], "rotation": 90, "texture": "#1"},
				"down": {"uv": [11, 2, 10, 1], "rotation": 270, "texture": "#1"}
			}
		},
		{
			"from": [7.6, -2.24983, 5.90657],
			"to": [8.4, -1.44983, 6.70657],
			"rotation": {"angle": 22.5, "axis": "x", "origin": [8, 8, 3]},
			"faces": {
				"north": {"uv": [11, 1, 10, 0], "texture": "#1"},
				"east": {"uv": [1, 11, 0, 10], "texture": "#1"},
				"south": {"uv": [10, 10, 9, 9], "texture": "#1"},
				"west": {"uv": [9, 10, 8, 9], "texture": "#1"},
				"up": {"uv": [10, 2, 11, 1], "rotation": 270, "texture": "#1"},
				"down": {"uv": [1, 10, 2, 11], "rotation": 90, "texture": "#1"}
			}
		},
		{
			"from": [7.7, 0.25653, -2.13341],
			"to": [8.3, 1.05653, -1.33341],
			"rotation": {"angle": -22.5, "axis": "x", "origin": [8, 8, 3]},
			"faces": {
				"north": {"uv": [5, 11.75, 6, 11], "rotation": 90, "texture": "#1"},
				"east": {"uv": [3, 10, 2, 9], "rotation": 90, "texture": "#1"},
				"south": {"uv": [11, 4, 12, 4.75], "rotation": 90, "texture": "#1"},
				"west": {"uv": [10, 2, 9, 1], "rotation": 270, "texture": "#1"},
				"up": {"uv": [11.75, 4, 11, 3], "texture": "#1"},
				"down": {"uv": [4.75, 12, 4, 11], "rotation": 180, "texture": "#1"}
			}
		},
		{
			"from": [7.7, 1.60272, -2.11699],
			"to": [8.3, 2.40272, -1.31699],
			"rotation": {"angle": -22.5, "axis": "x", "origin": [8, 8, 3]},
			"faces": {
				"north": {"uv": [5, 11.75, 6, 11], "rotation": 90, "texture": "#1"},
				"east": {"uv": [3, 10, 2, 9], "rotation": 90, "texture": "#1"},
				"south": {"uv": [11, 4, 12, 4.75], "rotation": 90, "texture": "#1"},
				"west": {"uv": [10, 2, 9, 1], "rotation": 270, "texture": "#1"},
				"up": {"uv": [11.75, 4, 11, 3], "texture": "#1"},
				"down": {"uv": [4.75, 12, 4, 11], "rotation": 180, "texture": "#1"}
			}
		},
		{
			"from": [7.6, 2.67383, 3.25658],
			"to": [8.4, 3.47383, 4.05658],
			"rotation": {"angle": 45, "axis": "x", "origin": [8, 8, 3]},
			"faces": {
				"north": {"uv": [10, 0, 11, 1], "rotation": 180, "texture": "#1"},
				"east": {"uv": [0, 10, 1, 11], "rotation": 180, "texture": "#1"},
				"south": {"uv": [9, 9, 10, 10], "rotation": 180, "texture": "#1"},
				"west": {"uv": [8, 9, 9, 10], "rotation": 180, "texture": "#1"},
				"up": {"uv": [11, 1, 10, 2], "rotation": 90, "texture": "#1"},
				"down": {"uv": [2, 11, 1, 10], "rotation": 270, "texture": "#1"}
			}
		},
		{
			"from": [7.6, 20.4266, 6.42388],
			"to": [8.4, 21.2266, 7.22388],
			"rotation": {"angle": 0, "axis": "z", "origin": [8, 8, 3]},
			"faces": {
				"north": {"uv": [3, 10, 4, 11], "texture": "#1"},
				"east": {"uv": [4, 10, 5, 11], "texture": "#1"},
				"south": {"uv": [10, 7, 11, 8], "texture": "#1"},
				"west": {"uv": [2, 10, 3, 11], "texture": "#1"},
				"up": {"uv": [9, 11, 8, 10], "rotation": 270, "texture": "#1"},
				"down": {"uv": [11, 8, 10, 9], "rotation": 90, "texture": "#1"}
			}
		},
		{
			"from": [7.72, 18.1869, 9.84134],
			"to": [8.28, 18.7469, 11.24134],
			"rotation": {"angle": -22.5, "axis": "x", "origin": [8, 8, 3]},
			"faces": {
				"north": {"uv": [6, 12, 6.75, 12.75], "texture": "#1"},
				"east": {"uv": [7, 0, 8.75, 0.75], "texture": "#1"},
				"south": {"uv": [12, 6, 12.75, 6.75], "texture": "#1"},
				"west": {"uv": [6, 4, 7.75, 4.75], "texture": "#1"},
				"up": {"uv": [8.75, 1.75, 7, 1], "rotation": 270, "texture": "#1"},
				"down": {"uv": [3.75, 7, 2, 7.75], "rotation": 90, "texture": "#1"}
			}
		},
		{
			"from": [7.6, 19.17761, -0.76772],
			"to": [8.4, 20.77761, 0.83228],
			"rotation": {"angle": 22.5, "axis": "x", "origin": [8, 8, 3]},
			"faces": {
				"north": {"uv": [4, 5, 2, 4], "rotation": 90, "texture": "#1"},
				"east": {"uv": [0, 2, 2, 4], "rotation": 90, "texture": "#1"},
				"south": {"uv": [6, 4, 4, 5], "rotation": 90, "texture": "#1"},
				"west": {"uv": [0, 0, 2, 2], "rotation": 270, "texture": "#1"},
				"up": {"uv": [1, 4, 2, 6], "texture": "#1"},
				"down": {"uv": [0, 4, 1, 6], "rotation": 180, "texture": "#1"}
			}
		},
		{
			"from": [7.6, -5.2266, 6.42388],
			"to": [8.4, -4.4266, 7.22388],
			"rotation": {"angle": 0, "axis": "z", "origin": [8, 8, 3]},
			"faces": {
				"north": {"uv": [3, 11, 4, 10], "texture": "#1"},
				"east": {"uv": [4, 11, 5, 10], "texture": "#1"},
				"south": {"uv": [10, 8, 11, 7], "texture": "#1"},
				"west": {"uv": [2, 11, 3, 10], "texture": "#1"},
				"up": {"uv": [11, 9, 10, 8], "rotation": 270, "texture": "#1"},
				"down": {"uv": [9, 10, 8, 11], "rotation": 90, "texture": "#1"}
			}
		},
		{
			"from": [7.72, -2.7469, 9.84134],
			"to": [8.28, -2.1869, 11.24134],
			"rotation": {"angle": 22.5, "axis": "x", "origin": [8, 8, 3]},
			"faces": {
				"north": {"uv": [6, 12.75, 6.75, 12], "texture": "#1"},
				"east": {"uv": [7, 0.75, 8.75, 0], "texture": "#1"},
				"south": {"uv": [12, 6.75, 12.75, 6], "texture": "#1"},
				"west": {"uv": [6, 4.75, 7.75, 4], "texture": "#1"},
				"up": {"uv": [3.75, 7.75, 2, 7], "rotation": 270, "texture": "#1"},
				"down": {"uv": [8.75, 1, 7, 1.75], "rotation": 90, "texture": "#1"}
			}
		},
		{
			"from": [7.6, -4.77761, -0.76772],
			"to": [8.4, -3.17761, 0.83228],
			"rotation": {"angle": -22.5, "axis": "x", "origin": [8, 8, 3]},
			"faces": {
				"north": {"uv": [2, 5, 4, 4], "rotation": 90, "texture": "#1"},
				"east": {"uv": [2, 2, 0, 4], "rotation": 90, "texture": "#1"},
				"south": {"uv": [4, 4, 6, 5], "rotation": 90, "texture": "#1"},
				"west": {"uv": [2, 0, 0, 2], "rotation": 270, "texture": "#1"},
				"up": {"uv": [1, 4, 0, 6], "texture": "#1"},
				"down": {"uv": [2, 4, 1, 6], "rotation": 180, "texture": "#1"}
			}
		}
	],
	"gui_light": "front",
	"display": {
		"thirdperson_righthand": {
			"translation": [0, -2, 6.5],
			"scale": [0.82422, 0.82422, 0.82422]
		},
		"thirdperson_lefthand": {
			"translation": [0, -2, 6.5],
			"scale": [0.82422, 0.82422, 0.82422]
		},
		"firstperson_righthand": {
			"rotation": [16.85, 40, 2.1],
			"translation": [7.25, 6.75, -7],
			"scale": [0.81836, 0.81836, 0.81836]
		},
		"firstperson_lefthand": {
			"rotation": [16.85, 40, 2.1],
			"translation": [7.25, 6.75, -7],
			"scale": [0.81836, 0.81836, 0.81836]
		},
		"ground": {
			"rotation": [0, 0, -20],
			"translation": [0, 7.5, 0],
			"scale": [0.8, 0.8, 0.8]
		},
		"gui": {
			"rotation": [90, 53.75, -90],
			"translation": [0.25, -0.25, -2],
			"scale": [0.48242, 0.48242, 0.48242]
		},
		"head": {
			"rotation": [0, 0, -180],
			"translation": [0, 37.25, 0],
			"scale": [0, 0, 0]
		},
		"fixed": {
			"rotation": [0, 90, 0],
			"translation": [15.5, 1.25, -2],
			"scale": [2, 2, 2]
		}
	},
	"groups": [
		{
			"name": "bow",
			"origin": [7.74939, 8, 8],
			"color": 0,
			"children": [
				0,
				1,
				2,
				3,
				4,
				5,
				6,
				7,
				8,
				9,
				10,
				11,
				12,
				13,
				14,
				15,
				16,
				17,
				18,
				19,
				20,
				21,
				22,
				{
					"name": "group",
					"origin": [17.45305, 6.60071, 8.5],
					"color": 0,
					"children": [23, 24, 25, 26, 27, 28, 29, 30, 31, 32, 33, 34]
				},
				{
					"name": "group",
					"origin": [2.67513, 7.50308, 8],
					"color": 0,
					"children": [35, 36, 37, 38, 39, 40, 41, 42, 43, 44, 45, 46, 47, 48, 49, 50, 51, 52]
				},
				{
					"name": "group",
					"origin": [8.05327, 7.09934, 8],
					"color": 0,
					"children": [
						{
							"name": "group",
							"origin": [11.37377, 16.2847, 8],
							"color": 0,
							"children": [53, 54, 55, 56, 57, 58, 59, 60, 61, 62, 63, 64, 65]
						},
						{
							"name": "group",
							"origin": [11.37377, 16.2847, 8],
							"color": 0,
							"children": [66, 67, 68, 69, 70, 71, 72, 73]
						},
						{
							"name": "group",
							"origin": [11.37377, 16.2847, 8],
							"color": 0,
							"children": [74, 75, 76, 77, 78, 79]
						}
					]
				}
			]
		}
	]
}