{
	"credit": "Made with Blockbench",
	"textures": {
		"1": "minehammer:item/fallenset/fallen_angel_texrure",
		"2": "minehammer:item/fallenset/fallen_angel_eff01",
		"3": "minehammer:item/fallenset/fallen_angel_eff02",
		"4": "minehammer:item/fallenset/fallen_angel_bow",
		"5": "minehammer:item/fallenset/fallen_angel_eff03",
		"6": "minehammer:item/fallenset/fallen_angel_wings",
		"particle": "minehammer:item/fallenset/fallen_angel_eff03"
	},
	"elements": [
		{
			"from": [8, -11.3569, -8.50392],
			"to": [8, -1.7169, -5.10392],
			"rotation": {"angle": -45, "axis": "x", "origin": [8, 8, -1]},
			"faces": {
				"north": {"uv": [0, 0, 9, 1], "rotation": 90, "texture": "#6"},
				"east": {"uv": [16, 0, 0, 16], "rotation": 90, "texture": "#6"},
				"south": {"uv": [0, 0, 9, 1], "rotation": 90, "texture": "#6"},
				"west": {"uv": [0, 0, 16, 16], "rotation": 270, "texture": "#6"},
				"up": {"uv": [0, 0, 1, 9], "texture": "#6"},
				"down": {"uv": [0, 0, 1, 9], "rotation": 180, "texture": "#6"}
			}
		},
		{
			"from": [7.3, 18.76466, -6.49869],
			"to": [8.7, 19.76466, -5.09869],
			"rotation": {"angle": 45, "axis": "x", "origin": [8, 8, -1]},
			"faces": {
				"north": {"uv": [6.54545, 10.90909, 7.09091, 11.27273], "texture": "#4"},
				"east": {"uv": [7.27273, 10.90909, 7.81818, 11.27273], "texture": "#4"},
				"south": {"uv": [8, 10.90909, 8.54545, 11.27273], "texture": "#4"},
				"west": {"uv": [5.81818, 10.90909, 6.36364, 11.27273], "texture": "#4"},
				"up": {"uv": [3.45455, 11.45455, 2.90909, 10.90909], "rotation": 270, "texture": "#4"},
				"down": {"uv": [4.18182, 10.90909, 3.63636, 11.45455], "rotation": 90, "texture": "#4"}
			}
		},
		{
			"from": [7.4, 17.84252, 2.18158],
			"to": [8.6, 18.34252, 3.38158],
			"rotation": {"angle": 0, "axis": "z", "origin": [8, 8, -1]},
			"faces": {
				"north": {"uv": [7.27273, 11.27273, 7.72727, 11.45455], "texture": "#4"},
				"east": {"uv": [7.27273, 11.27273, 7.72728, 11.45455], "texture": "#4"},
				"south": {"uv": [8.72727, 11.27273, 9.18182, 11.45455], "texture": "#4"},
				"west": {"uv": [6.54545, 11.27273, 7, 11.45455], "texture": "#4"},
				"up": {"uv": [4.81818, 11.36364, 4.36364, 10.90909], "rotation": 270, "texture": "#4"},
				"down": {"uv": [5.54545, 10.90909, 5.09091, 11.36364], "rotation": 90, "texture": "#4"}
			}
		},
		{
			"from": [7.3, 17.09252, 1.83158],
			"to": [8.7, 17.59252, 3.23158],
			"rotation": {"angle": 0, "axis": "z", "origin": [8, 8, -1]},
			"faces": {
				"north": {"uv": [10.18182, 10.90909, 10.72727, 11.09091], "texture": "#4"},
				"east": {"uv": [10.90909, 10.90909, 11.45455, 11.09091], "texture": "#4"},
				"south": {"uv": [5.81818, 11.27273, 6.36364, 11.45455], "texture": "#4"},
				"west": {"uv": [9.45455, 10.90909, 10, 11.09091], "texture": "#4"},
				"up": {"uv": [2, 11.45455, 1.45455, 10.90909], "rotation": 270, "texture": "#4"},
				"down": {"uv": [2.72727, 10.90909, 2.18182, 11.45455], "rotation": 90, "texture": "#4"}
			}
		},
		{
			"from": [7.3, 13.01171, -2.0174],
			"to": [8.7, 13.51171, -0.6174],
			"rotation": {"angle": 22.5, "axis": "x", "origin": [8, 8, -1]},
			"faces": {
				"north": {"uv": [10.18182, 10.90909, 10.72727, 11.09091], "texture": "#4"},
				"east": {"uv": [10.90909, 10.90909, 11.45455, 11.09091], "texture": "#4"},
				"south": {"uv": [5.81818, 11.27273, 6.36364, 11.45455], "texture": "#4"},
				"west": {"uv": [9.45455, 10.90909, 10, 11.09091], "texture": "#4"},
				"up": {"uv": [2, 11.45455, 1.45455, 10.90909], "rotation": 270, "texture": "#4"},
				"down": {"uv": [2.72727, 10.90909, 2.18182, 11.45455], "rotation": 90, "texture": "#4"}
			}
		},
		{
			"from": [7.4, 13.76171, -1.9174],
			"to": [8.6, 14.26171, -0.7174],
			"rotation": {"angle": 22.5, "axis": "x", "origin": [8, 8, -1]},
			"faces": {
				"north": {"uv": [7.27273, 11.27273, 7.72727, 11.45455], "texture": "#4"},
				"east": {"uv": [7.27273, 11.27273, 7.72728, 11.45455], "texture": "#4"},
				"south": {"uv": [8.72727, 11.27273, 9.18182, 11.45455], "texture": "#4"},
				"west": {"uv": [6.54545, 11.27273, 7, 11.45455], "texture": "#4"},
				"up": {"uv": [4.81818, 11.36364, 4.36364, 10.90909], "rotation": 270, "texture": "#4"},
				"down": {"uv": [5.54545, 10.90909, 5.09091, 11.36364], "rotation": 90, "texture": "#4"}
			}
		},
		{
			"from": [7.3, 10.5, -0.42377],
			"to": [8.7, 11, 0.97623],
			"rotation": {"angle": 0, "axis": "y", "origin": [8, 8, -1]},
			"faces": {
				"north": {"uv": [5.81818, 11.27273, 6.36364, 11.45455], "rotation": 180, "texture": "#4"},
				"east": {"uv": [10.90909, 10.90909, 11.45455, 11.09091], "rotation": 180, "texture": "#4"},
				"south": {"uv": [10.18182, 10.90909, 10.72727, 11.09091], "rotation": 180, "texture": "#4"},
				"west": {"uv": [9.45455, 10.90909, 10, 11.09091], "rotation": 180, "texture": "#4"},
				"up": {"uv": [2.72727, 10.90909, 2.18182, 11.45455], "rotation": 90, "texture": "#4"},
				"down": {"uv": [2, 11.45455, 1.45455, 10.90909], "rotation": 270, "texture": "#4"}
			}
		},
		{
			"from": [7.4, 9.75, -0.32377],
			"to": [8.6, 10.25, 0.87623],
			"rotation": {"angle": 0, "axis": "y", "origin": [8, 8, -1]},
			"faces": {
				"north": {"uv": [8.72727, 11.27273, 9.18182, 11.45455], "rotation": 180, "texture": "#4"},
				"east": {"uv": [7.27273, 11.27273, 7.72728, 11.45455], "rotation": 180, "texture": "#4"},
				"south": {"uv": [7.27273, 11.27273, 7.72727, 11.45455], "rotation": 180, "texture": "#4"},
				"west": {"uv": [6.54545, 11.27273, 7, 11.45455], "rotation": 180, "texture": "#4"},
				"up": {"uv": [5.54545, 10.90909, 5.09091, 11.36364], "rotation": 90, "texture": "#4"},
				"down": {"uv": [4.81818, 11.36364, 4.36364, 10.90909], "rotation": 270, "texture": "#4"}
			}
		},
		{
			"from": [7.3, 5, -0.42377],
			"to": [8.7, 5.5, 0.97623],
			"rotation": {"angle": 0, "axis": "y", "origin": [8, 8, -1]},
			"faces": {
				"north": {"uv": [10.18182, 10.90909, 10.72727, 11.09091], "texture": "#4"},
				"east": {"uv": [10.90909, 10.90909, 11.45455, 11.09091], "texture": "#4"},
				"south": {"uv": [5.81818, 11.27273, 6.36364, 11.45455], "texture": "#4"},
				"west": {"uv": [9.45455, 10.90909, 10, 11.09091], "texture": "#4"},
				"up": {"uv": [2, 11.45455, 1.45455, 10.90909], "rotation": 270, "texture": "#4"},
				"down": {"uv": [2.72727, 10.90909, 2.18182, 11.45455], "rotation": 90, "texture": "#4"}
			}
		},
		{
			"from": [7.4, 5.75, -0.32377],
			"to": [8.6, 6.25, 0.87623],
			"rotation": {"angle": 0, "axis": "y", "origin": [8, 8, -1]},
			"faces": {
				"north": {"uv": [7.27273, 11.27273, 7.72727, 11.45455], "texture": "#4"},
				"east": {"uv": [7.27273, 11.27273, 7.72728, 11.45455], "texture": "#4"},
				"south": {"uv": [8.72727, 11.27273, 9.18182, 11.45455], "texture": "#4"},
				"west": {"uv": [6.54545, 11.27273, 7, 11.45455], "texture": "#4"},
				"up": {"uv": [4.81818, 11.36364, 4.36364, 10.90909], "rotation": 270, "texture": "#4"},
				"down": {"uv": [5.54545, 10.90909, 5.09091, 11.36364], "rotation": 90, "texture": "#4"}
			}
		},
		{
			"from": [7.5, 6.75, -0.22377],
			"to": [8.5, 7.25, 0.77623],
			"rotation": {"angle": 0, "axis": "y", "origin": [8, 8, -1]},
			"faces": {
				"north": {"uv": [7.27273, 11.27273, 7.72727, 11.45455], "texture": "#4"},
				"east": {"uv": [7.27273, 11.27273, 7.72728, 11.45455], "texture": "#4"},
				"south": {"uv": [8.72727, 11.27273, 9.18182, 11.45455], "texture": "#4"},
				"west": {"uv": [6.54545, 11.27273, 7, 11.45455], "texture": "#4"},
				"up": {"uv": [4.81818, 11.36364, 4.36364, 10.90909], "rotation": 270, "texture": "#4"},
				"down": {"uv": [5.54545, 10.90909, 5.09091, 11.36364], "rotation": 90, "texture": "#4"}
			}
		},
		{
			"from": [7.5, 7.75, -0.22377],
			"to": [8.5, 8.25, 0.77623],
			"rotation": {"angle": 0, "axis": "y", "origin": [8, 8, -1]},
			"faces": {
				"north": {"uv": [7.27273, 11.27273, 7.72727, 11.45455], "texture": "#4"},
				"east": {"uv": [7.27273, 11.27273, 7.72728, 11.45455], "texture": "#4"},
				"south": {"uv": [8.72727, 11.27273, 9.18182, 11.45455], "texture": "#4"},
				"west": {"uv": [6.54545, 11.27273, 7, 11.45455], "texture": "#4"},
				"up": {"uv": [4.81818, 11.36364, 4.36364, 10.90909], "rotation": 270, "texture": "#4"},
				"down": {"uv": [5.54545, 10.90909, 5.09091, 11.36364], "rotation": 90, "texture": "#4"}
			}
		},
		{
			"from": [7.5, 8.75, -0.22377],
			"to": [8.5, 9.25, 0.77623],
			"rotation": {"angle": 0, "axis": "y", "origin": [8, 8, -1]},
			"faces": {
				"north": {"uv": [7.27273, 11.27273, 7.72727, 11.45455], "texture": "#4"},
				"east": {"uv": [7.27273, 11.27273, 7.72728, 11.45455], "texture": "#4"},
				"south": {"uv": [8.72727, 11.27273, 9.18182, 11.45455], "texture": "#4"},
				"west": {"uv": [6.54545, 11.27273, 7, 11.45455], "texture": "#4"},
				"up": {"uv": [4.81818, 11.36364, 4.36364, 10.90909], "rotation": 270, "texture": "#4"},
				"down": {"uv": [5.54545, 10.90909, 5.09091, 11.36364], "rotation": 90, "texture": "#4"}
			}
		},
		{
			"from": [7.55, 12.01171, -1.7674],
			"to": [8.45, 20.01171, -0.8674],
			"rotation": {"angle": 22.5, "axis": "x", "origin": [8, 8, -1]},
			"faces": {
				"north": {"uv": [0.36364, 10.90909, 0.72727, 13.81818], "texture": "#4"},
				"east": {"uv": [0.72727, 10.90909, 1.09091, 13.81818], "texture": "#4"},
				"south": {"uv": [1.09091, 10.90909, 1.45455, 13.81818], "texture": "#4"},
				"west": {"uv": [0, 10.90909, 0.36364, 13.81818], "texture": "#4"},
				"up": {"uv": [9.09091, 11.27273, 8.72727, 10.90909], "rotation": 270, "texture": "#4"},
				"down": {"uv": [9.45455, 10.90909, 9.09091, 11.27273], "rotation": 90, "texture": "#4"}
			}
		},
		{
			"from": [7.3, -3.76466, -6.49869],
			"to": [8.7, -2.76466, -5.09869],
			"rotation": {"angle": -45, "axis": "x", "origin": [8, 8, -1]},
			"faces": {
				"north": {"uv": [6.54545, 11.27273, 7.09091, 10.90909], "texture": "#4"},
				"east": {"uv": [7.27273, 11.27273, 7.81818, 10.90909], "texture": "#4"},
				"south": {"uv": [8, 11.27273, 8.54545, 10.90909], "texture": "#4"},
				"west": {"uv": [5.81818, 11.27273, 6.36364, 10.90909], "texture": "#4"},
				"up": {"uv": [4.18182, 11.45455, 3.63636, 10.90909], "rotation": 270, "texture": "#4"},
				"down": {"uv": [3.45455, 10.90909, 2.90909, 11.45455], "rotation": 90, "texture": "#4"}
			}
		},
		{
			"from": [7.55, -4.01171, -1.7674],
			"to": [8.45, 3.98829, -0.8674],
			"rotation": {"angle": -22.5, "axis": "x", "origin": [8, 8, -1]},
			"faces": {
				"north": {"uv": [0.36364, 13.81818, 0.72727, 10.90909], "texture": "#4"},
				"east": {"uv": [0.72727, 13.81818, 1.09091, 10.90909], "texture": "#4"},
				"south": {"uv": [1.09091, 13.81818, 1.45455, 10.90909], "texture": "#4"},
				"west": {"uv": [0, 13.81818, 0.36364, 10.90909], "texture": "#4"},
				"up": {"uv": [9.45455, 11.27273, 9.09091, 10.90909], "rotation": 270, "texture": "#4"},
				"down": {"uv": [9.09091, 10.90909, 8.72727, 11.27273], "rotation": 90, "texture": "#4"}
			}
		},
		{
			"from": [7.3, -1.59252, 1.73158],
			"to": [8.7, -1.09252, 3.13158],
			"rotation": {"angle": 0, "axis": "z", "origin": [8, 8, -1]},
			"faces": {
				"north": {"uv": [10.18182, 11.09091, 10.72727, 10.90909], "texture": "#4"},
				"east": {"uv": [10.90909, 11.09091, 11.45455, 10.90909], "texture": "#4"},
				"south": {"uv": [5.81818, 11.45455, 6.36364, 11.27273], "texture": "#4"},
				"west": {"uv": [9.45455, 11.09091, 10, 10.90909], "texture": "#4"},
				"up": {"uv": [2.72727, 11.45455, 2.18182, 10.90909], "rotation": 270, "texture": "#4"},
				"down": {"uv": [2, 10.90909, 1.45455, 11.45455], "rotation": 90, "texture": "#4"}
			}
		},
		{
			"from": [7.4, 1.73829, -1.9174],
			"to": [8.6, 2.23829, -0.7174],
			"rotation": {"angle": -22.5, "axis": "x", "origin": [8, 8, -1]},
			"faces": {
				"north": {"uv": [7.27273, 11.45455, 7.72727, 11.27273], "texture": "#4"},
				"east": {"uv": [7.27273, 11.45455, 7.72728, 11.27273], "texture": "#4"},
				"south": {"uv": [8.72727, 11.45455, 9.18182, 11.27273], "texture": "#4"},
				"west": {"uv": [6.54545, 11.45455, 7, 11.27273], "texture": "#4"},
				"up": {"uv": [5.54545, 11.36364, 5.09091, 10.90909], "rotation": 270, "texture": "#4"},
				"down": {"uv": [4.81818, 10.90909, 4.36364, 11.36364], "rotation": 90, "texture": "#4"}
			}
		},
		{
			"from": [7.3, 2.48829, -2.0174],
			"to": [8.7, 2.98829, -0.6174],
			"rotation": {"angle": -22.5, "axis": "x", "origin": [8, 8, -1]},
			"faces": {
				"north": {"uv": [10.18182, 11.09091, 10.72727, 10.90909], "texture": "#4"},
				"east": {"uv": [10.90909, 11.09091, 11.45455, 10.90909], "texture": "#4"},
				"south": {"uv": [5.81818, 11.45455, 6.36364, 11.27273], "texture": "#4"},
				"west": {"uv": [9.45455, 11.09091, 10, 10.90909], "texture": "#4"},
				"up": {"uv": [2.72727, 11.45455, 2.18182, 10.90909], "rotation": 270, "texture": "#4"},
				"down": {"uv": [2, 10.90909, 1.45455, 11.45455], "rotation": 90, "texture": "#4"}
			}
		},
		{
			"from": [7.4, -2.34252, 2.18158],
			"to": [8.6, -1.84252, 3.38158],
			"rotation": {"angle": 0, "axis": "z", "origin": [8, 8, -1]},
			"faces": {
				"north": {"uv": [7.27273, 11.45455, 7.72727, 11.27273], "texture": "#4"},
				"east": {"uv": [7.27273, 11.45455, 7.72728, 11.27273], "texture": "#4"},
				"south": {"uv": [8.72727, 11.45455, 9.18182, 11.27273], "texture": "#4"},
				"west": {"uv": [6.54545, 11.45455, 7, 11.27273], "texture": "#4"},
				"up": {"uv": [5.54545, 11.36364, 5.09091, 10.90909], "rotation": 270, "texture": "#4"},
				"down": {"uv": [4.81818, 10.90909, 4.36364, 11.36364], "rotation": 90, "texture": "#4"}
			}
		},
		{
			"from": [7.55, 4, -0.17377],
			"to": [8.45, 12, 0.72623],
			"rotation": {"angle": 0, "axis": "y", "origin": [8, 8, -1]},
			"faces": {
				"north": {"uv": [0.36364, 10.90909, 0.72727, 13.81818], "texture": "#4"},
				"east": {"uv": [0.72727, 10.90909, 1.09091, 13.81818], "texture": "#4"},
				"south": {"uv": [1.09091, 10.90909, 1.45455, 13.81818], "texture": "#4"},
				"west": {"uv": [0, 10.90909, 0.36364, 13.81818], "texture": "#4"},
				"up": {"uv": [9.09091, 11.27273, 8.72727, 10.90909], "rotation": 270, "texture": "#4"},
				"down": {"uv": [9.45455, 10.90909, 9.09091, 11.27273], "rotation": 90, "texture": "#4"}
			}
		},
		{
			"from": [7.9, 7.9, -8.72377],
			"to": [8.1, 8.1, -0.72377],
			"rotation": {"angle": 0, "axis": "z", "origin": [8, 8, -1]},
			"faces": {
				"north": {"uv": [9.09091, 11.27273, 8.72727, 10.90909], "rotation": 90, "texture": "#4"},
				"east": {"uv": [0.18182, 10.90909, 0.27273, 13.81818], "rotation": 90, "texture": "#4"},
				"south": {"uv": [9.45455, 10.90909, 9.09091, 11.27273], "rotation": 90, "texture": "#4"},
				"west": {"uv": [0.18182, 10.90909, 0.27273, 13.81818], "rotation": 270, "texture": "#4"},
				"up": {"uv": [0.18182, 10.90909, 0.27273, 13.81818], "texture": "#4"},
				"down": {"uv": [0.18182, 10.90909, 0.27272, 13.81818], "rotation": 180, "texture": "#4"}
			}
		},
		{
			"from": [7.9, 7.9, -0.72377],
			"to": [8.1, 8.1, 7.27623],
			"rotation": {"angle": 0, "axis": "z", "origin": [8, 8, -1]},
			"faces": {
				"north": {"uv": [9.09091, 11.27273, 8.72727, 10.90909], "rotation": 90, "texture": "#4"},
				"east": {"uv": [0.18182, 10.90909, 0.27273, 13.81818], "rotation": 90, "texture": "#4"},
				"south": {"uv": [9.45455, 10.90909, 9.09091, 11.27273], "rotation": 90, "texture": "#4"},
				"west": {"uv": [0.18182, 10.90909, 0.27273, 13.81818], "rotation": 270, "texture": "#4"},
				"up": {"uv": [0.18182, 10.90909, 0.27273, 13.81818], "texture": "#4"},
				"down": {"uv": [0.18182, 10.90909, 0.27272, 13.81818], "rotation": 180, "texture": "#4"}
			}
		},
		{
			"from": [8, -6.75, -7.69939],
			"to": [8, 22.75, 13.20061],
			"rotation": {"angle": 0, "axis": "z", "origin": [8, 8, -1]},
			"faces": {
				"north": {"uv": [0, 0, 0, 10.72727], "rotation": 180, "texture": "#4"},
				"east": {"uv": [7.63636, 0, 15.27273, 10.72727], "rotation": 180, "texture": "#4"},
				"south": {"uv": [0, 0, 0, 10.72727], "rotation": 180, "texture": "#4"},
				"west": {"uv": [0, 0, 7.63636, 10.72727], "rotation": 180, "texture": "#4"},
				"up": {"uv": [7.63636, 0, 0, 0], "rotation": 90, "texture": "#4"},
				"down": {"uv": [7.63636, 0, 0, 0], "rotation": 270, "texture": "#4"}
			}
		},
		{
			"from": [8, 17.7169, -8.50392],
			"to": [8, 27.3569, -5.10392],
			"rotation": {"angle": 45, "axis": "x", "origin": [8, 8, -1]},
			"faces": {
				"north": {"uv": [9, 0, 0, 1], "rotation": 90, "texture": "#6"},
				"east": {"uv": [0, 0, 16, 16], "rotation": 90, "texture": "#6"},
				"south": {"uv": [9, 0, 0, 1], "rotation": 90, "texture": "#6"},
				"west": {"uv": [16, 0, 0, 16], "rotation": 270, "texture": "#6"},
				"up": {"uv": [1, 0, 0, 9], "texture": "#6"},
				"down": {"uv": [1, 0, 0, 9], "rotation": 180, "texture": "#6"}
			}
		},
		{
			"from": [8, 5.51353, 5.03405],
			"to": [8, 6.31353, 7.17405],
			"rotation": {"angle": -22.5, "axis": "x", "origin": [8, 8, -1]},
			"faces": {
				"north": {"uv": [1, 0, 0, 9], "texture": "#6"},
				"east": {"uv": [0, 0, 16, 16], "texture": "#6"},
				"south": {"uv": [1, 0, 0, 9], "texture": "#6"},
				"west": {"uv": [16, 0, 0, 16], "texture": "#6"},
				"up": {"uv": [9, 0, 0, 1], "rotation": 270, "texture": "#6"},
				"down": {"uv": [9, 0, 0, 1], "rotation": 90, "texture": "#6"}
			}
		},
		{
			"from": [8, 8.14095, 7.29174],
			"to": [8, 8.94095, 9.43174],
			"rotation": {"angle": 0, "axis": "z", "origin": [8, 8, -1]},
			"faces": {
				"north": {"uv": [1, 0, 0, 9], "texture": "#6"},
				"east": {"uv": [0, 0, 16, 16], "texture": "#6"},
				"south": {"uv": [1, 0, 0, 9], "texture": "#6"},
				"west": {"uv": [16, 0, 0, 16], "texture": "#6"},
				"up": {"uv": [9, 0, 0, 1], "rotation": 270, "texture": "#6"},
				"down": {"uv": [9, 0, 0, 1], "rotation": 90, "texture": "#6"}
			}
		},
		{
			"from": [8, 7.05905, 7.29174],
			"to": [8, 7.85905, 9.43174],
			"rotation": {"angle": 0, "axis": "z", "origin": [8, 8, -1]},
			"faces": {
				"north": {"uv": [1, 9, 0, 0], "texture": "#6"},
				"east": {"uv": [0, 16, 16, 0], "texture": "#6"},
				"south": {"uv": [1, 9, 0, 0], "texture": "#6"},
				"west": {"uv": [16, 16, 0, 0], "texture": "#6"},
				"up": {"uv": [9, 1, 0, 0], "rotation": 270, "texture": "#6"},
				"down": {"uv": [9, 1, 0, 0], "rotation": 90, "texture": "#6"}
			}
		},
		{
			"from": [8, 4.98762, 5.51977],
			"to": [8, 5.78762, 7.65977],
			"rotation": {"angle": -22.5, "axis": "x", "origin": [8, 8, -1]},
			"faces": {
				"north": {"uv": [1, 0, 0, 9], "texture": "#6"},
				"east": {"uv": [0, 0, 16, 16], "texture": "#6"},
				"south": {"uv": [1, 0, 0, 9], "texture": "#6"},
				"west": {"uv": [16, 0, 0, 16], "texture": "#6"},
				"up": {"uv": [9, 0, 0, 1], "rotation": 270, "texture": "#6"},
				"down": {"uv": [9, 0, 0, 1], "rotation": 90, "texture": "#6"}
			}
		},
		{
			"from": [8, 10.21238, 5.51977],
			"to": [8, 11.01238, 7.65977],
			"rotation": {"angle": 22.5, "axis": "x", "origin": [8, 8, -1]},
			"faces": {
				"north": {"uv": [1, 9, 0, 0], "texture": "#6"},
				"east": {"uv": [0, 16, 16, 0], "texture": "#6"},
				"south": {"uv": [1, 9, 0, 0], "texture": "#6"},
				"west": {"uv": [16, 16, 0, 0], "texture": "#6"},
				"up": {"uv": [9, 1, 0, 0], "rotation": 270, "texture": "#6"},
				"down": {"uv": [9, 1, 0, 0], "rotation": 90, "texture": "#6"}
			}
		},
		{
			"from": [8, 9.68647, 5.03405],
			"to": [8, 10.48647, 7.17405],
			"rotation": {"angle": 22.5, "axis": "x", "origin": [8, 8, -1]},
			"faces": {
				"north": {"uv": [1, 9, 0, 0], "texture": "#6"},
				"east": {"uv": [0, 16, 16, 0], "texture": "#6"},
				"south": {"uv": [1, 9, 0, 0], "texture": "#6"},
				"west": {"uv": [16, 16, 0, 0], "texture": "#6"},
				"up": {"uv": [9, 1, 0, 0], "rotation": 270, "texture": "#6"},
				"down": {"uv": [9, 1, 0, 0], "rotation": 90, "texture": "#6"}
			}
		},
		{
			"from": [7.75, 14.40245, -5.21368],
			"to": [7.75, 20.40245, 0.78632],
			"rotation": {"angle": 22.5, "axis": "x", "origin": [8, 8, -1]},
			"faces": {
				"north": {"uv": [9, 1, 0, 0], "rotation": 90, "texture": "#3"},
				"east": {"uv": [0, 0, 16, 16], "rotation": 90, "texture": "#3"},
				"south": {"uv": [9, 1, 0, 0], "rotation": 90, "texture": "#3"},
				"west": {"uv": [16, 0, 0, 16], "rotation": 270, "texture": "#3"},
				"up": {"uv": [0, 0, 1, 9], "texture": "#3"},
				"down": {"uv": [0, 0, 1, 9], "rotation": 180, "texture": "#3"}
			}
		},
		{
			"from": [7.75, 9.40245, -5.21368],
			"to": [7.75, 15.40245, 0.78632],
			"rotation": {"angle": 22.5, "axis": "x", "origin": [8, 8, -1]},
			"faces": {
				"north": {"uv": [0, 1, 9, 0], "rotation": 270, "texture": "#2"},
				"east": {"uv": [16, 0, 0, 16], "rotation": 270, "texture": "#2"},
				"south": {"uv": [0, 1, 9, 0], "rotation": 270, "texture": "#2"},
				"west": {"uv": [0, 0, 16, 16], "rotation": 90, "texture": "#2"},
				"up": {"uv": [1, 0, 0, 9], "rotation": 180, "texture": "#2"},
				"down": {"uv": [1, 0, 0, 9], "texture": "#2"}
			}
		},
		{
			"from": [7.9, 21.43546, -8.2313],
			"to": [7.9, 23.43546, -5.2313],
			"rotation": {"angle": 45, "axis": "x", "origin": [8, 8, -1]},
			"faces": {
				"north": {"uv": [0, 1, 9, 0], "rotation": 270, "texture": "#5"},
				"east": {"uv": [16, 16, 0, 0], "rotation": 270, "texture": "#5"},
				"south": {"uv": [0, 1, 9, 0], "rotation": 270, "texture": "#5"},
				"west": {"uv": [0, 16, 16, 0], "rotation": 90, "texture": "#5"},
				"up": {"uv": [0, 9, 1, 0], "rotation": 180, "texture": "#5"},
				"down": {"uv": [0, 9, 1, 0], "texture": "#5"}
			}
		},
		{
			"from": [7.75, -4.40245, -5.21368],
			"to": [7.75, 1.59755, 0.78632],
			"rotation": {"angle": -22.5, "axis": "x", "origin": [8, 8, -1]},
			"faces": {
				"north": {"uv": [0, 1, 9, 0], "rotation": 90, "texture": "#3"},
				"east": {"uv": [16, 0, 0, 16], "rotation": 90, "texture": "#3"},
				"south": {"uv": [0, 1, 9, 0], "rotation": 90, "texture": "#3"},
				"west": {"uv": [0, 0, 16, 16], "rotation": 270, "texture": "#3"},
				"up": {"uv": [1, 0, 0, 9], "texture": "#3"},
				"down": {"uv": [1, 0, 0, 9], "rotation": 180, "texture": "#3"}
			}
		},
		{
			"from": [7.75, 0.59755, -5.21368],
			"to": [7.75, 6.59755, 0.78632],
			"rotation": {"angle": -22.5, "axis": "x", "origin": [8, 8, -1]},
			"faces": {
				"north": {"uv": [9, 1, 0, 0], "rotation": 270, "texture": "#2"},
				"east": {"uv": [0, 0, 16, 16], "rotation": 270, "texture": "#2"},
				"south": {"uv": [9, 1, 0, 0], "rotation": 270, "texture": "#2"},
				"west": {"uv": [16, 0, 0, 16], "rotation": 90, "texture": "#2"},
				"up": {"uv": [0, 0, 1, 9], "rotation": 180, "texture": "#2"},
				"down": {"uv": [0, 0, 1, 9], "texture": "#2"}
			}
		},
		{
			"from": [7.9, -7.43546, -8.2313],
			"to": [7.9, -5.43546, -5.2313],
			"rotation": {"angle": -45, "axis": "x", "origin": [8, 8, -1]},
			"faces": {
				"north": {"uv": [9, 1, 0, 0], "rotation": 270, "texture": "#5"},
				"east": {"uv": [0, 16, 16, 0], "rotation": 270, "texture": "#5"},
				"south": {"uv": [9, 1, 0, 0], "rotation": 270, "texture": "#5"},
				"west": {"uv": [16, 16, 0, 0], "rotation": 90, "texture": "#5"},
				"up": {"uv": [1, 9, 0, 0], "rotation": 180, "texture": "#5"},
				"down": {"uv": [1, 9, 0, 0], "texture": "#5"}
			}
		},
		{
			"from": [8.1, 21.43546, -8.2313],
			"to": [8.1, 23.43546, -5.2313],
			"rotation": {"angle": 45, "axis": "x", "origin": [8, 8, -1]},
			"faces": {
				"north": {"uv": [0, 0, 9, 1], "rotation": 270, "texture": "#5"},
				"east": {"uv": [0, 0, 16, 16], "rotation": 90, "texture": "#5"},
				"south": {"uv": [0, 0, 9, 1], "rotation": 270, "texture": "#5"},
				"west": {"uv": [16, 0, 0, 16], "rotation": 270, "texture": "#5"},
				"up": {"uv": [1, 9, 0, 0], "rotation": 180, "texture": "#5"},
				"down": {"uv": [1, 9, 0, 0], "texture": "#5"}
			}
		},
		{
			"from": [8.25, 14.40245, -5.21368],
			"to": [8.25, 20.40245, 0.78632],
			"rotation": {"angle": 22.5, "axis": "x", "origin": [8, 8, -1]},
			"faces": {
				"north": {"uv": [9, 0, 0, 1], "rotation": 90, "texture": "#3"},
				"east": {"uv": [16, 16, 0, 0], "rotation": 270, "texture": "#3"},
				"south": {"uv": [9, 0, 0, 1], "rotation": 90, "texture": "#3"},
				"west": {"uv": [0, 16, 16, 0], "rotation": 90, "texture": "#3"},
				"up": {"uv": [1, 0, 0, 9], "texture": "#3"},
				"down": {"uv": [1, 0, 0, 9], "rotation": 180, "texture": "#3"}
			}
		},
		{
			"from": [8.25, 9.40245, -5.21368],
			"to": [8.25, 15.40245, 0.78632],
			"rotation": {"angle": 22.5, "axis": "x", "origin": [8, 8, -1]},
			"faces": {
				"north": {"uv": [0, 0, 9, 1], "rotation": 270, "texture": "#2"},
				"east": {"uv": [0, 16, 16, 0], "rotation": 90, "texture": "#2"},
				"south": {"uv": [0, 0, 9, 1], "rotation": 270, "texture": "#2"},
				"west": {"uv": [16, 16, 0, 0], "rotation": 270, "texture": "#2"},
				"up": {"uv": [0, 0, 1, 9], "rotation": 180, "texture": "#2"},
				"down": {"uv": [0, 0, 1, 9], "texture": "#2"}
			}
		},
		{
			"from": [8.25, 0.59755, -5.21368],
			"to": [8.25, 6.59755, 0.78632],
			"rotation": {"angle": -22.5, "axis": "x", "origin": [8, 8, -1]},
			"faces": {
				"north": {"uv": [9, 0, 0, 1], "rotation": 270, "texture": "#2"},
				"east": {"uv": [16, 16, 0, 0], "rotation": 90, "texture": "#2"},
				"south": {"uv": [9, 0, 0, 1], "rotation": 270, "texture": "#2"},
				"west": {"uv": [0, 16, 16, 0], "rotation": 270, "texture": "#2"},
				"up": {"uv": [1, 0, 0, 9], "rotation": 180, "texture": "#2"},
				"down": {"uv": [1, 0, 0, 9], "texture": "#2"}
			}
		},
		{
			"from": [8.25, -4.40245, -5.21368],
			"to": [8.25, 1.59755, 0.78632],
			"rotation": {"angle": -22.5, "axis": "x", "origin": [8, 8, -1]},
			"faces": {
				"north": {"uv": [0, 0, 9, 1], "rotation": 90, "texture": "#3"},
				"east": {"uv": [0, 16, 16, 0], "rotation": 270, "texture": "#3"},
				"south": {"uv": [0, 0, 9, 1], "rotation": 90, "texture": "#3"},
				"west": {"uv": [16, 16, 0, 0], "rotation": 90, "texture": "#3"},
				"up": {"uv": [0, 0, 1, 9], "texture": "#3"},
				"down": {"uv": [0, 0, 1, 9], "rotation": 180, "texture": "#3"}
			}
		},
		{
			"from": [8.1, -7.43546, -8.2313],
			"to": [8.1, -5.43546, -5.2313],
			"rotation": {"angle": -45, "axis": "x", "origin": [8, 8, -1]},
			"faces": {
				"north": {"uv": [9, 0, 0, 1], "rotation": 270, "texture": "#5"},
				"east": {"uv": [16, 0, 0, 16], "rotation": 90, "texture": "#5"},
				"south": {"uv": [9, 0, 0, 1], "rotation": 270, "texture": "#5"},
				"west": {"uv": [0, 0, 16, 16], "rotation": 270, "texture": "#5"},
				"up": {"uv": [0, 9, 1, 0], "rotation": 180, "texture": "#5"},
				"down": {"uv": [0, 9, 1, 0], "texture": "#5"}
			}
		},
		{
			"from": [7.72, 18.42872, 1.49734],
			"to": [8.28, 19.82872, 2.05734],
			"rotation": {"angle": 0, "axis": "z", "origin": [8, 8, -1]},
			"faces": {
				"north": {"uv": [3.75, 7, 2, 7.75], "rotation": 270, "texture": "#1"},
				"east": {"uv": [7, 0, 8.75, 0.75], "rotation": 270, "texture": "#1"},
				"south": {"uv": [8.75, 1.75, 7, 1], "rotation": 270, "texture": "#1"},
				"west": {"uv": [6, 4, 7.75, 4.75], "rotation": 90, "texture": "#1"},
				"up": {"uv": [6, 12, 6.75, 12.75], "rotation": 180, "texture": "#1"},
				"down": {"uv": [12, 6, 12.75, 6.75], "texture": "#1"}
			}
		},
		{
			"from": [7.8, 12.43693, 2.93455],
			"to": [8.2, 14.03693, 3.33455],
			"rotation": {"angle": -22.5, "axis": "x", "origin": [8, 8, -1]},
			"faces": {
				"north": {"uv": [11, 0, 11.5, 2], "rotation": 180, "texture": "#1"},
				"east": {"uv": [0, 11, 0.5, 13], "rotation": 180, "texture": "#1"},
				"south": {"uv": [10, 9, 10.5, 11], "rotation": 180, "texture": "#1"},
				"west": {"uv": [9, 10, 9.5, 12], "rotation": 180, "texture": "#1"},
				"up": {"uv": [13.5, 13, 13, 13.5], "rotation": 90, "texture": "#1"},
				"down": {"uv": [13.5, 12.5, 13, 12], "rotation": 270, "texture": "#1"}
			}
		},
		{
			"from": [7.8, 13.40044, 3.87484],
			"to": [8.2, 15.00044, 4.27484],
			"rotation": {"angle": -22.5, "axis": "x", "origin": [8, 8, -1]},
			"faces": {
				"north": {"uv": [11, 0, 11.5, 2], "rotation": 180, "texture": "#1"},
				"east": {"uv": [0, 11, 0.5, 13], "rotation": 180, "texture": "#1"},
				"south": {"uv": [10, 9, 10.5, 11], "rotation": 180, "texture": "#1"},
				"west": {"uv": [9, 10, 9.5, 12], "rotation": 180, "texture": "#1"},
				"up": {"uv": [13.5, 13, 13, 13.5], "rotation": 90, "texture": "#1"},
				"down": {"uv": [13.5, 12.5, 13, 12], "rotation": 270, "texture": "#1"}
			}
		},
		{
			"from": [7.72, 11.52636, 0.66684],
			"to": [8.28, 12.92636, 1.22684],
			"rotation": {"angle": -22.5, "axis": "x", "origin": [8, 8, -1]},
			"faces": {
				"north": {"uv": [2, 7.75, 3.75, 7], "rotation": 90, "texture": "#1"},
				"east": {"uv": [8.75, 0.75, 7, 0], "rotation": 90, "texture": "#1"},
				"south": {"uv": [7, 1, 8.75, 1.75], "rotation": 90, "texture": "#1"},
				"west": {"uv": [7.75, 4.75, 6, 4], "rotation": 270, "texture": "#1"},
				"up": {"uv": [6.75, 12.75, 6, 12], "texture": "#1"},
				"down": {"uv": [12.75, 6.75, 12, 6], "rotation": 180, "texture": "#1"}
			}
		},
		{
			"from": [7.72, 11.52636, 0.66684],
			"to": [8.28, 12.92636, 1.22684],
			"rotation": {"angle": -22.5, "axis": "x", "origin": [8, 8, -1]},
			"faces": {
				"north": {"uv": [2, 7, 3.75, 7.75], "rotation": 90, "texture": "#1"},
				"east": {"uv": [7.75, 4, 6, 4.75], "rotation": 270, "texture": "#1"},
				"south": {"uv": [7, 1.75, 8.75, 1], "rotation": 90, "texture": "#1"},
				"west": {"uv": [8.75, 0, 7, 0.75], "rotation": 90, "texture": "#1"},
				"up": {"uv": [6, 12.75, 6.75, 12], "texture": "#1"},
				"down": {"uv": [12, 6.75, 12.75, 6], "rotation": 180, "texture": "#1"}
			}
		},
		{
			"from": [7.8, 12.66008, -3.26969],
			"to": [8.2, 14.26008, -2.86969],
			"rotation": {"angle": 22.5, "axis": "x", "origin": [8, 8, -1]},
			"faces": {
				"north": {"uv": [10, 9, 10.5, 11], "texture": "#1"},
				"east": {"uv": [0, 11, 0.5, 13], "texture": "#1"},
				"south": {"uv": [11, 0, 11.5, 2], "texture": "#1"},
				"west": {"uv": [9, 10, 9.5, 12], "texture": "#1"},
				"up": {"uv": [13.5, 12.5, 13, 12], "rotation": 270, "texture": "#1"},
				"down": {"uv": [13.5, 13, 13, 13.5], "rotation": 90, "texture": "#1"}
			}
		},
		{
			"from": [7.804, 3.48716, 3.30299],
			"to": [8.196, 3.87916, 4.28299],
			"rotation": {"angle": -45, "axis": "x", "origin": [8, 8, -1]},
			"faces": {
				"north": {"uv": [12.75, 6.75, 12, 6], "texture": "#1"},
				"east": {"uv": [8.75, 0.75, 7, 0], "texture": "#1"},
				"south": {"uv": [6.75, 12.75, 6, 12], "texture": "#1"},
				"west": {"uv": [7.75, 4.75, 6, 4], "texture": "#1"},
				"up": {"uv": [2, 7.75, 3.75, 7], "rotation": 270, "texture": "#1"},
				"down": {"uv": [7, 1, 8.75, 1.75], "rotation": 90, "texture": "#1"}
			}
		},
		{
			"from": [7.804, 2.07294, 4.7172],
			"to": [8.196, 2.46494, 5.6972],
			"rotation": {"angle": -45, "axis": "x", "origin": [8, 8, -1]},
			"faces": {
				"north": {"uv": [12.75, 6.75, 12, 6], "texture": "#1"},
				"east": {"uv": [8.75, 0.75, 7, 0], "texture": "#1"},
				"south": {"uv": [6.75, 12.75, 6, 12], "texture": "#1"},
				"west": {"uv": [7.75, 4.75, 6, 4], "texture": "#1"},
				"up": {"uv": [2, 7.75, 3.75, 7], "rotation": 270, "texture": "#1"},
				"down": {"uv": [7, 1, 8.75, 1.75], "rotation": 90, "texture": "#1"}
			}
		},
		{
			"from": [7.804, 12.12084, 3.30299],
			"to": [8.196, 12.51284, 4.28299],
			"rotation": {"angle": 45, "axis": "x", "origin": [8, 8, -1]},
			"faces": {
				"north": {"uv": [12.75, 6, 12, 6.75], "texture": "#1"},
				"east": {"uv": [8.75, 0, 7, 0.75], "texture": "#1"},
				"south": {"uv": [6.75, 12, 6, 12.75], "texture": "#1"},
				"west": {"uv": [7.75, 4, 6, 4.75], "texture": "#1"},
				"up": {"uv": [7, 1.75, 8.75, 1], "rotation": 270, "texture": "#1"},
				"down": {"uv": [2, 7, 3.75, 7.75], "rotation": 90, "texture": "#1"}
			}
		},
		{
			"from": [7.804, 13.53506, 4.7172],
			"to": [8.196, 13.92706, 5.6972],
			"rotation": {"angle": 45, "axis": "x", "origin": [8, 8, -1]},
			"faces": {
				"north": {"uv": [12.75, 6, 12, 6.75], "texture": "#1"},
				"east": {"uv": [8.75, 0, 7, 0.75], "texture": "#1"},
				"south": {"uv": [6.75, 12, 6, 12.75], "texture": "#1"},
				"west": {"uv": [7.75, 4, 6, 4.75], "texture": "#1"},
				"up": {"uv": [7, 1.75, 8.75, 1], "rotation": 270, "texture": "#1"},
				"down": {"uv": [2, 7, 3.75, 7.75], "rotation": 90, "texture": "#1"}
			}
		},
		{
			"from": [7.925, 7.88649, 6.22734],
			"to": [8.075, 20.48649, 6.37734],
			"rotation": {"angle": 0, "axis": "z", "origin": [8, 8, -1]},
			"faces": {
				"north": {"uv": [15, 0, 15.25, 14.25], "rotation": 180, "texture": "#1"},
				"east": {"uv": [15, 0, 15.25, 14.25], "rotation": 180, "texture": "#1"},
				"south": {"uv": [15, 0, 15.25, 14.25], "rotation": 180, "texture": "#1"},
				"west": {"uv": [15, 0, 15.25, 14.25], "rotation": 180, "texture": "#1"},
				"up": {"uv": [13.5, 13, 13, 13.5], "rotation": 90, "texture": "#1"},
				"down": {"uv": [13.5, 12.5, 13, 12], "rotation": 270, "texture": "#1"}
			}
		},
		{
			"from": [7.925, -4.48649, 6.22734],
			"to": [8.075, 8.11351, 6.37734],
			"rotation": {"angle": 0, "axis": "z", "origin": [8, 8, -1]},
			"faces": {
				"north": {"uv": [15, 14.25, 15.25, 0], "rotation": 180, "texture": "#1"},
				"east": {"uv": [15, 14.25, 15.25, 0], "rotation": 180, "texture": "#1"},
				"south": {"uv": [15, 14.25, 15.25, 0], "rotation": 180, "texture": "#1"},
				"west": {"uv": [15, 14.25, 15.25, 0], "rotation": 180, "texture": "#1"},
				"up": {"uv": [13.5, 12, 13, 12.5], "rotation": 90, "texture": "#1"},
				"down": {"uv": [13.5, 13.5, 13, 13], "rotation": 270, "texture": "#1"}
			}
		},
		{
			"from": [7.72, -3.82872, 1.49734],
			"to": [8.28, -2.42872, 2.05734],
			"rotation": {"angle": 0, "axis": "z", "origin": [8, 8, -1]},
			"faces": {
				"north": {"uv": [2, 7, 3.75, 7.75], "rotation": 270, "texture": "#1"},
				"east": {"uv": [8.75, 0, 7, 0.75], "rotation": 270, "texture": "#1"},
				"south": {"uv": [7, 1.75, 8.75, 1], "rotation": 270, "texture": "#1"},
				"west": {"uv": [7.75, 4, 6, 4.75], "rotation": 90, "texture": "#1"},
				"up": {"uv": [12.75, 6, 12, 6.75], "rotation": 180, "texture": "#1"},
				"down": {"uv": [6.75, 12, 6, 12.75], "texture": "#1"}
			}
		},
		{
			"from": [7.8, 0.99956, 3.87484],
			"to": [8.2, 2.59956, 4.27484],
			"rotation": {"angle": 22.5, "axis": "x", "origin": [8, 8, -1]},
			"faces": {
				"north": {"uv": [11, 2, 11.5, 0], "rotation": 180, "texture": "#1"},
				"east": {"uv": [0, 13, 0.5, 11], "rotation": 180, "texture": "#1"},
				"south": {"uv": [10, 11, 10.5, 9], "rotation": 180, "texture": "#1"},
				"west": {"uv": [9, 12, 9.5, 10], "rotation": 180, "texture": "#1"},
				"up": {"uv": [13.5, 12, 13, 12.5], "rotation": 90, "texture": "#1"},
				"down": {"uv": [13.5, 13.5, 13, 13], "rotation": 270, "texture": "#1"}
			}
		},
		{
			"from": [7.8, 1.96307, 2.93455],
			"to": [8.2, 3.56307, 3.33455],
			"rotation": {"angle": 22.5, "axis": "x", "origin": [8, 8, -1]},
			"faces": {
				"north": {"uv": [11, 2, 11.5, 0], "rotation": 180, "texture": "#1"},
				"east": {"uv": [0, 13, 0.5, 11], "rotation": 180, "texture": "#1"},
				"south": {"uv": [10, 11, 10.5, 9], "rotation": 180, "texture": "#1"},
				"west": {"uv": [9, 12, 9.5, 10], "rotation": 180, "texture": "#1"},
				"up": {"uv": [13.5, 12, 13, 12.5], "rotation": 90, "texture": "#1"},
				"down": {"uv": [13.5, 13.5, 13, 13], "rotation": 270, "texture": "#1"}
			}
		},
		{
			"from": [7.8, 1.73992, -3.26969],
			"to": [8.2, 3.33992, -2.86969],
			"rotation": {"angle": -22.5, "axis": "x", "origin": [8, 8, -1]},
			"faces": {
				"north": {"uv": [10, 11, 10.5, 9], "texture": "#1"},
				"east": {"uv": [0, 13, 0.5, 11], "texture": "#1"},
				"south": {"uv": [11, 2, 11.5, 0], "texture": "#1"},
				"west": {"uv": [9, 12, 9.5, 10], "texture": "#1"},
				"up": {"uv": [13.5, 13.5, 13, 13], "rotation": 270, "texture": "#1"},
				"down": {"uv": [13.5, 12, 13, 12.5], "rotation": 90, "texture": "#1"}
			}
		},
		{
			"from": [7.72, 3.07364, 0.66684],
			"to": [8.28, 4.47364, 1.22684],
			"rotation": {"angle": 22.5, "axis": "x", "origin": [8, 8, -1]},
			"faces": {
				"north": {"uv": [3.75, 7.75, 2, 7], "rotation": 90, "texture": "#1"},
				"east": {"uv": [7, 0.75, 8.75, 0], "rotation": 90, "texture": "#1"},
				"south": {"uv": [8.75, 1, 7, 1.75], "rotation": 90, "texture": "#1"},
				"west": {"uv": [6, 4.75, 7.75, 4], "rotation": 270, "texture": "#1"},
				"up": {"uv": [12, 6.75, 12.75, 6], "texture": "#1"},
				"down": {"uv": [6, 12.75, 6.75, 12], "rotation": 180, "texture": "#1"}
			}
		},
		{
			"from": [7.7, 14.93668, -2.88341],
			"to": [8.3, 15.73668, -2.08341],
			"rotation": {"angle": 22.5, "axis": "x", "origin": [8, 8, -1]},
			"faces": {
				"north": {"uv": [6, 11.75, 5, 11], "rotation": 90, "texture": "#1"},
				"east": {"uv": [2, 10, 3, 9], "rotation": 90, "texture": "#1"},
				"south": {"uv": [12, 4, 11, 4.75], "rotation": 90, "texture": "#1"},
				"west": {"uv": [9, 2, 10, 1], "rotation": 270, "texture": "#1"},
				"up": {"uv": [4, 12, 4.75, 11], "texture": "#1"},
				"down": {"uv": [11, 4, 11.75, 3], "rotation": 180, "texture": "#1"}
			}
		},
		{
			"from": [7.7, 16.28287, -2.89983],
			"to": [8.3, 17.08287, -2.09983],
			"rotation": {"angle": 22.5, "axis": "x", "origin": [8, 8, -1]},
			"faces": {
				"north": {"uv": [6, 11.75, 5, 11], "rotation": 90, "texture": "#1"},
				"east": {"uv": [2, 10, 3, 9], "rotation": 90, "texture": "#1"},
				"south": {"uv": [12, 4, 11, 4.75], "rotation": 90, "texture": "#1"},
				"west": {"uv": [9, 2, 10, 1], "rotation": 270, "texture": "#1"},
				"up": {"uv": [4, 12, 4.75, 11], "texture": "#1"},
				"down": {"uv": [11, 4, 11.75, 3], "rotation": 180, "texture": "#1"}
			}
		},
		{
			"from": [7.6, 16.11043, 5.14015],
			"to": [8.4, 16.91043, 5.94015],
			"rotation": {"angle": -22.5, "axis": "x", "origin": [8, 8, -1]},
			"faces": {
				"north": {"uv": [11, 0, 10, 1], "texture": "#1"},
				"east": {"uv": [1, 10, 0, 11], "texture": "#1"},
				"south": {"uv": [10, 9, 9, 10], "texture": "#1"},
				"west": {"uv": [9, 9, 8, 10], "texture": "#1"},
				"up": {"uv": [1, 11, 2, 10], "rotation": 270, "texture": "#1"},
				"down": {"uv": [10, 1, 11, 2], "rotation": 90, "texture": "#1"}
			}
		},
		{
			"from": [7.6, 10.0513, 1.73145],
			"to": [8.4, 10.8513, 2.53145],
			"rotation": {"angle": -45, "axis": "x", "origin": [8, 8, -1]},
			"faces": {
				"north": {"uv": [10, 1, 11, 0], "rotation": 180, "texture": "#1"},
				"east": {"uv": [0, 11, 1, 10], "rotation": 180, "texture": "#1"},
				"south": {"uv": [9, 10, 10, 9], "rotation": 180, "texture": "#1"},
				"west": {"uv": [8, 10, 9, 9], "rotation": 180, "texture": "#1"},
				"up": {"uv": [2, 10, 1, 11], "rotation": 90, "texture": "#1"},
				"down": {"uv": [11, 2, 10, 1], "rotation": 270, "texture": "#1"}
			}
		},
		{
			"from": [7.72, 12.10676, 3.05615],
			"to": [8.28, 12.66676, 3.61615],
			"rotation": {"angle": 45, "axis": "x", "origin": [8, 8, -1]},
			"faces": {
				"north": {"uv": [10, 1, 11, 0], "rotation": 180, "texture": "#1"},
				"east": {"uv": [0, 11, 1, 10], "rotation": 180, "texture": "#1"},
				"south": {"uv": [9, 10, 10, 9], "rotation": 180, "texture": "#1"},
				"west": {"uv": [8, 10, 9, 9], "rotation": 180, "texture": "#1"},
				"up": {"uv": [2, 10, 1, 11], "rotation": 90, "texture": "#1"},
				"down": {"uv": [11, 2, 10, 1], "rotation": 270, "texture": "#1"}
			}
		},
		{
			"from": [7.72, 2.58728, -6.41272],
			"to": [8.28, 3.39728, -5.60272],
			"rotation": {"angle": 45, "axis": "x", "origin": [8, 8, -1]},
			"faces": {
				"north": {"uv": [10, 1, 11, 0], "rotation": 180, "texture": "#1"},
				"east": {"uv": [0, 11, 1, 10], "rotation": 180, "texture": "#1"},
				"south": {"uv": [9, 10, 10, 9], "rotation": 180, "texture": "#1"},
				"west": {"uv": [8, 10, 9, 9], "rotation": 180, "texture": "#1"},
				"up": {"uv": [2, 10, 1, 11], "rotation": 90, "texture": "#1"},
				"down": {"uv": [11, 2, 10, 1], "rotation": 270, "texture": "#1"}
			}
		},
		{
			"from": [7.72, 1.45591, -7.54409],
			"to": [8.28, 2.01591, -6.98409],
			"rotation": {"angle": 45, "axis": "x", "origin": [8, 8, -1]},
			"faces": {
				"north": {"uv": [10, 1, 11, 0], "rotation": 180, "texture": "#1"},
				"east": {"uv": [0, 11, 1, 10], "rotation": 180, "texture": "#1"},
				"south": {"uv": [9, 10, 10, 9], "rotation": 180, "texture": "#1"},
				"west": {"uv": [8, 10, 9, 9], "rotation": 180, "texture": "#1"},
				"up": {"uv": [2, 10, 1, 11], "rotation": 90, "texture": "#1"},
				"down": {"uv": [11, 2, 10, 1], "rotation": 270, "texture": "#1"}
			}
		},
		{
			"from": [7.72, 13.52097, 4.47036],
			"to": [8.28, 14.08097, 5.03036],
			"rotation": {"angle": 45, "axis": "x", "origin": [8, 8, -1]},
			"faces": {
				"north": {"uv": [10, 1, 11, 0], "rotation": 180, "texture": "#1"},
				"east": {"uv": [0, 11, 1, 10], "rotation": 180, "texture": "#1"},
				"south": {"uv": [9, 10, 10, 9], "rotation": 180, "texture": "#1"},
				"west": {"uv": [8, 10, 9, 9], "rotation": 180, "texture": "#1"},
				"up": {"uv": [2, 10, 1, 11], "rotation": 90, "texture": "#1"},
				"down": {"uv": [11, 2, 10, 1], "rotation": 270, "texture": "#1"}
			}
		},
		{
			"from": [7.6, -0.91043, 5.14015],
			"to": [8.4, -0.11043, 5.94015],
			"rotation": {"angle": 22.5, "axis": "x", "origin": [8, 8, -1]},
			"faces": {
				"north": {"uv": [11, 1, 10, 0], "texture": "#1"},
				"east": {"uv": [1, 11, 0, 10], "texture": "#1"},
				"south": {"uv": [10, 10, 9, 9], "texture": "#1"},
				"west": {"uv": [9, 10, 8, 9], "texture": "#1"},
				"up": {"uv": [10, 2, 11, 1], "rotation": 270, "texture": "#1"},
				"down": {"uv": [1, 10, 2, 11], "rotation": 90, "texture": "#1"}
			}
		},
		{
			"from": [7.7, -1.08287, -2.89983],
			"to": [8.3, -0.28287, -2.09983],
			"rotation": {"angle": -22.5, "axis": "x", "origin": [8, 8, -1]},
			"faces": {
				"north": {"uv": [5, 11.75, 6, 11], "rotation": 90, "texture": "#1"},
				"east": {"uv": [3, 10, 2, 9], "rotation": 90, "texture": "#1"},
				"south": {"uv": [11, 4, 12, 4.75], "rotation": 90, "texture": "#1"},
				"west": {"uv": [10, 2, 9, 1], "rotation": 270, "texture": "#1"},
				"up": {"uv": [11.75, 4, 11, 3], "texture": "#1"},
				"down": {"uv": [4.75, 12, 4, 11], "rotation": 180, "texture": "#1"}
			}
		},
		{
			"from": [7.7, 0.26332, -2.88341],
			"to": [8.3, 1.06332, -2.08341],
			"rotation": {"angle": -22.5, "axis": "x", "origin": [8, 8, -1]},
			"faces": {
				"north": {"uv": [5, 11.75, 6, 11], "rotation": 90, "texture": "#1"},
				"east": {"uv": [3, 10, 2, 9], "rotation": 90, "texture": "#1"},
				"south": {"uv": [11, 4, 12, 4.75], "rotation": 90, "texture": "#1"},
				"west": {"uv": [10, 2, 9, 1], "rotation": 270, "texture": "#1"},
				"up": {"uv": [11.75, 4, 11, 3], "texture": "#1"},
				"down": {"uv": [4.75, 12, 4, 11], "rotation": 180, "texture": "#1"}
			}
		},
		{
			"from": [7.6, 5.1487, 1.73145],
			"to": [8.4, 5.9487, 2.53145],
			"rotation": {"angle": 45, "axis": "x", "origin": [8, 8, -1]},
			"faces": {
				"north": {"uv": [10, 0, 11, 1], "rotation": 180, "texture": "#1"},
				"east": {"uv": [0, 10, 1, 11], "rotation": 180, "texture": "#1"},
				"south": {"uv": [9, 9, 10, 10], "rotation": 180, "texture": "#1"},
				"west": {"uv": [8, 9, 9, 10], "rotation": 180, "texture": "#1"},
				"up": {"uv": [11, 1, 10, 2], "rotation": 90, "texture": "#1"},
				"down": {"uv": [2, 11, 1, 10], "rotation": 270, "texture": "#1"}
			}
		},
		{
			"from": [7.6, 20.4266, 5.92388],
			"to": [8.4, 21.2266, 6.72388],
			"rotation": {"angle": 0, "axis": "z", "origin": [8, 8, -1]},
			"faces": {
				"north": {"uv": [3, 10, 4, 11], "texture": "#1"},
				"east": {"uv": [4, 10, 5, 11], "texture": "#1"},
				"south": {"uv": [10, 7, 11, 8], "texture": "#1"},
				"west": {"uv": [2, 10, 3, 11], "texture": "#1"},
				"up": {"uv": [9, 11, 8, 10], "rotation": 270, "texture": "#1"},
				"down": {"uv": [11, 8, 10, 9], "rotation": 90, "texture": "#1"}
			}
		},
		{
			"from": [7.72, 16.8475, 9.07492],
			"to": [8.28, 17.4075, 10.47492],
			"rotation": {"angle": -22.5, "axis": "x", "origin": [8, 8, -1]},
			"faces": {
				"north": {"uv": [6, 12, 6.75, 12.75], "texture": "#1"},
				"east": {"uv": [7, 0, 8.75, 0.75], "texture": "#1"},
				"south": {"uv": [12, 6, 12.75, 6.75], "texture": "#1"},
				"west": {"uv": [6, 4, 7.75, 4.75], "texture": "#1"},
				"up": {"uv": [8.75, 1.75, 7, 1], "rotation": 270, "texture": "#1"},
				"down": {"uv": [3.75, 7, 2, 7.75], "rotation": 90, "texture": "#1"}
			}
		},
		{
			"from": [7.6, 20.51701, -1.53414],
			"to": [8.4, 22.11701, 0.06586],
			"rotation": {"angle": 22.5, "axis": "x", "origin": [8, 8, -1]},
			"faces": {
				"north": {"uv": [4, 5, 2, 4], "rotation": 90, "texture": "#1"},
				"east": {"uv": [0, 2, 2, 4], "rotation": 90, "texture": "#1"},
				"south": {"uv": [6, 4, 4, 5], "rotation": 90, "texture": "#1"},
				"west": {"uv": [0, 0, 2, 2], "rotation": 270, "texture": "#1"},
				"up": {"uv": [1, 4, 2, 6], "texture": "#1"},
				"down": {"uv": [0, 4, 1, 6], "rotation": 180, "texture": "#1"}
			}
		},
		{
			"from": [8, 1.53736, -7.46264],
			"to": [8, 3.13736, -5.86264],
			"rotation": {"angle": 45, "axis": "x", "origin": [8, 8, -1]},
			"faces": {
				"north": {"uv": [4, 5, 2, 4], "rotation": 90, "texture": "#1"},
				"east": {"uv": [0, 2, 2, 4], "rotation": 90, "texture": "#1"},
				"south": {"uv": [6, 4, 4, 5], "rotation": 90, "texture": "#1"},
				"west": {"uv": [0, 0, 2, 2], "rotation": 270, "texture": "#1"},
				"up": {"uv": [1, 4, 2, 6], "texture": "#1"},
				"down": {"uv": [0, 4, 1, 6], "rotation": 180, "texture": "#1"}
			}
		},
		{
			"from": [8, 14.06975, -8.16975],
			"to": [8, 15.16975, -7.06975],
			"rotation": {"angle": -45, "axis": "x", "origin": [8, 8, -1]},
			"faces": {
				"north": {"uv": [6, 4, 4, 5], "rotation": 270, "texture": "#1"},
				"east": {"uv": [0, 2, 2, 4], "rotation": 270, "texture": "#1"},
				"south": {"uv": [4, 5, 2, 4], "rotation": 270, "texture": "#1"},
				"west": {"uv": [0, 0, 2, 2], "rotation": 90, "texture": "#1"},
				"up": {"uv": [0, 4, 1, 6], "rotation": 180, "texture": "#1"},
				"down": {"uv": [1, 4, 2, 6], "texture": "#1"}
			}
		},
		{
			"from": [7.6, -5.2266, 5.92388],
			"to": [8.4, -4.4266, 6.72388],
			"rotation": {"angle": 0, "axis": "z", "origin": [8, 8, -1]},
			"faces": {
				"north": {"uv": [3, 11, 4, 10], "texture": "#1"},
				"east": {"uv": [4, 11, 5, 10], "texture": "#1"},
				"south": {"uv": [10, 8, 11, 7], "texture": "#1"},
				"west": {"uv": [2, 11, 3, 10], "texture": "#1"},
				"up": {"uv": [11, 9, 10, 8], "rotation": 270, "texture": "#1"},
				"down": {"uv": [9, 10, 8, 11], "rotation": 90, "texture": "#1"}
			}
		},
		{
			"from": [7.72, -1.4075, 9.07492],
			"to": [8.28, -0.8475, 10.47492],
			"rotation": {"angle": 22.5, "axis": "x", "origin": [8, 8, -1]},
			"faces": {
				"north": {"uv": [6, 12.75, 6.75, 12], "texture": "#1"},
				"east": {"uv": [7, 0.75, 8.75, 0], "texture": "#1"},
				"south": {"uv": [12, 6.75, 12.75, 6], "texture": "#1"},
				"west": {"uv": [6, 4.75, 7.75, 4], "texture": "#1"},
				"up": {"uv": [3.75, 7.75, 2, 7], "rotation": 270, "texture": "#1"},
				"down": {"uv": [8.75, 1, 7, 1.75], "rotation": 90, "texture": "#1"}
			}
		},
		{
			"from": [7.6, -6.11701, -1.53414],
			"to": [8.4, -4.51701, 0.06586],
			"rotation": {"angle": -22.5, "axis": "x", "origin": [8, 8, -1]},
			"faces": {
				"north": {"uv": [2, 5, 4, 4], "rotation": 90, "texture": "#1"},
				"east": {"uv": [2, 2, 0, 4], "rotation": 90, "texture": "#1"},
				"south": {"uv": [4, 4, 6, 5], "rotation": 90, "texture": "#1"},
				"west": {"uv": [2, 0, 0, 2], "rotation": 270, "texture": "#1"},
				"up": {"uv": [1, 4, 0, 6], "texture": "#1"},
				"down": {"uv": [2, 4, 1, 6], "rotation": 180, "texture": "#1"}
			}
		}
	],
	"gui_light": "front",
	"display": {
		"thirdperson_righthand": {
			"translation": [0, -2, 6.5],
			"scale": [0.82422, 0.82422, 0.82422]
		},
		"thirdperson_lefthand": {
			"translation": [0, -2, 6.5],
			"scale": [0.82422, 0.82422, 0.82422]
		},
		"firstperson_righthand": {
			"rotation": [19.33, 40.05, 1.21],
			"translation": [9.5, 6.25, -7.5],
			"scale": [0.81836, 0.81836, 0.81836]
		},
		"firstperson_lefthand": {
			"rotation": [19.33, 40.05, 1.21],
			"translation": [9.5, 6.25, -7.5],
			"scale": [0.81836, 0.81836, 0.81836]
		},
		"ground": {
			"rotation": [0, 0, -20],
			"translation": [0, 7.5, 0],
			"scale": [0.8, 0.8, 0.8]
		},
		"gui": {
			"rotation": [90, 53.75, -90],
			"translation": [0.25, -0.5, -2],
			"scale": [0.48242, 0.48242, 0.48242]
		},
		"head": {
			"rotation": [0, 0, -180],
			"translation": [0, 37.25, 0],
			"scale": [0, 0, 0]
		},
		"fixed": {
			"rotation": [0, 90, 0],
			"translation": [15.5, 1.25, -2],
			"scale": [2, 2, 2]
		}
	},
	"groups": [
		{
			"name": "bow",
			"origin": [10.42454, 8, 14.17515],
			"color": 0,
			"children": [
				0,
				1,
				2,
				3,
				4,
				5,
				6,
				7,
				8,
				9,
				10,
				11,
				12,
				13,
				14,
				15,
				16,
				17,
				18,
				19,
				20,
				21,
				22,
				23,
				24,
				25,
				26,
				27,
				28,
				29,
				30,
				{
					"name": "group",
					"origin": [20.1282, 6.60071, 14.67515],
					"color": 0,
					"children": [31, 32, 33, 34, 35, 36, 37, 38, 39, 40, 41, 42]
				},
				{
					"name": "group",
					"origin": [10.72842, 7.09934, 14.17515],
					"color": 0,
					"children": [
						{
							"name": "group",
							"origin": [14.04892, 16.2847, 14.17515],
							"color": 0,
							"children": [43, 44, 45, 46, 47, 48, 49, 50, 51, 52, 53, 54, 55, 56, 57, 58, 59]
						},
						{
							"name": "group",
							"origin": [14.04892, 16.2847, 14.17515],
							"color": 0,
							"children": [60, 61, 62, 63, 64, 65, 66, 67, 68, 69, 70, 71]
						},
						{
							"name": "group",
							"origin": [14.04892, 16.2847, 14.17515],
							"color": 0,
							"children": [72, 73, 74, 75, 76, 77, 78, 79]
						}
					]
				}
			]
		}
	]
}