{"credit":"MadewithBlockbench","textures":{"0":"minehammer:item/fallenset/fallen_angel_key","1":"minehammer:item/fallenset/fallen_angel_eff03","particle":"minehammer:item/fallenset/fallen_angel_eff03"},"elements":[{"name":"octagon","from":[9.6,7.2,7.00589],"to":[14.4,8.8,8.99411],"rotation":{"angle":-45,"axis":"y","origin":[12,7.5,8]},"faces":{"east":{"uv":[10.66667,8,12,9],"texture":"#0"},"west":{"uv":[10.66667,6.66667,12,7.66667],"texture":"#0"},"up":{"uv":[1.33333,6,0,2.66667],"rotation":270,"texture":"#0"},"down":{"uv":[2.66667,2.66667,1.33333,6],"rotation":90,"texture":"#0"}}},{"name":"octagon","from":[11.00589,7.2,5.6],"to":[12.99411,8.8,10.4],"rotation":{"angle":0,"axis":"y","origin":[12,7.5,8]},"faces":{"north":{"uv":[10.66667,9.33333,12,10.33333],"texture":"#0"},"south":{"uv":[10.66667,10.66667,12,11.66667],"texture":"#0"},"up":{"uv":[4,6,2.66667,2.66667],"texture":"#0"},"down":{"uv":[5.33333,2.66667,4,6],"texture":"#0"}}},{"name":"octagon","from":[11.00589,7.2,5.6],"to":[12.99411,8.8,10.4],"rotation":{"angle":-45,"axis":"y","origin":[12,7.5,8]},"faces":{"north":{"uv":[11.33333,0,12.66667,1],"texture":"#0"},"south":{"uv":[11.33333,1.33333,12.66667,2.33333],"texture":"#0"},"up":{"uv":[8.66667,4,5.33333,2.66667],"rotation":270,"texture":"#0"},"down":{"uv":[8.66667,4,5.33333,5.33333],"rotation":90,"texture":"#0"}}},{"name":"octagon","from":[9.6,7.2,7.00589],"to":[14.4,8.8,8.99411],"rotation":{"angle":0,"axis":"y","origin":[12,7.5,8]},"faces":{"east":{"uv":[2,11.33333,3.33333,12.33333],"texture":"#0"},"west":{"uv":[3.33333,11.33333,4.66667,12.33333],"texture":"#0"},"up":{"uv":[8.66667,6.66667,5.33333,5.33333],"texture":"#0"},"down":{"uv":[3.33333,6,0,7.33333],"texture":"#0"}}},{"name":"octagon","from":[11.40353,7.52,6.56],"to":[12.59647,8.48,9.44],"rotation":{"angle":22.5,"axis":"y","origin":[12,8,8]},"faces":{"north":{"uv":[10.66667,9.33333,12,10.33333],"texture":"#0"},"south":{"uv":[10.66667,10.66667,12,11.66667],"texture":"#0"},"up":{"uv":[4,6,2.66667,2.66667],"texture":"#0"},"down":{"uv":[5.33333,2.66667,4,6],"texture":"#0"}}},{"name":"octagon","from":[11.40353,7.52,6.56],"to":[12.59647,8.48,9.44],"rotation":{"angle":-22.5,"axis":"y","origin":[12,8,8]},"faces":{"north":{"uv":[11.33333,0,12.66667,1],"texture":"#0"},"south":{"uv":[11.33333,1.33333,12.66667,2.33333],"texture":"#0"},"up":{"uv":[8.66667,4,5.33333,2.66667],"rotation":270,"texture":"#0"},"down":{"uv":[8.66667,4,5.33333,5.33333],"rotation":90,"texture":"#0"}}},{"name":"octagon","from":[10.56,7.52,7.40353],"to":[13.44,8.48,8.59647],"rotation":{"angle":22.5,"axis":"y","origin":[12,8,8]},"faces":{"east":{"uv":[2,11.33333,3.33333,12.33333],"texture":"#0"},"west":{"uv":[3.33333,11.33333,4.66667,12.33333],"texture":"#0"},"up":{"uv":[8.66667,6.66667,5.33333,5.33333],"texture":"#0"},"down":{"uv":[3.33333,6,0,7.33333],"texture":"#0"}}},{"name":"octagon","from":[10.56,7.52,7.40353],"to":[13.44,8.48,8.59647],"rotation":{"angle":-22.5,"axis":"y","origin":[12,8,8]},"faces":{"east":{"uv":[10.66667,8,12,9],"texture":"#0"},"west":{"uv":[10.66667,6.66667,12,7.66667],"texture":"#0"},"up":{"uv":[1.33333,6,0,2.66667],"rotation":270,"texture":"#0"},"down":{"uv":[2.66667,2.66667,1.33333,6],"rotation":90,"texture":"#0"}}},{"name":"octagon","from":[10.65795,6.92,4.76],"to":[13.34205,9.08,11.24],"rotation":{"angle":-22.5,"axis":"y","origin":[12,8,8]},"faces":{"north":{"uv":[10.66667,9.33333,12,10.33333],"texture":"#0"},"south":{"uv":[10.66667,10.66667,12,11.66667],"texture":"#0"},"up":{"uv":[4,6,2.66667,2.66667],"texture":"#0"},"down":{"uv":[5.33333,2.66667,4,6],"texture":"#0"}}},{"name":"octagon","from":[8.76,6.92,6.65795],"to":[15.24,9.08,9.34205],"rotation":{"angle":22.5,"axis":"y","origin":[12,8,8]},"faces":{"east":{"uv":[11.33333,0,12.66667,1],"texture":"#0"},"west":{"uv":[11.33333,1.33333,12.66667,2.33333],"texture":"#0"},"up":{"uv":[8.66667,4,5.33333,2.66667],"texture":"#0"},"down":{"uv":[8.66667,4,5.33333,5.33333],"texture":"#0"}}},{"name":"octagon","from":[8.76,6.92,6.65795],"to":[15.24,9.08,9.34205],"rotation":{"angle":-22.5,"axis":"y","origin":[12,8,8]},"faces":{"east":{"uv":[2,11.33333,3.33333,12.33333],"texture":"#0"},"west":{"uv":[3.33333,11.33333,4.66667,12.33333],"texture":"#0"},"up":{"uv":[8.66667,6.66667,5.33333,5.33333],"texture":"#0"},"down":{"uv":[3.33333,6,0,7.33333],"texture":"#0"}}},{"name":"octagon","from":[10.65795,6.92,4.76],"to":[13.34205,9.08,11.24],"rotation":{"angle":22.5,"axis":"y","origin":[12,8,8]},"faces":{"north":{"uv":[10.66667,6.66667,12,7.66667],"texture":"#0"},"south":{"uv":[10.66667,8,12,9],"texture":"#0"},"up":{"uv":[1.33333,6,0,2.66667],"texture":"#0"},"down":{"uv":[2.66667,2.66667,1.33333,6],"texture":"#0"}}},{"name":"octagon","from":[7.6,6.95,6.85589],"to":[8.4,9.05,9.14411],"rotation":{"angle":0,"axis":"y","origin":[12,7.5,8]},"faces":{"north":{"uv":[6,10,6.66667,11.33333],"texture":"#0"},"east":{"uv":[2,10,3.66667,11.33333],"texture":"#0"},"south":{"uv":[8.66667,11.33333,9.33333,12.66667],"texture":"#0"},"west":{"uv":[4,10,5.66667,11.33333],"texture":"#0"},"up":{"uv":[8,13,7.33333,11.33333],"texture":"#0"},"down":{"uv":[8.66667,11.33333,8,13],"texture":"#0"}}},{"name":"octagon","from":[6.6,7.2,7.10589],"to":[7.4,8.8,8.89411],"rotation":{"angle":0,"axis":"y","origin":[12,7.5,8]},"faces":{"north":{"uv":[0,12,0.66667,13],"texture":"#0"},"east":{"uv":[4.66667,11.33333,6,12.33333],"texture":"#0"},"south":{"uv":[0.66667,12,1.33333,13],"texture":"#0"},"west":{"uv":[6,11.33333,7.33333,12.33333],"texture":"#0"},"up":{"uv":[10,12.66667,9.33333,11.33333],"texture":"#0"},"down":{"uv":[10.66667,11.33333,10,12.66667],"texture":"#0"}}},{"name":"octagon","from":[-2.15,7.4,7.4],"to":[9.65,8.6,8.6],"rotation":{"angle":0,"axis":"y","origin":[12,7.7,8.14411]},"faces":{"north":{"uv":[0,0,8,0.66667],"texture":"#0"},"south":{"uv":[0,0.66667,8,1.33333],"texture":"#0"},"west":{"uv":[1.33333,12,2,12.66667],"texture":"#0","cullface":"west"},"up":{"uv":[8,2,0,1.33333],"texture":"#0"},"down":{"uv":[8,2,0,2.66667],"texture":"#0"}}},{"name":"octagon","from":[-0.65,7.65,6.15],"to":[1.15,8.35,6.85],"rotation":{"angle":0,"axis":"y","origin":[12,7.7,8.14411]},"faces":{"east":{"uv":[11.33333,12,11.66667,12.33333],"texture":"#0"},"west":{"uv":[12,11.33333,12.33333,11.66667],"texture":"#0","cullface":"west"},"up":{"uv":[13.33333,8.33333,12,8],"texture":"#0"},"down":{"uv":[13.33333,8.66667,12,9],"texture":"#0"}}},{"name":"octagon","from":[-1.15,7.55,6.75],"to":[1.65,8.45,7.45],"rotation":{"angle":0,"axis":"y","origin":[12,7.7,8.14411]},"faces":{"north":{"uv":[3.33333,8,5.33333,8.66667],"texture":"#0"},"east":{"uv":[10.66667,12,11,12.66667],"texture":"#0"},"west":{"uv":[12,10.66667,12.33333,11.33333],"texture":"#0","cullface":"west"},"up":{"uv":[14,3,12,2.66667],"texture":"#0"},"down":{"uv":[14,3.33333,12,3.66667],"texture":"#0"}}},{"name":"octagon","from":[-1.65,7.4,5.25],"to":[2.15,8.6,6.2],"rotation":{"angle":0,"axis":"y","origin":[12,7.7,8.14411]},"faces":{"north":{"uv":[8.66667,6,11.33333,6.66667],"texture":"#0"},"east":{"uv":[12,9.33333,12.66667,10],"texture":"#0"},"south":{"uv":[10.66667,4,13.33333,4.66667],"texture":"#0"},"west":{"uv":[12,10,12.66667,10.66667],"texture":"#0","cullface":"west"},"up":{"uv":[13.33333,5.33333,10.66667,4.66667],"texture":"#0"},"down":{"uv":[13.33333,5.33333,10.66667,6],"texture":"#0"}}},{"from":[10,8.76005,6.45],"to":[14,8.76005,9.45],"rotation":{"angle":0,"axis":"x","origin":[8,8.51005,2.85]},"faces":{"north":{"uv":[1,9,0,0],"rotation":90,"texture":"#1"},"east":{"uv":[0,0,9,1],"rotation":180,"texture":"#1"},"south":{"uv":[1,9,0,0],"rotation":270,"texture":"#1"},"west":{"uv":[0,0,9,1],"texture":"#1"},"up":{"uv":[16,0,0,16],"rotation":90,"texture":"#1"},"down":{"uv":[0,0,16,16],"rotation":90,"texture":"#1"}}},{"from":[10,7.23995,6.45],"to":[14,7.23995,9.45],"rotation":{"angle":0,"axis":"x","origin":[8,7.48995,2.85]},"faces":{"north":{"uv":[0,9,1,0],"rotation":90,"texture":"#1"},"east":{"uv":[0,1,9,0],"rotation":180,"texture":"#1"},"south":{"uv":[0,9,1,0],"rotation":270,"texture":"#1"},"west":{"uv":[0,1,9,0],"texture":"#1"},"up":{"uv":[16,0,0,16],"rotation":90,"texture":"#1"},"down":{"uv":[0,0,16,16],"rotation":90,"texture":"#1"}}}],"gui_light":"front","display":{"thirdperson_righthand":{"rotation":[53,0,0],"scale":[0.3,0.3,0.3]},"thirdperson_lefthand":{"rotation":[47.25,0,0],"scale":[0.3,0.3,0.3]},"firstperson_righthand":{"rotation":[-71,0,-88],"translation":[1.75,4.5,-0.75],"scale":[0.71602,0.71602,0.71602]},"firstperson_lefthand":{"rotation":[71,0,-88],"translation":[1.25,3.25,-0.75],"scale":[0.71602,0.71602,0.71602]},"ground":{"translation":[0,0.25,0],"scale":[0.5,0.5,0.5]},"gui":{"rotation":[-90,-54.5,0],"translation":[0.25,1,-1.25],"scale":[0.83203,0.83203,0.83203]},"head":{"translation":[0,14.75,-0.75],"scale":[0.8,0.8,0.8]},"fixed":{"rotation":[-90,-90,0],"translation":[-0.75,1.75,-1.25],"scale":[1.48438,1.48438,1.48438]}}}