{
	"credit": "Made by PolygonMC",
	"texture_size": [24, 24],
	"textures": {
		"3": "minehammer:item/nitro/animations/animations_1",
		"4": "minehammer:item/nitro/crossbow_2"
	},
	"elements": [
		{
			"from": [7.25, 8, 3],
			"to": [8.75, 9, 10],
			"rotation": {"angle": 0, "axis": "y", "origin": [7, 8, 2]},
			"faces": {
				"north": {"uv": [11.33333, 5.33333, 12.33333, 6], "texture": "#4"},
				"east": {"uv": [2.66667, 6.66667, 7.33333, 7.33333], "texture": "#4"},
				"south": {"uv": [11.33333, 6, 12.33333, 6.66667], "texture": "#4"},
				"west": {"uv": [6.66667, 4.66667, 11.33333, 5.33333], "texture": "#4"},
				"up": {"uv": [7.66667, 4.66667, 6.66667, 0], "texture": "#4"},
				"down": {"uv": [2.33333, 6.66667, 1.33333, 11.33333], "texture": "#4"}
			}
		},
		{
			"from": [7.5, 7, 3],
			"to": [8.5, 8, 10],
			"rotation": {"angle": 0, "axis": "y", "origin": [6.5, 7, 2]},
			"faces": {
				"north": {"uv": [6, 12, 6.66667, 12.66667], "texture": "#4"},
				"east": {"uv": [6.66667, 5.33333, 11.33333, 6], "texture": "#4"},
				"west": {"uv": [6.66667, 6, 11.33333, 6.66667], "texture": "#4"},
				"down": {"uv": [3.33333, 7.33333, 2.66667, 12], "texture": "#4"}
			}
		},
		{
			"from": [7, 7, 9.1],
			"to": [9, 9, 11.1],
			"rotation": {"angle": 22.5, "axis": "x", "origin": [8, 8, 10.1]},
			"faces": {
				"north": {"uv": [8.66667, 0, 10, 1.33333], "texture": "#4"},
				"east": {"uv": [8.66667, 1.33333, 10, 2.66667], "texture": "#4"},
				"south": {"uv": [8.66667, 8, 10, 9.33333], "texture": "#4"},
				"west": {"uv": [6.66667, 9.33333, 8, 10.66667], "texture": "#4"},
				"up": {"uv": [9.33333, 10.66667, 8, 9.33333], "texture": "#4"},
				"down": {"uv": [10.66667, 9.33333, 9.33333, 10.66667], "texture": "#4"}
			}
		},
		{
			"from": [7.5, 7.5, 10.75],
			"to": [8.5, 8.5, 15.75],
			"rotation": {"angle": 0, "axis": "y", "origin": [7.5, 6.5, 10.75]},
			"faces": {
				"east": {"uv": [6, 7.33333, 9.33333, 8], "texture": "#4"},
				"west": {"uv": [7.33333, 6.66667, 10.66667, 7.33333], "texture": "#4"},
				"up": {"uv": [8.66667, 3.33333, 8, 0], "texture": "#4"},
				"down": {"uv": [6.66667, 8, 6, 11.33333], "texture": "#4"}
			}
		},
		{
			"from": [7.75, 7, 10.75],
			"to": [8.25, 7.5, 15.75],
			"rotation": {"angle": 0, "axis": "y", "origin": [7.5, 5.5, 10.75]},
			"faces": {
				"east": {"uv": [10.66667, 6.66667, 14, 7], "texture": "#4"},
				"west": {"uv": [9.33333, 10.66667, 12.66667, 11], "texture": "#4"},
				"down": {"uv": [11.66667, 0, 11.33333, 3.33333], "texture": "#4"}
			}
		},
		{
			"from": [7.25, 6.825, 15],
			"to": [8.75, 8.825, 16],
			"rotation": {"angle": 22.5, "axis": "x", "origin": [7.25, 6.825, 15]},
			"faces": {
				"north": {"uv": [4.66667, 10, 5.66667, 11.33333], "texture": "#4"},
				"east": {"uv": [10.66667, 9.33333, 11.33333, 10.66667], "texture": "#4"},
				"south": {"uv": [10, 8, 11, 9.33333], "texture": "#4"},
				"west": {"uv": [1.33333, 11.33333, 2, 12.66667], "texture": "#4"},
				"up": {"uv": [12.33333, 8.66667, 11.33333, 8], "texture": "#4"},
				"down": {"uv": [12.33333, 8.66667, 11.33333, 9.33333], "texture": "#4"}
			}
		},
		{
			"from": [7.6, 5.3, 9.6],
			"to": [8.4, 7.3, 10.4],
			"rotation": {"angle": -22.5, "axis": "x", "origin": [8, 6.3, 10]},
			"faces": {
				"north": {"uv": [9.33333, 11.33333, 9.83333, 12.66667], "texture": "#4"},
				"east": {"uv": [11.33333, 9.33333, 11.83333, 10.66667], "texture": "#4"},
				"south": {"uv": [10, 11.33333, 10.5, 12.66667], "texture": "#4"},
				"west": {"uv": [10.66667, 11.33333, 11.16667, 12.66667], "texture": "#4"}
			}
		},
		{
			"from": [7.5, 5.02919, 9.80224],
			"to": [8.5, 5.52919, 10.80224],
			"rotation": {"angle": 0, "axis": "y", "origin": [7.5, 5.02919, 9.80224]},
			"faces": {
				"north": {"uv": [12.66667, 3.33333, 13.33333, 3.66667], "texture": "#4"},
				"east": {"uv": [4, 12.66667, 4.66667, 13], "texture": "#4"},
				"south": {"uv": [12.66667, 4, 13.33333, 4.33333], "texture": "#4"},
				"west": {"uv": [4.66667, 12.66667, 5.33333, 13], "texture": "#4"},
				"up": {"uv": [7.33333, 12.66667, 6.66667, 12], "texture": "#4"},
				"down": {"uv": [8, 12, 7.33333, 12.66667], "texture": "#4"}
			}
		},
		{
			"from": [7.75, 6.39693, 9.13045],
			"to": [8.25, 7.39693, 9.63045],
			"rotation": {"angle": -22.5, "axis": "x", "origin": [7.25, 6.14693, 9.63045]},
			"faces": {
				"north": {"uv": [12.66667, 4.66667, 13, 5.33333], "texture": "#4"},
				"east": {"uv": [12.66667, 5.33333, 13, 6], "texture": "#4"},
				"west": {"uv": [6, 12.66667, 6.33333, 13.33333], "texture": "#4"},
				"down": {"uv": [7, 12.66667, 6.66667, 13], "texture": "#4"}
			}
		},
		{
			"from": [7.45, 7, 2],
			"to": [8.55, 9, 4],
			"rotation": {"angle": -45, "axis": "x", "origin": [8, 8, 3]},
			"faces": {
				"north": {"uv": [2, 11.33333, 2.66667, 12.66667], "texture": "#4"},
				"east": {"uv": [10, 0, 11.33333, 1.33333], "texture": "#4"},
				"south": {"uv": [3.33333, 11.33333, 4, 12.66667], "texture": "#4"},
				"west": {"uv": [10, 1.33333, 11.33333, 2.66667], "texture": "#4"},
				"up": {"uv": [4.66667, 12.66667, 4, 11.33333], "texture": "#4"},
				"down": {"uv": [5.33333, 11.33333, 4.66667, 12.66667], "texture": "#4"}
			}
		},
		{
			"from": [8.67731, 9.15642, 2.5],
			"to": [9.17731, 10.65642, 4.5],
			"rotation": {"angle": 0, "axis": "z", "origin": [8.67731, 9.15642, 2.5]},
			"faces": {
				"north": {"uv": [0.66667, 12.66667, 1, 13.66667], "texture": "#4"},
				"east": {"uv": [6.66667, 10.66667, 8, 11.66667], "texture": "#4"},
				"south": {"uv": [1.33333, 12.66667, 1.66667, 13.66667], "texture": "#4"},
				"west": {"uv": [8, 10.66667, 9.33333, 11.66667], "texture": "#4"},
				"up": {"uv": [13, 1.33333, 12.66667, 0], "texture": "#4"}
			}
		},
		{
			"from": [7.95, 7.5, 2.5],
			"to": [8.45, 9.5, 4.5],
			"rotation": {"angle": -22.5, "axis": "z", "origin": [7.95, 7.5, 2.5]},
			"faces": {
				"north": {"uv": [12, 9.33333, 12.33333, 10.66667], "texture": "#4"},
				"east": {"uv": [10, 2.66667, 11.33333, 4], "texture": "#4"},
				"south": {"uv": [12, 11.33333, 12.33333, 12.66667], "texture": "#4"},
				"west": {"uv": [3.33333, 10, 4.66667, 11.33333], "texture": "#4"},
				"down": {"uv": [0.33333, 12.66667, 0, 14], "texture": "#4"}
			}
		},
		{
			"from": [10.81043, 8.81716, 1.28287],
			"to": [11.81043, 10.21716, 4.28287],
			"rotation": {"angle": 45, "axis": "y", "origin": [11.425, 9.51716, 3.38545]},
			"faces": {
				"north": {"uv": [11.33333, 11.33333, 12, 12.33333], "texture": "#4"},
				"east": {"uv": [8, 3.33333, 10, 4.33333], "texture": "#4"},
				"south": {"uv": [12, 0, 12.66667, 1], "texture": "#4"},
				"west": {"uv": [6.66667, 8, 8.66667, 9], "texture": "#4"},
				"up": {"uv": [0.66667, 12.66667, 0, 10.66667], "texture": "#4"},
				"down": {"uv": [1.33333, 10.66667, 0.66667, 12.66667], "texture": "#4"}
			}
		},
		{
			"from": [10.97647, 9.06716, 1.79543],
			"to": [12.47647, 9.96716, 5.29543],
			"rotation": {"angle": 22.5, "axis": "y", "origin": [11.425, 9.51716, 3.38545]},
			"faces": {
				"north": {"uv": [12, 1.33333, 13, 2], "texture": "#4"},
				"east": {"uv": [9.33333, 7.33333, 11.66667, 8], "texture": "#4"},
				"south": {"uv": [12, 2, 13, 2.66667], "texture": "#4"},
				"west": {"uv": [10, 4, 12.33333, 4.66667], "texture": "#4"},
				"up": {"uv": [4.33333, 9.66667, 3.33333, 7.33333], "texture": "#4"},
				"down": {"uv": [5.66667, 7.33333, 4.66667, 9.66667], "texture": "#4"}
			}
		},
		{
			"from": [9.04575, 9.01716, 1.86148],
			"to": [10.79575, 10.01716, 2.86148],
			"rotation": {"angle": 22.5, "axis": "y", "origin": [11.425, 9.51716, 3.38545]},
			"faces": {
				"north": {"uv": [8.66667, 2.66667, 9.83333, 3.33333], "texture": "#4"},
				"south": {"uv": [11.33333, 3.33333, 12.5, 4], "texture": "#4"},
				"up": {"uv": [12.5, 5.33333, 11.33333, 4.66667], "texture": "#4"},
				"down": {"uv": [6.5, 11.33333, 5.33333, 12], "texture": "#4"}
			}
		},
		{
			"from": [8.79575, 9.16716, 2.86148],
			"to": [10.79575, 9.86716, 3.36148],
			"rotation": {"angle": 22.5, "axis": "y", "origin": [11.425, 9.51716, 3.38545]},
			"faces": {
				"south": {"uv": [12, 2.66667, 13.33333, 3.16667], "texture": "#4"},
				"up": {"uv": [13.33333, 7.66667, 12, 7.33333], "texture": "#4"},
				"down": {"uv": [9.33333, 12, 8, 12.33333], "texture": "#4"}
			}
		},
		{
			"from": [11.97647, 9.49216, 1.29542],
			"to": [13.97647, 9.54216, 7.29542],
			"rotation": {"angle": 22.5, "axis": "y", "origin": [11.425, 9.51716, 3.38545]},
			"faces": {
				"up": {"uv": [1.33333, 10.66667, 0, 6.66667], "texture": "#4"},
				"down": {"uv": [1.33333, 6.66667, 0, 10.66667], "texture": "#4"}
			}
		},
		{
			"from": [4.18957, 8.81716, 1.28287],
			"to": [5.18957, 10.21716, 4.28287],
			"rotation": {"angle": -45, "axis": "y", "origin": [4.575, 9.51716, 3.38545]},
			"faces": {
				"north": {"uv": [12, 11.33333, 11.33333, 12.33333], "texture": "#4"},
				"east": {"uv": [8.66667, 8, 6.66667, 9], "texture": "#4"},
				"south": {"uv": [12.66667, 0, 12, 1], "texture": "#4"},
				"west": {"uv": [10, 3.33333, 8, 4.33333], "texture": "#4"},
				"up": {"uv": [0, 12.66667, 0.66667, 10.66667], "texture": "#4"},
				"down": {"uv": [0.66667, 10.66667, 1.33333, 12.66667], "texture": "#4"}
			}
		},
		{
			"from": [3.52353, 9.06716, 1.79543],
			"to": [5.02353, 9.96716, 5.29543],
			"rotation": {"angle": -22.5, "axis": "y", "origin": [4.575, 9.51716, 3.38545]},
			"faces": {
				"north": {"uv": [13, 1.33333, 12, 2], "texture": "#4"},
				"east": {"uv": [12.33333, 4, 10, 4.66667], "texture": "#4"},
				"south": {"uv": [13, 2, 12, 2.66667], "texture": "#4"},
				"west": {"uv": [11.66667, 7.33333, 9.33333, 8], "texture": "#4"},
				"up": {"uv": [3.33333, 9.66667, 4.33333, 7.33333], "texture": "#4"},
				"down": {"uv": [4.66667, 7.33333, 5.66667, 9.66667], "texture": "#4"}
			}
		},
		{
			"from": [5.20425, 9.01716, 1.86148],
			"to": [6.95425, 10.01716, 2.86148],
			"rotation": {"angle": -22.5, "axis": "y", "origin": [4.575, 9.51716, 3.38545]},
			"faces": {
				"north": {"uv": [9.83333, 2.66667, 8.66667, 3.33333], "texture": "#4"},
				"south": {"uv": [12.5, 3.33333, 11.33333, 4], "texture": "#4"},
				"up": {"uv": [11.33333, 5.33333, 12.5, 4.66667], "texture": "#4"},
				"down": {"uv": [5.33333, 11.33333, 6.5, 12], "texture": "#4"}
			}
		},
		{
			"from": [5.20425, 9.16716, 2.86148],
			"to": [7.20425, 9.86716, 3.36148],
			"rotation": {"angle": -22.5, "axis": "y", "origin": [4.575, 9.51716, 3.38545]},
			"faces": {
				"south": {"uv": [13.33333, 2.66667, 12, 3.16667], "texture": "#4"},
				"up": {"uv": [12, 7.66667, 13.33333, 7.33333], "texture": "#4"},
				"down": {"uv": [8, 12, 9.33333, 12.33333], "texture": "#4"}
			}
		},
		{
			"from": [2.02353, 9.49216, 1.29542],
			"to": [4.02353, 9.54216, 7.29542],
			"rotation": {"angle": -22.5, "axis": "y", "origin": [4.575, 9.51716, 3.38545]},
			"faces": {
				"up": {"uv": [0, 10.66667, 1.33333, 6.66667], "texture": "#4"},
				"down": {"uv": [0, 6.66667, 1.33333, 10.66667], "texture": "#4"}
			}
		},
		{
			"from": [6.82269, 9.15642, 2.5],
			"to": [7.32269, 10.65642, 4.5],
			"rotation": {"angle": 0, "axis": "z", "origin": [7.32269, 9.15642, 2.5]},
			"faces": {
				"north": {"uv": [1, 12.66667, 0.66667, 13.66667], "texture": "#4"},
				"east": {"uv": [9.33333, 10.66667, 8, 11.66667], "texture": "#4"},
				"south": {"uv": [1.66667, 12.66667, 1.33333, 13.66667], "texture": "#4"},
				"west": {"uv": [8, 10.66667, 6.66667, 11.66667], "texture": "#4"},
				"up": {"uv": [12.66667, 1.33333, 13, 0], "texture": "#4"}
			}
		},
		{
			"from": [7.55, 7.5, 2.5],
			"to": [8.05, 9.5, 4.5],
			"rotation": {"angle": 22.5, "axis": "z", "origin": [8.05, 7.5, 2.5]},
			"faces": {
				"north": {"uv": [12.33333, 9.33333, 12, 10.66667], "texture": "#4"},
				"east": {"uv": [4.66667, 10, 3.33333, 11.33333], "texture": "#4"},
				"south": {"uv": [12.33333, 11.33333, 12, 12.66667], "texture": "#4"},
				"west": {"uv": [11.33333, 2.66667, 10, 4], "texture": "#4"},
				"down": {"uv": [0, 12.66667, 0.33333, 14], "texture": "#4"}
			}
		},
		{
			"from": [7.75, 8.65, 9],
			"to": [8.25, 9.9, 10],
			"rotation": {"angle": 22.5, "axis": "x", "origin": [8, 9.15, 9.5]},
			"faces": {
				"north": {"uv": [2, 12.66667, 2.33333, 13.5], "texture": "#4"},
				"east": {"uv": [2.66667, 12, 3.33333, 12.83333], "texture": "#4"},
				"south": {"uv": [3.33333, 12.66667, 3.66667, 13.5], "texture": "#4"},
				"west": {"uv": [5.33333, 12, 6, 12.83333], "texture": "#4"},
				"up": {"uv": [13, 6.66667, 12.66667, 6], "texture": "#4"}
			}
		},
		{
			"from": [4, 9.51616, 4.92168],
			"to": [12, 9.56616, 9.42168],
			"rotation": {"angle": 0, "axis": "y", "origin": [10, 9.51616, 4.92168]},
			"faces": {
				"up": {"uv": [5.33333, 3, 0, 0], "texture": "#4"},
				"down": {"uv": [5.33333, 0, 0, 3], "texture": "#4"}
			}
		},
		{
			"from": [7.125, 9.5, -0.85],
			"to": [8.875, 9.55, 9.15],
			"rotation": {"angle": 45, "axis": "z", "origin": [8, 9.525, 4.15]},
			"faces": {
				"up": {"uv": [6.5, 6.66667, 5.33333, 0], "texture": "#4"},
				"down": {"uv": [5.33333, 0, 6.5, 6.66667], "texture": "#4"}
			}
		},
		{
			"from": [7.125, 9.5, -0.85],
			"to": [8.875, 9.55, 9.15],
			"rotation": {"angle": -45, "axis": "z", "origin": [8, 9.525, 4.15]},
			"faces": {
				"up": {"uv": [6.5, 6.66667, 5.33333, 0], "texture": "#4"},
				"down": {"uv": [5.33333, 0, 6.5, 6.66667], "texture": "#4"}
			}
		},
		{
			"from": [-0.4, 10.4, -0.25],
			"to": [6.6, 10.45, 6.75],
			"rotation": {"angle": 0, "axis": "y", "origin": [3.1, 10.4, 3.25]},
			"faces": {
				"up": {"uv": [0, 0, 14, 14], "texture": "#3"},
				"down": {"uv": [0, 14, 14, 0], "texture": "#3"}
			}
		},
		{
			"from": [9.4, 10.4, -0.25],
			"to": [16.4, 10.45, 6.75],
			"rotation": {"angle": 0, "axis": "y", "origin": [12.9, 10.4, 3.25]},
			"faces": {
				"up": {"uv": [14, 0, 0, 14], "texture": "#3"},
				"down": {"uv": [14, 14, 0, 0], "texture": "#3"}
			}
		}
	],
	"gui_light": "front",
	"display": {
		"thirdperson_righthand": {
			"translation": [0, 1, -0.5]
		},
		"thirdperson_lefthand": {
			"translation": [0, 1, -0.5]
		},
		"firstperson_righthand": {
			"rotation": [0, -10, 0],
			"translation": [1.2, 2, 0.25]
		},
		"firstperson_lefthand": {
			"rotation": [0, -10, 0],
			"translation": [1.19, 2, 0.25]
		},
		"ground": {
			"rotation": [20, 0, 0],
			"translation": [0, 8.25, 0]
		},
		"gui": {
			"rotation": [90, 45, 0],
			"translation": [0.75, -0.75, 0],
			"scale": [1.0625, 1.0625, 1.0625]
		},
		"head": {
			"rotation": [90, 0, 180],
			"translation": [0, -2, 0],
			"scale": [1.5, 1.5, 1.5]
		},
		"fixed": {
			"rotation": [-90, 0, 0],
			"translation": [0, 0, -1.75],
			"scale": [1.5, 1.5, 1.5]
		}
	}
}