{
  "credit": "MadebyPolygonMC",
  "textures": {
    "2": "minehammer:item/nitro/animations/nitro_gems",
    "3": "minehammer:item/nitro/animations/animations_1",
    "4": "minehammer:item/nitro/key",
    "particle": "minehammer:item/nitro/animations/nitro_gems"
  },
  "elements": [
    {
      "from": [
        7.5,
        7.5,
        3.76878
      ],
      "to": [
        8.5,
        8.5,
        4.76878
      ],
      "rotation": {
        "angle": 0,
        "axis": "x",
        "origin": [
          8,
          8,
          8
        ]
      },
      "faces": {
        "north": {
          "uv": [
            10,
            8,
            9,
            9
          ],
          "rotation": 180,
          "texture": "#4"
        },
        "east": {
          "uv": [
            9,
            5,
            10,
            6
          ],
          "rotation": 270,
          "texture": "#4"
        },
        "south": {
          "uv": [
            9,
            10,
            8,
            9
          ],
          "texture": "#4"
        },
        "west": {
          "uv": [
            7,
            9,
            8,
            10
          ],
          "rotation": 90,
          "texture": "#4"
        },
        "up": {
          "uv": [
            9,
            4,
            10,
            5
          ],
          "rotation": 180,
          "texture": "#4"
        },
        "down": {
          "uv": [
            9,
            6,
            10,
            7
          ],
          "texture": "#4"
        }
      }
    },
    {
      "from": [
        7.5,
        7.5,
        5.51878
      ],
      "to": [
        8.5,
        8.5,
        6.51878
      ],
      "rotation": {
        "angle": 0,
        "axis": "x",
        "origin": [
          8,
          8,
          8
        ]
      },
      "faces": {
        "north": {
          "uv": [
            3,
            10,
            2,
            11
          ],
          "rotation": 180,
          "texture": "#4"
        },
        "east": {
          "uv": [
            0,
            10,
            1,
            11
          ],
          "rotation": 270,
          "texture": "#4"
        },
        "south": {
          "uv": [
            11,
            2,
            10,
            1
          ],
          "texture": "#4"
        },
        "west": {
          "uv": [
            1,
            10,
            2,
            11
          ],
          "rotation": 90,
          "texture": "#4"
        },
        "up": {
          "uv": [
            9,
            9,
            10,
            10
          ],
          "rotation": 180,
          "texture": "#4"
        },
        "down": {
          "uv": [
            10,
            0,
            11,
            1
          ],
          "texture": "#4"
        }
      }
    },
    {
      "from": [
        7.5,
        7.5,
        7.26878
      ],
      "to": [
        8.5,
        8.5,
        8.26878
      ],
      "rotation": {
        "angle": 0,
        "axis": "x",
        "origin": [
          8,
          8,
          8
        ]
      },
      "faces": {
        "north": {
          "uv": [
            11,
            6,
            10,
            7
          ],
          "rotation": 180,
          "texture": "#4"
        },
        "east": {
          "uv": [
            3,
            10,
            4,
            11
          ],
          "rotation": 270,
          "texture": "#4"
        },
        "south": {
          "uv": [
            11,
            6,
            10,
            5
          ],
          "texture": "#4"
        },
        "west": {
          "uv": [
            10,
            4,
            11,
            5
          ],
          "rotation": 90,
          "texture": "#4"
        },
        "up": {
          "uv": [
            10,
            2,
            11,
            3
          ],
          "rotation": 180,
          "texture": "#4"
        },
        "down": {
          "uv": [
            10,
            3,
            11,
            4
          ],
          "texture": "#4"
        }
      }
    },
    {
      "from": [
        7.6,
        7.6,
        4.76878
      ],
      "to": [
        8.4,
        8.4,
        5.51878
      ],
      "rotation": {
        "angle": 0,
        "axis": "x",
        "origin": [
          8,
          8,
          8
        ]
      },
      "faces": {
        "east": {
          "uv": [
            11,
            6,
            11.75,
            6.75
          ],
          "rotation": 270,
          "texture": "#4"
        },
        "west": {
          "uv": [
            8,
            11,
            8.75,
            11.75
          ],
          "rotation": 90,
          "texture": "#4"
        },
        "up": {
          "uv": [
            10,
            9,
            10.75,
            9.75
          ],
          "rotation": 180,
          "texture": "#4"
        },
        "down": {
          "uv": [
            7,
            11,
            7.75,
            11.75
          ],
          "texture": "#4"
        }
      }
    },
    {
      "from": [
        7.6,
        7.6,
        6.51878
      ],
      "to": [
        8.4,
        8.4,
        7.26878
      ],
      "rotation": {
        "angle": 0,
        "axis": "x",
        "origin": [
          8,
          8,
          8
        ]
      },
      "faces": {
        "east": {
          "uv": [
            11,
            9,
            11.75,
            9.75
          ],
          "rotation": 270,
          "texture": "#4"
        },
        "west": {
          "uv": [
            11,
            10,
            11.75,
            10.75
          ],
          "rotation": 90,
          "texture": "#4"
        },
        "up": {
          "uv": [
            9,
            11,
            9.75,
            11.75
          ],
          "rotation": 180,
          "texture": "#4"
        },
        "down": {
          "uv": [
            10,
            11,
            10.75,
            11.75
          ],
          "texture": "#4"
        }
      }
    },
    {
      "from": [
        7.375,
        4.38308,
        4.38308
      ],
      "to": [
        8.625,
        5.63308,
        5.63308
      ],
      "rotation": {
        "angle": 45,
        "axis": "x",
        "origin": [
          8,
          8,
          8
        ]
      },
      "faces": {
        "north": {
          "uv": [
            6,
            4,
            7.25,
            5.25
          ],
          "texture": "#4"
        },
        "east": {
          "uv": [
            6,
            6,
            7.25,
            7.25
          ],
          "texture": "#4"
        },
        "south": {
          "uv": [
            0,
            8,
            1.25,
            9.25
          ],
          "texture": "#4"
        },
        "west": {
          "uv": [
            8,
            0,
            9.25,
            1.25
          ],
          "texture": "#4"
        },
        "up": {
          "uv": [
            3.25,
            9.25,
            2,
            8
          ],
          "texture": "#4"
        },
        "down": {
          "uv": [
            9.25,
            2,
            8,
            3.25
          ],
          "texture": "#4"
        }
      }
    },
    {
      "from": [
        7.25,
        8.7375,
        8.84733
      ],
      "to": [
        8.75,
        9.2375,
        11.34733
      ],
      "rotation": {
        "angle": 0,
        "axis": "x",
        "origin": [
          8,
          8,
          8
        ]
      },
      "faces": {
        "east": {
          "uv": [
            4,
            8,
            4.5,
            10.5
          ],
          "rotation": 270,
          "texture": "#4"
        },
        "west": {
          "uv": [
            8,
            4,
            8.5,
            6.5
          ],
          "rotation": 90,
          "texture": "#4"
        },
        "up": {
          "uv": [
            0,
            0,
            1.5,
            2.5
          ],
          "rotation": 180,
          "texture": "#4"
        },
        "down": {
          "uv": [
            2,
            0,
            3.5,
            2.5
          ],
          "texture": "#4"
        }
      }
    },
    {
      "from": [
        7.25,
        10.74197,
        9.49188
      ],
      "to": [
        8.75,
        11.24197,
        10.74188
      ],
      "rotation": {
        "angle": 45,
        "axis": "x",
        "origin": [
          8,
          8,
          8
        ]
      },
      "faces": {
        "east": {
          "uv": [
            0,
            11,
            0.5,
            12.25
          ],
          "rotation": 270,
          "texture": "#4"
        },
        "west": {
          "uv": [
            11,
            0,
            11.5,
            1.25
          ],
          "rotation": 90,
          "texture": "#4"
        },
        "up": {
          "uv": [
            4,
            0,
            5.5,
            1.25
          ],
          "rotation": 180,
          "texture": "#4"
        },
        "down": {
          "uv": [
            4,
            2,
            5.5,
            3.25
          ],
          "texture": "#4"
        }
      }
    },
    {
      "from": [
        7.25,
        10.74197,
        10.74188
      ],
      "to": [
        8.75,
        11.24197,
        11.24188
      ],
      "rotation": {
        "angle": 45,
        "axis": "x",
        "origin": [
          8,
          8,
          8
        ]
      },
      "faces": {
        "east": {
          "uv": [
            12,
            0,
            12.5,
            0.5
          ],
          "rotation": 270,
          "texture": "#4"
        },
        "south": {
          "uv": [
            11.5,
            7.5,
            10,
            7
          ],
          "texture": "#4"
        },
        "west": {
          "uv": [
            12,
            1,
            12.5,
            1.5
          ],
          "rotation": 90,
          "texture": "#4"
        },
        "up": {
          "uv": [
            7,
            10,
            8.5,
            10.5
          ],
          "rotation": 180,
          "texture": "#4"
        }
      }
    },
    {
      "from": [
        7.25,
        7.72411,
        7.7242
      ],
      "to": [
        8.75,
        8.22411,
        8.2242
      ],
      "rotation": {
        "angle": 45,
        "axis": "x",
        "origin": [
          8,
          8,
          8
        ]
      },
      "faces": {
        "north": {
          "uv": [
            10.5,
            10,
            9,
            10.5
          ],
          "rotation": 180,
          "texture": "#4"
        },
        "east": {
          "uv": [
            12,
            2,
            12.5,
            2.5
          ],
          "rotation": 270,
          "texture": "#4"
        },
        "west": {
          "uv": [
            12,
            3,
            12.5,
            3.5
          ],
          "rotation": 90,
          "texture": "#4"
        },
        "down": {
          "uv": [
            10,
            8,
            11.5,
            8.5
          ],
          "texture": "#4"
        }
      }
    },
    {
      "from": [
        7.25,
        9.49188,
        10.74197
      ],
      "to": [
        8.75,
        10.74188,
        11.24197
      ],
      "rotation": {
        "angle": 45,
        "axis": "x",
        "origin": [
          8,
          8,
          8
        ]
      },
      "faces": {
        "north": {
          "uv": [
            4,
            4,
            5.5,
            5.25
          ],
          "texture": "#4"
        },
        "east": {
          "uv": [
            1,
            11,
            1.5,
            12.25
          ],
          "texture": "#4"
        },
        "south": {
          "uv": [
            0,
            6,
            1.5,
            7.25
          ],
          "texture": "#4"
        },
        "west": {
          "uv": [
            2,
            11,
            2.5,
            12.25
          ],
          "texture": "#4"
        }
      }
    },
    {
      "from": [
        7.25,
        7.72411,
        8.2242
      ],
      "to": [
        8.75,
        8.22411,
        9.4742
      ],
      "rotation": {
        "angle": 45,
        "axis": "x",
        "origin": [
          8,
          8,
          8
        ]
      },
      "faces": {
        "east": {
          "uv": [
            11,
            2,
            11.5,
            3.25
          ],
          "rotation": 270,
          "texture": "#4"
        },
        "west": {
          "uv": [
            3,
            11,
            3.5,
            12.25
          ],
          "rotation": 90,
          "texture": "#4"
        },
        "up": {
          "uv": [
            6,
            0,
            7.5,
            1.25
          ],
          "rotation": 180,
          "texture": "#4"
        },
        "down": {
          "uv": [
            2,
            6,
            3.5,
            7.25
          ],
          "texture": "#4"
        }
      }
    },
    {
      "from": [
        7.25,
        8.2242,
        7.72411
      ],
      "to": [
        8.75,
        9.4742,
        8.22411
      ],
      "rotation": {
        "angle": 45,
        "axis": "x",
        "origin": [
          8,
          8,
          8
        ]
      },
      "faces": {
        "north": {
          "uv": [
            6,
            2,
            7.5,
            3.25
          ],
          "texture": "#4"
        },
        "east": {
          "uv": [
            4,
            11,
            4.5,
            12.25
          ],
          "texture": "#4"
        },
        "south": {
          "uv": [
            4,
            6,
            5.5,
            7.25
          ],
          "texture": "#4"
        },
        "west": {
          "uv": [
            11,
            4,
            11.5,
            5.25
          ],
          "texture": "#4"
        }
      }
    },
    {
      "from": [
        7.25,
        6.7625,
        8.84733
      ],
      "to": [
        8.75,
        7.2625,
        11.34733
      ],
      "rotation": {
        "angle": 0,
        "axis": "x",
        "origin": [
          8,
          8,
          8
        ]
      },
      "faces": {
        "east": {
          "uv": [
            5,
            8,
            5.5,
            10.5
          ],
          "rotation": 270,
          "texture": "#4"
        },
        "west": {
          "uv": [
            6,
            8,
            6.5,
            10.5
          ],
          "rotation": 90,
          "texture": "#4"
        },
        "up": {
          "uv": [
            0,
            3,
            1.5,
            5.5
          ],
          "rotation": 180,
          "texture": "#4"
        },
        "down": {
          "uv": [
            2,
            3,
            3.5,
            5.5
          ],
          "texture": "#4"
        }
      }
    },
    {
      "from": [
        7.4,
        7.25,
        8.292
      ],
      "to": [
        7.4,
        8.75,
        11.917
      ],
      "rotation": {
        "angle": 0,
        "axis": "x",
        "origin": [
          8,
          8,
          8
        ]
      },
      "faces": {
        "west": {
          "uv": [
            0,
            0,
            6,
            15
          ],
          "rotation": 90,
          "texture": "#2"
        }
      }
    },
    {
      "from": [
        7,
        4.5,
        6.76878
      ],
      "to": [
        7,
        11.5,
        13.76878
      ],
      "rotation": {
        "angle": 0,
        "axis": "x",
        "origin": [
          8,
          8,
          8
        ]
      },
      "faces": {
        "west": {
          "uv": [
            0,
            0,
            14,
            14
          ],
          "rotation": 90,
          "texture": "#3"
        }
      }
    },
    {
      "from": [
        9,
        4.5,
        6.76878
      ],
      "to": [
        9,
        11.5,
        13.76878
      ],
      "rotation": {
        "angle": 0,
        "axis": "x",
        "origin": [
          8,
          8,
          8
        ]
      },
      "faces": {
        "east": {
          "uv": [
            0,
            0,
            14,
            14
          ],
          "rotation": 270,
          "texture": "#3"
        }
      }
    },
    {
      "from": [
        8.6,
        7.25,
        8.292
      ],
      "to": [
        8.6,
        8.75,
        11.917
      ],
      "rotation": {
        "angle": 0,
        "axis": "x",
        "origin": [
          8,
          8,
          8
        ]
      },
      "faces": {
        "east": {
          "uv": [
            0,
            0,
            6,
            15
          ],
          "rotation": 270,
          "texture": "#2"
        }
      }
    },
    {
      "from": [
        7.75,
        6.5,
        3.26878
      ],
      "to": [
        8.25,
        7.75,
        4.26878
      ],
      "rotation": {
        "angle": 0,
        "axis": "x",
        "origin": [
          8,
          8,
          8
        ]
      },
      "faces": {
        "north": {
          "uv": [
            6.5,
            11,
            6,
            12.25
          ],
          "rotation": 180,
          "texture": "#4"
        },
        "east": {
          "uv": [
            7,
            8,
            8.25,
            9
          ],
          "rotation": 270,
          "texture": "#4"
        },
        "south": {
          "uv": [
            5.5,
            12.25,
            5,
            11
          ],
          "texture": "#4"
        },
        "west": {
          "uv": [
            8,
            7,
            9.25,
            8
          ],
          "rotation": 90,
          "texture": "#4"
        },
        "down": {
          "uv": [
            11,
            11,
            11.5,
            12
          ],
          "texture": "#4"
        }
      }
    },
    {
      "from": [
        7.75,
        6.5,
        4.76878
      ],
      "to": [
        8.25,
        7.75,
        5.76878
      ],
      "rotation": {
        "angle": 0,
        "axis": "x",
        "origin": [
          8,
          8,
          8
        ]
      },
      "faces": {
        "north": {
          "uv": [
            6.5,
            11,
            6,
            12.25
          ],
          "rotation": 180,
          "texture": "#4"
        },
        "east": {
          "uv": [
            7,
            8,
            8.25,
            9
          ],
          "rotation": 270,
          "texture": "#4"
        },
        "south": {
          "uv": [
            5.5,
            12.25,
            5,
            11
          ],
          "texture": "#4"
        },
        "west": {
          "uv": [
            8,
            7,
            9.25,
            8
          ],
          "rotation": 90,
          "texture": "#4"
        },
        "down": {
          "uv": [
            11,
            11,
            11.5,
            12
          ],
          "texture": "#4"
        }
      }
    }
  ],
  "gui_light": "front",
  "display": {
    "thirdperson_righthand": {
      "rotation": [
        71.5,
        0,
        0
      ],
      "translation": [
        0,
        1.75,
        -0.5
      ]
    },
    "thirdperson_lefthand": {
      "rotation": [
        71.5,
        0,
        0
      ],
      "translation": [
        0,
        1.75,
        -0.5
      ]
    },
    "firstperson_righthand": {
      "rotation": [
        60,
        0,
        -16
      ],
      "translation": [
        -0.75,
        5,
        2.25
      ]
    },
    "firstperson_lefthand": {
      "rotation": [
        60,
        0,
        -16
      ],
      "translation": [
        -0.75,
        5,
        2.25
      ]
    },
    "ground": {
      "rotation": [
        45,
        0,
        0
      ],
      "translation": [
        0,
        7.25,
        0
      ]
    },
    "gui": {
      "rotation": [
        -90,
        135,
        90
      ],
      "translation": [
        1,
        -0.25,
        0
      ],
      "scale": [
        1.98242,
        1.98242,
        1.98242
      ]
    },
    "head": {
      "rotation": [
        0,
        90,
        0
      ],
      "translation": [
        0,
        -2,
        0
      ],
      "scale": [
        1.5,
        1.5,
        1.5
      ]
    },
    "fixed": {
      "rotation": [
        90,
        -45,
        90
      ],
      "translation": [
        -1.25,
        -0.5,
        -1
      ],
      "scale": [
        2.42578,
        2.42578,
        2.42578
      ]
    }
  }
}