{
  "credit": "Made by LZLeon with Blockbench, Contact - Discord: LZBlocks#0261 - E-Mail: lzblocks@outlook.com",
  "texture_size": [
    128,
    128
  ],
  "textures": {
    "0": "lzfurniture:furniture/outdoor/outdoor_small_table",
    "particle": "lzfurniture:furniture/outdoor/outdoor_small_table"
  },
  "elements": [
    {
      "from": [
        -1,
        14,
        -1
      ],
      "to": [
        17,
        16,
        17
      ],
      "faces": {
        "north": {
          "uv": [
            2.25,
            2.25,
            4.5,
            2.5
          ],
          "texture": "#0"
        },
        "east": {
          "uv": [
            0,
            2.25,
            2.25,
            2.5
          ],
          "texture": "#0"
        },
        "south": {
          "uv": [
            6.75,
            2.25,
            9,
            2.5
          ],
          "texture": "#0"
        },
        "west": {
          "uv": [
            4.5,
            2.25,
            6.75,
            2.5
          ],
          "texture": "#0"
        },
        "up": {
          "uv": [
            4.5,
            2.25,
            2.25,
            0
          ],
          "texture": "#0"
        },
        "down": {
          "uv": [
            6.75,
            0,
            4.5,
            2.25
          ],
          "texture": "#0"
        }
      }
    },
    {
      "from": [
        0,
        0.3,
        -0.7
      ],
      "to": [
        1,
        21.3,
        1.3
      ],
      "rotation": {
        "angle": 45,
        "axis": "x",
        "origin": [
          0,
          0,
          0
        ]
      },
      "faces": {
        "north": {
          "uv": [
            2,
            3.875,
            2.125,
            6.5
          ],
          "texture": "#0"
        },
        "east": {
          "uv": [
            1.75,
            3.875,
            2,
            6.5
          ],
          "texture": "#0"
        },
        "south": {
          "uv": [
            2.375,
            3.875,
            2.5,
            6.5
          ],
          "texture": "#0"
        },
        "west": {
          "uv": [
            2.125,
            3.875,
            2.375,
            6.5
          ],
          "texture": "#0"
        },
        "up": {
          "uv": [
            2.125,
            3.875,
            2,
            3.625
          ],
          "texture": "#0"
        },
        "down": {
          "uv": [
            2.25,
            3.625,
            2.125,
            3.875
          ],
          "texture": "#0"
        }
      }
    },
    {
      "from": [
        15,
        0.3,
        -0.7
      ],
      "to": [
        16,
        21.3,
        1.3
      ],
      "rotation": {
        "angle": 45,
        "axis": "x",
        "origin": [
          2,
          0,
          0
        ]
      },
      "faces": {
        "north": {
          "uv": [
            2,
            3.875,
            2.125,
            6.5
          ],
          "texture": "#0"
        },
        "east": {
          "uv": [
            1.75,
            3.875,
            2,
            6.5
          ],
          "texture": "#0"
        },
        "south": {
          "uv": [
            2.375,
            3.875,
            2.5,
            6.5
          ],
          "texture": "#0"
        },
        "west": {
          "uv": [
            2.125,
            3.875,
            2.375,
            6.5
          ],
          "texture": "#0"
        },
        "up": {
          "uv": [
            2.125,
            3.875,
            2,
            3.625
          ],
          "texture": "#0"
        },
        "down": {
          "uv": [
            2.25,
            3.625,
            2.125,
            3.875
          ],
          "texture": "#0"
        }
      }
    },
    {
      "from": [
        1,
        -6.3,
        -1.4
      ],
      "to": [
        2,
        14.7,
        0.6
      ],
      "rotation": {
        "angle": -45,
        "axis": "x",
        "origin": [
          0,
          16,
          0
        ]
      },
      "faces": {
        "north": {
          "uv": [
            2,
            3.875,
            2.125,
            6.5
          ],
          "texture": "#0"
        },
        "east": {
          "uv": [
            1.75,
            3.875,
            2,
            6.5
          ],
          "texture": "#0"
        },
        "south": {
          "uv": [
            2.375,
            3.875,
            2.5,
            6.5
          ],
          "texture": "#0"
        },
        "west": {
          "uv": [
            2.125,
            3.875,
            2.375,
            6.5
          ],
          "texture": "#0"
        },
        "up": {
          "uv": [
            2.125,
            3.875,
            2,
            3.625
          ],
          "texture": "#0"
        },
        "down": {
          "uv": [
            2.25,
            3.625,
            2.125,
            3.875
          ],
          "texture": "#0"
        }
      }
    },
    {
      "from": [
        14,
        -6.3,
        -1.4
      ],
      "to": [
        15,
        14.7,
        0.6
      ],
      "rotation": {
        "angle": -45,
        "axis": "x",
        "origin": [
          2,
          16,
          0
        ]
      },
      "faces": {
        "north": {
          "uv": [
            2,
            3.875,
            2.125,
            6.5
          ],
          "texture": "#0"
        },
        "east": {
          "uv": [
            1.75,
            3.875,
            2,
            6.5
          ],
          "texture": "#0"
        },
        "south": {
          "uv": [
            2.375,
            3.875,
            2.5,
            6.5
          ],
          "texture": "#0"
        },
        "west": {
          "uv": [
            2.125,
            3.875,
            2.375,
            6.5
          ],
          "texture": "#0"
        },
        "up": {
          "uv": [
            2.125,
            3.875,
            2,
            3.625
          ],
          "texture": "#0"
        },
        "down": {
          "uv": [
            2.25,
            3.625,
            2.125,
            3.875
          ],
          "texture": "#0"
        }
      }
    },
    {
      "from": [
        1,
        1.29289,
        -0.36863
      ],
      "to": [
        15,
        3.29289,
        0.63137
      ],
      "rotation": {
        "angle": 45,
        "axis": "x",
        "origin": [
          0,
          -0.70711,
          1.13137
        ]
      },
      "faces": {
        "north": {
          "uv": [
            0.125,
            2.75,
            1.875,
            3
          ],
          "texture": "#0"
        },
        "east": {
          "uv": [
            0,
            2.75,
            0.125,
            3
          ],
          "texture": "#0"
        },
        "south": {
          "uv": [
            2,
            2.75,
            3.75,
            3
          ],
          "texture": "#0"
        },
        "west": {
          "uv": [
            1.875,
            2.75,
            2,
            3
          ],
          "texture": "#0"
        },
        "up": {
          "uv": [
            1.875,
            2.75,
            0.125,
            2.625
          ],
          "texture": "#0"
        },
        "down": {
          "uv": [
            3.625,
            2.625,
            1.875,
            2.75
          ],
          "texture": "#0"
        }
      }
    },
    {
      "from": [
        2,
        8.32736,
        6.05061
      ],
      "to": [
        14,
        9.32736,
        8.05061
      ],
      "rotation": {
        "angle": 45,
        "axis": "x",
        "origin": [
          0,
          -2.17264,
          2.05061
        ]
      },
      "faces": {
        "north": {
          "uv": [
            0.25,
            3.375,
            1.75,
            3.5
          ],
          "texture": "#0"
        },
        "east": {
          "uv": [
            0,
            3.375,
            0.25,
            3.5
          ],
          "texture": "#0"
        },
        "south": {
          "uv": [
            2,
            3.375,
            3.5,
            3.5
          ],
          "texture": "#0"
        },
        "west": {
          "uv": [
            1.75,
            3.375,
            2,
            3.5
          ],
          "texture": "#0"
        },
        "up": {
          "uv": [
            1.75,
            3.375,
            0.25,
            3.125
          ],
          "texture": "#0"
        },
        "down": {
          "uv": [
            3.25,
            3.125,
            1.75,
            3.375
          ],
          "texture": "#0"
        }
      }
    }
  ],
  "display": {
    "thirdperson_righthand": {
      "rotation": [
        60,
        -160,
        0
      ],
      "translation": [
        0,
        3.5,
        -4.75
      ],
      "scale": [
        -0.6,
        0.6,
        -0.6
      ]
    },
    "thirdperson_lefthand": {
      "rotation": [
        60,
        -160,
        0
      ],
      "translation": [
        0,
        3.5,
        -4.75
      ],
      "scale": [
        -0.6,
        0.6,
        -0.6
      ]
    },
    "firstperson_righthand": {
      "rotation": [
        0,
        -73,
        6
      ],
      "translation": [
        0,
        -1,
        0
      ],
      "scale": [
        -0.4,
        0.4,
        -0.4
      ]
    },
    "firstperson_lefthand": {
      "rotation": [
        0,
        -73,
        6
      ],
      "translation": [
        0,
        -1,
        0
      ],
      "scale": [
        -0.4,
        0.4,
        -0.4
      ]
    },
    "ground": {
      "translation": [
        0,
        1.5,
        0
      ],
      "scale": [
        0.35,
        0.35,
        0.35
      ]
    },
    "gui": {
      "rotation": [
        30,
        -40,
        0
      ],
      "translation": [
        0.25,
        -0.5,
        0
      ],
      "scale": [
        -0.55,
        0.55,
        -0.55
      ]
    },
    "head": {
      "translation": [
        0,
        -30.4,
        0
      ],
      "scale": [
        1.6,
        1.6,
        1.6
      ]
    },
    "fixed": {
      "rotation": [
        90,
        0,
        -180
      ],
      "translation": [
        0,
        0,
        -15
      ],
      "scale": [
        2,
        2,
        2
      ]
    }
  }
}