{
  "credit": "Made by PolygonMC",
  "texture_size": [
    24,
    24
  ],
  "textures": {
    "1": "littlecatset:animations/animations_1",
    "2": "littlecatset:shield",
    "3": "littlecatset:animations/animations_2",
    "particle": "littlecatset:shield"
  },
  "elements": [
    {
      "from": [
        7.5,
        6,
        9.0375
      ],
      "to": [
        8.5,
        7,
        10.0375
      ],
      "rotation": {
        "angle": 0,
        "axis": "y",
        "origin": [
          8.5,
          6,
          9.0375
        ]
      },
      "faces": {
        "north": {
          "uv": [
            12,
            2.66667,
            12.66667,
            3.33333
          ],
          "texture": "#2"
        },
        "east": {
          "uv": [
            10,
            7.33333,
            10.66667,
            8
          ],
          "texture": "#2"
        },
        "south": {
          "uv": [
            11.33333,
            6.66667,
            12,
            7.33333
          ],
          "texture": "#2"
        },
        "west": {
          "uv": [
            12,
            2,
            12.66667,
            2.66667
          ],
          "texture": "#2"
        },
        "up": {
          "uv": [
            12.66667,
            4.66667,
            12,
            4
          ],
          "rotation": 90,
          "texture": "#2"
        }
      }
    },
    {
      "from": [
        7.5,
        8.5,
        9.0375
      ],
      "to": [
        8.5,
        10,
        10.0375
      ],
      "rotation": {
        "angle": 0,
        "axis": "y",
        "origin": [
          8.5,
          8.5,
          9.0375
        ]
      },
      "faces": {
        "north": {
          "uv": [
            11.33333,
            11.33333,
            12,
            12.33333
          ],
          "texture": "#2"
        },
        "east": {
          "uv": [
            4,
            11.33333,
            4.66667,
            12.33333
          ],
          "texture": "#2"
        },
        "south": {
          "uv": [
            7.33333,
            11.33333,
            8,
            12.33333
          ],
          "texture": "#2"
        },
        "west": {
          "uv": [
            10.66667,
            11.33333,
            11.33333,
            12.33333
          ],
          "texture": "#2"
        },
        "up": {
          "uv": [
            12.66667,
            5.33333,
            12,
            4.66667
          ],
          "rotation": 90,
          "texture": "#2"
        },
        "down": {
          "uv": [
            12.66667,
            6.66667,
            12,
            7.33333
          ],
          "rotation": 270,
          "texture": "#2"
        }
      }
    },
    {
      "from": [
        7.5,
        7.5,
        9.0375
      ],
      "to": [
        8.5,
        8,
        10.0375
      ],
      "rotation": {
        "angle": 0,
        "axis": "y",
        "origin": [
          8.5,
          7.5,
          9.0375
        ]
      },
      "faces": {
        "north": {
          "uv": [
            12.66667,
            6,
            13.33333,
            6.33333
          ],
          "texture": "#2"
        },
        "east": {
          "uv": [
            12.66667,
            4,
            13.33333,
            4.33333
          ],
          "texture": "#2"
        },
        "south": {
          "uv": [
            12.66667,
            4.66667,
            13.33333,
            5
          ],
          "texture": "#2"
        },
        "west": {
          "uv": [
            12.66667,
            5.33333,
            13.33333,
            5.66667
          ],
          "texture": "#2"
        },
        "up": {
          "uv": [
            12.66667,
            8,
            12,
            7.33333
          ],
          "rotation": 90,
          "texture": "#2"
        },
        "down": {
          "uv": [
            8.66667,
            12,
            8,
            12.66667
          ],
          "rotation": 270,
          "texture": "#2"
        }
      }
    },
    {
      "from": [
        7.4,
        10,
        8.9375
      ],
      "to": [
        8.6,
        10.5,
        10.1375
      ],
      "rotation": {
        "angle": 0,
        "axis": "y",
        "origin": [
          8.5,
          10,
          9.0375
        ]
      },
      "faces": {
        "north": {
          "uv": [
            8,
            12.66667,
            8.66667,
            13
          ],
          "texture": "#2"
        },
        "east": {
          "uv": [
            12.66667,
            6.66667,
            13.33333,
            7
          ],
          "texture": "#2"
        },
        "south": {
          "uv": [
            7.33333,
            12.66667,
            8,
            13
          ],
          "texture": "#2"
        },
        "west": {
          "uv": [
            12.66667,
            7.33333,
            13.33333,
            7.66667
          ],
          "texture": "#2"
        },
        "up": {
          "uv": [
            12.66667,
            8.66667,
            12,
            8
          ],
          "rotation": 90,
          "texture": "#2"
        },
        "down": {
          "uv": [
            9.33333,
            12,
            8.66667,
            12.66667
          ],
          "rotation": 270,
          "texture": "#2"
        }
      }
    },
    {
      "from": [
        7.4,
        5.5,
        8.9375
      ],
      "to": [
        8.6,
        6,
        10.1375
      ],
      "rotation": {
        "angle": 0,
        "axis": "y",
        "origin": [
          8.5,
          5.5,
          9.0375
        ]
      },
      "faces": {
        "north": {
          "uv": [
            9.33333,
            12.66667,
            10,
            13
          ],
          "texture": "#2"
        },
        "east": {
          "uv": [
            12.66667,
            8,
            13.33333,
            8.33333
          ],
          "texture": "#2"
        },
        "south": {
          "uv": [
            8.66667,
            12.66667,
            9.33333,
            13
          ],
          "texture": "#2"
        },
        "west": {
          "uv": [
            12.66667,
            8.66667,
            13.33333,
            9
          ],
          "texture": "#2"
        },
        "up": {
          "uv": [
            12.66667,
            9.33333,
            12,
            8.66667
          ],
          "rotation": 90,
          "texture": "#2"
        },
        "down": {
          "uv": [
            10,
            12,
            9.33333,
            12.66667
          ],
          "rotation": 270,
          "texture": "#2"
        }
      }
    },
    {
      "from": [
        7.6,
        7,
        9.1375
      ],
      "to": [
        8.4,
        7.5,
        9.9375
      ],
      "rotation": {
        "angle": 0,
        "axis": "y",
        "origin": [
          8.5,
          7,
          9.0375
        ]
      },
      "faces": {
        "north": {
          "uv": [
            10.66667,
            12.66667,
            11.33333,
            13
          ],
          "texture": "#2"
        },
        "east": {
          "uv": [
            12.66667,
            9.33333,
            13.33333,
            9.66667
          ],
          "texture": "#2"
        },
        "south": {
          "uv": [
            10,
            12.66667,
            10.66667,
            13
          ],
          "texture": "#2"
        },
        "west": {
          "uv": [
            12.66667,
            10,
            13.33333,
            10.33333
          ],
          "texture": "#2"
        }
      }
    },
    {
      "from": [
        7.6,
        8,
        9.1375
      ],
      "to": [
        8.4,
        8.5,
        9.9375
      ],
      "rotation": {
        "angle": 0,
        "axis": "y",
        "origin": [
          8.5,
          8,
          9.0375
        ]
      },
      "faces": {
        "north": {
          "uv": [
            12,
            12.66667,
            12.66667,
            13
          ],
          "texture": "#2"
        },
        "east": {
          "uv": [
            12.66667,
            10.66667,
            13.33333,
            11
          ],
          "texture": "#2"
        },
        "south": {
          "uv": [
            11.33333,
            12.66667,
            12,
            13
          ],
          "texture": "#2"
        },
        "west": {
          "uv": [
            12.66667,
            11.33333,
            13.33333,
            11.66667
          ],
          "texture": "#2"
        }
      }
    },
    {
      "from": [
        7.37,
        4.62,
        8.9075
      ],
      "to": [
        8.63,
        5.88,
        10.1675
      ],
      "rotation": {
        "angle": -45,
        "axis": "z",
        "origin": [
          8,
          5.25,
          9.5375
        ]
      },
      "faces": {
        "north": {
          "uv": [
            10,
            0,
            11,
            1
          ],
          "texture": "#2"
        },
        "east": {
          "uv": [
            8,
            9.33333,
            9,
            10.33333
          ],
          "texture": "#2"
        },
        "south": {
          "uv": [
            9.33333,
            8,
            10.33333,
            9
          ],
          "texture": "#2"
        },
        "west": {
          "uv": [
            9.33333,
            9.33333,
            10.33333,
            10.33333
          ],
          "texture": "#2"
        },
        "up": {
          "uv": [
            2.33333,
            11,
            1.33333,
            10
          ],
          "rotation": 90,
          "texture": "#2"
        },
        "down": {
          "uv": [
            11,
            1.33333,
            10,
            2.33333
          ],
          "rotation": 270,
          "texture": "#2"
        }
      }
    },
    {
      "from": [
        7.37,
        10.12,
        8.9075
      ],
      "to": [
        8.63,
        11.38,
        10.1675
      ],
      "rotation": {
        "angle": 45,
        "axis": "z",
        "origin": [
          8,
          10.75,
          9.5375
        ]
      },
      "faces": {
        "north": {
          "uv": [
            9.33333,
            10.66667,
            10.33333,
            11.66667
          ],
          "texture": "#2"
        },
        "east": {
          "uv": [
            10.66667,
            7.33333,
            11.66667,
            8.33333
          ],
          "texture": "#2"
        },
        "south": {
          "uv": [
            8,
            10.66667,
            9,
            11.66667
          ],
          "texture": "#2"
        },
        "west": {
          "uv": [
            10.66667,
            8.66667,
            11.66667,
            9.66667
          ],
          "texture": "#2"
        },
        "up": {
          "uv": [
            11.66667,
            11,
            10.66667,
            10
          ],
          "rotation": 90,
          "texture": "#2"
        },
        "down": {
          "uv": [
            1,
            11.33333,
            0,
            12.33333
          ],
          "rotation": 270,
          "texture": "#2"
        }
      }
    },
    {
      "from": [
        7,
        12.525,
        5.9625
      ],
      "to": [
        9,
        14.525,
        7.3625
      ],
      "rotation": {
        "angle": -45,
        "axis": "z",
        "origin": [
          8,
          13.525,
          6.6625
        ]
      },
      "faces": {
        "north": {
          "uv": [
            7.33333,
            0,
            8.66667,
            1.33333
          ],
          "texture": "#2"
        },
        "east": {
          "uv": [
            7.33333,
            4,
            8.33333,
            5.33333
          ],
          "texture": "#2"
        },
        "south": {
          "uv": [
            6,
            6.66667,
            7.33333,
            8
          ],
          "texture": "#2"
        },
        "west": {
          "uv": [
            7.33333,
            5.33333,
            8.33333,
            6.66667
          ],
          "texture": "#2"
        },
        "up": {
          "uv": [
            8.33333,
            8,
            7.33333,
            6.66667
          ],
          "rotation": 90,
          "texture": "#2"
        },
        "down": {
          "uv": [
            7,
            8,
            6,
            9.33333
          ],
          "rotation": 270,
          "texture": "#2"
        }
      }
    },
    {
      "from": [
        7.3,
        12.825,
        5.7625
      ],
      "to": [
        8.7,
        14.225,
        7.5625
      ],
      "rotation": {
        "angle": -45,
        "axis": "z",
        "origin": [
          8,
          13.525,
          6.6625
        ]
      },
      "faces": {
        "north": {
          "uv": [
            10,
            2.66667,
            11,
            3.66667
          ],
          "texture": "#2"
        },
        "east": {
          "uv": [
            7.33333,
            8,
            8.66667,
            9
          ],
          "texture": "#2"
        },
        "south": {
          "uv": [
            2.66667,
            10,
            3.66667,
            11
          ],
          "texture": "#2"
        },
        "west": {
          "uv": [
            8.66667,
            0,
            10,
            1
          ],
          "texture": "#2"
        },
        "up": {
          "uv": [
            10,
            2.33333,
            8.66667,
            1.33333
          ],
          "rotation": 90,
          "texture": "#2"
        },
        "down": {
          "uv": [
            10,
            2.66667,
            8.66667,
            3.66667
          ],
          "rotation": 270,
          "texture": "#2"
        }
      }
    },
    {
      "from": [
        8.5,
        13.025,
        6.1625
      ],
      "to": [
        10.5,
        14.025,
        7.1625
      ],
      "rotation": {
        "angle": -22.5,
        "axis": "z",
        "origin": [
          9.5,
          13.525,
          6.6625
        ]
      },
      "faces": {
        "north": {
          "uv": [
            11.33333,
            0.66667,
            12.66667,
            1.33333
          ],
          "texture": "#2"
        },
        "south": {
          "uv": [
            11.33333,
            0,
            12.66667,
            0.66667
          ],
          "texture": "#2"
        },
        "west": {
          "uv": [
            12,
            9.33333,
            12.66667,
            10
          ],
          "texture": "#2"
        },
        "up": {
          "uv": [
            4.66667,
            11.33333,
            4,
            10
          ],
          "rotation": 90,
          "texture": "#2"
        },
        "down": {
          "uv": [
            2,
            11.33333,
            1.33333,
            12.66667
          ],
          "rotation": 270,
          "texture": "#2"
        }
      }
    },
    {
      "from": [
        9.075,
        13.025,
        6.3625
      ],
      "to": [
        11.625,
        14.025,
        6.9625
      ],
      "rotation": {
        "angle": 22.5,
        "axis": "z",
        "origin": [
          10.625,
          13.525,
          6.6625
        ]
      },
      "faces": {
        "north": {
          "uv": [
            8.66667,
            4.66667,
            10.33333,
            5.33333
          ],
          "texture": "#2"
        },
        "south": {
          "uv": [
            8.66667,
            4,
            10.33333,
            4.66667
          ],
          "texture": "#2"
        },
        "west": {
          "uv": [
            12.66667,
            12,
            13,
            12.66667
          ],
          "texture": "#2"
        },
        "up": {
          "uv": [
            2.33333,
            13.66667,
            2,
            12
          ],
          "rotation": 90,
          "texture": "#2"
        },
        "down": {
          "uv": [
            3,
            12,
            2.66667,
            13.66667
          ],
          "rotation": 270,
          "texture": "#2"
        }
      }
    },
    {
      "from": [
        10.4,
        11.975,
        6.0625
      ],
      "to": [
        11.4,
        14.375,
        7.2625
      ],
      "rotation": {
        "angle": -45,
        "axis": "z",
        "origin": [
          11,
          13.175,
          6.6625
        ]
      },
      "faces": {
        "north": {
          "uv": [
            0.66667,
            9.33333,
            1.33333,
            11
          ],
          "texture": "#2"
        },
        "east": {
          "uv": [
            8.66667,
            5.33333,
            9.33333,
            7
          ],
          "texture": "#2"
        },
        "south": {
          "uv": [
            8.66667,
            7.33333,
            9.33333,
            9
          ],
          "texture": "#2"
        },
        "west": {
          "uv": [
            0,
            9.33333,
            0.66667,
            11
          ],
          "texture": "#2"
        },
        "up": {
          "uv": [
            10.66667,
            12.66667,
            10,
            12
          ],
          "rotation": 90,
          "texture": "#2"
        },
        "down": {
          "uv": [
            12.66667,
            10,
            12,
            10.66667
          ],
          "rotation": 270,
          "texture": "#2"
        }
      }
    },
    {
      "from": [
        5.5,
        13.025,
        6.1625
      ],
      "to": [
        7.5,
        14.025,
        7.1625
      ],
      "rotation": {
        "angle": 22.5,
        "axis": "z",
        "origin": [
          6.5,
          13.525,
          6.6625
        ]
      },
      "faces": {
        "north": {
          "uv": [
            2,
            11.33333,
            3.33333,
            12
          ],
          "texture": "#2"
        },
        "east": {
          "uv": [
            12,
            10.66667,
            12.66667,
            11.33333
          ],
          "texture": "#2"
        },
        "south": {
          "uv": [
            11.33333,
            1.33333,
            12.66667,
            2
          ],
          "texture": "#2"
        },
        "up": {
          "uv": [
            12,
            3.33333,
            11.33333,
            2
          ],
          "rotation": 90,
          "texture": "#2"
        },
        "down": {
          "uv": [
            4,
            11.33333,
            3.33333,
            12.66667
          ],
          "rotation": 270,
          "texture": "#2"
        }
      }
    },
    {
      "from": [
        4.375,
        13.025,
        6.3625
      ],
      "to": [
        6.925,
        14.025,
        6.9625
      ],
      "rotation": {
        "angle": -22.5,
        "axis": "z",
        "origin": [
          5.375,
          13.525,
          6.6625
        ]
      },
      "faces": {
        "north": {
          "uv": [
            9.33333,
            5.33333,
            11,
            6
          ],
          "texture": "#2"
        },
        "east": {
          "uv": [
            12.66667,
            12.66667,
            13,
            13.33333
          ],
          "texture": "#2"
        },
        "south": {
          "uv": [
            1.33333,
            9.33333,
            3,
            10
          ],
          "texture": "#2"
        },
        "up": {
          "uv": [
            6.33333,
            13.66667,
            6,
            12
          ],
          "rotation": 90,
          "texture": "#2"
        },
        "down": {
          "uv": [
            7,
            12,
            6.66667,
            13.66667
          ],
          "rotation": 270,
          "texture": "#2"
        }
      }
    },
    {
      "from": [
        4.6,
        11.975,
        6.0625
      ],
      "to": [
        5.6,
        14.375,
        7.2625
      ],
      "rotation": {
        "angle": 45,
        "axis": "z",
        "origin": [
          5,
          13.175,
          6.6625
        ]
      },
      "faces": {
        "north": {
          "uv": [
            7.33333,
            9.33333,
            8,
            11
          ],
          "texture": "#2"
        },
        "east": {
          "uv": [
            6,
            9.33333,
            6.66667,
            11
          ],
          "texture": "#2"
        },
        "south": {
          "uv": [
            9.33333,
            6,
            10,
            7.66667
          ],
          "texture": "#2"
        },
        "west": {
          "uv": [
            6.66667,
            9.33333,
            7.33333,
            11
          ],
          "texture": "#2"
        },
        "up": {
          "uv": [
            12.66667,
            12,
            12,
            11.33333
          ],
          "rotation": 90,
          "texture": "#2"
        },
        "down": {
          "uv": [
            12.66667,
            12,
            12,
            12.66667
          ],
          "rotation": 270,
          "texture": "#2"
        }
      }
    },
    {
      "from": [
        5.44436,
        11.23064,
        6.4125
      ],
      "to": [
        7.44436,
        13.23064,
        6.9125
      ],
      "rotation": {
        "angle": -45,
        "axis": "z",
        "origin": [
          8,
          10.675,
          6.6625
        ]
      },
      "faces": {
        "north": {
          "uv": [
            7.33333,
            2.66667,
            8.66667,
            4
          ],
          "texture": "#2"
        },
        "east": {
          "uv": [
            0,
            12.66667,
            0.33333,
            14
          ],
          "texture": "#2"
        },
        "south": {
          "uv": [
            7.33333,
            1.33333,
            8.66667,
            2.66667
          ],
          "texture": "#2"
        },
        "west": {
          "uv": [
            12.66667,
            0,
            13,
            1.33333
          ],
          "texture": "#2"
        },
        "up": {
          "uv": [
            1,
            14,
            0.66667,
            12.66667
          ],
          "rotation": 90,
          "texture": "#2"
        },
        "down": {
          "uv": [
            1.66667,
            12.66667,
            1.33333,
            14
          ],
          "rotation": 270,
          "texture": "#2"
        }
      }
    },
    {
      "from": [
        8.84814,
        2.41187,
        6.4125
      ],
      "to": [
        10.26314,
        3.82687,
        6.9125
      ],
      "rotation": {
        "angle": -45,
        "axis": "z",
        "origin": [
          8,
          4.675,
          6.6625
        ]
      },
      "faces": {
        "north": {
          "uv": [
            10.66667,
            4,
            11.66667,
            5
          ],
          "texture": "#2"
        },
        "east": {
          "uv": [
            12.66667,
            1.33333,
            13,
            2.33333
          ],
          "texture": "#2"
        },
        "south": {
          "uv": [
            10,
            6,
            11,
            7
          ],
          "texture": "#2"
        },
        "west": {
          "uv": [
            12.66667,
            2.66667,
            13,
            3.66667
          ],
          "texture": "#2"
        },
        "up": {
          "uv": [
            3.66667,
            13.66667,
            3.33333,
            12.66667
          ],
          "rotation": 90,
          "texture": "#2"
        },
        "down": {
          "uv": [
            4.33333,
            12.66667,
            4,
            13.66667
          ],
          "rotation": 270,
          "texture": "#2"
        }
      }
    },
    {
      "from": [
        7,
        2.475,
        6.4175
      ],
      "to": [
        9,
        12.475,
        6.9075
      ],
      "rotation": {
        "angle": 0,
        "axis": "x",
        "origin": [
          8,
          10.675,
          6.6625
        ]
      },
      "faces": {
        "north": {
          "uv": [
            6,
            0,
            7.33333,
            6.66667
          ],
          "texture": "#2"
        },
        "east": {
          "uv": [
            4.66667,
            6.66667,
            5,
            13.33333
          ],
          "texture": "#2"
        },
        "south": {
          "uv": [
            4.66667,
            0,
            6,
            6.66667
          ],
          "texture": "#2"
        },
        "west": {
          "uv": [
            5.33333,
            6.66667,
            5.66667,
            13.33333
          ],
          "texture": "#2"
        }
      }
    },
    {
      "from": [
        5.5,
        -1,
        6.5625
      ],
      "to": [
        10.5,
        13,
        6.6125
      ],
      "rotation": {
        "angle": 0,
        "axis": "y",
        "origin": [
          10,
          -1,
          6.5625
        ]
      },
      "faces": {
        "north": {
          "uv": [
            0,
            0,
            3.33333,
            9.33333
          ],
          "texture": "#2"
        },
        "south": {
          "uv": [
            3.33333,
            0,
            0,
            9.33333
          ],
          "texture": "#2"
        }
      }
    },
    {
      "from": [
        10.42388,
        -1,
        6.94518
      ],
      "to": [
        12.42388,
        14,
        6.99518
      ],
      "rotation": {
        "angle": -22.5,
        "axis": "y",
        "origin": [
          11.42388,
          6.5,
          6.94518
        ]
      },
      "faces": {
        "north": {
          "uv": [
            3.33333,
            0,
            4.66667,
            10
          ],
          "texture": "#2"
        },
        "south": {
          "uv": [
            4.66667,
            0,
            3.33333,
            10
          ],
          "texture": "#2"
        }
      }
    },
    {
      "from": [
        3.57612,
        -1,
        6.94518
      ],
      "to": [
        5.57612,
        14,
        6.99518
      ],
      "rotation": {
        "angle": 22.5,
        "axis": "y",
        "origin": [
          4.57612,
          6.5,
          6.94518
        ]
      },
      "faces": {
        "north": {
          "uv": [
            4.66667,
            0,
            3.33333,
            10
          ],
          "texture": "#2"
        },
        "south": {
          "uv": [
            3.33333,
            0,
            4.66667,
            10
          ],
          "texture": "#2"
        }
      }
    },
    {
      "from": [
        7.5,
        4.74115,
        6.9075
      ],
      "to": [
        8.5,
        5.74115,
        8.9075
      ],
      "rotation": {
        "angle": -45,
        "axis": "z",
        "origin": [
          8,
          5.24115,
          7.9075
        ]
      },
      "faces": {
        "east": {
          "uv": [
            11.33333,
            3.33333,
            12.66667,
            4
          ],
          "texture": "#2"
        },
        "west": {
          "uv": [
            11.33333,
            5.33333,
            12.66667,
            6
          ],
          "texture": "#2"
        },
        "up": {
          "uv": [
            7.33333,
            12,
            6,
            11.33333
          ],
          "rotation": 90,
          "texture": "#2"
        },
        "down": {
          "uv": [
            12.66667,
            6,
            11.33333,
            6.66667
          ],
          "rotation": 270,
          "texture": "#2"
        }
      }
    },
    {
      "from": [
        7.5,
        10.24115,
        6.9075
      ],
      "to": [
        8.5,
        11.24115,
        8.9075
      ],
      "rotation": {
        "angle": -45,
        "axis": "z",
        "origin": [
          8,
          10.74115,
          7.9075
        ]
      },
      "faces": {
        "east": {
          "uv": [
            11.33333,
            3.33333,
            12.66667,
            4
          ],
          "texture": "#2"
        },
        "west": {
          "uv": [
            11.33333,
            5.33333,
            12.66667,
            6
          ],
          "texture": "#2"
        },
        "up": {
          "uv": [
            7.33333,
            12,
            6,
            11.33333
          ],
          "rotation": 90,
          "texture": "#2"
        },
        "down": {
          "uv": [
            12.66667,
            6,
            11.33333,
            6.66667
          ],
          "rotation": 270,
          "texture": "#2"
        }
      }
    },
    {
      "from": [
        -0.475,
        2,
        6.275
      ],
      "to": [
        7.525,
        10,
        6.325
      ],
      "rotation": {
        "angle": 0,
        "axis": "y",
        "origin": [
          7.025,
          14,
          8
        ]
      },
      "faces": {
        "north": {
          "uv": [
            0,
            0,
            16,
            16
          ],
          "texture": "#1"
        },
        "south": {
          "uv": [
            16,
            0,
            0,
            16
          ],
          "texture": "#1"
        }
      }
    },
    {
      "from": [
        8.475,
        2,
        6.275
      ],
      "to": [
        16.475,
        10,
        6.325
      ],
      "rotation": {
        "angle": 0,
        "axis": "y",
        "origin": [
          8.975,
          14,
          8
        ]
      },
      "faces": {
        "north": {
          "uv": [
            16,
            0,
            0,
            16
          ],
          "texture": "#1"
        },
        "south": {
          "uv": [
            0,
            0,
            16,
            16
          ],
          "texture": "#1"
        }
      }
    },
    {
      "from": [
        4,
        9.5,
        5.675
      ],
      "to": [
        12,
        17.5,
        5.725
      ],
      "rotation": {
        "angle": 0,
        "axis": "y",
        "origin": [
          4.5,
          14,
          8
        ]
      },
      "faces": {
        "north": {
          "uv": [
            16,
            0,
            0,
            16
          ],
          "texture": "#3"
        },
        "south": {
          "uv": [
            0,
            0,
            16,
            16
          ],
          "texture": "#3"
        }
      }
    }
  ],
  "gui_light": "front",
  "display": {
    "thirdperson_righthand": {
      "rotation": [
        0,
        -90,
        0
      ],
      "translation": [
        1.75,
        -2,
        1
      ]
    },
    "thirdperson_lefthand": {
      "rotation": [
        0,
        -90,
        0
      ],
      "translation": [
        1.75,
        -2,
        1
      ]
    },
    "firstperson_righthand": {
      "rotation": [
        0,
        0,
        15
      ],
      "translation": [
        -2,
        2.25,
        3.75
      ]
    },
    "firstperson_lefthand": {
      "rotation": [
        0,
        0,
        15
      ],
      "translation": [
        -2,
        2.25,
        3.75
      ]
    },
    "ground": {
      "rotation": [
        45,
        0,
        0
      ],
      "translation": [
        0,
        6.5,
        0
      ]
    },
    "gui": {
      "rotation": [
        0,
        0,
        45
      ],
      "scale": [
        1.14453,
        1.14453,
        1.14453
      ]
    },
    "head": {
      "scale": [
        0,
        0,
        0
      ]
    },
    "fixed": {
      "translation": [
        0,
        2,
        -0.75
      ],
      "scale": [
        2,
        2,
        2
      ]
    }
  }
}