{
  "credit": "Made by PolygonMC",
  "texture_size": [
    24,
    24
  ],
  "textures": {
    "1": "littlecatset:animations/animations_1",
    "2": "littlecatset:crossbow",
    "particle": "littlecatset:crossbow"
  },
  "elements": [
    {
      "from": [
        7.3432,
        8.20507,
        2.74822
      ],
      "to": [
        9.3432,
        9.60507,
        4.74822
      ],
      "rotation": {
        "angle": 45,
        "axis": "y",
        "origin": [
          8,
          8.90507,
          4.09142
        ]
      },
      "faces": {
        "north": {
          "uv": [
            8,
            0.66667,
            9.33333,
            1.66667
          ],
          "texture": "#2"
        },
        "east": {
          "uv": [
            2.66667,
            8.66667,
            4,
            9.66667
          ],
          "texture": "#2"
        },
        "south": {
          "uv": [
            8.66667,
            3.33333,
            10,
            4.33333
          ],
          "texture": "#2"
        },
        "west": {
          "uv": [
            4,
            8.66667,
            5.33333,
            9.66667
          ],
          "texture": "#2"
        },
        "up": {
          "uv": [
            4,
            8.66667,
            2.66667,
            7.33333
          ],
          "texture": "#2"
        },
        "down": {
          "uv": [
            5.33333,
            7.33333,
            4,
            8.66667
          ],
          "texture": "#2"
        }
      }
    },
    {
      "from": [
        7.3,
        8.00507,
        2.90607
      ],
      "to": [
        8.7,
        9.80507,
        4.30607
      ],
      "rotation": {
        "angle": 45,
        "axis": "y",
        "origin": [
          8,
          8.90507,
          3.60607
        ]
      },
      "faces": {
        "north": {
          "uv": [
            7.33333,
            8.66667,
            8.33333,
            10
          ],
          "texture": "#2"
        },
        "east": {
          "uv": [
            8.66667,
            7.33333,
            9.66667,
            8.66667
          ],
          "texture": "#2"
        },
        "south": {
          "uv": [
            8.66667,
            4.66667,
            9.66667,
            6
          ],
          "texture": "#2"
        },
        "west": {
          "uv": [
            8.66667,
            6,
            9.66667,
            7.33333
          ],
          "texture": "#2"
        },
        "up": {
          "uv": [
            5.66667,
            11,
            4.66667,
            10
          ],
          "rotation": 180,
          "texture": "#2"
        },
        "down": {
          "uv": [
            8.33333,
            10,
            7.33333,
            11
          ],
          "rotation": 180,
          "texture": "#2"
        }
      }
    },
    {
      "from": [
        5.42844,
        8.63007,
        4.11704
      ],
      "to": [
        7.42844,
        9.63007,
        5.11704
      ],
      "rotation": {
        "angle": -22.5,
        "axis": "y",
        "origin": [
          8,
          9.13007,
          4.49142
        ]
      },
      "faces": {
        "north": {
          "uv": [
            10,
            10,
            11.33333,
            10.66667
          ],
          "texture": "#2"
        },
        "east": {
          "uv": [
            4.66667,
            3.33333,
            5.33333,
            4
          ],
          "texture": "#2"
        },
        "south": {
          "uv": [
            1.33333,
            10.66667,
            2.66667,
            11.33333
          ],
          "texture": "#2"
        },
        "up": {
          "uv": [
            4,
            11.33333,
            2.66667,
            10.66667
          ],
          "texture": "#2"
        },
        "down": {
          "uv": [
            12,
            8.66667,
            10.66667,
            9.33333
          ],
          "texture": "#2"
        }
      }
    },
    {
      "from": [
        4.76055,
        8.83007,
        2.53847
      ],
      "to": [
        7.31055,
        9.43007,
        3.53847
      ],
      "rotation": {
        "angle": 22.5,
        "axis": "y",
        "origin": [
          8,
          9.13007,
          4.49142
        ]
      },
      "faces": {
        "north": {
          "uv": [
            11.33333,
            1.33333,
            13,
            1.66667
          ],
          "texture": "#2"
        },
        "east": {
          "uv": [
            8.66667,
            12,
            9.33333,
            12.33333
          ],
          "texture": "#2"
        },
        "south": {
          "uv": [
            6,
            11.33333,
            7.66667,
            11.66667
          ],
          "texture": "#2"
        },
        "up": {
          "uv": [
            9.66667,
            2.66667,
            8,
            2
          ],
          "texture": "#2"
        },
        "down": {
          "uv": [
            10.33333,
            8.66667,
            8.66667,
            9.33333
          ],
          "texture": "#2"
        }
      }
    },
    {
      "from": [
        5.26937,
        8.53007,
        1.37942
      ],
      "to": [
        7.66937,
        9.73007,
        2.37942
      ],
      "rotation": {
        "angle": 45,
        "axis": "y",
        "origin": [
          8,
          9.13007,
          4.49142
        ]
      },
      "faces": {
        "north": {
          "uv": [
            9.33333,
            0.66667,
            11,
            1.33333
          ],
          "texture": "#2"
        },
        "east": {
          "uv": [
            11.33333,
            8,
            12,
            8.66667
          ],
          "texture": "#2"
        },
        "south": {
          "uv": [
            9.33333,
            1.33333,
            11,
            2
          ],
          "texture": "#2"
        },
        "west": {
          "uv": [
            10,
            11.33333,
            10.66667,
            12
          ],
          "texture": "#2"
        },
        "up": {
          "uv": [
            10.33333,
            10,
            8.66667,
            9.33333
          ],
          "texture": "#2"
        },
        "down": {
          "uv": [
            11.66667,
            2,
            10,
            2.66667
          ],
          "texture": "#2"
        }
      }
    },
    {
      "from": [
        8.57156,
        8.63007,
        4.11704
      ],
      "to": [
        10.57156,
        9.63007,
        5.11704
      ],
      "rotation": {
        "angle": 22.5,
        "axis": "y",
        "origin": [
          8,
          9.13007,
          4.49142
        ]
      },
      "faces": {
        "north": {
          "uv": [
            10.66667,
            9.33333,
            12,
            10
          ],
          "texture": "#2"
        },
        "south": {
          "uv": [
            10,
            10.66667,
            11.33333,
            11.33333
          ],
          "texture": "#2"
        },
        "west": {
          "uv": [
            11.33333,
            10,
            12,
            10.66667
          ],
          "texture": "#2"
        },
        "up": {
          "uv": [
            12.66667,
            1.33333,
            11.33333,
            0.66667
          ],
          "texture": "#2"
        },
        "down": {
          "uv": [
            2.66667,
            11.33333,
            1.33333,
            12
          ],
          "texture": "#2"
        }
      }
    },
    {
      "from": [
        8.68945,
        8.83007,
        2.53847
      ],
      "to": [
        11.23945,
        9.43007,
        3.53847
      ],
      "rotation": {
        "angle": -22.5,
        "axis": "y",
        "origin": [
          8,
          9.13007,
          4.49142
        ]
      },
      "faces": {
        "north": {
          "uv": [
            11.33333,
            7.33333,
            13,
            7.66667
          ],
          "texture": "#2"
        },
        "south": {
          "uv": [
            8,
            11.33333,
            9.66667,
            11.66667
          ],
          "texture": "#2"
        },
        "west": {
          "uv": [
            9.33333,
            12,
            10,
            12.33333
          ],
          "texture": "#2"
        },
        "up": {
          "uv": [
            4.33333,
            10.66667,
            2.66667,
            10
          ],
          "texture": "#2"
        },
        "down": {
          "uv": [
            11.66667,
            2.66667,
            10,
            3.33333
          ],
          "texture": "#2"
        }
      }
    },
    {
      "from": [
        10.11201,
        8.53007,
        4.82206
      ],
      "to": [
        11.11201,
        9.73007,
        7.22206
      ],
      "rotation": {
        "angle": 45,
        "axis": "y",
        "origin": [
          8,
          9.13007,
          4.49142
        ]
      },
      "faces": {
        "north": {
          "uv": [
            10.66667,
            11.33333,
            11.33333,
            12
          ],
          "texture": "#2"
        },
        "east": {
          "uv": [
            10,
            3.33333,
            11.66667,
            4
          ],
          "texture": "#2"
        },
        "south": {
          "uv": [
            11.33333,
            10.66667,
            12,
            11.33333
          ],
          "texture": "#2"
        },
        "west": {
          "uv": [
            10,
            4,
            11.66667,
            4.66667
          ],
          "texture": "#2"
        },
        "up": {
          "uv": [
            6.66667,
            11,
            6,
            9.33333
          ],
          "texture": "#2"
        },
        "down": {
          "uv": [
            7.33333,
            9.33333,
            6.66667,
            11
          ],
          "texture": "#2"
        }
      }
    },
    {
      "from": [
        6.45931,
        8.88007,
        4.03211
      ],
      "to": [
        8.45931,
        9.38007,
        6.03211
      ],
      "rotation": {
        "angle": 45,
        "axis": "y",
        "origin": [
          8,
          9.13007,
          4.49142
        ]
      },
      "faces": {
        "north": {
          "uv": [
            11.33333,
            11.33333,
            12.66667,
            11.66667
          ],
          "texture": "#2"
        },
        "east": {
          "uv": [
            0,
            12,
            1.33333,
            12.33333
          ],
          "texture": "#2"
        },
        "south": {
          "uv": [
            12,
            0,
            13.33333,
            0.33333
          ],
          "texture": "#2"
        },
        "west": {
          "uv": [
            1.33333,
            12,
            2.66667,
            12.33333
          ],
          "texture": "#2"
        },
        "up": {
          "uv": [
            8.66667,
            7.33333,
            7.33333,
            6
          ],
          "texture": "#2"
        },
        "down": {
          "uv": [
            8.66667,
            7.33333,
            7.33333,
            8.66667
          ],
          "texture": "#2"
        }
      }
    },
    {
      "from": [
        7,
        8.78007,
        4.34142
      ],
      "to": [
        9,
        9.28007,
        9.34142
      ],
      "rotation": {
        "angle": 0,
        "axis": "y",
        "origin": [
          7.5,
          4.13007,
          -1.25858
        ]
      },
      "faces": {
        "east": {
          "uv": [
            10,
            4.66667,
            13.33333,
            5
          ],
          "texture": "#2"
        },
        "west": {
          "uv": [
            10,
            5.33333,
            13.33333,
            5.66667
          ],
          "texture": "#2"
        },
        "up": {
          "uv": [
            5.33333,
            7.33333,
            4,
            4
          ],
          "texture": "#2"
        },
        "down": {
          "uv": [
            6,
            0,
            4.66667,
            3.33333
          ],
          "texture": "#2"
        }
      }
    },
    {
      "from": [
        7,
        8.75507,
        8.74801
      ],
      "to": [
        8.425,
        9.30507,
        10.17301
      ],
      "rotation": {
        "angle": -45,
        "axis": "y",
        "origin": [
          8,
          9.00507,
          9.74801
        ]
      },
      "faces": {
        "north": {
          "uv": [
            12,
            3.33333,
            13,
            3.66667
          ],
          "texture": "#2"
        },
        "east": {
          "uv": [
            12,
            4,
            13,
            4.33333
          ],
          "texture": "#2"
        },
        "south": {
          "uv": [
            6,
            12,
            7,
            12.33333
          ],
          "texture": "#2"
        },
        "west": {
          "uv": [
            7.33333,
            12,
            8.33333,
            12.33333
          ],
          "texture": "#2"
        },
        "up": {
          "uv": [
            11,
            8.33333,
            10,
            7.33333
          ],
          "texture": "#2"
        },
        "down": {
          "uv": [
            9.66667,
            10,
            8.66667,
            11
          ],
          "texture": "#2"
        }
      }
    },
    {
      "from": [
        7.5,
        8.28007,
        4.34142
      ],
      "to": [
        8.5,
        8.78007,
        10.34142
      ],
      "rotation": {
        "angle": 0,
        "axis": "y",
        "origin": [
          7.5,
          4.13007,
          -1.25858
        ]
      },
      "faces": {
        "east": {
          "uv": [
            6,
            2.66667,
            10,
            3
          ],
          "texture": "#2"
        },
        "west": {
          "uv": [
            8,
            0,
            12,
            0.33333
          ],
          "texture": "#2"
        },
        "down": {
          "uv": [
            6,
            6,
            5.33333,
            10
          ],
          "texture": "#2"
        }
      }
    },
    {
      "from": [
        7.55,
        6.96045,
        10.07396
      ],
      "to": [
        8.45,
        8.43545,
        14.57396
      ],
      "rotation": {
        "angle": 22.5,
        "axis": "x",
        "origin": [
          8.05,
          8.43545,
          11.07396
        ]
      },
      "faces": {
        "east": {
          "uv": [
            5.33333,
            3.33333,
            8.33333,
            4.33333
          ],
          "texture": "#2"
        },
        "south": {
          "uv": [
            3.33333,
            11.33333,
            4,
            12.33333
          ],
          "texture": "#2"
        },
        "west": {
          "uv": [
            5.33333,
            4.66667,
            8.33333,
            5.66667
          ],
          "texture": "#2"
        },
        "up": {
          "uv": [
            2,
            10.33333,
            1.33333,
            7.33333
          ],
          "texture": "#2"
        },
        "down": {
          "uv": [
            2.66667,
            7.33333,
            2,
            10.33333
          ],
          "texture": "#2"
        }
      }
    },
    {
      "from": [
        7.45,
        8.43735,
        10.06439
      ],
      "to": [
        8.55,
        8.96235,
        15.06439
      ],
      "rotation": {
        "angle": 22.5,
        "axis": "x",
        "origin": [
          8.05,
          8.41235,
          11.06439
        ]
      },
      "faces": {
        "east": {
          "uv": [
            10,
            6,
            13.33333,
            6.33333
          ],
          "texture": "#2"
        },
        "south": {
          "uv": [
            12,
            9.33333,
            12.66667,
            9.66667
          ],
          "texture": "#2"
        },
        "west": {
          "uv": [
            10,
            6.66667,
            13.33333,
            7
          ],
          "texture": "#2"
        },
        "up": {
          "uv": [
            6.66667,
            9.33333,
            6,
            6
          ],
          "texture": "#2"
        },
        "down": {
          "uv": [
            7.33333,
            6,
            6.66667,
            9.33333
          ],
          "texture": "#2"
        }
      }
    },
    {
      "from": [
        7.45,
        5.70874,
        13.34036
      ],
      "to": [
        8.55,
        7.23374,
        13.84036
      ],
      "rotation": {
        "angle": 22.5,
        "axis": "x",
        "origin": [
          8,
          4.73374,
          13.47786
        ]
      },
      "faces": {
        "north": {
          "uv": [
            4.66667,
            11.33333,
            5.33333,
            12.33333
          ],
          "texture": "#2"
        },
        "east": {
          "uv": [
            4,
            12,
            4.33333,
            13
          ],
          "texture": "#2"
        },
        "south": {
          "uv": [
            5.33333,
            11.33333,
            6,
            12.33333
          ],
          "texture": "#2"
        },
        "west": {
          "uv": [
            12,
            8,
            12.33333,
            9
          ],
          "texture": "#2"
        },
        "down": {
          "uv": [
            10.66667,
            12,
            10,
            12.33333
          ],
          "texture": "#2"
        }
      }
    },
    {
      "from": [
        7.41,
        7.79007,
        7.96142
      ],
      "to": [
        8.59,
        9.72007,
        10.32142
      ],
      "rotation": {
        "angle": 45,
        "axis": "x",
        "origin": [
          8,
          7.63007,
          9.14142
        ]
      },
      "faces": {
        "north": {
          "uv": [
            4,
            10.66667,
            4.66667,
            12
          ],
          "texture": "#2"
        },
        "east": {
          "uv": [
            6,
            0,
            7.66667,
            1.33333
          ],
          "texture": "#2"
        },
        "south": {
          "uv": [
            2.66667,
            11.33333,
            3.33333,
            12.66667
          ],
          "texture": "#2"
        },
        "west": {
          "uv": [
            6,
            1.33333,
            7.66667,
            2.66667
          ],
          "texture": "#2"
        },
        "up": {
          "uv": [
            0.66667,
            11.66667,
            0,
            10
          ],
          "texture": "#2"
        },
        "down": {
          "uv": [
            1.33333,
            10,
            0.66667,
            11.66667
          ],
          "texture": "#2"
        }
      }
    },
    {
      "from": [
        3.5,
        9.12907,
        -0.07114
      ],
      "to": [
        6.75,
        9.17907,
        4.42886
      ],
      "rotation": {
        "angle": 0,
        "axis": "y",
        "origin": [
          0.5,
          8.52907,
          -0.82114
        ]
      },
      "faces": {
        "up": {
          "uv": [
            3.66667,
            7,
            1.33333,
            4
          ],
          "texture": "#2"
        },
        "down": {
          "uv": [
            3.66667,
            4,
            1.33333,
            7
          ],
          "texture": "#2"
        }
      }
    },
    {
      "from": [
        9.25,
        9.12907,
        -0.07114
      ],
      "to": [
        12.5,
        9.17907,
        4.42886
      ],
      "rotation": {
        "angle": 0,
        "axis": "y",
        "origin": [
          15.5,
          8.52907,
          -0.82114
        ]
      },
      "faces": {
        "up": {
          "uv": [
            1.33333,
            7,
            3.66667,
            4
          ],
          "texture": "#2"
        },
        "down": {
          "uv": [
            1.33333,
            4,
            3.66667,
            7
          ],
          "texture": "#2"
        }
      }
    },
    {
      "from": [
        7.75,
        8.78007,
        8.85
      ],
      "to": [
        8.25,
        9.78007,
        9.85
      ],
      "rotation": {
        "angle": -45,
        "axis": "x",
        "origin": [
          8,
          9.28007,
          9.35
        ]
      },
      "faces": {
        "north": {
          "uv": [
            12,
            10,
            12.33333,
            10.66667
          ],
          "texture": "#2"
        },
        "east": {
          "uv": [
            12,
            2,
            12.66667,
            2.66667
          ],
          "texture": "#2"
        },
        "south": {
          "uv": [
            10.66667,
            12,
            11,
            12.66667
          ],
          "texture": "#2"
        },
        "west": {
          "uv": [
            12,
            2.66667,
            12.66667,
            3.33333
          ],
          "texture": "#2"
        },
        "up": {
          "uv": [
            12.33333,
            11.33333,
            12,
            10.66667
          ],
          "texture": "#2"
        },
        "down": {
          "uv": [
            11.66667,
            12,
            11.33333,
            12.66667
          ],
          "texture": "#2"
        }
      }
    },
    {
      "from": [
        4.5,
        9.12907,
        4.35386
      ],
      "to": [
        11.5,
        9.17907,
        9.85386
      ],
      "rotation": {
        "angle": 0,
        "axis": "y",
        "origin": [
          4.5,
          8.52907,
          4.60386
        ]
      },
      "faces": {
        "up": {
          "uv": [
            4.66667,
            3.66667,
            0,
            0
          ],
          "texture": "#2"
        },
        "down": {
          "uv": [
            4.66667,
            0,
            0,
            3.66667
          ],
          "texture": "#2"
        }
      }
    },
    {
      "from": [
        4,
        10.475,
        1
      ],
      "to": [
        12,
        10.525,
        9
      ],
      "rotation": {
        "angle": 0,
        "axis": "y",
        "origin": [
          8,
          12,
          5
        ]
      },
      "faces": {
        "up": {
          "uv": [
            0,
            0,
            16,
            16
          ],
          "texture": "#1"
        },
        "down": {
          "uv": [
            16,
            0,
            0,
            16
          ],
          "rotation": 180,
          "texture": "#1"
        }
      }
    }
  ],
  "gui_light": "front",
  "display": {
    "thirdperson_righthand": {
      "translation": [
        0,
        -0.5,
        0.25
      ]
    },
    "thirdperson_lefthand": {
      "translation": [
        0,
        -0.5,
        0.25
      ]
    },
    "firstperson_righthand": {
      "translation": [
        -3.75,
        4,
        5.75
      ]
    },
    "firstperson_lefthand": {
      "translation": [
        -3.75,
        4,
        5.75
      ]
    },
    "ground": {
      "rotation": [
        20,
        0,
        0
      ],
      "translation": [
        0,
        6.5,
        0
      ]
    },
    "gui": {
      "rotation": [
        90,
        45,
        0
      ],
      "translation": [
        1.25,
        -1.25,
        0
      ],
      "scale": [
        1.29101,
        1.29101,
        1.29101
      ]
    },
    "head": {
      "scale": [
        0,
        0,
        0
      ]
    },
    "fixed": {
      "rotation": [
        -90,
        0,
        0
      ],
      "translation": [
        0,
        0,
        -1.25
      ],
      "scale": [
        2,
        2,
        2
      ]
    }
  }
}