{
  "credit": "Made by PolygonMC",
  "textures": {
    "0": "littlecatset:headset",
    "1": "littlecatset:animations/animations_1",
    "particle": "littlecatset:headset"
  },
  "elements": [
    {
      "from": [
        3.75,
        3,
        6.5
      ],
      "to": [
        5.25,
        6,
        9.5
      ],
      "rotation": {
        "angle": 0,
        "axis": "y",
        "origin": [
          0,
          0,
          6.5
        ]
      },
      "faces": {
        "north": {
          "uv": [
            0,
            8,
            1.5,
            11
          ],
          "texture": "#0"
        },
        "east": {
          "uv": [
            6,
            0,
            9,
            3
          ],
          "texture": "#0"
        },
        "south": {
          "uv": [
            2,
            8,
            3.5,
            11
          ],
          "texture": "#0"
        },
        "west": {
          "uv": [
            7,
            3,
            10,
            6
          ],
          "texture": "#0"
        },
        "up": {
          "uv": [
            5.5,
            11,
            4,
            8
          ],
          "texture": "#0"
        },
        "down": {
          "uv": [
            7.5,
            8,
            6,
            11
          ],
          "texture": "#0"
        }
      }
    },
    {
      "from": [
        3.25,
        3.5,
        7
      ],
      "to": [
        3.75,
        5.5,
        9
      ],
      "rotation": {
        "angle": 0,
        "axis": "y",
        "origin": [
          0,
          0,
          6.5
        ]
      },
      "faces": {
        "north": {
          "uv": [
            0,
            11,
            0.5,
            13
          ],
          "texture": "#0"
        },
        "south": {
          "uv": [
            1,
            11,
            1.5,
            13
          ],
          "texture": "#0"
        },
        "west": {
          "uv": [
            8,
            8,
            10,
            10
          ],
          "texture": "#0"
        },
        "up": {
          "uv": [
            2.5,
            13,
            2,
            11
          ],
          "texture": "#0"
        },
        "down": {
          "uv": [
            3.5,
            11,
            3,
            13
          ],
          "texture": "#0"
        }
      }
    },
    {
      "from": [
        4.5,
        6,
        7.25
      ],
      "to": [
        5,
        8,
        8.75
      ],
      "rotation": {
        "angle": 0,
        "axis": "y",
        "origin": [
          0,
          0,
          6.5
        ]
      },
      "faces": {
        "north": {
          "uv": [
            4,
            11,
            4.5,
            13
          ],
          "texture": "#0"
        },
        "east": {
          "uv": [
            10,
            2,
            11.5,
            4
          ],
          "texture": "#0"
        },
        "south": {
          "uv": [
            5,
            11,
            5.5,
            13
          ],
          "texture": "#0"
        },
        "west": {
          "uv": [
            10,
            4,
            11.5,
            6
          ],
          "texture": "#0"
        }
      }
    },
    {
      "from": [
        4.5,
        8,
        7.25
      ],
      "to": [
        11.5,
        8.5,
        8.75
      ],
      "rotation": {
        "angle": 0,
        "axis": "z",
        "origin": [
          10,
          8.25,
          8
        ]
      },
      "faces": {
        "north": {
          "uv": [
            9,
            0,
            16,
            0.5
          ],
          "texture": "#0"
        },
        "east": {
          "uv": [
            10,
            9,
            11.5,
            9.5
          ],
          "texture": "#0"
        },
        "south": {
          "uv": [
            9,
            1,
            16,
            1.5
          ],
          "texture": "#0"
        },
        "west": {
          "uv": [
            6,
            11,
            7.5,
            11.5
          ],
          "texture": "#0"
        },
        "up": {
          "uv": [
            7,
            5.5,
            0,
            4
          ],
          "texture": "#0"
        },
        "down": {
          "uv": [
            7,
            6,
            0,
            7.5
          ],
          "texture": "#0"
        }
      }
    },
    {
      "from": [
        3.9,
        7.75,
        7.975
      ],
      "to": [
        6.9,
        11.75,
        8.025
      ],
      "rotation": {
        "angle": 22.5,
        "axis": "z",
        "origin": [
          5.4,
          9,
          7.975
        ]
      },
      "faces": {
        "north": {
          "uv": [
            0,
            0,
            3,
            4
          ],
          "texture": "#0"
        },
        "south": {
          "uv": [
            3,
            0,
            6,
            4
          ],
          "texture": "#0"
        }
      }
    },
    {
      "from": [
        9.1,
        7.75,
        7.975
      ],
      "to": [
        12.1,
        11.75,
        8.025
      ],
      "rotation": {
        "angle": -22.5,
        "axis": "z",
        "origin": [
          10.6,
          9,
          7.975
        ]
      },
      "faces": {
        "north": {
          "uv": [
            3,
            0,
            0,
            4
          ],
          "texture": "#0"
        },
        "south": {
          "uv": [
            6,
            0,
            3,
            4
          ],
          "texture": "#0"
        }
      }
    },
    {
      "from": [
        3.5,
        4.25,
        9
      ],
      "to": [
        3.55,
        6.25,
        13
      ],
      "rotation": {
        "angle": -22.5,
        "axis": "x",
        "origin": [
          -0.5,
          4.25,
          9
        ]
      },
      "faces": {
        "east": {
          "uv": [
            11,
            6,
            7,
            8
          ],
          "texture": "#0"
        },
        "west": {
          "uv": [
            7,
            6,
            11,
            8
          ],
          "texture": "#0"
        }
      }
    },
    {
      "from": [
        10.75,
        3,
        6.5
      ],
      "to": [
        12.25,
        6,
        9.5
      ],
      "rotation": {
        "angle": 0,
        "axis": "y",
        "origin": [
          16,
          0,
          6.5
        ]
      },
      "faces": {
        "north": {
          "uv": [
            1.5,
            8,
            0,
            11
          ],
          "texture": "#0"
        },
        "east": {
          "uv": [
            10,
            3,
            7,
            6
          ],
          "texture": "#0"
        },
        "south": {
          "uv": [
            3.5,
            8,
            2,
            11
          ],
          "texture": "#0"
        },
        "west": {
          "uv": [
            9,
            0,
            6,
            3
          ],
          "texture": "#0"
        },
        "up": {
          "uv": [
            4,
            11,
            5.5,
            8
          ],
          "texture": "#0"
        },
        "down": {
          "uv": [
            6,
            8,
            7.5,
            11
          ],
          "texture": "#0"
        }
      }
    },
    {
      "from": [
        12.25,
        3.5,
        7
      ],
      "to": [
        12.75,
        5.5,
        9
      ],
      "rotation": {
        "angle": 0,
        "axis": "y",
        "origin": [
          16,
          0,
          6.5
        ]
      },
      "faces": {
        "north": {
          "uv": [
            0.5,
            11,
            0,
            13
          ],
          "texture": "#0"
        },
        "east": {
          "uv": [
            10,
            8,
            8,
            10
          ],
          "texture": "#0"
        },
        "south": {
          "uv": [
            1.5,
            11,
            1,
            13
          ],
          "texture": "#0"
        },
        "up": {
          "uv": [
            2,
            13,
            2.5,
            11
          ],
          "texture": "#0"
        },
        "down": {
          "uv": [
            3,
            11,
            3.5,
            13
          ],
          "texture": "#0"
        }
      }
    },
    {
      "from": [
        12.45,
        4.25,
        9
      ],
      "to": [
        12.5,
        6.25,
        13
      ],
      "rotation": {
        "angle": -22.5,
        "axis": "x",
        "origin": [
          16.5,
          4.25,
          9
        ]
      },
      "faces": {
        "east": {
          "uv": [
            11,
            6,
            7,
            8
          ],
          "texture": "#0"
        },
        "west": {
          "uv": [
            7,
            6,
            11,
            8
          ],
          "texture": "#0"
        }
      }
    },
    {
      "from": [
        11,
        6,
        7.25
      ],
      "to": [
        11.5,
        8,
        8.75
      ],
      "rotation": {
        "angle": 0,
        "axis": "y",
        "origin": [
          16,
          0,
          6.5
        ]
      },
      "faces": {
        "north": {
          "uv": [
            4.5,
            11,
            4,
            13
          ],
          "texture": "#0"
        },
        "east": {
          "uv": [
            11.5,
            4,
            10,
            6
          ],
          "texture": "#0"
        },
        "south": {
          "uv": [
            5.5,
            11,
            5,
            13
          ],
          "texture": "#0"
        },
        "west": {
          "uv": [
            11.5,
            2,
            10,
            4
          ],
          "texture": "#0"
        }
      }
    },
    {
      "from": [
        4.75,
        1.5,
        4.5
      ],
      "to": [
        4.75,
        2.5,
        7.5
      ],
      "rotation": {
        "angle": -22.5,
        "axis": "x",
        "origin": [
          0.75,
          1.5,
          4.5
        ]
      },
      "faces": {
        "east": {
          "uv": [
            11,
            10,
            8,
            11
          ],
          "texture": "#0"
        },
        "west": {
          "uv": [
            8,
            10,
            11,
            11
          ],
          "texture": "#0"
        }
      }
    },
    {
      "from": [
        4.75,
        1.46194,
        4.30866
      ],
      "to": [
        6.75,
        2.46194,
        4.30866
      ],
      "rotation": {
        "angle": -22.5,
        "axis": "x",
        "origin": [
          6.25,
          1.96194,
          4.30866
        ]
      },
      "faces": {
        "north": {
          "uv": [
            10,
            8,
            12,
            9
          ],
          "texture": "#0"
        },
        "south": {
          "uv": [
            12,
            8,
            10,
            9
          ],
          "texture": "#0"
        }
      }
    },
    {
      "from": [
        3.1,
        3,
        5
      ],
      "to": [
        3.15,
        9,
        11
      ],
      "rotation": {
        "angle": 0,
        "axis": "y",
        "origin": [
          0,
          0,
          5
        ]
      },
      "faces": {
        "east": {
          "uv": [
            16,
            0,
            0,
            16
          ],
          "texture": "#1"
        },
        "west": {
          "uv": [
            0,
            0,
            16,
            16
          ],
          "texture": "#1"
        }
      }
    },
    {
      "from": [
        12.85,
        3,
        5
      ],
      "to": [
        12.9,
        9,
        11
      ],
      "rotation": {
        "angle": 0,
        "axis": "y",
        "origin": [
          16,
          0,
          5
        ]
      },
      "faces": {
        "east": {
          "uv": [
            16,
            0,
            0,
            16
          ],
          "texture": "#1"
        },
        "west": {
          "uv": [
            0,
            0,
            16,
            16
          ],
          "texture": "#1"
        }
      }
    }
  ],
  "gui_light": "front",
  "display": {
    "thirdperson_righthand": {
      "rotation": [
        48,
        0,
        0
      ],
      "translation": [
        0,
        1.75,
        1
      ],
      "scale": [
        0.48828,
        0.48828,
        0.48828
      ]
    },
    "thirdperson_lefthand": {
      "rotation": [
        48,
        0,
        0
      ],
      "translation": [
        0,
        1.75,
        1
      ],
      "scale": [
        0.48828,
        0.48828,
        0.48828
      ]
    },
    "firstperson_righthand": {
      "rotation": [
        142,
        0,
        180
      ],
      "translation": [
        -0.75,
        5.25,
        1
      ]
    },
    "firstperson_lefthand": {
      "rotation": [
        142,
        0,
        180
      ],
      "translation": [
        -0.75,
        5.25,
        1
      ]
    },
    "ground": {
      "translation": [
        0,
        6.75,
        0
      ]
    },
    "gui": {
      "rotation": [
        0,
        146,
        0
      ],
      "translation": [
        -1,
        2.25,
        0
      ],
      "scale": [
        1.5,
        1.5,
        1.5
      ]
    },
    "head": {
      "translation": [
        0,
        6.5,
        0
      ],
      "scale": [
        2.15039,
        2.15039,
        2.15039
      ]
    },
    "fixed": {
      "rotation": [
        -63.25,
        0,
        0
      ],
      "translation": [
        0,
        2.5,
        -11.75
      ],
      "scale": [
        2.35742,
        2.35742,
        2.35742
      ]
    }
  }
}