{"credit":"Made with Blockbench","texture_size":[64,64],"textures":{"0":"medieval_pack:dark_oak_flag","particle":"medieval_pack:dark_oak_flag"},"elements":[{"from":[0,12,12],"to":[16,16,16],"faces":{"north":{"uv":[1,8,5,9],"texture":"#0"},"east":{"uv":[0,8,1,9],"texture":"#0"},"south":{"uv":[6,8,10,9],"texture":"#0"},"west":{"uv":[5,8,6,9],"texture":"#0"},"up":{"uv":[5,8,1,7],"texture":"#0"},"down":{"uv":[9,7,5,8],"texture":"#0"}}},{"from":[0,-15,14],"to":[16,12,14.01],"faces":{"north":{"uv":[0,0,4,7],"texture":"#0"},"east":{"uv":[0,0,0,7],"texture":"#0"},"south":{"uv":[4,0,8,7],"texture":"#0"},"west":{"uv":[4,0,4,7],"texture":"#0"},"up":{"uv":[4,0,0,0],"texture":"#0"},"down":{"uv":[8,0,4,0],"texture":"#0"}}}],"display":{"thirdperson_righthand":{"translation":[0,3,0],"scale":[0.5,0.5,0.5]},"thirdperson_lefthand":{"translation":[0,3,0],"scale":[0.5,0.5,0.5]},"firstperson_righthand":{"translation":[0,4,0],"scale":[0.5,0.5,0.5]},"firstperson_lefthand":{"translation":[0,4,0],"scale":[0.5,0.5,0.5]},"ground":{"translation":[0,1,0],"scale":[0.5,0.5,0.5]},"gui":{"rotation":[45,70,0],"translation":[0,1,0],"scale":[0.5,0.5,0.5]},"head":{"rotation":[0,-180,0],"translation":[0,-14.65,0],"scale":[2.2855,2.2855,2.2855]}}}