{
  "credit": "Made with Blockbench",
  "texture_size": [
    256,
    128
  ],
  "textures": {
    "3": "elitecreatures:farmer_decoration_v1/farmer_door"
  },
  "elements": [
    {
      "from": [
        8,
        4,
        11
      ],
      "to": [
        32,
        11,
        14
      ],
      "rotation": {
        "angle": 0,
        "axis": "y",
        "origin": [
          9.25,
          11.5,
          5.5
        ]
      },
      "faces": {
        "north": {
          "uv": [
            11,
            3.75,
            8,
            2
          ],
          "rotation": 180,
          "texture": "#3"
        },
        "east": {
          "uv": [
            11.8125,
            6.25,
            12.6875,
            5.5
          ],
          "rotation": 90,
          "texture": "#3"
        },
        "south": {
          "uv": [
            11,
            3.75,
            8,
            2
          ],
          "texture": "#3"
        },
        "west": {
          "uv": [
            11.8125,
            6.25,
            12.6875,
            5.5
          ],
          "rotation": 270,
          "texture": "#3"
        },
        "up": {
          "uv": [
            11,
            4,
            8,
            4.75
          ],
          "rotation": 180,
          "texture": "#3"
        },
        "down": {
          "uv": [
            11,
            4,
            8,
            4.75
          ],
          "texture": "#3"
        }
      }
    },
    {
      "from": [
        8,
        12.5,
        11
      ],
      "to": [
        32,
        19.5,
        14
      ],
      "rotation": {
        "angle": 0,
        "axis": "y",
        "origin": [
          9.25,
          11.5,
          5.5
        ]
      },
      "faces": {
        "north": {
          "uv": [
            11,
            3.75,
            8,
            2
          ],
          "rotation": 180,
          "texture": "#3"
        },
        "east": {
          "uv": [
            11.8125,
            6.25,
            12.6875,
            5.5
          ],
          "rotation": 90,
          "texture": "#3"
        },
        "south": {
          "uv": [
            11,
            3.75,
            8,
            2
          ],
          "texture": "#3"
        },
        "west": {
          "uv": [
            11.8125,
            6.25,
            12.6875,
            5.5
          ],
          "rotation": 270,
          "texture": "#3"
        },
        "up": {
          "uv": [
            11,
            4,
            8,
            4.75
          ],
          "rotation": 180,
          "texture": "#3"
        },
        "down": {
          "uv": [
            11,
            4,
            8,
            4.75
          ],
          "texture": "#3"
        }
      }
    },
    {
      "from": [
        9,
        2,
        9.5
      ],
      "to": [
        10,
        30,
        15
      ],
      "rotation": {
        "angle": 0,
        "axis": "y",
        "origin": [
          28.5,
          11,
          2.25
        ]
      },
      "faces": {
        "north": {
          "uv": [
            12.75,
            3.5,
            9.25,
            3.25
          ],
          "rotation": 270,
          "texture": "#3"
        },
        "east": {
          "uv": [
            8.875,
            2.25,
            12.375,
            3.625
          ],
          "rotation": 270,
          "texture": "#3"
        },
        "south": {
          "uv": [
            12.75,
            3.5,
            9.25,
            3.25
          ],
          "rotation": 90,
          "texture": "#3"
        },
        "west": {
          "uv": [
            8.875,
            2.25,
            12.375,
            3.625
          ],
          "rotation": 90,
          "texture": "#3"
        },
        "up": {
          "uv": [
            8.75,
            3.75,
            8.875,
            5.125
          ],
          "rotation": 180,
          "texture": "#3"
        },
        "down": {
          "uv": [
            8.75,
            3.75,
            8.875,
            4.625
          ],
          "texture": "#3"
        }
      }
    },
    {
      "from": [
        24,
        0,
        10
      ],
      "to": [
        30,
        31,
        16
      ],
      "rotation": {
        "angle": 0,
        "axis": "y",
        "origin": [
          28.5,
          16,
          14
        ]
      },
      "faces": {
        "north": {
          "uv": [
            9.0625,
            1.75,
            12.98125,
            0.25
          ],
          "rotation": 90,
          "texture": "#3"
        },
        "east": {
          "uv": [
            10.0625,
            3.125,
            13.9375,
            4.625
          ],
          "rotation": 90,
          "texture": "#3"
        },
        "south": {
          "uv": [
            9.0625,
            0.25,
            12.98125,
            1.75
          ],
          "rotation": 90,
          "texture": "#3"
        },
        "west": {
          "uv": [
            8.1875,
            3.75,
            12.10625,
            2.25
          ],
          "rotation": 90,
          "texture": "#3"
        },
        "up": {
          "uv": [
            11.75,
            5.5,
            11,
            7
          ],
          "texture": "#3"
        },
        "down": {
          "uv": [
            11.75,
            8.5,
            11,
            7
          ],
          "texture": "#3"
        }
      }
    },
    {
      "from": [
        8,
        21,
        11
      ],
      "to": [
        32,
        28,
        14
      ],
      "rotation": {
        "angle": 0,
        "axis": "y",
        "origin": [
          9.25,
          11.5,
          5.5
        ]
      },
      "faces": {
        "north": {
          "uv": [
            11,
            3.75,
            8,
            2
          ],
          "rotation": 180,
          "texture": "#3"
        },
        "east": {
          "uv": [
            11.8125,
            6.25,
            12.6875,
            5.5
          ],
          "rotation": 90,
          "texture": "#3"
        },
        "south": {
          "uv": [
            11,
            3.75,
            8,
            2
          ],
          "texture": "#3"
        },
        "west": {
          "uv": [
            11.8125,
            6.25,
            12.6875,
            5.5
          ],
          "rotation": 270,
          "texture": "#3"
        },
        "up": {
          "uv": [
            11,
            4,
            8,
            4.75
          ],
          "rotation": 180,
          "texture": "#3"
        },
        "down": {
          "uv": [
            11,
            4,
            8,
            4.75
          ],
          "texture": "#3"
        }
      }
    },
    {
      "from": [
        7,
        19,
        10
      ],
      "to": [
        19,
        31,
        10
      ],
      "rotation": {
        "angle": -45,
        "axis": "z",
        "origin": [
          8,
          16,
          7
        ]
      },
      "faces": {
        "north": {
          "uv": [
            3,
            11,
            0,
            5.5
          ],
          "rotation": 180,
          "texture": "#3"
        },
        "east": {
          "uv": [
            0,
            3,
            0,
            0
          ],
          "rotation": 180,
          "texture": "#3"
        },
        "south": {
          "uv": [
            0,
            11,
            3,
            5.5
          ],
          "rotation": 180,
          "texture": "#3"
        },
        "west": {
          "uv": [
            0,
            5.5,
            0,
            0
          ],
          "rotation": 180,
          "texture": "#3"
        },
        "up": {
          "uv": [
            0,
            0,
            0,
            6
          ],
          "rotation": 270,
          "texture": "#3"
        },
        "down": {
          "uv": [
            0,
            6,
            0,
            0
          ],
          "rotation": 90,
          "texture": "#3"
        }
      }
    },
    {
      "from": [
        12,
        16,
        9
      ],
      "to": [
        14,
        20,
        11
      ],
      "rotation": {
        "angle": -45,
        "axis": "z",
        "origin": [
          8,
          16,
          7
        ]
      },
      "faces": {
        "north": {
          "uv": [
            3,
            4.75,
            3.5,
            2.75
          ],
          "rotation": 180,
          "texture": "#3"
        },
        "east": {
          "uv": [
            3,
            4.75,
            3.5,
            2.75
          ],
          "rotation": 180,
          "texture": "#3"
        },
        "south": {
          "uv": [
            3,
            4.75,
            3.5,
            2.75
          ],
          "rotation": 180,
          "texture": "#3"
        },
        "west": {
          "uv": [
            3,
            4.75,
            3.5,
            2.75
          ],
          "rotation": 180,
          "texture": "#3"
        },
        "up": {
          "uv": [
            4,
            2.5,
            3.5,
            3.5
          ],
          "rotation": 270,
          "texture": "#3"
        },
        "down": {
          "uv": [
            4,
            4.5,
            3.5,
            3.5
          ],
          "rotation": 90,
          "texture": "#3"
        }
      }
    },
    {
      "from": [
        -16,
        4,
        11
      ],
      "to": [
        8,
        11,
        14
      ],
      "rotation": {
        "angle": 0,
        "axis": "y",
        "origin": [
          6.75,
          11.5,
          5.5
        ]
      },
      "faces": {
        "north": {
          "uv": [
            8,
            3.75,
            11,
            2
          ],
          "rotation": 180,
          "texture": "#3"
        },
        "east": {
          "uv": [
            11.8125,
            5.5,
            12.6875,
            6.25
          ],
          "rotation": 270,
          "texture": "#3"
        },
        "south": {
          "uv": [
            8,
            3.75,
            11,
            2
          ],
          "texture": "#3"
        },
        "west": {
          "uv": [
            11.8125,
            5.5,
            12.6875,
            6.25
          ],
          "rotation": 90,
          "texture": "#3"
        },
        "up": {
          "uv": [
            8,
            4,
            11,
            4.75
          ],
          "rotation": 180,
          "texture": "#3"
        },
        "down": {
          "uv": [
            8,
            4,
            11,
            4.75
          ],
          "texture": "#3"
        }
      }
    },
    {
      "from": [
        -16,
        12.5,
        11
      ],
      "to": [
        8,
        19.5,
        14
      ],
      "rotation": {
        "angle": 0,
        "axis": "y",
        "origin": [
          6.75,
          11.5,
          5.5
        ]
      },
      "faces": {
        "north": {
          "uv": [
            8,
            3.75,
            11,
            2
          ],
          "rotation": 180,
          "texture": "#3"
        },
        "east": {
          "uv": [
            11.8125,
            5.5,
            12.6875,
            6.25
          ],
          "rotation": 270,
          "texture": "#3"
        },
        "south": {
          "uv": [
            8,
            3.75,
            11,
            2
          ],
          "texture": "#3"
        },
        "west": {
          "uv": [
            11.8125,
            5.5,
            12.6875,
            6.25
          ],
          "rotation": 90,
          "texture": "#3"
        },
        "up": {
          "uv": [
            8,
            4,
            11,
            4.75
          ],
          "rotation": 180,
          "texture": "#3"
        },
        "down": {
          "uv": [
            8,
            4,
            11,
            4.75
          ],
          "texture": "#3"
        }
      }
    },
    {
      "from": [
        6,
        2,
        9.5
      ],
      "to": [
        7,
        30,
        15
      ],
      "rotation": {
        "angle": 0,
        "axis": "y",
        "origin": [
          -12.5,
          11,
          2.25
        ]
      },
      "faces": {
        "north": {
          "uv": [
            12.75,
            3.25,
            9.25,
            3.5
          ],
          "rotation": 270,
          "texture": "#3"
        },
        "east": {
          "uv": [
            8.875,
            3.625,
            12.375,
            2.25
          ],
          "rotation": 90,
          "texture": "#3"
        },
        "south": {
          "uv": [
            12.75,
            3.25,
            9.25,
            3.5
          ],
          "rotation": 90,
          "texture": "#3"
        },
        "west": {
          "uv": [
            8.875,
            3.625,
            12.375,
            2.25
          ],
          "rotation": 270,
          "texture": "#3"
        },
        "up": {
          "uv": [
            8.875,
            3.75,
            8.75,
            5.125
          ],
          "rotation": 180,
          "texture": "#3"
        },
        "down": {
          "uv": [
            8.875,
            3.75,
            8.75,
            4.625
          ],
          "texture": "#3"
        }
      }
    },
    {
      "from": [
        -14,
        0,
        10
      ],
      "to": [
        -8,
        31,
        16
      ],
      "rotation": {
        "angle": 0,
        "axis": "y",
        "origin": [
          -12.5,
          16,
          14
        ]
      },
      "faces": {
        "north": {
          "uv": [
            9.0625,
            0.25,
            12.98125,
            1.75
          ],
          "rotation": 90,
          "texture": "#3"
        },
        "east": {
          "uv": [
            8.1875,
            2.25,
            12.10625,
            3.75
          ],
          "rotation": 90,
          "texture": "#3"
        },
        "south": {
          "uv": [
            9.0625,
            1.75,
            12.98125,
            0.25
          ],
          "rotation": 90,
          "texture": "#3"
        },
        "west": {
          "uv": [
            10.0625,
            4.625,
            13.9375,
            3.125
          ],
          "rotation": 90,
          "texture": "#3"
        },
        "up": {
          "uv": [
            11,
            5.5,
            11.75,
            7
          ],
          "texture": "#3"
        },
        "down": {
          "uv": [
            11,
            8.5,
            11.75,
            7
          ],
          "texture": "#3"
        }
      }
    },
    {
      "from": [
        -16,
        21,
        11
      ],
      "to": [
        8,
        28,
        14
      ],
      "rotation": {
        "angle": 0,
        "axis": "y",
        "origin": [
          6.75,
          11.5,
          5.5
        ]
      },
      "faces": {
        "north": {
          "uv": [
            8,
            3.75,
            11,
            2
          ],
          "rotation": 180,
          "texture": "#3"
        },
        "east": {
          "uv": [
            11.8125,
            5.5,
            12.6875,
            6.25
          ],
          "rotation": 270,
          "texture": "#3"
        },
        "south": {
          "uv": [
            8,
            3.75,
            11,
            2
          ],
          "texture": "#3"
        },
        "west": {
          "uv": [
            11.8125,
            5.5,
            12.6875,
            6.25
          ],
          "rotation": 90,
          "texture": "#3"
        },
        "up": {
          "uv": [
            8,
            4,
            11,
            4.75
          ],
          "rotation": 180,
          "texture": "#3"
        },
        "down": {
          "uv": [
            8,
            4,
            11,
            4.75
          ],
          "texture": "#3"
        }
      }
    },
    {
      "from": [
        -3,
        19,
        10
      ],
      "to": [
        9,
        31,
        10
      ],
      "rotation": {
        "angle": 45,
        "axis": "z",
        "origin": [
          8,
          16,
          7
        ]
      },
      "faces": {
        "north": {
          "uv": [
            0,
            11,
            3,
            5.5
          ],
          "rotation": 180,
          "texture": "#3"
        },
        "east": {
          "uv": [
            0,
            5.5,
            0,
            0
          ],
          "rotation": 180,
          "texture": "#3"
        },
        "south": {
          "uv": [
            3,
            11,
            0,
            5.5
          ],
          "rotation": 180,
          "texture": "#3"
        },
        "west": {
          "uv": [
            0,
            3,
            0,
            0
          ],
          "rotation": 180,
          "texture": "#3"
        },
        "up": {
          "uv": [
            0,
            6,
            0,
            0
          ],
          "rotation": 270,
          "texture": "#3"
        },
        "down": {
          "uv": [
            0,
            0,
            0,
            6
          ],
          "rotation": 90,
          "texture": "#3"
        }
      }
    },
    {
      "from": [
        2,
        16,
        9
      ],
      "to": [
        4,
        20,
        11
      ],
      "rotation": {
        "angle": 45,
        "axis": "z",
        "origin": [
          8,
          16,
          7
        ]
      },
      "faces": {
        "north": {
          "uv": [
            3,
            4.75,
            3.5,
            2.75
          ],
          "rotation": 180,
          "texture": "#3"
        },
        "east": {
          "uv": [
            3,
            4.75,
            3.5,
            2.75
          ],
          "rotation": 180,
          "texture": "#3"
        },
        "south": {
          "uv": [
            3,
            4.75,
            3.5,
            2.75
          ],
          "rotation": 180,
          "texture": "#3"
        },
        "west": {
          "uv": [
            3,
            4.75,
            3.5,
            2.75
          ],
          "rotation": 180,
          "texture": "#3"
        },
        "up": {
          "uv": [
            4,
            3.5,
            3.5,
            2.5
          ],
          "rotation": 270,
          "texture": "#3"
        },
        "down": {
          "uv": [
            4,
            3.5,
            3.5,
            4.5
          ],
          "rotation": 90,
          "texture": "#3"
        }
      }
    }
  ],
  "gui_light": "front",
  "display": {
    "thirdperson_righthand": {
      "translation": [
        0,
        0.25,
        1
      ],
      "scale": [
        0.15,
        0.15,
        0.15
      ]
    },
    "thirdperson_lefthand": {
      "translation": [
        0,
        0.25,
        1
      ],
      "scale": [
        0.15,
        0.15,
        0.15
      ]
    },
    "firstperson_righthand": {
      "rotation": [
        0,
        180,
        0
      ],
      "translation": [
        0,
        0.25,
        1
      ],
      "scale": [
        0.36,
        0.36,
        0.36
      ]
    },
    "firstperson_lefthand": {
      "rotation": [
        0,
        180,
        0
      ],
      "translation": [
        0,
        0.25,
        1
      ],
      "scale": [
        0.36,
        0.36,
        0.36
      ]
    },
    "ground": {
      "translation": [
        0,
        3,
        -1.25
      ],
      "scale": [
        0.25,
        0.25,
        0.25
      ]
    },
    "gui": {
      "rotation": [
        30,
        225,
        0
      ],
      "translation": [
        0.75,
        -2,
        0
      ],
      "scale": [
        0.23,
        0.23,
        0.23
      ]
    },
    "head": {
      "translation": [
        0,
        -30.5,
        0
      ],
      "scale": [
        1.6,
        1.6,
        1.6
      ]
    },
    "fixed": {
      "rotation": [
        -88,
        45,
        88
      ],
      "translation": [
        2.5,
        -3.5,
        -2
      ],
      "scale": [
        0,
        0,
        0
      ]
    }
  },
  "groups": [
    {
      "name": "DoorRight",
      "origin": [
        9.25,
        11.5,
        12.5
      ],
      "color": 0,
      "children": [
        0,
        1,
        2,
        3,
        4,
        {
          "name": "Sickle",
          "origin": [
            0,
            0,
            0
          ],
          "color": 0,
          "children": [
            5,
            6
          ]
        }
      ]
    },
    {
      "name": "DoorLeft",
      "origin": [
        9.25,
        11.5,
        12.5
      ],
      "color": 0,
      "children": [
        7,
        8,
        9,
        10,
        11,
        {
          "name": "Sickle",
          "origin": [
            0,
            0,
            0
          ],
          "color": 0,
          "children": [
            12,
            13
          ]
        }
      ]
    }
  ]
}