{
  "credit": "MadebyPolygonMC",
  "texture_size": [
    24,
    24
  ],
  "textures": {
    "2": "minehammer:item/nitro/animations/nitro_gems",
    "3": "minehammer:item/nitro/animations/animations_1",
    "5": "minehammer:item/nitro/axe",
    "particle": "minehammer:item/nitro/animations/nitro_gems"
  },
  "elements": [
    {
      "from": [
        7.5,
        0,
        7.5
      ],
      "to": [
        8.5,
        1,
        8.5
      ],
      "rotation": {
        "angle": 0,
        "axis": "y",
        "origin": [
          7.5,
          0,
          7.5
        ]
      },
      "faces": {
        "north": {
          "uv": [
            2.66667,
            10,
            3.33333,
            10.66667
          ],
          "texture": "#5"
        },
        "east": {
          "uv": [
            11.33333,
            0,
            12,
            0.66667
          ],
          "texture": "#5"
        },
        "south": {
          "uv": [
            11.33333,
            0.66667,
            12,
            1.33333
          ],
          "texture": "#5"
        },
        "west": {
          "uv": [
            4.66667,
            11.33333,
            5.33333,
            12
          ],
          "texture": "#5"
        },
        "up": {
          "uv": [
            6,
            12,
            5.33333,
            11.33333
          ],
          "texture": "#5"
        },
        "down": {
          "uv": [
            12,
            5.33333,
            11.33333,
            6
          ],
          "texture": "#5"
        }
      }
    },
    {
      "from": [
        7.5,
        1.75,
        7.5
      ],
      "to": [
        8.5,
        2.75,
        8.5
      ],
      "rotation": {
        "angle": 0,
        "axis": "y",
        "origin": [
          7.5,
          0,
          7.5
        ]
      },
      "faces": {
        "north": {
          "uv": [
            6,
            11.33333,
            6.66667,
            12
          ],
          "texture": "#5"
        },
        "east": {
          "uv": [
            11.33333,
            6,
            12,
            6.66667
          ],
          "texture": "#5"
        },
        "south": {
          "uv": [
            6.66667,
            11.33333,
            7.33333,
            12
          ],
          "texture": "#5"
        },
        "west": {
          "uv": [
            11.33333,
            6.66667,
            12,
            7.33333
          ],
          "texture": "#5"
        },
        "up": {
          "uv": [
            8,
            12,
            7.33333,
            11.33333
          ],
          "texture": "#5"
        },
        "down": {
          "uv": [
            12,
            7.33333,
            11.33333,
            8
          ],
          "texture": "#5"
        }
      }
    },
    {
      "from": [
        7.5,
        10.5,
        7.5
      ],
      "to": [
        8.5,
        11.5,
        8.5
      ],
      "rotation": {
        "angle": 0,
        "axis": "y",
        "origin": [
          7.5,
          8.75,
          7.5
        ]
      },
      "faces": {
        "north": {
          "uv": [
            8,
            11.33333,
            8.66667,
            12
          ],
          "texture": "#5"
        },
        "east": {
          "uv": [
            11.33333,
            8,
            12,
            8.66667
          ],
          "texture": "#5"
        },
        "south": {
          "uv": [
            11.33333,
            8.66667,
            12,
            9.33333
          ],
          "texture": "#5"
        },
        "west": {
          "uv": [
            11.33333,
            9.33333,
            12,
            10
          ],
          "texture": "#5"
        },
        "up": {
          "uv": [
            12,
            10.66667,
            11.33333,
            10
          ],
          "texture": "#5"
        },
        "down": {
          "uv": [
            12,
            10.66667,
            11.33333,
            11.33333
          ],
          "texture": "#5"
        }
      }
    },
    {
      "from": [
        7.5,
        3.5,
        7.5
      ],
      "to": [
        8.5,
        4.5,
        8.5
      ],
      "rotation": {
        "angle": 0,
        "axis": "y",
        "origin": [
          7.5,
          1.75,
          7.5
        ]
      },
      "faces": {
        "north": {
          "uv": [
            11.33333,
            11.33333,
            12,
            12
          ],
          "texture": "#5"
        },
        "east": {
          "uv": [
            12,
            0,
            12.66667,
            0.66667
          ],
          "texture": "#5"
        },
        "south": {
          "uv": [
            12,
            0.66667,
            12.66667,
            1.33333
          ],
          "texture": "#5"
        },
        "west": {
          "uv": [
            1.33333,
            12,
            2,
            12.66667
          ],
          "texture": "#5"
        },
        "up": {
          "uv": [
            12.66667,
            2,
            12,
            1.33333
          ],
          "texture": "#5"
        },
        "down": {
          "uv": [
            2.66667,
            12,
            2,
            12.66667
          ],
          "texture": "#5"
        }
      }
    },
    {
      "from": [
        7.6,
        1,
        7.6
      ],
      "to": [
        8.4,
        1.75,
        8.4
      ],
      "rotation": {
        "angle": 0,
        "axis": "y",
        "origin": [
          7.5,
          0,
          7.5
        ]
      },
      "faces": {
        "north": {
          "uv": [
            2.66667,
            12.66667,
            3.16667,
            13.16667
          ],
          "texture": "#5"
        },
        "east": {
          "uv": [
            12.66667,
            2.66667,
            13.16667,
            3.16667
          ],
          "texture": "#5"
        },
        "south": {
          "uv": [
            3.33333,
            12.66667,
            3.83333,
            13.16667
          ],
          "texture": "#5"
        },
        "west": {
          "uv": [
            4,
            12.66667,
            4.5,
            13.16667
          ],
          "texture": "#5"
        }
      }
    },
    {
      "from": [
        7.6,
        2.75,
        7.6
      ],
      "to": [
        8.4,
        3.5,
        8.4
      ],
      "rotation": {
        "angle": 0,
        "axis": "y",
        "origin": [
          7.5,
          0,
          7.5
        ]
      },
      "faces": {
        "north": {
          "uv": [
            12.66667,
            4,
            13.16667,
            4.5
          ],
          "texture": "#5"
        },
        "east": {
          "uv": [
            4.66667,
            12.66667,
            5.16667,
            13.16667
          ],
          "texture": "#5"
        },
        "south": {
          "uv": [
            12.66667,
            4.66667,
            13.16667,
            5.16667
          ],
          "texture": "#5"
        },
        "west": {
          "uv": [
            12.66667,
            5.33333,
            13.16667,
            5.83333
          ],
          "texture": "#5"
        }
      }
    },
    {
      "from": [
        7.375,
        -0.625,
        7.375
      ],
      "to": [
        8.625,
        0.625,
        8.625
      ],
      "rotation": {
        "angle": -45,
        "axis": "x",
        "origin": [
          8,
          0,
          8
        ]
      },
      "faces": {
        "north": {
          "uv": [
            4.66667,
            10,
            5.5,
            10.83333
          ],
          "texture": "#5"
        },
        "east": {
          "uv": [
            6,
            10,
            6.83333,
            10.83333
          ],
          "texture": "#5"
        },
        "south": {
          "uv": [
            7.33333,
            10,
            8.16667,
            10.83333
          ],
          "texture": "#5"
        },
        "west": {
          "uv": [
            10,
            9.33333,
            10.83333,
            10.16667
          ],
          "texture": "#5"
        },
        "up": {
          "uv": [
            11.5,
            2.16667,
            10.66667,
            1.33333
          ],
          "texture": "#5"
        },
        "down": {
          "uv": [
            2.83333,
            10.66667,
            2,
            11.5
          ],
          "texture": "#5"
        }
      }
    },
    {
      "from": [
        7.6,
        -1.25,
        7.1
      ],
      "to": [
        8.4,
        -0.25,
        8.1
      ],
      "rotation": {
        "angle": -22.5,
        "axis": "x",
        "origin": [
          7.75,
          -1.25,
          6.1
        ]
      },
      "faces": {
        "east": {
          "uv": [
            12,
            2,
            12.66667,
            2.66667
          ],
          "texture": "#5"
        },
        "west": {
          "uv": [
            2.66667,
            12,
            3.33333,
            12.66667
          ],
          "texture": "#5"
        },
        "up": {
          "uv": [
            6.5,
            12.66667,
            6,
            12
          ],
          "texture": "#5"
        },
        "down": {
          "uv": [
            7.16667,
            12,
            6.66667,
            12.66667
          ],
          "texture": "#5"
        }
      }
    },
    {
      "from": [
        7.5,
        -1.20978,
        5.67926
      ],
      "to": [
        8.5,
        0.79022,
        6.67926
      ],
      "rotation": {
        "angle": -22.5,
        "axis": "x",
        "origin": [
          8,
          -0.13478,
          6.17926
        ]
      },
      "faces": {
        "north": {
          "uv": [
            8.66667,
            6.66667,
            9.33333,
            8
          ],
          "texture": "#5"
        },
        "east": {
          "uv": [
            7.33333,
            8.66667,
            8,
            10
          ],
          "texture": "#5"
        },
        "south": {
          "uv": [
            8,
            8.66667,
            8.66667,
            10
          ],
          "texture": "#5"
        },
        "west": {
          "uv": [
            8.66667,
            8,
            9.33333,
            9.33333
          ],
          "texture": "#5"
        },
        "up": {
          "uv": [
            12.66667,
            3.33333,
            12,
            2.66667
          ],
          "texture": "#5"
        },
        "down": {
          "uv": [
            4,
            12,
            3.33333,
            12.66667
          ],
          "texture": "#5"
        }
      }
    },
    {
      "from": [
        7.6,
        -1.25,
        7.9
      ],
      "to": [
        8.4,
        -0.25,
        8.9
      ],
      "rotation": {
        "angle": 22.5,
        "axis": "x",
        "origin": [
          7.75,
          -1.25,
          9.9
        ]
      },
      "faces": {
        "east": {
          "uv": [
            12.66667,
            2,
            12,
            2.66667
          ],
          "texture": "#5"
        },
        "west": {
          "uv": [
            3.33333,
            12,
            2.66667,
            12.66667
          ],
          "texture": "#5"
        },
        "up": {
          "uv": [
            6.5,
            12,
            6,
            12.66667
          ],
          "texture": "#5"
        },
        "down": {
          "uv": [
            7.16667,
            12.66667,
            6.66667,
            12
          ],
          "texture": "#5"
        }
      }
    },
    {
      "from": [
        7.5,
        -1.20978,
        9.32074
      ],
      "to": [
        8.5,
        0.79022,
        10.32074
      ],
      "rotation": {
        "angle": 22.5,
        "axis": "x",
        "origin": [
          8,
          -0.13478,
          9.82074
        ]
      },
      "faces": {
        "north": {
          "uv": [
            8.66667,
            8.66667,
            8,
            10
          ],
          "texture": "#5"
        },
        "east": {
          "uv": [
            8,
            8.66667,
            7.33333,
            10
          ],
          "texture": "#5"
        },
        "south": {
          "uv": [
            9.33333,
            6.66667,
            8.66667,
            8
          ],
          "texture": "#5"
        },
        "west": {
          "uv": [
            9.33333,
            8,
            8.66667,
            9.33333
          ],
          "texture": "#5"
        },
        "up": {
          "uv": [
            12.66667,
            2.66667,
            12,
            3.33333
          ],
          "texture": "#5"
        },
        "down": {
          "uv": [
            4,
            12.66667,
            3.33333,
            12
          ],
          "texture": "#5"
        }
      }
    },
    {
      "from": [
        7.3,
        11.51351,
        4.35971
      ],
      "to": [
        8.7,
        14.51351,
        5.35971
      ],
      "rotation": {
        "angle": -45,
        "axis": "x",
        "origin": [
          8,
          13.31351,
          4.75971
        ]
      },
      "faces": {
        "north": {
          "uv": [
            8.16667,
            13,
            9.16667,
            15
          ],
          "texture": "#5"
        },
        "east": {
          "uv": [
            8.66667,
            2.66667,
            9.33333,
            4.66667
          ],
          "texture": "#5"
        },
        "south": {
          "uv": [
            14.16667,
            8.33333,
            15.16667,
            10.33333
          ],
          "texture": "#5"
        },
        "west": {
          "uv": [
            8.66667,
            4.66667,
            9.33333,
            6.66667
          ],
          "texture": "#5"
        },
        "up": {
          "uv": [
            11.66667,
            4.66667,
            10.66667,
            4
          ],
          "texture": "#5"
        },
        "down": {
          "uv": [
            11.66667,
            4.66667,
            10.66667,
            5.33333
          ],
          "texture": "#5"
        }
      }
    },
    {
      "from": [
        7.55,
        11.92931,
        3.79784
      ],
      "to": [
        8.45,
        15.42931,
        5.29784
      ],
      "rotation": {
        "angle": -22.5,
        "axis": "x",
        "origin": [
          8,
          12.72931,
          4.69784
        ]
      },
      "faces": {
        "north": {
          "uv": [
            9.33333,
            13,
            10,
            15.33333
          ],
          "texture": "#5"
        },
        "east": {
          "uv": [
            13.66667,
            5.66667,
            14.66667,
            8
          ],
          "texture": "#5"
        },
        "south": {
          "uv": [
            15.33333,
            5.66667,
            16,
            8
          ],
          "texture": "#5"
        },
        "west": {
          "uv": [
            7.33333,
            0,
            8.33333,
            2.33333
          ],
          "texture": "#5"
        },
        "up": {
          "uv": [
            11.33333,
            6.33333,
            10.66667,
            5.33333
          ],
          "texture": "#5"
        },
        "down": {
          "uv": [
            11.33333,
            6.66667,
            10.66667,
            7.66667
          ],
          "texture": "#5"
        }
      }
    },
    {
      "from": [
        7.5,
        12.02545,
        5.06836
      ],
      "to": [
        8.5,
        13.02545,
        6.81836
      ],
      "rotation": {
        "angle": -22.5,
        "axis": "x",
        "origin": [
          8,
          13.77545,
          4.56836
        ]
      },
      "faces": {
        "east": {
          "uv": [
            10,
            0,
            11.16667,
            0.66667
          ],
          "texture": "#5"
        },
        "west": {
          "uv": [
            10,
            0.66667,
            11.16667,
            1.33333
          ],
          "texture": "#5"
        },
        "up": {
          "uv": [
            2.66667,
            10.5,
            2,
            9.33333
          ],
          "texture": "#5"
        },
        "down": {
          "uv": [
            10.66667,
            1.33333,
            10,
            2.5
          ],
          "texture": "#5"
        }
      }
    },
    {
      "from": [
        7.65,
        13.35,
        5.7
      ],
      "to": [
        8.35,
        13.85,
        7.7
      ],
      "rotation": {
        "angle": -22.5,
        "axis": "x",
        "origin": [
          7.5,
          12.35,
          5.7
        ]
      },
      "faces": {
        "east": {
          "uv": [
            12,
            3.33333,
            13.33333,
            3.66667
          ],
          "texture": "#5"
        },
        "west": {
          "uv": [
            4,
            12,
            5.33333,
            12.33333
          ],
          "texture": "#5"
        },
        "up": {
          "uv": [
            11.16667,
            9.33333,
            10.66667,
            8
          ],
          "texture": "#5"
        }
      }
    },
    {
      "from": [
        7.25,
        12.07855,
        6.7625
      ],
      "to": [
        8.75,
        14.57855,
        7.2625
      ],
      "rotation": {
        "angle": 0,
        "axis": "y",
        "origin": [
          7,
          10.57855,
          6.7625
        ]
      },
      "faces": {
        "north": {
          "uv": [
            7.33333,
            4.66667,
            8.33333,
            6.33333
          ],
          "texture": "#5"
        },
        "east": {
          "uv": [
            10,
            10.66667,
            10.33333,
            12.33333
          ],
          "texture": "#5"
        },
        "south": {
          "uv": [
            7.33333,
            6.66667,
            8.33333,
            8.33333
          ],
          "texture": "#5"
        },
        "west": {
          "uv": [
            10.66667,
            10.66667,
            11,
            12.33333
          ],
          "texture": "#5"
        }
      }
    },
    {
      "from": [
        7.25,
        14.18211,
        7.21961
      ],
      "to": [
        8.75,
        15.43211,
        7.71961
      ],
      "rotation": {
        "angle": 45,
        "axis": "x",
        "origin": [
          8,
          14.93211,
          7.46961
        ]
      },
      "faces": {
        "north": {
          "uv": [
            9.33333,
            2.66667,
            10.33333,
            3.5
          ],
          "texture": "#5"
        },
        "east": {
          "uv": [
            12,
            8.66667,
            12.33333,
            9.5
          ],
          "texture": "#5"
        },
        "south": {
          "uv": [
            3.33333,
            9.33333,
            4.33333,
            10.16667
          ],
          "texture": "#5"
        },
        "west": {
          "uv": [
            12,
            10,
            12.33333,
            10.83333
          ],
          "texture": "#5"
        }
      }
    },
    {
      "from": [
        7.25,
        15.43211,
        7.21961
      ],
      "to": [
        8.75,
        15.93211,
        7.71961
      ],
      "rotation": {
        "angle": 45,
        "axis": "x",
        "origin": [
          8,
          14.93211,
          7.46961
        ]
      },
      "faces": {
        "north": {
          "uv": [
            12,
            6.66667,
            13,
            7
          ],
          "texture": "#5"
        },
        "east": {
          "uv": [
            6,
            12.66667,
            6.33333,
            13
          ],
          "texture": "#5"
        },
        "west": {
          "uv": [
            12.66667,
            6,
            13,
            6.33333
          ],
          "texture": "#5"
        },
        "up": {
          "uv": [
            8.33333,
            12.33333,
            7.33333,
            12
          ],
          "texture": "#5"
        }
      }
    },
    {
      "from": [
        7.25,
        11.16434,
        7.21973
      ],
      "to": [
        8.75,
        11.66434,
        7.71973
      ],
      "rotation": {
        "angle": 45,
        "axis": "x",
        "origin": [
          8,
          10.66434,
          7.46973
        ]
      },
      "faces": {
        "east": {
          "uv": [
            6.66667,
            12.66667,
            7,
            13
          ],
          "texture": "#5"
        },
        "south": {
          "uv": [
            12,
            7.33333,
            13,
            7.66667
          ],
          "texture": "#5"
        },
        "west": {
          "uv": [
            7.33333,
            12.66667,
            7.66667,
            13
          ],
          "texture": "#5"
        },
        "down": {
          "uv": [
            13,
            8,
            12,
            8.33333
          ],
          "texture": "#5"
        }
      }
    },
    {
      "from": [
        7.25,
        14.18211,
        8.28039
      ],
      "to": [
        8.75,
        15.43211,
        8.78039
      ],
      "rotation": {
        "angle": -45,
        "axis": "x",
        "origin": [
          8,
          14.93211,
          8.53039
        ]
      },
      "faces": {
        "north": {
          "uv": [
            9.33333,
            4,
            10.33333,
            4.83333
          ],
          "texture": "#5"
        },
        "east": {
          "uv": [
            11.33333,
            12,
            11.66667,
            12.83333
          ],
          "texture": "#5"
        },
        "south": {
          "uv": [
            9.33333,
            5.33333,
            10.33333,
            6.16667
          ],
          "texture": "#5"
        },
        "west": {
          "uv": [
            12,
            11.33333,
            12.33333,
            12.16667
          ],
          "texture": "#5"
        }
      }
    },
    {
      "from": [
        7.25,
        11.225,
        8.28039
      ],
      "to": [
        8.75,
        12.475,
        8.78039
      ],
      "rotation": {
        "angle": 45,
        "axis": "x",
        "origin": [
          8,
          11.725,
          8.53039
        ]
      },
      "faces": {
        "north": {
          "uv": [
            9.33333,
            6.66667,
            10.33333,
            7.5
          ],
          "texture": "#5"
        },
        "east": {
          "uv": [
            12.66667,
            0,
            13,
            0.83333
          ],
          "texture": "#5"
        },
        "south": {
          "uv": [
            9.33333,
            8,
            10.33333,
            8.83333
          ],
          "texture": "#5"
        },
        "west": {
          "uv": [
            1.33333,
            12.66667,
            1.66667,
            13.5
          ],
          "texture": "#5"
        }
      }
    },
    {
      "from": [
        7.25,
        11.225,
        7.21961
      ],
      "to": [
        8.75,
        12.475,
        7.71961
      ],
      "rotation": {
        "angle": -45,
        "axis": "x",
        "origin": [
          8,
          11.725,
          7.46961
        ]
      },
      "faces": {
        "north": {
          "uv": [
            8.66667,
            9.33333,
            9.66667,
            10.16667
          ],
          "texture": "#5"
        },
        "east": {
          "uv": [
            12.66667,
            1.33333,
            13,
            2.16667
          ],
          "texture": "#5"
        },
        "south": {
          "uv": [
            0,
            10,
            1,
            10.83333
          ],
          "texture": "#5"
        },
        "west": {
          "uv": [
            2,
            12.66667,
            2.33333,
            13.5
          ],
          "texture": "#5"
        }
      }
    },
    {
      "from": [
        7.25,
        12.07855,
        8.7375
      ],
      "to": [
        8.75,
        14.57855,
        9.2375
      ],
      "rotation": {
        "angle": 0,
        "axis": "y",
        "origin": [
          7,
          10.57855,
          9.2375
        ]
      },
      "faces": {
        "north": {
          "uv": [
            4.66667,
            8,
            5.66667,
            9.66667
          ],
          "texture": "#5"
        },
        "east": {
          "uv": [
            0,
            11.33333,
            0.33333,
            13
          ],
          "texture": "#5"
        },
        "south": {
          "uv": [
            6,
            8,
            7,
            9.66667
          ],
          "texture": "#5"
        },
        "west": {
          "uv": [
            0.66667,
            11.33333,
            1,
            13
          ],
          "texture": "#5"
        }
      }
    },
    {
      "from": [
        7.4,
        11.52322,
        7.25
      ],
      "to": [
        7.4,
        15.14822,
        8.75
      ],
      "rotation": {
        "angle": 0,
        "axis": "y",
        "origin": [
          7.5,
          20.64822,
          6.5
        ]
      },
      "faces": {
        "west": {
          "uv": [
            0,
            0,
            6,
            15
          ],
          "texture": "#2"
        }
      }
    },
    {
      "from": [
        7,
        10,
        4.5
      ],
      "to": [
        7,
        17,
        11.5
      ],
      "rotation": {
        "angle": 0,
        "axis": "y",
        "origin": [
          7,
          19,
          4.5
        ]
      },
      "faces": {
        "west": {
          "uv": [
            0,
            0,
            14,
            14
          ],
          "texture": "#3"
        }
      }
    },
    {
      "from": [
        9,
        10,
        4.5
      ],
      "to": [
        9,
        17,
        11.5
      ],
      "rotation": {
        "angle": 0,
        "axis": "y",
        "origin": [
          9,
          19,
          4.5
        ]
      },
      "faces": {
        "east": {
          "uv": [
            0,
            0,
            14,
            14
          ],
          "texture": "#3"
        }
      }
    },
    {
      "from": [
        8.6,
        11.52322,
        7.25
      ],
      "to": [
        8.6,
        15.14822,
        8.75
      ],
      "rotation": {
        "angle": 0,
        "axis": "y",
        "origin": [
          8.5,
          20.64822,
          6.5
        ]
      },
      "faces": {
        "east": {
          "uv": [
            0,
            0,
            6,
            15
          ],
          "texture": "#2"
        }
      }
    },
    {
      "from": [
        7.35,
        4.5,
        7.35
      ],
      "to": [
        8.65,
        10.5,
        8.65
      ],
      "rotation": {
        "angle": 0,
        "axis": "y",
        "origin": [
          7.5,
          4.5,
          6.5
        ]
      },
      "faces": {
        "north": {
          "uv": [
            6.83333,
            0,
            6,
            4
          ],
          "texture": "#5"
        },
        "east": {
          "uv": [
            6,
            0,
            6.83333,
            4
          ],
          "texture": "#5"
        },
        "south": {
          "uv": [
            6.83333,
            0,
            6,
            4
          ],
          "texture": "#5"
        },
        "west": {
          "uv": [
            6,
            0,
            6.83333,
            4
          ],
          "texture": "#5"
        },
        "up": {
          "uv": [
            11.5,
            3.5,
            10.66667,
            2.66667
          ],
          "texture": "#5"
        },
        "down": {
          "uv": [
            4.16667,
            10.66667,
            3.33333,
            11.5
          ],
          "texture": "#5"
        }
      }
    },
    {
      "from": [
        7.75,
        10,
        2.25
      ],
      "to": [
        8.25,
        14,
        4.25
      ],
      "rotation": {
        "angle": 0,
        "axis": "y",
        "origin": [
          7.75,
          10,
          -1.75
        ]
      },
      "faces": {
        "north": {
          "uv": [
            9.33333,
            0,
            9.66667,
            2.66667
          ],
          "texture": "#5"
        },
        "east": {
          "uv": [
            13.66667,
            0,
            15,
            2.66667
          ],
          "texture": "#5"
        },
        "south": {
          "uv": [
            1.33333,
            9.33333,
            1.66667,
            12
          ],
          "texture": "#5"
        },
        "west": {
          "uv": [
            13.66667,
            2.66667,
            15,
            5.33333
          ],
          "texture": "#5"
        },
        "up": {
          "uv": [
            12.33333,
            5.33333,
            12,
            4
          ],
          "texture": "#5"
        },
        "down": {
          "uv": [
            5.66667,
            12,
            5.33333,
            13.33333
          ],
          "texture": "#5"
        }
      }
    },
    {
      "from": [
        7.975,
        6,
        0.25
      ],
      "to": [
        8.025,
        17,
        5.25
      ],
      "rotation": {
        "angle": 0,
        "axis": "y",
        "origin": [
          7.975,
          10,
          -2.75
        ]
      },
      "faces": {
        "east": {
          "uv": [
            3.33333,
            0,
            0,
            7.33333
          ],
          "texture": "#5"
        },
        "west": {
          "uv": [
            0,
            0,
            3.33333,
            7.33333
          ],
          "texture": "#5"
        }
      }
    },
    {
      "from": [
        7.755,
        8.14645,
        3.01777
      ],
      "to": [
        8.245,
        11.14645,
        5.01777
      ],
      "rotation": {
        "angle": -45,
        "axis": "x",
        "origin": [
          8.005,
          9.64645,
          4.01777
        ]
      },
      "faces": {
        "north": {
          "uv": [
            8.66667,
            10.66667,
            9,
            12.66667
          ],
          "texture": "#5"
        },
        "east": {
          "uv": [
            6,
            4,
            7.33333,
            6
          ],
          "texture": "#5"
        },
        "south": {
          "uv": [
            9.33333,
            10.66667,
            9.66667,
            12.66667
          ],
          "texture": "#5"
        },
        "west": {
          "uv": [
            6,
            6,
            7.33333,
            8
          ],
          "texture": "#5"
        },
        "down": {
          "uv": [
            12.33333,
            5.33333,
            12,
            6.66667
          ],
          "texture": "#5"
        }
      }
    },
    {
      "from": [
        7.3,
        11.51351,
        10.64029
      ],
      "to": [
        8.7,
        14.51351,
        11.64029
      ],
      "rotation": {
        "angle": 45,
        "axis": "x",
        "origin": [
          8,
          13.31351,
          11.24029
        ]
      },
      "faces": {
        "north": {
          "uv": [
            15.16667,
            8.33333,
            14.16667,
            10.33333
          ],
          "texture": "#5"
        },
        "east": {
          "uv": [
            9.33333,
            2.66667,
            8.66667,
            4.66667
          ],
          "texture": "#5"
        },
        "south": {
          "uv": [
            9.16667,
            13,
            8.16667,
            15
          ],
          "texture": "#5"
        },
        "west": {
          "uv": [
            9.33333,
            4.66667,
            8.66667,
            6.66667
          ],
          "texture": "#5"
        },
        "up": {
          "uv": [
            11.66667,
            4,
            10.66667,
            4.66667
          ],
          "texture": "#5"
        },
        "down": {
          "uv": [
            11.66667,
            5.33333,
            10.66667,
            4.66667
          ],
          "texture": "#5"
        }
      }
    },
    {
      "from": [
        7.55,
        11.92931,
        10.70216
      ],
      "to": [
        8.45,
        15.42931,
        12.20216
      ],
      "rotation": {
        "angle": 22.5,
        "axis": "x",
        "origin": [
          8,
          12.72931,
          11.30216
        ]
      },
      "faces": {
        "north": {
          "uv": [
            16,
            5.66667,
            15.33333,
            8
          ],
          "texture": "#5"
        },
        "east": {
          "uv": [
            14.66667,
            5.66667,
            13.66667,
            8
          ],
          "texture": "#5"
        },
        "south": {
          "uv": [
            10,
            13,
            9.33333,
            15.33333
          ],
          "texture": "#5"
        },
        "west": {
          "uv": [
            8.33333,
            0,
            7.33333,
            2.33333
          ],
          "texture": "#5"
        },
        "up": {
          "uv": [
            11.33333,
            5.33333,
            10.66667,
            6.33333
          ],
          "texture": "#5"
        },
        "down": {
          "uv": [
            11.33333,
            7.66667,
            10.66667,
            6.66667
          ],
          "texture": "#5"
        }
      }
    },
    {
      "from": [
        7.5,
        12.02545,
        9.18164
      ],
      "to": [
        8.5,
        13.02545,
        10.93164
      ],
      "rotation": {
        "angle": 22.5,
        "axis": "x",
        "origin": [
          8,
          13.77545,
          11.43164
        ]
      },
      "faces": {
        "east": {
          "uv": [
            11.16667,
            0,
            10,
            0.66667
          ],
          "texture": "#5"
        },
        "west": {
          "uv": [
            11.16667,
            0.66667,
            10,
            1.33333
          ],
          "texture": "#5"
        },
        "up": {
          "uv": [
            2.66667,
            9.33333,
            2,
            10.5
          ],
          "texture": "#5"
        },
        "down": {
          "uv": [
            10.66667,
            2.5,
            10,
            1.33333
          ],
          "texture": "#5"
        }
      }
    },
    {
      "from": [
        7.65,
        13.35,
        8.3
      ],
      "to": [
        8.35,
        13.85,
        10.3
      ],
      "rotation": {
        "angle": 22.5,
        "axis": "x",
        "origin": [
          7.5,
          12.35,
          10.3
        ]
      },
      "faces": {
        "east": {
          "uv": [
            13.33333,
            3.33333,
            12,
            3.66667
          ],
          "texture": "#5"
        },
        "west": {
          "uv": [
            5.33333,
            12,
            4,
            12.33333
          ],
          "texture": "#5"
        },
        "up": {
          "uv": [
            11.16667,
            8,
            10.66667,
            9.33333
          ],
          "texture": "#5"
        }
      }
    },
    {
      "from": [
        7.75,
        10,
        11.75
      ],
      "to": [
        8.25,
        14,
        13.75
      ],
      "rotation": {
        "angle": 0,
        "axis": "y",
        "origin": [
          7.75,
          10,
          17.75
        ]
      },
      "faces": {
        "north": {
          "uv": [
            1.66667,
            9.33333,
            1.33333,
            12
          ],
          "texture": "#5"
        },
        "east": {
          "uv": [
            15,
            0,
            13.66667,
            2.66667
          ],
          "texture": "#5"
        },
        "south": {
          "uv": [
            9.66667,
            0,
            9.33333,
            2.66667
          ],
          "texture": "#5"
        },
        "west": {
          "uv": [
            15,
            2.66667,
            13.66667,
            5.33333
          ],
          "texture": "#5"
        },
        "up": {
          "uv": [
            12.33333,
            4,
            12,
            5.33333
          ],
          "texture": "#5"
        },
        "down": {
          "uv": [
            5.66667,
            13.33333,
            5.33333,
            12
          ],
          "texture": "#5"
        }
      }
    },
    {
      "from": [
        7.975,
        6,
        10.75
      ],
      "to": [
        8.025,
        17,
        15.75
      ],
      "rotation": {
        "angle": 0,
        "axis": "y",
        "origin": [
          7.975,
          10,
          18.75
        ]
      },
      "faces": {
        "east": {
          "uv": [
            0,
            0,
            3.33333,
            7.33333
          ],
          "texture": "#5"
        },
        "west": {
          "uv": [
            3.33333,
            0,
            0,
            7.33333
          ],
          "texture": "#5"
        }
      }
    },
    {
      "from": [
        7.755,
        8.14645,
        10.98223
      ],
      "to": [
        8.245,
        11.14645,
        12.98223
      ],
      "rotation": {
        "angle": 45,
        "axis": "x",
        "origin": [
          8.005,
          9.64645,
          11.98223
        ]
      },
      "faces": {
        "north": {
          "uv": [
            9.66667,
            10.66667,
            9.33333,
            12.66667
          ],
          "texture": "#5"
        },
        "east": {
          "uv": [
            7.33333,
            4,
            6,
            6
          ],
          "texture": "#5"
        },
        "south": {
          "uv": [
            9,
            10.66667,
            8.66667,
            12.66667
          ],
          "texture": "#5"
        },
        "west": {
          "uv": [
            7.33333,
            6,
            6,
            8
          ],
          "texture": "#5"
        },
        "down": {
          "uv": [
            12.33333,
            6.66667,
            12,
            5.33333
          ],
          "texture": "#5"
        }
      }
    }
  ],
  "gui_light": "front",
  "display": {
    "thirdperson_righthand": {
      "translation": [
        0,
        3.5,
        1
      ]
    },
    "thirdperson_lefthand": {
      "translation": [
        0,
        3.5,
        1
      ]
    },
    "firstperson_righthand": {
      "rotation": [
        -10,
        0,
        0
      ],
      "translation": [
        0,
        5,
        0
      ]
    },
    "firstperson_lefthand": {
      "rotation": [
        -10,
        0,
        0
      ],
      "translation": [
        0,
        5,
        0
      ]
    },
    "ground": {
      "rotation": [
        45,
        0,
        0
      ],
      "translation": [
        0,
        12.25,
        0
      ]
    },
    "gui": {
      "rotation": [
        90,
        -45,
        90
      ],
      "translation": [
        1.5,
        -1.5,
        0
      ],
      "scale": [
        0.73828,
        0.73828,
        0.73828
      ]
    },
    "head": {
      "rotation": [
        0,
        90,
        0
      ],
      "translation": [
        0,
        -2,
        0
      ],
      "scale": [
        1.5,
        1.5,
        1.5
      ]
    },
    "fixed": {
      "rotation": [
        -90,
        90,
        90
      ],
      "translation": [
        0,
        0.25,
        -1.25
      ],
      "scale": [
        1.5,
        1.5,
        1.5
      ]
    }
  }
}