{
	"credit": "Made by PolygonMC",
	"texture_size": [20, 20],
	"textures": {
		"2": "minehammer:item/nitro/animations/nitro_gems",
		"3": "minehammer:item/nitro/animations/animations_1",
		"4": "minehammer:item/nitro/fishing_rod_cast",
		"particle": "minehammer:item/nitro/animations/nitro_gems"
	},
	"elements": [
		{
			"from": [7.5, 0, 7.5],
			"to": [8.5, 1, 8.5],
			"rotation": {"angle": 0, "axis": "y", "origin": [7.5, 0, 7.5]},
			"faces": {
				"north": {"uv": [12, 9.6, 12.8, 10.4], "texture": "#4"},
				"east": {"uv": [12, 10.4, 12.8, 11.2], "texture": "#4"},
				"south": {"uv": [4.8, 12.8, 5.6, 13.6], "texture": "#4"},
				"west": {"uv": [12.8, 4.8, 13.6, 5.6], "texture": "#4"},
				"up": {"uv": [6.4, 13.6, 5.6, 12.8], "texture": "#4"},
				"down": {"uv": [13.6, 5.6, 12.8, 6.4], "texture": "#4"}
			}
		},
		{
			"from": [7.5, 1.75, 7.5],
			"to": [8.5, 2.75, 8.5],
			"rotation": {"angle": 0, "axis": "y", "origin": [7.5, 0, 7.5]},
			"faces": {
				"north": {"uv": [6.4, 12.8, 7.2, 13.6], "texture": "#4"},
				"east": {"uv": [12.8, 6.4, 13.6, 7.2], "texture": "#4"},
				"south": {"uv": [7.2, 12.8, 8, 13.6], "texture": "#4"},
				"west": {"uv": [12.8, 7.2, 13.6, 8], "texture": "#4"},
				"up": {"uv": [8.8, 13.6, 8, 12.8], "texture": "#4"},
				"down": {"uv": [13.6, 8, 12.8, 8.8], "texture": "#4"}
			}
		},
		{
			"from": [7.5, 3.5, 7.5],
			"to": [8.5, 4.5, 8.5],
			"rotation": {"angle": 0, "axis": "y", "origin": [7.5, 1.75, 7.5]},
			"faces": {
				"north": {"uv": [8.8, 12.8, 9.6, 13.6], "texture": "#4"},
				"east": {"uv": [12.8, 8.8, 13.6, 9.6], "texture": "#4"},
				"south": {"uv": [9.6, 12.8, 10.4, 13.6], "texture": "#4"},
				"west": {"uv": [12.8, 9.6, 13.6, 10.4], "texture": "#4"},
				"up": {"uv": [11.2, 13.6, 10.4, 12.8], "texture": "#4"},
				"down": {"uv": [13.6, 10.4, 12.8, 11.2], "texture": "#4"}
			}
		},
		{
			"from": [7.6, 1, 7.6],
			"to": [8.4, 1.75, 8.4],
			"rotation": {"angle": 0, "axis": "y", "origin": [7.5, 0, 7.5]},
			"faces": {
				"north": {"uv": [2.4, 14.4, 3, 15], "texture": "#4"},
				"east": {"uv": [3.2, 14.4, 3.8, 15], "texture": "#4"},
				"south": {"uv": [4, 14.4, 4.6, 15], "texture": "#4"},
				"west": {"uv": [14.4, 4, 15, 4.6], "texture": "#4"}
			}
		},
		{
			"from": [7.6, 2.75, 7.6],
			"to": [8.4, 3.5, 8.4],
			"rotation": {"angle": 0, "axis": "y", "origin": [7.5, 0, 7.5]},
			"faces": {
				"north": {"uv": [4.8, 14.4, 5.4, 15], "texture": "#4"},
				"east": {"uv": [14.4, 4.8, 15, 5.4], "texture": "#4"},
				"south": {"uv": [6.4, 14.4, 7, 15], "texture": "#4"},
				"west": {"uv": [14.4, 6.4, 15, 7], "texture": "#4"}
			}
		},
		{
			"from": [7.375, -0.625, 7.375],
			"to": [8.625, 0.625, 8.625],
			"rotation": {"angle": -45, "axis": "x", "origin": [8, 0, 8]},
			"faces": {
				"north": {"uv": [4.8, 11.2, 5.8, 12.2], "texture": "#4"},
				"east": {"uv": [6.4, 11.2, 7.4, 12.2], "texture": "#4"},
				"south": {"uv": [8, 11.2, 9, 12.2], "texture": "#4"},
				"west": {"uv": [9.6, 11.2, 10.6, 12.2], "texture": "#4"},
				"up": {"uv": [12.2, 12.2, 11.2, 11.2], "texture": "#4"},
				"down": {"uv": [13, 0, 12, 1], "texture": "#4"}
			}
		},
		{
			"from": [7.6, -1.25, 7.1],
			"to": [8.4, -0.25, 8.1],
			"rotation": {"angle": -22.5, "axis": "x", "origin": [7.75, -1.25, 6.1]},
			"faces": {
				"east": {"uv": [11.2, 12.8, 12, 13.6], "texture": "#4"},
				"west": {"uv": [12.8, 11.2, 13.6, 12], "texture": "#4"},
				"up": {"uv": [14.2, 8.8, 13.6, 8], "texture": "#4"},
				"down": {"uv": [9.4, 13.6, 8.8, 14.4], "texture": "#4"}
			}
		},
		{
			"from": [7.5, -1.20978, 5.67926],
			"to": [8.5, 0.79022, 6.67926],
			"rotation": {"angle": -22.5, "axis": "x", "origin": [8, -0.13478, 6.17926]},
			"faces": {
				"north": {"uv": [7.2, 9.6, 8, 11.2], "texture": "#4"},
				"east": {"uv": [8, 9.6, 8.8, 11.2], "texture": "#4"},
				"south": {"uv": [8.8, 9.6, 9.6, 11.2], "texture": "#4"},
				"west": {"uv": [9.6, 9.6, 10.4, 11.2], "texture": "#4"},
				"up": {"uv": [12.8, 13.6, 12, 12.8], "texture": "#4"},
				"down": {"uv": [13.6, 12, 12.8, 12.8], "texture": "#4"}
			}
		},
		{
			"from": [7.6, -1.25, 7.9],
			"to": [8.4, -0.25, 8.9],
			"rotation": {"angle": 22.5, "axis": "x", "origin": [7.75, -1.25, 9.9]},
			"faces": {
				"east": {"uv": [12, 12.8, 11.2, 13.6], "texture": "#4"},
				"west": {"uv": [13.6, 11.2, 12.8, 12], "texture": "#4"},
				"up": {"uv": [14.2, 8, 13.6, 8.8], "texture": "#4"},
				"down": {"uv": [9.4, 14.4, 8.8, 13.6], "texture": "#4"}
			}
		},
		{
			"from": [7.5, -1.20978, 9.32074],
			"to": [8.5, 0.79022, 10.32074],
			"rotation": {"angle": 22.5, "axis": "x", "origin": [8, -0.13478, 9.82074]},
			"faces": {
				"north": {"uv": [9.6, 9.6, 8.8, 11.2], "texture": "#4"},
				"east": {"uv": [8.8, 9.6, 8, 11.2], "texture": "#4"},
				"south": {"uv": [8, 9.6, 7.2, 11.2], "texture": "#4"},
				"west": {"uv": [10.4, 9.6, 9.6, 11.2], "texture": "#4"},
				"up": {"uv": [12.8, 12.8, 12, 13.6], "texture": "#4"},
				"down": {"uv": [13.6, 12.8, 12.8, 12], "texture": "#4"}
			}
		},
		{
			"from": [7.25, 5.07855, 6.7625],
			"to": [8.75, 7.57855, 7.2625],
			"rotation": {"angle": 0, "axis": "y", "origin": [7, 3.57855, 6.7625]},
			"faces": {
				"north": {"uv": [7.2, 0, 8.4, 2], "texture": "#4"},
				"east": {"uv": [12, 4.8, 12.4, 6.8], "texture": "#4"},
				"south": {"uv": [7.2, 2.4, 8.4, 4.4], "texture": "#4"},
				"west": {"uv": [12, 7.2, 12.4, 9.2], "texture": "#4"}
			}
		},
		{
			"from": [7.25, 7.18211, 7.21961],
			"to": [8.75, 8.43211, 7.71961],
			"rotation": {"angle": 45, "axis": "x", "origin": [8, 7.93211, 7.46961]},
			"faces": {
				"north": {"uv": [10.4, 0, 11.6, 1], "texture": "#4"},
				"east": {"uv": [11.2, 13.6, 11.6, 14.6], "texture": "#4"},
				"south": {"uv": [10.4, 1.6, 11.6, 2.6], "texture": "#4"},
				"west": {"uv": [13.6, 11.2, 14, 12.2], "texture": "#4"}
			}
		},
		{
			"from": [7.25, 8.43211, 7.21961],
			"to": [8.75, 8.93211, 7.71961],
			"rotation": {"angle": 45, "axis": "x", "origin": [8, 7.93211, 7.46961]},
			"faces": {
				"north": {"uv": [13.6, 8.8, 14.8, 9.2], "texture": "#4"},
				"east": {"uv": [15.2, 4, 15.6, 4.4], "texture": "#4"},
				"west": {"uv": [4.8, 15.2, 5.2, 15.6], "texture": "#4"},
				"up": {"uv": [10.8, 14, 9.6, 13.6], "texture": "#4"}
			}
		},
		{
			"from": [7.25, 4.16434, 7.21973],
			"to": [8.75, 4.66434, 7.71973],
			"rotation": {"angle": 45, "axis": "x", "origin": [8, 3.66434, 7.46973]},
			"faces": {
				"east": {"uv": [15.2, 4.8, 15.6, 5.2], "texture": "#4"},
				"south": {"uv": [13.6, 9.6, 14.8, 10], "texture": "#4"},
				"west": {"uv": [5.6, 15.2, 6, 15.6], "texture": "#4"},
				"down": {"uv": [14.8, 10.4, 13.6, 10.8], "texture": "#4"}
			}
		},
		{
			"from": [7.25, 7.18211, 8.28039],
			"to": [8.75, 8.43211, 8.78039],
			"rotation": {"angle": -45, "axis": "x", "origin": [8, 7.93211, 8.53039]},
			"faces": {
				"north": {"uv": [10.4, 3.2, 11.6, 4.2], "texture": "#4"},
				"east": {"uv": [12, 13.6, 12.4, 14.6], "texture": "#4"},
				"south": {"uv": [10.4, 4.8, 11.6, 5.8], "texture": "#4"},
				"west": {"uv": [12.8, 13.6, 13.2, 14.6], "texture": "#4"}
			}
		},
		{
			"from": [7.25, 4.225, 8.28039],
			"to": [8.75, 5.475, 8.78039],
			"rotation": {"angle": 45, "axis": "x", "origin": [8, 4.725, 8.53039]},
			"faces": {
				"north": {"uv": [10.4, 6.4, 11.6, 7.4], "texture": "#4"},
				"east": {"uv": [13.6, 12.8, 14, 13.8], "texture": "#4"},
				"south": {"uv": [10.4, 8, 11.6, 9], "texture": "#4"},
				"west": {"uv": [14.4, 0, 14.8, 1], "texture": "#4"}
			}
		},
		{
			"from": [7.25, 4.225, 7.21961],
			"to": [8.75, 5.475, 7.71961],
			"rotation": {"angle": -45, "axis": "x", "origin": [8, 4.725, 7.46961]},
			"faces": {
				"north": {"uv": [10.4, 9.6, 11.6, 10.6], "texture": "#4"},
				"east": {"uv": [1.6, 14.4, 2, 15.4], "texture": "#4"},
				"south": {"uv": [0, 11.2, 1.2, 12.2], "texture": "#4"},
				"west": {"uv": [14.4, 1.6, 14.8, 2.6], "texture": "#4"}
			}
		},
		{
			"from": [7.25, 5.07855, 8.7375],
			"to": [8.75, 7.57855, 9.2375],
			"rotation": {"angle": 0, "axis": "y", "origin": [7, 3.57855, 9.2375]},
			"faces": {
				"north": {"uv": [7.2, 4.8, 8.4, 6.8], "texture": "#4"},
				"east": {"uv": [0, 12.8, 0.4, 14.8], "texture": "#4"},
				"south": {"uv": [7.2, 7.2, 8.4, 9.2], "texture": "#4"},
				"west": {"uv": [0.8, 12.8, 1.2, 14.8], "texture": "#4"}
			}
		},
		{
			"from": [7, 3, 4.5],
			"to": [7, 10, 11.5],
			"rotation": {"angle": 0, "axis": "y", "origin": [7, 3, 4.5]},
			"faces": {
				"west": {"uv": [0, 0, 14, 14], "texture": "#3"}
			}
		},
		{
			"from": [7.4, 4.52322, 7.25],
			"to": [7.4, 8.14822, 8.75],
			"rotation": {"angle": 0, "axis": "y", "origin": [7.5, 4.64822, 6.5]},
			"faces": {
				"west": {"uv": [0, 0, 6, 15], "texture": "#2"}
			}
		},
		{
			"from": [9, 3, 4.5],
			"to": [9, 10, 11.5],
			"rotation": {"angle": 0, "axis": "y", "origin": [9, 3, 4.5]},
			"faces": {
				"east": {"uv": [0, 0, 14, 14], "texture": "#3"}
			}
		},
		{
			"from": [8.6, 4.52322, 7.25],
			"to": [8.6, 8.14822, 8.75],
			"rotation": {"angle": 0, "axis": "y", "origin": [8.5, 4.64822, 6.5]},
			"faces": {
				"east": {"uv": [0, 0, 6, 15], "texture": "#2"}
			}
		},
		{
			"from": [7.36175, 7.947, 7.36175],
			"to": [8.63825, 13.053, 8.63825],
			"rotation": {"angle": 0, "axis": "y", "origin": [7.36175, -2.82, 7.36175]},
			"faces": {
				"north": {"uv": [4, 0, 5, 4], "texture": "#4"},
				"east": {"uv": [4, 4, 5, 8], "texture": "#4"},
				"south": {"uv": [5.6, 0, 6.6, 4], "texture": "#4"},
				"west": {"uv": [5.6, 4, 6.6, 8], "texture": "#4"},
				"up": {"uv": [13, 2.6, 12, 1.6], "texture": "#4"},
				"down": {"uv": [13, 3.2, 12, 4.2], "texture": "#4"}
			}
		},
		{
			"from": [7.53408, 13.603, 7.53408],
			"to": [8.46592, 17.33038, 8.46592],
			"rotation": {"angle": 0, "axis": "y", "origin": [7.53408, 1.09309, 7.53408]},
			"faces": {
				"north": {"uv": [4, 8, 4.8, 11], "texture": "#4"},
				"east": {"uv": [4.8, 8, 5.6, 11], "texture": "#4"},
				"south": {"uv": [5.6, 8, 6.4, 11], "texture": "#4"},
				"west": {"uv": [6.4, 8, 7.2, 11], "texture": "#4"},
				"up": {"uv": [13.6, 13.6, 12.8, 12.8], "texture": "#4"},
				"down": {"uv": [14.4, 0, 13.6, 0.8], "texture": "#4"}
			}
		},
		{
			"from": [7.67385, 17.88038, 7.67385],
			"to": [8.32615, 20.48955, 8.32615],
			"rotation": {"angle": 0, "axis": "y", "origin": [7.67385, 6.77344, 7.67385]},
			"faces": {
				"north": {"uv": [1.6, 11.2, 2.2, 13.2], "texture": "#4"},
				"east": {"uv": [2.4, 11.2, 3, 13.2], "texture": "#4"},
				"south": {"uv": [3.2, 11.2, 3.8, 13.2], "texture": "#4"},
				"west": {"uv": [4, 11.2, 4.6, 13.2], "texture": "#4"},
				"up": {"uv": [7.8, 15, 7.2, 14.4], "texture": "#4"},
				"down": {"uv": [15, 7.2, 14.4, 7.8], "texture": "#4"}
			}
		},
		{
			"from": [7.29, 12.54, 7.29],
			"to": [8.71, 13.96, 8.71],
			"rotation": {"angle": -45, "axis": "x", "origin": [8, 13.25, 8]},
			"faces": {
				"north": {"uv": [8.8, 0, 10, 1.2], "texture": "#4"},
				"east": {"uv": [8.8, 1.6, 10, 2.8], "texture": "#4"},
				"south": {"uv": [8.8, 3.2, 10, 4.4], "texture": "#4"},
				"west": {"uv": [8.8, 4.8, 10, 6], "texture": "#4"},
				"up": {"uv": [10, 7.6, 8.8, 6.4], "texture": "#4"},
				"down": {"uv": [10, 8, 8.8, 9.2], "texture": "#4"}
			}
		},
		{
			"from": [7.4462, 16.9962, 7.4462],
			"to": [8.5538, 18.1038, 8.5538],
			"rotation": {"angle": -45, "axis": "x", "origin": [8, 17.55, 8]},
			"faces": {
				"north": {"uv": [13.6, 0.8, 14.4, 1.6], "texture": "#4"},
				"east": {"uv": [1.6, 13.6, 2.4, 14.4], "texture": "#4"},
				"south": {"uv": [13.6, 1.6, 14.4, 2.4], "texture": "#4"},
				"west": {"uv": [2.4, 13.6, 3.2, 14.4], "texture": "#4"},
				"up": {"uv": [14.4, 3.2, 13.6, 2.4], "texture": "#4"},
				"down": {"uv": [4, 13.6, 3.2, 14.4], "texture": "#4"}
			}
		},
		{
			"from": [7.59573, 20.29573, 7.59573],
			"to": [8.40427, 21.10427, 8.40427],
			"rotation": {"angle": -45, "axis": "x", "origin": [8, 20.7, 8]},
			"faces": {
				"north": {"uv": [14.4, 8, 15, 8.6], "texture": "#4"},
				"east": {"uv": [8.8, 14.4, 9.4, 15], "texture": "#4"},
				"south": {"uv": [9.6, 14.4, 10.2, 15], "texture": "#4"},
				"west": {"uv": [10.4, 14.4, 11, 15], "texture": "#4"},
				"up": {"uv": [15, 11.8, 14.4, 11.2], "texture": "#4"},
				"down": {"uv": [15, 12, 14.4, 12.6], "texture": "#4"}
			}
		},
		{
			"from": [7, 10, 5.75],
			"to": [7.5, 10.5, 7.75],
			"rotation": {"angle": 0, "axis": "y", "origin": [7, 10, 5.75]},
			"faces": {
				"north": {"uv": [15.2, 5.6, 15.6, 6], "texture": "#4"},
				"east": {"uv": [13.6, 3.2, 15.2, 3.6], "texture": "#4"},
				"south": {"uv": [6.4, 15.2, 6.8, 15.6], "texture": "#4"},
				"west": {"uv": [4, 13.6, 5.6, 14], "texture": "#4"},
				"up": {"uv": [14, 5.6, 13.6, 4], "texture": "#4"},
				"down": {"uv": [6, 13.6, 5.6, 15.2], "texture": "#4"}
			}
		},
		{
			"from": [8.5, 10, 5.75],
			"to": [9, 10.5, 7.75],
			"rotation": {"angle": 0, "axis": "y", "origin": [8.5, 10, 5.75]},
			"faces": {
				"north": {"uv": [15.2, 6.4, 15.6, 6.8], "texture": "#4"},
				"east": {"uv": [13.6, 5.6, 15.2, 6], "texture": "#4"},
				"south": {"uv": [7.2, 15.2, 7.6, 15.6], "texture": "#4"},
				"west": {"uv": [6.4, 13.6, 8, 14], "texture": "#4"},
				"up": {"uv": [14, 8, 13.6, 6.4], "texture": "#4"},
				"down": {"uv": [8.4, 13.6, 8, 15.2], "texture": "#4"}
			}
		},
		{
			"from": [7.5, 10, 7.25],
			"to": [8.5, 10.5, 7.75],
			"rotation": {"angle": 0, "axis": "y", "origin": [8, 10, 5.75]},
			"faces": {
				"north": {"uv": [0.8, 15.2, 1.6, 15.6], "texture": "#4"},
				"south": {"uv": [15.2, 0.8, 16, 1.2], "texture": "#4"},
				"up": {"uv": [16, 2, 15.2, 1.6], "texture": "#4"},
				"down": {"uv": [3.2, 15.2, 2.4, 15.6], "texture": "#4"}
			}
		},
		{
			"from": [7.5, 10, 5.75],
			"to": [8.5, 10.5, 6.25],
			"rotation": {"angle": 0, "axis": "y", "origin": [8, 10, 4.25]},
			"faces": {
				"north": {"uv": [15.2, 2.4, 16, 2.8], "texture": "#4"},
				"south": {"uv": [3.2, 15.2, 4, 15.6], "texture": "#4"},
				"up": {"uv": [16, 3.6, 15.2, 3.2], "texture": "#4"},
				"down": {"uv": [4.8, 15.2, 4, 15.6], "texture": "#4"}
			}
		},
		{
			"from": [7.5, 13, 7.25],
			"to": [8.5, 13.5, 7.75],
			"rotation": {"angle": 0, "axis": "y", "origin": [8, 13, 5.75]},
			"faces": {
				"north": {"uv": [0.8, 15.2, 1.6, 15.6], "texture": "#4"},
				"south": {"uv": [15.2, 0.8, 16, 1.2], "texture": "#4"},
				"up": {"uv": [16, 2, 15.2, 1.6], "texture": "#4"},
				"down": {"uv": [3.2, 15.2, 2.4, 15.6], "texture": "#4"}
			}
		},
		{
			"from": [7, 13, 5.75],
			"to": [7.5, 13.5, 7.75],
			"rotation": {"angle": 0, "axis": "y", "origin": [7, 13, 5.75]},
			"faces": {
				"north": {"uv": [15.2, 5.6, 15.6, 6], "texture": "#4"},
				"east": {"uv": [13.6, 3.2, 15.2, 3.6], "texture": "#4"},
				"south": {"uv": [6.4, 15.2, 6.8, 15.6], "texture": "#4"},
				"west": {"uv": [4, 13.6, 5.6, 14], "texture": "#4"},
				"up": {"uv": [14, 5.6, 13.6, 4], "texture": "#4"},
				"down": {"uv": [6, 13.6, 5.6, 15.2], "texture": "#4"}
			}
		},
		{
			"from": [7.5, 13, 5.75],
			"to": [8.5, 13.5, 6.25],
			"rotation": {"angle": 0, "axis": "y", "origin": [8, 13, 4.25]},
			"faces": {
				"north": {"uv": [15.2, 2.4, 16, 2.8], "texture": "#4"},
				"south": {"uv": [3.2, 15.2, 4, 15.6], "texture": "#4"},
				"up": {"uv": [16, 3.6, 15.2, 3.2], "texture": "#4"},
				"down": {"uv": [4.8, 15.2, 4, 15.6], "texture": "#4"}
			}
		},
		{
			"from": [8.5, 13, 5.75],
			"to": [9, 13.5, 7.75],
			"rotation": {"angle": 0, "axis": "y", "origin": [8.5, 13, 5.75]},
			"faces": {
				"north": {"uv": [15.2, 6.4, 15.6, 6.8], "texture": "#4"},
				"east": {"uv": [13.6, 5.6, 15.2, 6], "texture": "#4"},
				"south": {"uv": [7.2, 15.2, 7.6, 15.6], "texture": "#4"},
				"west": {"uv": [6.4, 13.6, 8, 14], "texture": "#4"},
				"up": {"uv": [14, 8, 13.6, 6.4], "texture": "#4"},
				"down": {"uv": [8.4, 13.6, 8, 15.2], "texture": "#4"}
			}
		},
		{
			"from": [7.5, 16, 7.25],
			"to": [8.5, 16.5, 7.75],
			"rotation": {"angle": 0, "axis": "y", "origin": [8, 16, 5.75]},
			"faces": {
				"north": {"uv": [0.8, 15.2, 1.6, 15.6], "texture": "#4"},
				"south": {"uv": [15.2, 0.8, 16, 1.2], "texture": "#4"},
				"up": {"uv": [16, 2, 15.2, 1.6], "texture": "#4"},
				"down": {"uv": [3.2, 15.2, 2.4, 15.6], "texture": "#4"}
			}
		},
		{
			"from": [7, 16, 5.75],
			"to": [7.5, 16.5, 7.75],
			"rotation": {"angle": 0, "axis": "y", "origin": [7, 16, 5.75]},
			"faces": {
				"north": {"uv": [15.2, 5.6, 15.6, 6], "texture": "#4"},
				"east": {"uv": [13.6, 3.2, 15.2, 3.6], "texture": "#4"},
				"south": {"uv": [6.4, 15.2, 6.8, 15.6], "texture": "#4"},
				"west": {"uv": [4, 13.6, 5.6, 14], "texture": "#4"},
				"up": {"uv": [14, 5.6, 13.6, 4], "texture": "#4"},
				"down": {"uv": [6, 13.6, 5.6, 15.2], "texture": "#4"}
			}
		},
		{
			"from": [7.5, 16, 5.75],
			"to": [8.5, 16.5, 6.25],
			"rotation": {"angle": 0, "axis": "y", "origin": [8, 16, 4.25]},
			"faces": {
				"north": {"uv": [15.2, 2.4, 16, 2.8], "texture": "#4"},
				"south": {"uv": [3.2, 15.2, 4, 15.6], "texture": "#4"},
				"up": {"uv": [16, 3.6, 15.2, 3.2], "texture": "#4"},
				"down": {"uv": [4.8, 15.2, 4, 15.6], "texture": "#4"}
			}
		},
		{
			"from": [8.5, 16, 5.75],
			"to": [9, 16.5, 7.75],
			"rotation": {"angle": 0, "axis": "y", "origin": [8.5, 16, 5.75]},
			"faces": {
				"north": {"uv": [15.2, 6.4, 15.6, 6.8], "texture": "#4"},
				"east": {"uv": [13.6, 5.6, 15.2, 6], "texture": "#4"},
				"south": {"uv": [7.2, 15.2, 7.6, 15.6], "texture": "#4"},
				"west": {"uv": [6.4, 13.6, 8, 14], "texture": "#4"},
				"up": {"uv": [14, 8, 13.6, 6.4], "texture": "#4"},
				"down": {"uv": [8.4, 13.6, 8, 15.2], "texture": "#4"}
			}
		},
		{
			"from": [7, 19, 5.75],
			"to": [7.5, 19.5, 7.75],
			"rotation": {"angle": 0, "axis": "y", "origin": [7, 19, 5.75]},
			"faces": {
				"north": {"uv": [15.2, 5.6, 15.6, 6], "texture": "#4"},
				"east": {"uv": [13.6, 3.2, 15.2, 3.6], "texture": "#4"},
				"south": {"uv": [6.4, 15.2, 6.8, 15.6], "texture": "#4"},
				"west": {"uv": [4, 13.6, 5.6, 14], "texture": "#4"},
				"up": {"uv": [14, 5.6, 13.6, 4], "texture": "#4"},
				"down": {"uv": [6, 13.6, 5.6, 15.2], "texture": "#4"}
			}
		},
		{
			"from": [7.5, 19, 7.25],
			"to": [8.5, 19.5, 7.75],
			"rotation": {"angle": 0, "axis": "y", "origin": [8, 19, 5.75]},
			"faces": {
				"north": {"uv": [0.8, 15.2, 1.6, 15.6], "texture": "#4"},
				"south": {"uv": [15.2, 0.8, 16, 1.2], "texture": "#4"},
				"up": {"uv": [16, 2, 15.2, 1.6], "texture": "#4"},
				"down": {"uv": [3.2, 15.2, 2.4, 15.6], "texture": "#4"}
			}
		},
		{
			"from": [7.5, 19, 5.75],
			"to": [8.5, 19.5, 6.25],
			"rotation": {"angle": 0, "axis": "y", "origin": [8, 19, 4.25]},
			"faces": {
				"north": {"uv": [15.2, 2.4, 16, 2.8], "texture": "#4"},
				"south": {"uv": [3.2, 15.2, 4, 15.6], "texture": "#4"},
				"up": {"uv": [16, 3.6, 15.2, 3.2], "texture": "#4"},
				"down": {"uv": [4.8, 15.2, 4, 15.6], "texture": "#4"}
			}
		},
		{
			"from": [8.5, 19, 5.75],
			"to": [9, 19.5, 7.75],
			"rotation": {"angle": 0, "axis": "y", "origin": [8.5, 19, 5.75]},
			"faces": {
				"north": {"uv": [15.2, 6.4, 15.6, 6.8], "texture": "#4"},
				"east": {"uv": [13.6, 5.6, 15.2, 6], "texture": "#4"},
				"south": {"uv": [7.2, 15.2, 7.6, 15.6], "texture": "#4"},
				"west": {"uv": [6.4, 13.6, 8, 14], "texture": "#4"},
				"up": {"uv": [14, 8, 13.6, 6.4], "texture": "#4"},
				"down": {"uv": [8.4, 13.6, 8, 15.2], "texture": "#4"}
			}
		},
		{
			"from": [7.975, 7.25, 3],
			"to": [8.025, 21.25, 7.5],
			"rotation": {"angle": 0, "axis": "y", "origin": [7.975, 10.25, 2.5]},
			"faces": {
				"east": {"uv": [3.6, 0, 0, 11.2], "texture": "#4"},
				"west": {"uv": [0, 0, 3.6, 11.2], "texture": "#4"}
			}
		}
	],
	"gui_light": "front",
	"display": {
		"thirdperson_righthand": {
			"rotation": [12.5, 0, 0],
			"translation": [0, 3.5, 2.25]
		},
		"thirdperson_lefthand": {
			"rotation": [12.5, 0, 0],
			"translation": [0, 3.5, 2.25]
		},
		"firstperson_righthand": {
			"rotation": [-63.5, 0, -24],
			"translation": [-3.5, 5, 4.5]
		},
		"firstperson_lefthand": {
			"rotation": [-63.5, 0, -24],
			"translation": [-3.5, 5, 4.5]
		},
		"ground": {
			"rotation": [-45, 0, 0],
			"translation": [0, 12.25, 0]
		},
		"gui": {
			"rotation": [-90, 45, 90],
			"translation": [1.25, -0.75, 0],
			"scale": [0.93555, 0.93555, 0.93555]
		},
		"head": {
			"rotation": [0, 90, 0],
			"translation": [0, -2, 0],
			"scale": [1.5, 1.5, 1.5]
		},
		"fixed": {
			"rotation": [0, -90, 0],
			"translation": [0, -2.5, -1.25],
			"scale": [1.5, 1.5, 1.5]
		}
	}
}