{
  "credit": "MadebyPolygonMC",
  "texture_size": [
    4,
    4
  ],
  "textures": {
    "2": "minehammer:item/nitro/animations/nitro_gems",
    "3": "minehammer:item/nitro/animations/animations_1",
    "4": "minehammer:item/nitro/greatsword",
    "5": "minehammer:item/nitro/animations/animations_nitro",
    "particle": "minehammer:item/nitro/animations/nitro_gems"
  },
  "elements": [
    {
      "from": [
        7.5,
        0,
        7.5
      ],
      "to": [
        8.5,
        1,
        8.5
      ],
      "rotation": {
        "angle": 0,
        "axis": "y",
        "origin": [
          7.5,
          0,
          7.5
        ]
      },
      "faces": {
        "north": {
          "uv": [
            8,
            1.71429,
            8.57143,
            2.28571
          ],
          "texture": "#4"
        },
        "east": {
          "uv": [
            8,
            6.85714,
            8.57143,
            7.42857
          ],
          "texture": "#4"
        },
        "south": {
          "uv": [
            10.28571,
            8.57143,
            10.85714,
            9.14286
          ],
          "texture": "#4"
        },
        "west": {
          "uv": [
            9.14286,
            10.28571,
            9.71429,
            10.85714
          ],
          "texture": "#4"
        },
        "up": {
          "uv": [
            10.28571,
            10.85714,
            9.71429,
            10.28571
          ],
          "texture": "#4"
        },
        "down": {
          "uv": [
            10.85714,
            10.28571,
            10.28571,
            10.85714
          ],
          "texture": "#4"
        }
      }
    },
    {
      "from": [
        7.5,
        1.75,
        7.5
      ],
      "to": [
        8.5,
        2.75,
        8.5
      ],
      "rotation": {
        "angle": 0,
        "axis": "y",
        "origin": [
          7.5,
          0,
          7.5
        ]
      },
      "faces": {
        "north": {
          "uv": [
            10.85714,
            6.85714,
            11.42857,
            7.42857
          ],
          "texture": "#4"
        },
        "east": {
          "uv": [
            10.85714,
            7.42857,
            11.42857,
            8
          ],
          "texture": "#4"
        },
        "south": {
          "uv": [
            10.85714,
            8,
            11.42857,
            8.57143
          ],
          "texture": "#4"
        },
        "west": {
          "uv": [
            10.85714,
            8.57143,
            11.42857,
            9.14286
          ],
          "texture": "#4"
        },
        "up": {
          "uv": [
            9.71429,
            11.42857,
            9.14286,
            10.85714
          ],
          "texture": "#4"
        },
        "down": {
          "uv": [
            11.42857,
            9.14286,
            10.85714,
            9.71429
          ],
          "texture": "#4"
        }
      }
    },
    {
      "from": [
        7.5,
        3.5,
        7.5
      ],
      "to": [
        8.5,
        4.5,
        8.5
      ],
      "rotation": {
        "angle": 0,
        "axis": "y",
        "origin": [
          7.5,
          1.75,
          7.5
        ]
      },
      "faces": {
        "north": {
          "uv": [
            9.71429,
            10.85714,
            10.28571,
            11.42857
          ],
          "texture": "#4"
        },
        "east": {
          "uv": [
            10.85714,
            9.71429,
            11.42857,
            10.28571
          ],
          "texture": "#4"
        },
        "south": {
          "uv": [
            10.28571,
            10.85714,
            10.85714,
            11.42857
          ],
          "texture": "#4"
        },
        "west": {
          "uv": [
            10.85714,
            10.28571,
            11.42857,
            10.85714
          ],
          "texture": "#4"
        },
        "up": {
          "uv": [
            11.42857,
            11.42857,
            10.85714,
            10.85714
          ],
          "texture": "#4"
        },
        "down": {
          "uv": [
            12,
            0,
            11.42857,
            0.57143
          ],
          "texture": "#4"
        }
      }
    },
    {
      "from": [
        7.5,
        -1.75,
        7.5
      ],
      "to": [
        8.5,
        -0.75,
        8.5
      ],
      "rotation": {
        "angle": 0,
        "axis": "y",
        "origin": [
          7.5,
          1.75,
          7.5
        ]
      },
      "faces": {
        "north": {
          "uv": [
            2.85714,
            11.42857,
            3.42857,
            12
          ],
          "texture": "#4"
        },
        "east": {
          "uv": [
            11.42857,
            2.85714,
            12,
            3.42857
          ],
          "texture": "#4"
        },
        "south": {
          "uv": [
            3.42857,
            11.42857,
            4,
            12
          ],
          "texture": "#4"
        },
        "west": {
          "uv": [
            11.42857,
            3.42857,
            12,
            4
          ],
          "texture": "#4"
        },
        "up": {
          "uv": [
            4.57143,
            12,
            4,
            11.42857
          ],
          "texture": "#4"
        },
        "down": {
          "uv": [
            12,
            4,
            11.42857,
            4.57143
          ],
          "texture": "#4"
        }
      }
    },
    {
      "from": [
        7.6,
        1,
        7.6
      ],
      "to": [
        8.4,
        1.75,
        8.4
      ],
      "rotation": {
        "angle": 0,
        "axis": "y",
        "origin": [
          7.5,
          0,
          7.5
        ]
      },
      "faces": {
        "north": {
          "uv": [
            4,
            12,
            4.42857,
            12.42857
          ],
          "texture": "#4"
        },
        "east": {
          "uv": [
            4.57143,
            12,
            5,
            12.42857
          ],
          "texture": "#4"
        },
        "south": {
          "uv": [
            12,
            4.57143,
            12.42857,
            5
          ],
          "texture": "#4"
        },
        "west": {
          "uv": [
            12,
            5.14286,
            12.42857,
            5.57143
          ],
          "texture": "#4"
        }
      }
    },
    {
      "from": [
        7.6,
        -0.75,
        7.6
      ],
      "to": [
        8.4,
        0,
        8.4
      ],
      "rotation": {
        "angle": 0,
        "axis": "y",
        "origin": [
          7.5,
          0,
          7.5
        ]
      },
      "faces": {
        "north": {
          "uv": [
            6.85714,
            12,
            7.28571,
            12.42857
          ],
          "texture": "#4"
        },
        "east": {
          "uv": [
            12,
            6.85714,
            12.42857,
            7.28571
          ],
          "texture": "#4"
        },
        "south": {
          "uv": [
            7.42857,
            12,
            7.85714,
            12.42857
          ],
          "texture": "#4"
        },
        "west": {
          "uv": [
            12,
            7.42857,
            12.42857,
            7.85714
          ],
          "texture": "#4"
        }
      }
    },
    {
      "from": [
        7.6,
        2.75,
        7.6
      ],
      "to": [
        8.4,
        3.5,
        8.4
      ],
      "rotation": {
        "angle": 0,
        "axis": "y",
        "origin": [
          7.5,
          0,
          7.5
        ]
      },
      "faces": {
        "north": {
          "uv": [
            5.71429,
            12,
            6.14286,
            12.42857
          ],
          "texture": "#4"
        },
        "east": {
          "uv": [
            12,
            5.71429,
            12.42857,
            6.14286
          ],
          "texture": "#4"
        },
        "south": {
          "uv": [
            6.28571,
            12,
            6.71429,
            12.42857
          ],
          "texture": "#4"
        },
        "west": {
          "uv": [
            12,
            6.28571,
            12.42857,
            6.71429
          ],
          "texture": "#4"
        }
      }
    },
    {
      "from": [
        7.375,
        -2.625,
        7.375
      ],
      "to": [
        8.625,
        -1.375,
        8.625
      ],
      "rotation": {
        "angle": -45,
        "axis": "x",
        "origin": [
          8,
          -2,
          8
        ]
      },
      "faces": {
        "north": {
          "uv": [
            9.14286,
            6.85714,
            9.85714,
            7.57143
          ],
          "texture": "#4"
        },
        "east": {
          "uv": [
            7.42857,
            9.14286,
            8.14286,
            9.85714
          ],
          "texture": "#4"
        },
        "south": {
          "uv": [
            9.14286,
            8,
            9.85714,
            8.71429
          ],
          "texture": "#4"
        },
        "west": {
          "uv": [
            8.57143,
            9.14286,
            9.28571,
            9.85714
          ],
          "texture": "#4"
        },
        "up": {
          "uv": [
            10.42857,
            9.85714,
            9.71429,
            9.14286
          ],
          "texture": "#4"
        },
        "down": {
          "uv": [
            11,
            0,
            10.28571,
            0.71429
          ],
          "texture": "#4"
        }
      }
    },
    {
      "from": [
        7.6,
        -3.25,
        7.1
      ],
      "to": [
        8.4,
        -2.25,
        8.1
      ],
      "rotation": {
        "angle": -22.5,
        "axis": "x",
        "origin": [
          7.75,
          -3.25,
          6.1
        ]
      },
      "faces": {
        "east": {
          "uv": [
            11.42857,
            0.57143,
            12,
            1.14286
          ],
          "texture": "#4"
        },
        "west": {
          "uv": [
            11.42857,
            1.14286,
            12,
            1.71429
          ],
          "texture": "#4"
        },
        "up": {
          "uv": [
            11.85714,
            9.14286,
            11.42857,
            8.57143
          ],
          "texture": "#4"
        },
        "down": {
          "uv": [
            9.57143,
            11.42857,
            9.14286,
            12
          ],
          "texture": "#4"
        }
      }
    },
    {
      "from": [
        7.5,
        -3.20978,
        5.67926
      ],
      "to": [
        8.5,
        -1.20978,
        6.67926
      ],
      "rotation": {
        "angle": -22.5,
        "axis": "x",
        "origin": [
          8,
          -2.13478,
          6.17926
        ]
      },
      "faces": {
        "north": {
          "uv": [
            8,
            5.71429,
            8.57143,
            6.85714
          ],
          "texture": "#4"
        },
        "east": {
          "uv": [
            8.57143,
            1.71429,
            9.14286,
            2.85714
          ],
          "texture": "#4"
        },
        "south": {
          "uv": [
            8.57143,
            2.85714,
            9.14286,
            4
          ],
          "texture": "#4"
        },
        "west": {
          "uv": [
            8.57143,
            5.71429,
            9.14286,
            6.85714
          ],
          "texture": "#4"
        },
        "up": {
          "uv": [
            12,
            2.28571,
            11.42857,
            1.71429
          ],
          "texture": "#4"
        },
        "down": {
          "uv": [
            12,
            2.28571,
            11.42857,
            2.85714
          ],
          "texture": "#4"
        }
      }
    },
    {
      "from": [
        7.6,
        -3.25,
        7.9
      ],
      "to": [
        8.4,
        -2.25,
        8.9
      ],
      "rotation": {
        "angle": 22.5,
        "axis": "x",
        "origin": [
          7.75,
          -3.25,
          9.9
        ]
      },
      "faces": {
        "east": {
          "uv": [
            12,
            0.57143,
            11.42857,
            1.14286
          ],
          "texture": "#4"
        },
        "west": {
          "uv": [
            12,
            1.14286,
            11.42857,
            1.71429
          ],
          "texture": "#4"
        },
        "up": {
          "uv": [
            11.85714,
            8.57143,
            11.42857,
            9.14286
          ],
          "texture": "#4"
        },
        "down": {
          "uv": [
            9.57143,
            12,
            9.14286,
            11.42857
          ],
          "texture": "#4"
        }
      }
    },
    {
      "from": [
        7.5,
        -3.20978,
        9.32074
      ],
      "to": [
        8.5,
        -1.20978,
        10.32074
      ],
      "rotation": {
        "angle": 22.5,
        "axis": "x",
        "origin": [
          8,
          -2.13478,
          9.82074
        ]
      },
      "faces": {
        "north": {
          "uv": [
            9.14286,
            2.85714,
            8.57143,
            4
          ],
          "texture": "#4"
        },
        "east": {
          "uv": [
            9.14286,
            1.71429,
            8.57143,
            2.85714
          ],
          "texture": "#4"
        },
        "south": {
          "uv": [
            8.57143,
            5.71429,
            8,
            6.85714
          ],
          "texture": "#4"
        },
        "west": {
          "uv": [
            9.14286,
            5.71429,
            8.57143,
            6.85714
          ],
          "texture": "#4"
        },
        "up": {
          "uv": [
            12,
            1.71429,
            11.42857,
            2.28571
          ],
          "texture": "#4"
        },
        "down": {
          "uv": [
            12,
            2.85714,
            11.42857,
            2.28571
          ],
          "texture": "#4"
        }
      }
    },
    {
      "from": [
        7.25,
        5.07855,
        6.7625
      ],
      "to": [
        8.75,
        7.57855,
        7.2625
      ],
      "rotation": {
        "angle": 0,
        "axis": "y",
        "origin": [
          7,
          3.57855,
          6.7625
        ]
      },
      "faces": {
        "north": {
          "uv": [
            6.28571,
            2.28571,
            7.14286,
            3.71429
          ],
          "texture": "#4"
        },
        "east": {
          "uv": [
            10.28571,
            6.85714,
            10.57143,
            8.28571
          ],
          "texture": "#4"
        },
        "south": {
          "uv": [
            6.28571,
            4,
            7.14286,
            5.42857
          ],
          "texture": "#4"
        },
        "west": {
          "uv": [
            7.42857,
            10.28571,
            7.71429,
            11.71429
          ],
          "texture": "#4"
        }
      }
    },
    {
      "from": [
        7.25,
        7.18211,
        7.21961
      ],
      "to": [
        8.75,
        8.43211,
        7.71961
      ],
      "rotation": {
        "angle": 45,
        "axis": "x",
        "origin": [
          8,
          7.93211,
          7.46961
        ]
      },
      "faces": {
        "north": {
          "uv": [
            9.14286,
            0,
            10,
            0.71429
          ],
          "texture": "#4"
        },
        "east": {
          "uv": [
            10.85714,
            11.42857,
            11.14286,
            12.14286
          ],
          "texture": "#4"
        },
        "south": {
          "uv": [
            9.14286,
            1.14286,
            10,
            1.85714
          ],
          "texture": "#4"
        },
        "west": {
          "uv": [
            11.42857,
            10.85714,
            11.71429,
            11.57143
          ],
          "texture": "#4"
        }
      }
    },
    {
      "from": [
        7.25,
        8.43211,
        7.21961
      ],
      "to": [
        8.75,
        8.93211,
        7.71961
      ],
      "rotation": {
        "angle": 45,
        "axis": "x",
        "origin": [
          8,
          7.93211,
          7.46961
        ]
      },
      "faces": {
        "north": {
          "uv": [
            11.42857,
            9.14286,
            12.28571,
            9.42857
          ],
          "texture": "#4"
        },
        "east": {
          "uv": [
            10.28571,
            12,
            10.57143,
            12.28571
          ],
          "texture": "#4"
        },
        "west": {
          "uv": [
            12,
            10.85714,
            12.28571,
            11.14286
          ],
          "texture": "#4"
        },
        "up": {
          "uv": [
            10.57143,
            11.71429,
            9.71429,
            11.42857
          ],
          "texture": "#4"
        }
      }
    },
    {
      "from": [
        7.25,
        4.16434,
        7.21973
      ],
      "to": [
        8.75,
        4.66434,
        7.71973
      ],
      "rotation": {
        "angle": 45,
        "axis": "x",
        "origin": [
          8,
          3.66434,
          7.46973
        ]
      },
      "faces": {
        "east": {
          "uv": [
            11.42857,
            12,
            11.71429,
            12.28571
          ],
          "texture": "#4"
        },
        "south": {
          "uv": [
            11.42857,
            9.71429,
            12.28571,
            10
          ],
          "texture": "#4"
        },
        "west": {
          "uv": [
            12,
            11.42857,
            12.28571,
            11.71429
          ],
          "texture": "#4"
        },
        "down": {
          "uv": [
            12.28571,
            10.28571,
            11.42857,
            10.57143
          ],
          "texture": "#4"
        }
      }
    },
    {
      "from": [
        7.25,
        7.18211,
        8.28039
      ],
      "to": [
        8.75,
        8.43211,
        8.78039
      ],
      "rotation": {
        "angle": -45,
        "axis": "x",
        "origin": [
          8,
          7.93211,
          8.53039
        ]
      },
      "faces": {
        "north": {
          "uv": [
            9.14286,
            2.28571,
            10,
            3
          ],
          "texture": "#4"
        },
        "east": {
          "uv": [
            12,
            0,
            12.28571,
            0.71429
          ],
          "texture": "#4"
        },
        "south": {
          "uv": [
            9.14286,
            3.42857,
            10,
            4.14286
          ],
          "texture": "#4"
        },
        "west": {
          "uv": [
            12,
            1.14286,
            12.28571,
            1.85714
          ],
          "texture": "#4"
        }
      }
    },
    {
      "from": [
        7.25,
        4.225,
        8.28039
      ],
      "to": [
        8.75,
        5.475,
        8.78039
      ],
      "rotation": {
        "angle": 45,
        "axis": "x",
        "origin": [
          8,
          4.725,
          8.53039
        ]
      },
      "faces": {
        "north": {
          "uv": [
            9.14286,
            4.57143,
            10,
            5.28571
          ],
          "texture": "#4"
        },
        "east": {
          "uv": [
            12,
            2.28571,
            12.28571,
            3
          ],
          "texture": "#4"
        },
        "south": {
          "uv": [
            5.14286,
            9.14286,
            6,
            9.85714
          ],
          "texture": "#4"
        },
        "west": {
          "uv": [
            2.85714,
            12,
            3.14286,
            12.71429
          ],
          "texture": "#4"
        }
      }
    },
    {
      "from": [
        7.25,
        4.225,
        7.21961
      ],
      "to": [
        8.75,
        5.475,
        7.71961
      ],
      "rotation": {
        "angle": -45,
        "axis": "x",
        "origin": [
          8,
          4.725,
          7.46961
        ]
      },
      "faces": {
        "north": {
          "uv": [
            9.14286,
            5.71429,
            10,
            6.42857
          ],
          "texture": "#4"
        },
        "east": {
          "uv": [
            3.42857,
            12,
            3.71429,
            12.71429
          ],
          "texture": "#4"
        },
        "south": {
          "uv": [
            6.28571,
            9.14286,
            7.14286,
            9.85714
          ],
          "texture": "#4"
        },
        "west": {
          "uv": [
            12,
            3.42857,
            12.28571,
            4.14286
          ],
          "texture": "#4"
        }
      }
    },
    {
      "from": [
        7.25,
        5.07855,
        8.7375
      ],
      "to": [
        8.75,
        7.57855,
        9.2375
      ],
      "rotation": {
        "angle": 0,
        "axis": "y",
        "origin": [
          7,
          3.57855,
          9.2375
        ]
      },
      "faces": {
        "north": {
          "uv": [
            6.28571,
            5.71429,
            7.14286,
            7.14286
          ],
          "texture": "#4"
        },
        "east": {
          "uv": [
            8,
            10.28571,
            8.28571,
            11.71429
          ],
          "texture": "#4"
        },
        "south": {
          "uv": [
            7.42857,
            2.28571,
            8.28571,
            3.71429
          ],
          "texture": "#4"
        },
        "west": {
          "uv": [
            8.57143,
            10.28571,
            8.85714,
            11.71429
          ],
          "texture": "#4"
        }
      }
    },
    {
      "from": [
        7.975,
        7.5,
        5.375
      ],
      "to": [
        8.025,
        32,
        10.125
      ],
      "rotation": {
        "angle": 0,
        "axis": "y",
        "origin": [
          7.975,
          0,
          5.375
        ]
      },
      "faces": {
        "east": {
          "uv": [
            2.71429,
            0,
            0,
            14
          ],
          "texture": "#4"
        },
        "west": {
          "uv": [
            0,
            0,
            2.71429,
            14
          ],
          "texture": "#4"
        }
      }
    },
    {
      "from": [
        7.4,
        4.52322,
        7.25
      ],
      "to": [
        7.4,
        8.14822,
        8.75
      ],
      "rotation": {
        "angle": 0,
        "axis": "y",
        "origin": [
          7.5,
          4.64822,
          6.5
        ]
      },
      "faces": {
        "west": {
          "uv": [
            0,
            0,
            6,
            15
          ],
          "texture": "#2"
        }
      }
    },
    {
      "from": [
        7,
        3,
        4.5
      ],
      "to": [
        7,
        10,
        11.5
      ],
      "rotation": {
        "angle": 0,
        "axis": "y",
        "origin": [
          7,
          3,
          4.5
        ]
      },
      "faces": {
        "west": {
          "uv": [
            0,
            0,
            14,
            14
          ],
          "texture": "#3"
        }
      }
    },
    {
      "from": [
        9,
        3,
        4.5
      ],
      "to": [
        9,
        10,
        11.5
      ],
      "rotation": {
        "angle": 0,
        "axis": "y",
        "origin": [
          9,
          3,
          4.5
        ]
      },
      "faces": {
        "east": {
          "uv": [
            0,
            0,
            14,
            14
          ],
          "texture": "#3"
        }
      }
    },
    {
      "from": [
        8.6,
        4.52322,
        7.25
      ],
      "to": [
        8.6,
        8.14822,
        8.75
      ],
      "rotation": {
        "angle": 0,
        "axis": "y",
        "origin": [
          8.5,
          4.64822,
          6.5
        ]
      },
      "faces": {
        "east": {
          "uv": [
            0,
            0,
            6,
            15
          ],
          "texture": "#2"
        }
      }
    },
    {
      "from": [
        7.5,
        7.5,
        6.5
      ],
      "to": [
        8.5,
        9,
        9.5
      ],
      "rotation": {
        "angle": -22.5,
        "axis": "x",
        "origin": [
          8,
          8.5,
          7.25
        ]
      },
      "faces": {
        "north": {
          "uv": [
            6.28571,
            10.28571,
            6.85714,
            11.14286
          ],
          "texture": "#4"
        },
        "east": {
          "uv": [
            6.28571,
            0,
            8,
            0.85714
          ],
          "texture": "#4"
        },
        "south": {
          "uv": [
            6.85714,
            10.28571,
            7.42857,
            11.14286
          ],
          "texture": "#4"
        },
        "west": {
          "uv": [
            6.28571,
            1.14286,
            8,
            2
          ],
          "texture": "#4"
        },
        "up": {
          "uv": [
            8,
            5.71429,
            7.42857,
            4
          ],
          "texture": "#4"
        },
        "down": {
          "uv": [
            8,
            5.71429,
            7.42857,
            7.42857
          ],
          "texture": "#4"
        }
      }
    },
    {
      "from": [
        7.505,
        8.43716,
        8.71141
      ],
      "to": [
        8.495,
        16.43716,
        9.71141
      ],
      "rotation": {
        "angle": 0,
        "axis": "y",
        "origin": [
          7.755,
          8.43716,
          8.71141
        ]
      },
      "faces": {
        "north": {
          "uv": [
            5.14286,
            0,
            5.71429,
            4.57143
          ],
          "texture": "#4"
        },
        "east": {
          "uv": [
            5.14286,
            4.57143,
            5.71429,
            9.14286
          ],
          "texture": "#4"
        },
        "south": {
          "uv": [
            5.71429,
            0,
            6.28571,
            4.57143
          ],
          "texture": "#4"
        },
        "west": {
          "uv": [
            5.71429,
            4.57143,
            6.28571,
            9.14286
          ],
          "texture": "#4"
        },
        "up": {
          "uv": [
            5.14286,
            12,
            4.57143,
            11.42857
          ],
          "texture": "#4"
        }
      }
    },
    {
      "from": [
        7.43075,
        15.48716,
        8.53641
      ],
      "to": [
        8.56925,
        17.78716,
        9.68641
      ],
      "rotation": {
        "angle": 45,
        "axis": "x",
        "origin": [
          8,
          16.63716,
          9.11141
        ]
      },
      "faces": {
        "north": {
          "uv": [
            6.28571,
            7.42857,
            7,
            8.71429
          ],
          "texture": "#4"
        },
        "east": {
          "uv": [
            7.42857,
            7.42857,
            8.14286,
            8.71429
          ],
          "texture": "#4"
        },
        "south": {
          "uv": [
            8,
            0,
            8.71429,
            1.28571
          ],
          "texture": "#4"
        },
        "west": {
          "uv": [
            8,
            4,
            8.71429,
            5.28571
          ],
          "texture": "#4"
        },
        "up": {
          "uv": [
            11,
            1.85714,
            10.28571,
            1.14286
          ],
          "texture": "#4"
        },
        "down": {
          "uv": [
            11,
            2.28571,
            10.28571,
            3
          ],
          "texture": "#4"
        }
      }
    },
    {
      "from": [
        7.75,
        9.32298,
        8.13739
      ],
      "to": [
        8.25,
        27.32298,
        9.13739
      ],
      "rotation": {
        "angle": 0,
        "axis": "y",
        "origin": [
          7.75,
          9.32298,
          8.13739
        ]
      },
      "faces": {
        "north": {
          "uv": [
            4,
            0,
            4.28571,
            10.28571
          ],
          "texture": "#4"
        },
        "east": {
          "uv": [
            2.85714,
            0,
            3.42857,
            10.28571
          ],
          "texture": "#4"
        },
        "south": {
          "uv": [
            4.57143,
            0,
            4.85714,
            10.28571
          ],
          "texture": "#4"
        },
        "west": {
          "uv": [
            3.42857,
            0,
            4,
            10.28571
          ],
          "texture": "#4"
        },
        "up": {
          "uv": [
            8.28571,
            12.57143,
            8,
            12
          ],
          "texture": "#4"
        }
      }
    },
    {
      "from": [
        7.755,
        26.67653,
        8.69805
      ],
      "to": [
        8.245,
        28.67653,
        9.69805
      ],
      "rotation": {
        "angle": 45,
        "axis": "x",
        "origin": [
          8.005,
          27.67653,
          9.19805
        ]
      },
      "faces": {
        "north": {
          "uv": [
            11.42857,
            4.57143,
            11.71429,
            5.71429
          ],
          "texture": "#4"
        },
        "east": {
          "uv": [
            8.57143,
            6.85714,
            9.14286,
            8
          ],
          "texture": "#4"
        },
        "south": {
          "uv": [
            5.14286,
            11.42857,
            5.42857,
            12.57143
          ],
          "texture": "#4"
        },
        "west": {
          "uv": [
            8.57143,
            8,
            9.14286,
            9.14286
          ],
          "texture": "#4"
        },
        "up": {
          "uv": [
            12.28571,
            8.57143,
            12,
            8
          ],
          "texture": "#4"
        }
      }
    },
    {
      "from": [
        7.5,
        14.88806,
        9.74134
      ],
      "to": [
        8.5,
        15.88806,
        10.74134
      ],
      "rotation": {
        "angle": -45,
        "axis": "x",
        "origin": [
          8,
          14.38806,
          10.24134
        ]
      },
      "faces": {
        "north": {
          "uv": [
            5.71429,
            11.42857,
            6.28571,
            12
          ],
          "texture": "#4"
        },
        "east": {
          "uv": [
            11.42857,
            5.71429,
            12,
            6.28571
          ],
          "texture": "#4"
        },
        "south": {
          "uv": [
            6.28571,
            11.42857,
            6.85714,
            12
          ],
          "texture": "#4"
        },
        "west": {
          "uv": [
            11.42857,
            6.28571,
            12,
            6.85714
          ],
          "texture": "#4"
        },
        "up": {
          "uv": [
            7.42857,
            12,
            6.85714,
            11.42857
          ],
          "texture": "#4"
        },
        "down": {
          "uv": [
            12,
            6.85714,
            11.42857,
            7.42857
          ],
          "texture": "#4"
        }
      }
    },
    {
      "from": [
        7.5,
        13.13806,
        9.74134
      ],
      "to": [
        8.5,
        13.63806,
        10.74134
      ],
      "rotation": {
        "angle": -45,
        "axis": "x",
        "origin": [
          8,
          14.38806,
          10.24134
        ]
      },
      "faces": {
        "north": {
          "uv": [
            8.57143,
            12,
            9.14286,
            12.28571
          ],
          "texture": "#4"
        },
        "east": {
          "uv": [
            12,
            8.57143,
            12.57143,
            8.85714
          ],
          "texture": "#4"
        },
        "south": {
          "uv": [
            9.14286,
            12,
            9.71429,
            12.28571
          ],
          "texture": "#4"
        },
        "west": {
          "uv": [
            9.71429,
            12,
            10.28571,
            12.28571
          ],
          "texture": "#4"
        },
        "up": {
          "uv": [
            12,
            8,
            11.42857,
            7.42857
          ],
          "texture": "#4"
        },
        "down": {
          "uv": [
            12,
            8,
            11.42857,
            8.57143
          ],
          "texture": "#4"
        }
      }
    },
    {
      "from": [
        7.4,
        13.63806,
        9.64134
      ],
      "to": [
        8.6,
        14.88806,
        10.84134
      ],
      "rotation": {
        "angle": -45,
        "axis": "x",
        "origin": [
          8,
          14.38806,
          10.24134
        ]
      },
      "faces": {
        "north": {
          "uv": [
            2.85714,
            10.28571,
            3.57143,
            11
          ],
          "texture": "#4"
        },
        "east": {
          "uv": [
            10.28571,
            3.42857,
            11,
            4.14286
          ],
          "texture": "#4"
        },
        "south": {
          "uv": [
            4,
            10.28571,
            4.71429,
            11
          ],
          "texture": "#4"
        },
        "west": {
          "uv": [
            10.28571,
            4.57143,
            11,
            5.28571
          ],
          "texture": "#4"
        },
        "up": {
          "uv": [
            5.85714,
            11,
            5.14286,
            10.28571
          ],
          "texture": "#4"
        },
        "down": {
          "uv": [
            11,
            5.71429,
            10.28571,
            6.42857
          ],
          "texture": "#4"
        }
      }
    },
    {
      "from": [
        7.7005,
        11.19352,
        11.67878
      ],
      "to": [
        7.7005,
        13.44352,
        12.27878
      ],
      "rotation": {
        "angle": -45,
        "axis": "x",
        "origin": [
          7.4505,
          12.44352,
          11.47878
        ]
      },
      "faces": {
        "east": {
          "uv": [
            2,
            0,
            0,
            8
          ],
          "texture": "#5"
        },
        "west": {
          "uv": [
            0,
            0,
            2,
            8
          ],
          "texture": "#5"
        }
      }
    },
    {
      "from": [
        7.7005,
        12.92011,
        11.00714
      ],
      "to": [
        8.3005,
        12.92011,
        13.25714
      ],
      "rotation": {
        "angle": 45,
        "axis": "x",
        "origin": [
          8.0005,
          12.92011,
          12.13214
        ]
      },
      "faces": {
        "up": {
          "uv": [
            0,
            0,
            2,
            8
          ],
          "texture": "#5"
        },
        "down": {
          "uv": [
            2,
            0,
            0,
            8
          ],
          "rotation": 180,
          "texture": "#5"
        }
      }
    },
    {
      "from": [
        7.7005,
        12.3501,
        10.93714
      ],
      "to": [
        8.3005,
        12.3501,
        13.18714
      ],
      "rotation": {
        "angle": 45,
        "axis": "x",
        "origin": [
          8.0005,
          12.8501,
          12.06214
        ]
      },
      "faces": {
        "up": {
          "uv": [
            0,
            0,
            2,
            8
          ],
          "texture": "#5"
        },
        "down": {
          "uv": [
            2,
            0,
            0,
            8
          ],
          "rotation": 180,
          "texture": "#5"
        }
      }
    },
    {
      "from": [
        8.2995,
        11.19352,
        11.67878
      ],
      "to": [
        8.2995,
        13.44352,
        12.27878
      ],
      "rotation": {
        "angle": -45,
        "axis": "x",
        "origin": [
          8.5495,
          12.44352,
          11.47878
        ]
      },
      "faces": {
        "east": {
          "uv": [
            2,
            0,
            0,
            8
          ],
          "texture": "#5"
        },
        "west": {
          "uv": [
            0,
            0,
            2,
            8
          ],
          "texture": "#5"
        }
      }
    },
    {
      "from": [
        7.5,
        12.88806,
        9.74134
      ],
      "to": [
        8.5,
        13.88806,
        10.74134
      ],
      "rotation": {
        "angle": -45,
        "axis": "x",
        "origin": [
          8,
          12.38806,
          10.24134
        ]
      },
      "faces": {
        "north": {
          "uv": [
            5.71429,
            11.42857,
            6.28571,
            12
          ],
          "texture": "#4"
        },
        "east": {
          "uv": [
            11.42857,
            5.71429,
            12,
            6.28571
          ],
          "texture": "#4"
        },
        "south": {
          "uv": [
            6.28571,
            11.42857,
            6.85714,
            12
          ],
          "texture": "#4"
        },
        "west": {
          "uv": [
            11.42857,
            6.28571,
            12,
            6.85714
          ],
          "texture": "#4"
        },
        "up": {
          "uv": [
            7.42857,
            12,
            6.85714,
            11.42857
          ],
          "texture": "#4"
        },
        "down": {
          "uv": [
            12,
            6.85714,
            11.42857,
            7.42857
          ],
          "texture": "#4"
        }
      }
    },
    {
      "from": [
        7.5,
        11.13806,
        9.74134
      ],
      "to": [
        8.5,
        11.63806,
        10.74134
      ],
      "rotation": {
        "angle": -45,
        "axis": "x",
        "origin": [
          8,
          12.38806,
          10.24134
        ]
      },
      "faces": {
        "north": {
          "uv": [
            8.57143,
            12,
            9.14286,
            12.28571
          ],
          "texture": "#4"
        },
        "east": {
          "uv": [
            12,
            8.57143,
            12.57143,
            8.85714
          ],
          "texture": "#4"
        },
        "south": {
          "uv": [
            9.14286,
            12,
            9.71429,
            12.28571
          ],
          "texture": "#4"
        },
        "west": {
          "uv": [
            9.71429,
            12,
            10.28571,
            12.28571
          ],
          "texture": "#4"
        },
        "up": {
          "uv": [
            12,
            8,
            11.42857,
            7.42857
          ],
          "texture": "#4"
        },
        "down": {
          "uv": [
            12,
            8,
            11.42857,
            8.57143
          ],
          "texture": "#4"
        }
      }
    },
    {
      "from": [
        7.4,
        11.63806,
        9.64134
      ],
      "to": [
        8.6,
        12.88806,
        10.84134
      ],
      "rotation": {
        "angle": -45,
        "axis": "x",
        "origin": [
          8,
          12.38806,
          10.24134
        ]
      },
      "faces": {
        "north": {
          "uv": [
            2.85714,
            10.28571,
            3.57143,
            11
          ],
          "texture": "#4"
        },
        "east": {
          "uv": [
            10.28571,
            3.42857,
            11,
            4.14286
          ],
          "texture": "#4"
        },
        "south": {
          "uv": [
            4,
            10.28571,
            4.71429,
            11
          ],
          "texture": "#4"
        },
        "west": {
          "uv": [
            10.28571,
            4.57143,
            11,
            5.28571
          ],
          "texture": "#4"
        },
        "up": {
          "uv": [
            5.85714,
            11,
            5.14286,
            10.28571
          ],
          "texture": "#4"
        },
        "down": {
          "uv": [
            11,
            5.71429,
            10.28571,
            6.42857
          ],
          "texture": "#4"
        }
      }
    },
    {
      "from": [
        7.7005,
        9.19352,
        11.67878
      ],
      "to": [
        7.7005,
        11.44352,
        12.27878
      ],
      "rotation": {
        "angle": -45,
        "axis": "x",
        "origin": [
          7.4505,
          10.44352,
          11.47878
        ]
      },
      "faces": {
        "east": {
          "uv": [
            2,
            0,
            0,
            8
          ],
          "texture": "#5"
        },
        "west": {
          "uv": [
            0,
            0,
            2,
            8
          ],
          "texture": "#5"
        }
      }
    },
    {
      "from": [
        8.2995,
        9.19352,
        11.67878
      ],
      "to": [
        8.2995,
        11.44352,
        12.27878
      ],
      "rotation": {
        "angle": -45,
        "axis": "x",
        "origin": [
          8.5495,
          10.44352,
          11.47878
        ]
      },
      "faces": {
        "east": {
          "uv": [
            2,
            0,
            0,
            8
          ],
          "texture": "#5"
        },
        "west": {
          "uv": [
            0,
            0,
            2,
            8
          ],
          "texture": "#5"
        }
      }
    },
    {
      "from": [
        7.7005,
        10.92011,
        11.00714
      ],
      "to": [
        8.3005,
        10.92011,
        13.25714
      ],
      "rotation": {
        "angle": 45,
        "axis": "x",
        "origin": [
          8.0005,
          10.92011,
          12.13214
        ]
      },
      "faces": {
        "up": {
          "uv": [
            0,
            0,
            2,
            8
          ],
          "texture": "#5"
        },
        "down": {
          "uv": [
            2,
            0,
            0,
            8
          ],
          "rotation": 180,
          "texture": "#5"
        }
      }
    },
    {
      "from": [
        7.7005,
        10.3501,
        10.93714
      ],
      "to": [
        8.3005,
        10.3501,
        13.18714
      ],
      "rotation": {
        "angle": 45,
        "axis": "x",
        "origin": [
          8.0005,
          10.8501,
          12.06214
        ]
      },
      "faces": {
        "up": {
          "uv": [
            0,
            0,
            2,
            8
          ],
          "texture": "#5"
        },
        "down": {
          "uv": [
            2,
            0,
            0,
            8
          ],
          "rotation": 180,
          "texture": "#5"
        }
      }
    },
    {
      "from": [
        7.7005,
        8.3501,
        10.93714
      ],
      "to": [
        8.3005,
        8.3501,
        13.18714
      ],
      "rotation": {
        "angle": 45,
        "axis": "x",
        "origin": [
          8.0005,
          8.8501,
          12.06214
        ]
      },
      "faces": {
        "up": {
          "uv": [
            0,
            0,
            2,
            8
          ],
          "texture": "#5"
        },
        "down": {
          "uv": [
            2,
            0,
            0,
            8
          ],
          "rotation": 180,
          "texture": "#5"
        }
      }
    },
    {
      "from": [
        7.7005,
        8.92011,
        11.00714
      ],
      "to": [
        8.3005,
        8.92011,
        13.25714
      ],
      "rotation": {
        "angle": 45,
        "axis": "x",
        "origin": [
          8.0005,
          8.92011,
          12.13214
        ]
      },
      "faces": {
        "up": {
          "uv": [
            0,
            0,
            2,
            8
          ],
          "texture": "#5"
        },
        "down": {
          "uv": [
            2,
            0,
            0,
            8
          ],
          "rotation": 180,
          "texture": "#5"
        }
      }
    },
    {
      "from": [
        8.2995,
        7.19352,
        11.67878
      ],
      "to": [
        8.2995,
        9.44352,
        12.27878
      ],
      "rotation": {
        "angle": -45,
        "axis": "x",
        "origin": [
          8.5495,
          8.44352,
          11.47878
        ]
      },
      "faces": {
        "east": {
          "uv": [
            2,
            0,
            0,
            8
          ],
          "texture": "#5"
        },
        "west": {
          "uv": [
            0,
            0,
            2,
            8
          ],
          "texture": "#5"
        }
      }
    },
    {
      "from": [
        7.7005,
        7.19352,
        11.67878
      ],
      "to": [
        7.7005,
        9.44352,
        12.27878
      ],
      "rotation": {
        "angle": -45,
        "axis": "x",
        "origin": [
          7.4505,
          8.44352,
          11.47878
        ]
      },
      "faces": {
        "east": {
          "uv": [
            2,
            0,
            0,
            8
          ],
          "texture": "#5"
        },
        "west": {
          "uv": [
            0,
            0,
            2,
            8
          ],
          "texture": "#5"
        }
      }
    },
    {
      "from": [
        7.4,
        9.63806,
        9.64134
      ],
      "to": [
        8.6,
        10.88806,
        10.84134
      ],
      "rotation": {
        "angle": -45,
        "axis": "x",
        "origin": [
          8,
          10.38806,
          10.24134
        ]
      },
      "faces": {
        "north": {
          "uv": [
            2.85714,
            10.28571,
            3.57143,
            11
          ],
          "texture": "#4"
        },
        "east": {
          "uv": [
            10.28571,
            3.42857,
            11,
            4.14286
          ],
          "texture": "#4"
        },
        "south": {
          "uv": [
            4,
            10.28571,
            4.71429,
            11
          ],
          "texture": "#4"
        },
        "west": {
          "uv": [
            10.28571,
            4.57143,
            11,
            5.28571
          ],
          "texture": "#4"
        },
        "up": {
          "uv": [
            5.85714,
            11,
            5.14286,
            10.28571
          ],
          "texture": "#4"
        },
        "down": {
          "uv": [
            11,
            5.71429,
            10.28571,
            6.42857
          ],
          "texture": "#4"
        }
      }
    },
    {
      "from": [
        7.5,
        9.13806,
        9.74134
      ],
      "to": [
        8.5,
        9.63806,
        10.74134
      ],
      "rotation": {
        "angle": -45,
        "axis": "x",
        "origin": [
          8,
          10.38806,
          10.24134
        ]
      },
      "faces": {
        "north": {
          "uv": [
            8.57143,
            12,
            9.14286,
            12.28571
          ],
          "texture": "#4"
        },
        "east": {
          "uv": [
            12,
            8.57143,
            12.57143,
            8.85714
          ],
          "texture": "#4"
        },
        "south": {
          "uv": [
            9.14286,
            12,
            9.71429,
            12.28571
          ],
          "texture": "#4"
        },
        "west": {
          "uv": [
            9.71429,
            12,
            10.28571,
            12.28571
          ],
          "texture": "#4"
        },
        "up": {
          "uv": [
            12,
            8,
            11.42857,
            7.42857
          ],
          "texture": "#4"
        },
        "down": {
          "uv": [
            12,
            8,
            11.42857,
            8.57143
          ],
          "texture": "#4"
        }
      }
    },
    {
      "from": [
        7.5,
        10.88806,
        9.74134
      ],
      "to": [
        8.5,
        11.88806,
        10.74134
      ],
      "rotation": {
        "angle": -45,
        "axis": "x",
        "origin": [
          8,
          10.38806,
          10.24134
        ]
      },
      "faces": {
        "north": {
          "uv": [
            5.71429,
            11.42857,
            6.28571,
            12
          ],
          "texture": "#4"
        },
        "east": {
          "uv": [
            11.42857,
            5.71429,
            12,
            6.28571
          ],
          "texture": "#4"
        },
        "south": {
          "uv": [
            6.28571,
            11.42857,
            6.85714,
            12
          ],
          "texture": "#4"
        },
        "west": {
          "uv": [
            11.42857,
            6.28571,
            12,
            6.85714
          ],
          "texture": "#4"
        },
        "up": {
          "uv": [
            7.42857,
            12,
            6.85714,
            11.42857
          ],
          "texture": "#4"
        },
        "down": {
          "uv": [
            12,
            6.85714,
            11.42857,
            7.42857
          ],
          "texture": "#4"
        }
      }
    }
  ],
  "gui_light": "front",
  "display": {
    "thirdperson_righthand": {
      "translation": [
        0,
        4,
        1
      ]
    },
    "thirdperson_lefthand": {
      "translation": [
        0,
        4,
        1
      ]
    },
    "firstperson_righthand": {
      "rotation": [
        -10,
        0,
        0
      ],
      "translation": [
        0,
        3.5,
        0
      ]
    },
    "firstperson_lefthand": {
      "rotation": [
        -10,
        0,
        0
      ],
      "translation": [
        0,
        3.5,
        0
      ]
    },
    "ground": {
      "rotation": [
        -45,
        0,
        0
      ],
      "translation": [
        0,
        13,
        0
      ]
    },
    "gui": {
      "rotation": [
        -90,
        45,
        90
      ],
      "translation": [
        2,
        -2.75,
        0
      ],
      "scale": [
        0.62305,
        0.62305,
        0.62305
      ]
    },
    "head": {
      "rotation": [
        0,
        90,
        0
      ],
      "translation": [
        0,
        -2,
        0
      ],
      "scale": [
        1.5,
        1.5,
        1.5
      ]
    },
    "fixed": {
      "rotation": [
        0,
        -90,
        0
      ],
      "translation": [
        0,
        -7.75,
        -1.25
      ],
      "scale": [
        1.5,
        1.5,
        1.5
      ]
    }
  }
}