{
  "credit": "MadebyPolygonMC",
  "texture_size": [
    32,
    32
  ],
  "textures": {
    "2": "minehammer:item/nitro/animations/nitro_gems",
    "3": "minehammer:item/nitro/animations/animations_1",
    "4": "minehammer:item/nitro/hammer",
    "5": "minehammer:item/nitro/animations/animations_nitro",
    "particle": "minehammer:item/nitro/animations/nitro_gems"
  },
  "elements": [
    {
      "from": [
        7.5,
        0,
        7.5
      ],
      "to": [
        8.5,
        1,
        8.5
      ],
      "rotation": {
        "angle": 0,
        "axis": "y",
        "origin": [
          7.5,
          0,
          7.5
        ]
      },
      "faces": {
        "north": {
          "uv": [
            7.5,
            5.5,
            8,
            6
          ],
          "texture": "#4"
        },
        "east": {
          "uv": [
            2.5,
            8,
            3,
            8.5
          ],
          "texture": "#4"
        },
        "south": {
          "uv": [
            8,
            2.5,
            8.5,
            3
          ],
          "texture": "#4"
        },
        "west": {
          "uv": [
            8,
            5.5,
            8.5,
            6
          ],
          "texture": "#4"
        },
        "up": {
          "uv": [
            9,
            3,
            8.5,
            2.5
          ],
          "texture": "#4"
        },
        "down": {
          "uv": [
            9,
            5.5,
            8.5,
            6
          ],
          "texture": "#4"
        }
      }
    },
    {
      "from": [
        7.5,
        1.75,
        7.5
      ],
      "to": [
        8.5,
        2.75,
        8.5
      ],
      "rotation": {
        "angle": 0,
        "axis": "y",
        "origin": [
          7.5,
          0,
          7.5
        ]
      },
      "faces": {
        "north": {
          "uv": [
            9,
            4.5,
            9.5,
            5
          ],
          "texture": "#4"
        },
        "east": {
          "uv": [
            9.5,
            2,
            10,
            2.5
          ],
          "texture": "#4"
        },
        "south": {
          "uv": [
            9.5,
            4.5,
            10,
            5
          ],
          "texture": "#4"
        },
        "west": {
          "uv": [
            2,
            10.5,
            2.5,
            11
          ],
          "texture": "#4"
        },
        "up": {
          "uv": [
            8.5,
            11,
            8,
            10.5
          ],
          "texture": "#4"
        },
        "down": {
          "uv": [
            3.5,
            11,
            3,
            11.5
          ],
          "texture": "#4"
        }
      }
    },
    {
      "from": [
        7.5,
        18.5,
        7.5
      ],
      "to": [
        8.5,
        19.5,
        8.5
      ],
      "rotation": {
        "angle": 0,
        "axis": "y",
        "origin": [
          7.5,
          5.75,
          7.5
        ]
      },
      "faces": {
        "north": {
          "uv": [
            9.5,
            13,
            10,
            13.5
          ],
          "texture": "#4"
        },
        "east": {
          "uv": [
            10,
            13,
            10.5,
            13.5
          ],
          "texture": "#4"
        },
        "south": {
          "uv": [
            10.5,
            13,
            11,
            13.5
          ],
          "texture": "#4"
        },
        "west": {
          "uv": [
            11,
            13,
            11.5,
            13.5
          ],
          "texture": "#4"
        },
        "up": {
          "uv": [
            12,
            13.5,
            11.5,
            13
          ],
          "texture": "#4"
        },
        "down": {
          "uv": [
            12.5,
            13,
            12,
            13.5
          ],
          "texture": "#4"
        }
      }
    },
    {
      "from": [
        7.5,
        3.5,
        7.5
      ],
      "to": [
        8.5,
        4.5,
        8.5
      ],
      "rotation": {
        "angle": 0,
        "axis": "y",
        "origin": [
          7.5,
          1.75,
          7.5
        ]
      },
      "faces": {
        "north": {
          "uv": [
            12.5,
            13,
            13,
            13.5
          ],
          "texture": "#4"
        },
        "east": {
          "uv": [
            13,
            13,
            13.5,
            13.5
          ],
          "texture": "#4"
        },
        "south": {
          "uv": [
            0,
            13.5,
            0.5,
            14
          ],
          "texture": "#4"
        },
        "west": {
          "uv": [
            13.5,
            0,
            14,
            0.5
          ],
          "texture": "#4"
        },
        "up": {
          "uv": [
            1,
            14,
            0.5,
            13.5
          ],
          "texture": "#4"
        },
        "down": {
          "uv": [
            14,
            0.5,
            13.5,
            1
          ],
          "texture": "#4"
        }
      }
    },
    {
      "from": [
        7.6,
        1,
        7.6
      ],
      "to": [
        8.4,
        1.75,
        8.4
      ],
      "rotation": {
        "angle": 0,
        "axis": "y",
        "origin": [
          7.5,
          0,
          7.5
        ]
      },
      "faces": {
        "north": {
          "uv": [
            0,
            14,
            0.375,
            14.375
          ],
          "texture": "#4"
        },
        "east": {
          "uv": [
            14,
            0,
            14.375,
            0.375
          ],
          "texture": "#4"
        },
        "south": {
          "uv": [
            0.5,
            14,
            0.875,
            14.375
          ],
          "texture": "#4"
        },
        "west": {
          "uv": [
            14,
            0.5,
            14.375,
            0.875
          ],
          "texture": "#4"
        }
      }
    },
    {
      "from": [
        7.6,
        2.75,
        7.6
      ],
      "to": [
        8.4,
        3.5,
        8.4
      ],
      "rotation": {
        "angle": 0,
        "axis": "y",
        "origin": [
          7.5,
          0,
          7.5
        ]
      },
      "faces": {
        "north": {
          "uv": [
            1,
            14,
            1.375,
            14.375
          ],
          "texture": "#4"
        },
        "east": {
          "uv": [
            14,
            1,
            14.375,
            1.375
          ],
          "texture": "#4"
        },
        "south": {
          "uv": [
            1.5,
            14,
            1.875,
            14.375
          ],
          "texture": "#4"
        },
        "west": {
          "uv": [
            14,
            1.5,
            14.375,
            1.875
          ],
          "texture": "#4"
        }
      }
    },
    {
      "from": [
        7.5,
        8,
        7.5
      ],
      "to": [
        8.5,
        9,
        8.5
      ],
      "rotation": {
        "angle": 0,
        "axis": "y",
        "origin": [
          7.5,
          -0.5,
          7.5
        ]
      },
      "faces": {
        "north": {
          "uv": [
            1,
            13.5,
            1.5,
            14
          ],
          "texture": "#4"
        },
        "east": {
          "uv": [
            1.5,
            13.5,
            2,
            14
          ],
          "texture": "#4"
        },
        "south": {
          "uv": [
            3,
            13.5,
            3.5,
            14
          ],
          "texture": "#4"
        },
        "west": {
          "uv": [
            3.5,
            13.5,
            4,
            14
          ],
          "texture": "#4"
        },
        "up": {
          "uv": [
            4.5,
            14,
            4,
            13.5
          ],
          "texture": "#4"
        },
        "down": {
          "uv": [
            14,
            4,
            13.5,
            4.5
          ],
          "texture": "#4"
        }
      }
    },
    {
      "from": [
        7.5,
        9.75,
        7.5
      ],
      "to": [
        8.5,
        10.75,
        8.5
      ],
      "rotation": {
        "angle": 0,
        "axis": "y",
        "origin": [
          7.5,
          -0.5,
          7.5
        ]
      },
      "faces": {
        "north": {
          "uv": [
            4.5,
            13.5,
            5,
            14
          ],
          "texture": "#4"
        },
        "east": {
          "uv": [
            13.5,
            4.5,
            14,
            5
          ],
          "texture": "#4"
        },
        "south": {
          "uv": [
            5,
            13.5,
            5.5,
            14
          ],
          "texture": "#4"
        },
        "west": {
          "uv": [
            13.5,
            5,
            14,
            5.5
          ],
          "texture": "#4"
        },
        "up": {
          "uv": [
            6,
            14,
            5.5,
            13.5
          ],
          "texture": "#4"
        },
        "down": {
          "uv": [
            14,
            5.5,
            13.5,
            6
          ],
          "texture": "#4"
        }
      }
    },
    {
      "from": [
        7.5,
        11.5,
        7.5
      ],
      "to": [
        8.5,
        12.5,
        8.5
      ],
      "rotation": {
        "angle": 0,
        "axis": "y",
        "origin": [
          7.5,
          1.25,
          7.5
        ]
      },
      "faces": {
        "north": {
          "uv": [
            6,
            13.5,
            6.5,
            14
          ],
          "texture": "#4"
        },
        "east": {
          "uv": [
            13.5,
            6,
            14,
            6.5
          ],
          "texture": "#4"
        },
        "south": {
          "uv": [
            6.5,
            13.5,
            7,
            14
          ],
          "texture": "#4"
        },
        "west": {
          "uv": [
            13.5,
            6.5,
            14,
            7
          ],
          "texture": "#4"
        },
        "up": {
          "uv": [
            7.5,
            14,
            7,
            13.5
          ],
          "texture": "#4"
        },
        "down": {
          "uv": [
            8,
            13.5,
            7.5,
            14
          ],
          "texture": "#4"
        }
      }
    },
    {
      "from": [
        7.6,
        9,
        7.6
      ],
      "to": [
        8.4,
        9.75,
        8.4
      ],
      "rotation": {
        "angle": 0,
        "axis": "y",
        "origin": [
          7.5,
          -0.5,
          7.5
        ]
      },
      "faces": {
        "north": {
          "uv": [
            2,
            14,
            2.375,
            14.375
          ],
          "texture": "#4"
        },
        "east": {
          "uv": [
            14,
            2,
            14.375,
            2.375
          ],
          "texture": "#4"
        },
        "south": {
          "uv": [
            2.5,
            14,
            2.875,
            14.375
          ],
          "texture": "#4"
        },
        "west": {
          "uv": [
            14,
            2.5,
            14.375,
            2.875
          ],
          "texture": "#4"
        }
      }
    },
    {
      "from": [
        7.6,
        10.75,
        7.6
      ],
      "to": [
        8.4,
        11.5,
        8.4
      ],
      "rotation": {
        "angle": 0,
        "axis": "y",
        "origin": [
          7.5,
          -0.5,
          7.5
        ]
      },
      "faces": {
        "north": {
          "uv": [
            3,
            14,
            3.375,
            14.375
          ],
          "texture": "#4"
        },
        "east": {
          "uv": [
            14,
            3,
            14.375,
            3.375
          ],
          "texture": "#4"
        },
        "south": {
          "uv": [
            3.5,
            14,
            3.875,
            14.375
          ],
          "texture": "#4"
        },
        "west": {
          "uv": [
            14,
            3.5,
            14.375,
            3.875
          ],
          "texture": "#4"
        }
      }
    },
    {
      "from": [
        7.375,
        -0.625,
        7.375
      ],
      "to": [
        8.625,
        0.625,
        8.625
      ],
      "rotation": {
        "angle": -45,
        "axis": "x",
        "origin": [
          8,
          0,
          8
        ]
      },
      "faces": {
        "north": {
          "uv": [
            7,
            12.5,
            7.625,
            13.125
          ],
          "texture": "#4"
        },
        "east": {
          "uv": [
            12.5,
            8,
            13.125,
            8.625
          ],
          "texture": "#4"
        },
        "south": {
          "uv": [
            12.5,
            9,
            13.125,
            9.625
          ],
          "texture": "#4"
        },
        "west": {
          "uv": [
            12.5,
            10,
            13.125,
            10.625
          ],
          "texture": "#4"
        },
        "up": {
          "uv": [
            13.125,
            11.625,
            12.5,
            11
          ],
          "texture": "#4"
        },
        "down": {
          "uv": [
            13.125,
            12,
            12.5,
            12.625
          ],
          "texture": "#4"
        }
      }
    },
    {
      "from": [
        7.5,
        -1.10978,
        6.42926
      ],
      "to": [
        8.5,
        0.89022,
        7.42926
      ],
      "rotation": {
        "angle": -22.5,
        "axis": "x",
        "origin": [
          8,
          -0.13478,
          6.17926
        ]
      },
      "faces": {
        "north": {
          "uv": [
            4.5,
            8.5,
            5,
            9.5
          ],
          "texture": "#4"
        },
        "east": {
          "uv": [
            4.5,
            9.5,
            5,
            10.5
          ],
          "texture": "#4"
        },
        "south": {
          "uv": [
            8,
            9.5,
            8.5,
            10.5
          ],
          "texture": "#4"
        },
        "west": {
          "uv": [
            6.5,
            10.5,
            7,
            11.5
          ],
          "texture": "#4"
        },
        "up": {
          "uv": [
            14,
            8.5,
            13.5,
            8
          ],
          "texture": "#4"
        },
        "down": {
          "uv": [
            14,
            8.5,
            13.5,
            9
          ],
          "texture": "#4"
        }
      }
    },
    {
      "from": [
        7.5,
        -1.10978,
        8.57074
      ],
      "to": [
        8.5,
        0.89022,
        9.57074
      ],
      "rotation": {
        "angle": 22.5,
        "axis": "x",
        "origin": [
          8,
          -0.13478,
          9.82074
        ]
      },
      "faces": {
        "north": {
          "uv": [
            8,
            12,
            8.5,
            13
          ],
          "texture": "#4"
        },
        "east": {
          "uv": [
            8.5,
            12,
            9,
            13
          ],
          "texture": "#4"
        },
        "south": {
          "uv": [
            10.5,
            12,
            11,
            13
          ],
          "texture": "#4"
        },
        "west": {
          "uv": [
            11,
            12,
            11.5,
            13
          ],
          "texture": "#4"
        },
        "up": {
          "uv": [
            14,
            9.5,
            13.5,
            9
          ],
          "texture": "#4"
        },
        "down": {
          "uv": [
            10,
            13.5,
            9.5,
            14
          ],
          "texture": "#4"
        }
      }
    },
    {
      "from": [
        7.25,
        20.07855,
        6.7625
      ],
      "to": [
        8.75,
        22.57855,
        7.2625
      ],
      "rotation": {
        "angle": 0,
        "axis": "y",
        "origin": [
          7,
          18.57855,
          6.7625
        ]
      },
      "faces": {
        "north": {
          "uv": [
            12,
            1,
            12.75,
            2.25
          ],
          "texture": "#4"
        },
        "east": {
          "uv": [
            13,
            4,
            13.25,
            5.25
          ],
          "texture": "#4"
        },
        "south": {
          "uv": [
            12,
            2.5,
            12.75,
            3.75
          ],
          "texture": "#4"
        },
        "west": {
          "uv": [
            13,
            5.5,
            13.25,
            6.75
          ],
          "texture": "#4"
        }
      }
    },
    {
      "from": [
        7.25,
        22.18211,
        7.21961
      ],
      "to": [
        8.75,
        23.43211,
        7.71961
      ],
      "rotation": {
        "angle": 45,
        "axis": "x",
        "origin": [
          8,
          22.93211,
          7.46961
        ]
      },
      "faces": {
        "north": {
          "uv": [
            11.5,
            12,
            12.25,
            12.625
          ],
          "texture": "#4"
        },
        "east": {
          "uv": [
            11,
            13.5,
            11.25,
            14.125
          ],
          "texture": "#4"
        },
        "south": {
          "uv": [
            0,
            12.5,
            0.75,
            13.125
          ],
          "texture": "#4"
        },
        "west": {
          "uv": [
            13.5,
            11,
            13.75,
            11.625
          ],
          "texture": "#4"
        }
      }
    },
    {
      "from": [
        7.25,
        23.43211,
        7.21961
      ],
      "to": [
        8.75,
        23.93211,
        7.71961
      ],
      "rotation": {
        "angle": 45,
        "axis": "x",
        "origin": [
          8,
          22.93211,
          7.46961
        ]
      },
      "faces": {
        "north": {
          "uv": [
            13.5,
            9.5,
            14.25,
            9.75
          ],
          "texture": "#4"
        },
        "east": {
          "uv": [
            4,
            14,
            4.25,
            14.25
          ],
          "texture": "#4"
        },
        "west": {
          "uv": [
            14,
            4,
            14.25,
            4.25
          ],
          "texture": "#4"
        },
        "up": {
          "uv": [
            10.75,
            13.75,
            10,
            13.5
          ],
          "texture": "#4"
        }
      }
    },
    {
      "from": [
        7.25,
        19.16434,
        7.21973
      ],
      "to": [
        8.75,
        19.66434,
        7.71973
      ],
      "rotation": {
        "angle": 45,
        "axis": "x",
        "origin": [
          8,
          18.66434,
          7.46973
        ]
      },
      "faces": {
        "east": {
          "uv": [
            4.5,
            14,
            4.75,
            14.25
          ],
          "texture": "#4"
        },
        "south": {
          "uv": [
            13.5,
            10,
            14.25,
            10.25
          ],
          "texture": "#4"
        },
        "west": {
          "uv": [
            14,
            4.5,
            14.25,
            4.75
          ],
          "texture": "#4"
        },
        "down": {
          "uv": [
            14.25,
            10.5,
            13.5,
            10.75
          ],
          "texture": "#4"
        }
      }
    },
    {
      "from": [
        7.25,
        22.18211,
        8.28039
      ],
      "to": [
        8.75,
        23.43211,
        8.78039
      ],
      "rotation": {
        "angle": -45,
        "axis": "x",
        "origin": [
          8,
          22.93211,
          8.53039
        ]
      },
      "faces": {
        "north": {
          "uv": [
            12.5,
            0,
            13.25,
            0.625
          ],
          "texture": "#4"
        },
        "east": {
          "uv": [
            11.5,
            13.5,
            11.75,
            14.125
          ],
          "texture": "#4"
        },
        "south": {
          "uv": [
            1,
            12.5,
            1.75,
            13.125
          ],
          "texture": "#4"
        },
        "west": {
          "uv": [
            12,
            13.5,
            12.25,
            14.125
          ],
          "texture": "#4"
        }
      }
    },
    {
      "from": [
        7.25,
        19.225,
        8.28039
      ],
      "to": [
        8.75,
        20.475,
        8.78039
      ],
      "rotation": {
        "angle": 45,
        "axis": "x",
        "origin": [
          8,
          19.725,
          8.53039
        ]
      },
      "faces": {
        "north": {
          "uv": [
            3,
            12.5,
            3.75,
            13.125
          ],
          "texture": "#4"
        },
        "east": {
          "uv": [
            13.5,
            12,
            13.75,
            12.625
          ],
          "texture": "#4"
        },
        "south": {
          "uv": [
            4,
            12.5,
            4.75,
            13.125
          ],
          "texture": "#4"
        },
        "west": {
          "uv": [
            12.5,
            13.5,
            12.75,
            14.125
          ],
          "texture": "#4"
        }
      }
    },
    {
      "from": [
        7.25,
        19.225,
        7.21961
      ],
      "to": [
        8.75,
        20.475,
        7.71961
      ],
      "rotation": {
        "angle": -45,
        "axis": "x",
        "origin": [
          8,
          19.725,
          7.46961
        ]
      },
      "faces": {
        "north": {
          "uv": [
            5,
            12.5,
            5.75,
            13.125
          ],
          "texture": "#4"
        },
        "east": {
          "uv": [
            13,
            13.5,
            13.25,
            14.125
          ],
          "texture": "#4"
        },
        "south": {
          "uv": [
            6,
            12.5,
            6.75,
            13.125
          ],
          "texture": "#4"
        },
        "west": {
          "uv": [
            13.5,
            13,
            13.75,
            13.625
          ],
          "texture": "#4"
        }
      }
    },
    {
      "from": [
        7.25,
        20.07855,
        8.7375
      ],
      "to": [
        8.75,
        22.57855,
        9.2375
      ],
      "rotation": {
        "angle": 0,
        "axis": "y",
        "origin": [
          7,
          18.57855,
          9.2375
        ]
      },
      "faces": {
        "north": {
          "uv": [
            12,
            4,
            12.75,
            5.25
          ],
          "texture": "#4"
        },
        "east": {
          "uv": [
            8,
            13,
            8.25,
            14.25
          ],
          "texture": "#4"
        },
        "south": {
          "uv": [
            12,
            5.5,
            12.75,
            6.75
          ],
          "texture": "#4"
        },
        "west": {
          "uv": [
            8.5,
            13,
            8.75,
            14.25
          ],
          "texture": "#4"
        }
      }
    },
    {
      "from": [
        7.35,
        4.5,
        7.35
      ],
      "to": [
        8.65,
        8,
        8.65
      ],
      "rotation": {
        "angle": 0,
        "axis": "y",
        "origin": [
          7.5,
          4,
          6.5
        ]
      },
      "faces": {
        "north": {
          "uv": [
            10.5,
            10,
            11.125,
            11.75
          ],
          "texture": "#4"
        },
        "east": {
          "uv": [
            2,
            11,
            2.625,
            12.75
          ],
          "texture": "#4"
        },
        "south": {
          "uv": [
            11,
            2,
            11.625,
            3.75
          ],
          "texture": "#4"
        },
        "west": {
          "uv": [
            11,
            4,
            11.625,
            5.75
          ],
          "texture": "#4"
        },
        "up": {
          "uv": [
            13.625,
            1.625,
            13,
            1
          ],
          "texture": "#4"
        },
        "down": {
          "uv": [
            2.625,
            13,
            2,
            13.625
          ],
          "texture": "#4"
        }
      }
    },
    {
      "from": [
        7.35,
        12.5,
        7.35
      ],
      "to": [
        8.65,
        18.5,
        8.65
      ],
      "rotation": {
        "angle": 0,
        "axis": "y",
        "origin": [
          7.5,
          4,
          6.5
        ]
      },
      "faces": {
        "north": {
          "uv": [
            7,
            9.5,
            7.625,
            12.5
          ],
          "texture": "#4"
        },
        "east": {
          "uv": [
            9.5,
            7,
            10.125,
            10
          ],
          "texture": "#4"
        },
        "south": {
          "uv": [
            10,
            2,
            10.625,
            5
          ],
          "texture": "#4"
        },
        "west": {
          "uv": [
            9.5,
            10,
            10.125,
            13
          ],
          "texture": "#4"
        },
        "up": {
          "uv": [
            13.625,
            2.625,
            13,
            2
          ],
          "texture": "#4"
        },
        "down": {
          "uv": [
            13.625,
            3,
            13,
            3.625
          ],
          "texture": "#4"
        }
      }
    },
    {
      "from": [
        6.75,
        19.1,
        5
      ],
      "to": [
        9.25,
        23.6,
        7
      ],
      "rotation": {
        "angle": 0,
        "axis": "z",
        "origin": [
          8,
          21.35,
          5
        ]
      },
      "faces": {
        "north": {
          "uv": [
            7,
            7,
            8.25,
            9.25
          ],
          "texture": "#4"
        },
        "east": {
          "uv": [
            1.5,
            8,
            2.5,
            10.25
          ],
          "texture": "#4"
        },
        "south": {
          "uv": [
            7.5,
            3,
            8.75,
            5.25
          ],
          "texture": "#4"
        },
        "west": {
          "uv": [
            5,
            8,
            6,
            10.25
          ],
          "texture": "#4"
        },
        "up": {
          "uv": [
            6.25,
            11.5,
            5,
            10.5
          ],
          "texture": "#4"
        },
        "down": {
          "uv": [
            11.75,
            7,
            10.5,
            8
          ],
          "texture": "#4"
        }
      }
    },
    {
      "from": [
        5,
        20.35,
        1
      ],
      "to": [
        11,
        22.35,
        4
      ],
      "rotation": {
        "angle": 0,
        "axis": "z",
        "origin": [
          8,
          21.35,
          5
        ]
      },
      "faces": {
        "north": {
          "uv": [
            0,
            7,
            3,
            8
          ],
          "texture": "#4"
        },
        "east": {
          "uv": [
            10.5,
            1,
            12,
            2
          ],
          "texture": "#4"
        },
        "south": {
          "uv": [
            7,
            6,
            10,
            7
          ],
          "texture": "#4"
        },
        "west": {
          "uv": [
            3.5,
            10.5,
            5,
            11.5
          ],
          "texture": "#4"
        },
        "up": {
          "uv": [
            8,
            1.5,
            5,
            0
          ],
          "texture": "#4"
        },
        "down": {
          "uv": [
            8,
            1.5,
            5,
            3
          ],
          "texture": "#4"
        }
      }
    },
    {
      "from": [
        6.25,
        20.35,
        10.25
      ],
      "to": [
        9.75,
        22.35,
        13.75
      ],
      "rotation": {
        "angle": 0,
        "axis": "z",
        "origin": [
          8,
          21.35,
          5
        ]
      },
      "faces": {
        "north": {
          "uv": [
            9,
            5,
            10.75,
            6
          ],
          "texture": "#4"
        },
        "east": {
          "uv": [
            10,
            6,
            11.75,
            7
          ],
          "texture": "#4"
        },
        "south": {
          "uv": [
            0,
            10.5,
            1.75,
            11.5
          ],
          "texture": "#4"
        },
        "west": {
          "uv": [
            10.5,
            0,
            12.25,
            1
          ],
          "texture": "#4"
        },
        "up": {
          "uv": [
            6.75,
            7.75,
            5,
            6
          ],
          "texture": "#4"
        },
        "down": {
          "uv": [
            4.75,
            6.5,
            3,
            8.25
          ],
          "texture": "#4"
        }
      }
    },
    {
      "from": [
        7,
        19.35,
        3
      ],
      "to": [
        9,
        23.35,
        5
      ],
      "rotation": {
        "angle": 0,
        "axis": "z",
        "origin": [
          8,
          21.35,
          5
        ]
      },
      "faces": {
        "east": {
          "uv": [
            3.5,
            8.5,
            4.5,
            10.5
          ],
          "texture": "#4"
        },
        "west": {
          "uv": [
            8.5,
            7,
            9.5,
            9
          ],
          "texture": "#4"
        },
        "up": {
          "uv": [
            9,
            12,
            8,
            11
          ],
          "texture": "#4"
        },
        "down": {
          "uv": [
            1,
            11.5,
            0,
            12.5
          ],
          "texture": "#4"
        }
      }
    },
    {
      "from": [
        5.75,
        17.85,
        0
      ],
      "to": [
        10.25,
        24.85,
        3
      ],
      "rotation": {
        "angle": 0,
        "axis": "z",
        "origin": [
          8,
          21.35,
          1.5
        ]
      },
      "faces": {
        "north": {
          "uv": [
            0,
            0,
            2.25,
            3.5
          ],
          "texture": "#4"
        },
        "east": {
          "uv": [
            0,
            3.5,
            1.5,
            7
          ],
          "texture": "#4"
        },
        "south": {
          "uv": [
            2.5,
            0,
            4.75,
            3.5
          ],
          "texture": "#4"
        },
        "west": {
          "uv": [
            1.5,
            3.5,
            3,
            7
          ],
          "texture": "#4"
        },
        "up": {
          "uv": [
            7.25,
            4.5,
            5,
            3
          ],
          "texture": "#4"
        },
        "down": {
          "uv": [
            7.25,
            4.5,
            5,
            6
          ],
          "texture": "#4"
        }
      }
    },
    {
      "from": [
        7,
        19.35,
        11
      ],
      "to": [
        9,
        23.35,
        13
      ],
      "rotation": {
        "angle": 0,
        "axis": "z",
        "origin": [
          8,
          21.35,
          11
        ]
      },
      "faces": {
        "east": {
          "uv": [
            9,
            2.5,
            10,
            4.5
          ],
          "texture": "#4"
        },
        "south": {
          "uv": [
            8.5,
            9,
            9.5,
            11
          ],
          "texture": "#4"
        },
        "west": {
          "uv": [
            9.5,
            0,
            10.5,
            2
          ],
          "texture": "#4"
        },
        "up": {
          "uv": [
            2,
            12.5,
            1,
            11.5
          ],
          "texture": "#4"
        },
        "down": {
          "uv": [
            4,
            11.5,
            3,
            12.5
          ],
          "texture": "#4"
        }
      }
    },
    {
      "from": [
        6.75,
        19.1,
        9
      ],
      "to": [
        9.25,
        23.6,
        11
      ],
      "rotation": {
        "angle": 0,
        "axis": "z",
        "origin": [
          8,
          21.35,
          11
        ]
      },
      "faces": {
        "north": {
          "uv": [
            0,
            8,
            1.25,
            10.25
          ],
          "texture": "#4"
        },
        "east": {
          "uv": [
            6,
            8,
            7,
            10.25
          ],
          "texture": "#4"
        },
        "south": {
          "uv": [
            8,
            0,
            9.25,
            2.25
          ],
          "texture": "#4"
        },
        "west": {
          "uv": [
            2.5,
            8.5,
            3.5,
            10.75
          ],
          "texture": "#4"
        },
        "up": {
          "uv": [
            11.75,
            9,
            10.5,
            8
          ],
          "texture": "#4"
        },
        "down": {
          "uv": [
            11.75,
            9,
            10.5,
            10
          ],
          "texture": "#4"
        }
      }
    },
    {
      "from": [
        6.25,
        18.35,
        -0.5
      ],
      "to": [
        9.75,
        24.35,
        0
      ],
      "rotation": {
        "angle": 0,
        "axis": "z",
        "origin": [
          8,
          21.35,
          1.5
        ]
      },
      "faces": {
        "north": {
          "uv": [
            3,
            3.5,
            4.75,
            6.5
          ],
          "texture": "#4"
        },
        "east": {
          "uv": [
            9,
            11,
            9.25,
            14
          ],
          "texture": "#4"
        },
        "west": {
          "uv": [
            12,
            7,
            12.25,
            10
          ],
          "texture": "#4"
        },
        "up": {
          "uv": [
            14.25,
            7.25,
            12.5,
            7
          ],
          "texture": "#4"
        },
        "down": {
          "uv": [
            14.25,
            7.5,
            12.5,
            7.75
          ],
          "texture": "#4"
        }
      }
    },
    {
      "from": [
        7,
        20.35,
        13
      ],
      "to": [
        9,
        22.35,
        15
      ],
      "rotation": {
        "angle": 45,
        "axis": "z",
        "origin": [
          8,
          21.35,
          14
        ]
      },
      "faces": {
        "east": {
          "uv": [
            4,
            11.5,
            5,
            12.5
          ],
          "texture": "#4"
        },
        "south": {
          "uv": [
            5,
            11.5,
            6,
            12.5
          ],
          "texture": "#4"
        },
        "west": {
          "uv": [
            6,
            11.5,
            7,
            12.5
          ],
          "texture": "#4"
        },
        "up": {
          "uv": [
            12.5,
            11,
            11.5,
            10
          ],
          "texture": "#4"
        },
        "down": {
          "uv": [
            12.5,
            11,
            11.5,
            12
          ],
          "texture": "#4"
        }
      }
    },
    {
      "from": [
        6.5,
        18,
        4.5
      ],
      "to": [
        6.5,
        25,
        11.5
      ],
      "rotation": {
        "angle": 0,
        "axis": "y",
        "origin": [
          6.5,
          27,
          4.5
        ]
      },
      "faces": {
        "west": {
          "uv": [
            0,
            0,
            14,
            14.5
          ],
          "texture": "#3"
        }
      }
    },
    {
      "from": [
        7.4,
        19.52322,
        7.25
      ],
      "to": [
        7.4,
        23.14822,
        8.75
      ],
      "rotation": {
        "angle": 0,
        "axis": "y",
        "origin": [
          7.5,
          28.64822,
          6.5
        ]
      },
      "faces": {
        "west": {
          "uv": [
            0,
            0,
            6,
            15
          ],
          "texture": "#2"
        }
      }
    },
    {
      "from": [
        9.5,
        18,
        4.5
      ],
      "to": [
        9.5,
        25,
        11.5
      ],
      "rotation": {
        "angle": 0,
        "axis": "y",
        "origin": [
          9.5,
          27,
          4.5
        ]
      },
      "faces": {
        "east": {
          "uv": [
            0,
            0,
            14,
            14.5
          ],
          "texture": "#3"
        }
      }
    },
    {
      "from": [
        8.6,
        19.52322,
        7.25
      ],
      "to": [
        8.6,
        23.14822,
        8.75
      ],
      "rotation": {
        "angle": 0,
        "axis": "y",
        "origin": [
          8.5,
          28.64822,
          6.5
        ]
      },
      "faces": {
        "east": {
          "uv": [
            0,
            0,
            6,
            15
          ],
          "texture": "#2"
        }
      }
    },
    {
      "from": [
        8.25071,
        21.68863,
        15
      ],
      "to": [
        9.75071,
        21.68863,
        18
      ],
      "rotation": {
        "angle": 45,
        "axis": "z",
        "origin": [
          8.00071,
          19.93863,
          15
        ]
      },
      "faces": {
        "up": {
          "uv": [
            0,
            0,
            2,
            7.5
          ],
          "texture": "#5"
        },
        "down": {
          "uv": [
            0,
            7.5,
            2,
            0
          ],
          "texture": "#5"
        }
      }
    },
    {
      "from": [
        6.83508,
        23.10285,
        15
      ],
      "to": [
        8.33508,
        23.10285,
        18
      ],
      "rotation": {
        "angle": -45,
        "axis": "z",
        "origin": [
          6.58508,
          21.35285,
          15
        ]
      },
      "faces": {
        "up": {
          "uv": [
            0,
            0,
            2,
            7.5
          ],
          "texture": "#5"
        },
        "down": {
          "uv": [
            0,
            7.5,
            2,
            0
          ],
          "texture": "#5"
        }
      }
    },
    {
      "from": [
        6.83579,
        19.60355,
        15
      ],
      "to": [
        8.33579,
        19.60355,
        18
      ],
      "rotation": {
        "angle": 45,
        "axis": "z",
        "origin": [
          6.58579,
          21.35355,
          15
        ]
      },
      "faces": {
        "up": {
          "uv": [
            0,
            0,
            2,
            7.5
          ],
          "texture": "#5"
        },
        "down": {
          "uv": [
            0,
            7.5,
            2,
            0
          ],
          "texture": "#5"
        }
      }
    },
    {
      "from": [
        8.25141,
        21.01777,
        15
      ],
      "to": [
        9.75141,
        21.01777,
        18
      ],
      "rotation": {
        "angle": -45,
        "axis": "z",
        "origin": [
          8.00141,
          22.76777,
          15
        ]
      },
      "faces": {
        "up": {
          "uv": [
            0,
            0,
            2,
            7.5
          ],
          "texture": "#5"
        },
        "down": {
          "uv": [
            0,
            7.5,
            2,
            0
          ],
          "texture": "#5"
        }
      }
    }
  ],
  "gui_light": "front",
  "display": {
    "thirdperson_righthand": {
      "translation": [
        0,
        -4.25,
        1
      ]
    },
    "thirdperson_lefthand": {
      "translation": [
        0,
        -4.25,
        1
      ]
    },
    "firstperson_righthand": {
      "rotation": [
        -10,
        0,
        0
      ],
      "translation": [
        0,
        -2.25,
        -0.25
      ]
    },
    "firstperson_lefthand": {
      "rotation": [
        -10,
        0,
        0
      ],
      "translation": [
        0,
        -2.25,
        -0.25
      ]
    },
    "ground": {
      "rotation": [
        -45,
        0,
        0
      ],
      "translation": [
        0,
        12.25,
        3
      ]
    },
    "gui": {
      "rotation": [
        -90,
        45,
        90
      ],
      "translation": [
        3.25,
        -3.25,
        0
      ],
      "scale": [
        0.68555,
        0.68555,
        0.68555
      ]
    },
    "head": {
      "rotation": [
        0,
        90,
        0
      ],
      "translation": [
        0,
        -2,
        0
      ],
      "scale": [
        1.5,
        1.5,
        1.5
      ]
    },
    "fixed": {
      "rotation": [
        0,
        -90,
        0
      ],
      "translation": [
        0,
        -3.75,
        -1.25
      ],
      "scale": [
        1.5,
        1.5,
        1.5
      ]
    }
  }
}