{
  "credit": "MadebyPolygonMC",
  "texture_size": [
    20,
    20
  ],
  "textures": {
    "2": "minehammer:item/nitro/animations/nitro_gems",
    "3": "minehammer:item/nitro/animations/animations_1",
    "4": "minehammer:item/nitro/pickaxe",
    "particle": "minehammer:item/nitro/animations/nitro_gems"
  },
  "elements": [
    {
      "from": [
        7.5,
        0,
        7.5
      ],
      "to": [
        8.5,
        1,
        8.5
      ],
      "rotation": {
        "angle": 0,
        "axis": "y",
        "origin": [
          7.5,
          0,
          7.5
        ]
      },
      "faces": {
        "north": {
          "uv": [
            12.8,
            3.2,
            13.6,
            4
          ],
          "texture": "#4"
        },
        "east": {
          "uv": [
            12.8,
            4,
            13.6,
            4.8
          ],
          "texture": "#4"
        },
        "south": {
          "uv": [
            12.8,
            4.8,
            13.6,
            5.6
          ],
          "texture": "#4"
        },
        "west": {
          "uv": [
            12.8,
            5.6,
            13.6,
            6.4
          ],
          "texture": "#4"
        },
        "up": {
          "uv": [
            7.2,
            13.6,
            6.4,
            12.8
          ],
          "texture": "#4"
        },
        "down": {
          "uv": [
            13.6,
            6.4,
            12.8,
            7.2
          ],
          "texture": "#4"
        }
      }
    },
    {
      "from": [
        7.5,
        1.75,
        7.5
      ],
      "to": [
        8.5,
        2.75,
        8.5
      ],
      "rotation": {
        "angle": 0,
        "axis": "y",
        "origin": [
          7.5,
          0,
          7.5
        ]
      },
      "faces": {
        "north": {
          "uv": [
            7.2,
            12.8,
            8,
            13.6
          ],
          "texture": "#4"
        },
        "east": {
          "uv": [
            12.8,
            7.2,
            13.6,
            8
          ],
          "texture": "#4"
        },
        "south": {
          "uv": [
            8,
            12.8,
            8.8,
            13.6
          ],
          "texture": "#4"
        },
        "west": {
          "uv": [
            12.8,
            8,
            13.6,
            8.8
          ],
          "texture": "#4"
        },
        "up": {
          "uv": [
            9.6,
            13.6,
            8.8,
            12.8
          ],
          "texture": "#4"
        },
        "down": {
          "uv": [
            13.6,
            8.8,
            12.8,
            9.6
          ],
          "texture": "#4"
        }
      }
    },
    {
      "from": [
        7.5,
        10.5,
        7.5
      ],
      "to": [
        8.5,
        11.5,
        8.5
      ],
      "rotation": {
        "angle": 0,
        "axis": "y",
        "origin": [
          7.5,
          8.75,
          7.5
        ]
      },
      "faces": {
        "north": {
          "uv": [
            9.6,
            12.8,
            10.4,
            13.6
          ],
          "texture": "#4"
        },
        "east": {
          "uv": [
            12.8,
            9.6,
            13.6,
            10.4
          ],
          "texture": "#4"
        },
        "south": {
          "uv": [
            12.8,
            10.4,
            13.6,
            11.2
          ],
          "texture": "#4"
        },
        "west": {
          "uv": [
            12.8,
            11.2,
            13.6,
            12
          ],
          "texture": "#4"
        },
        "up": {
          "uv": [
            13.6,
            12.8,
            12.8,
            12
          ],
          "texture": "#4"
        },
        "down": {
          "uv": [
            13.6,
            12.8,
            12.8,
            13.6
          ],
          "texture": "#4"
        }
      }
    },
    {
      "from": [
        7.5,
        3.5,
        7.5
      ],
      "to": [
        8.5,
        4.5,
        8.5
      ],
      "rotation": {
        "angle": 0,
        "axis": "y",
        "origin": [
          7.5,
          1.75,
          7.5
        ]
      },
      "faces": {
        "north": {
          "uv": [
            0,
            13.6,
            0.8,
            14.4
          ],
          "texture": "#4"
        },
        "east": {
          "uv": [
            13.6,
            0,
            14.4,
            0.8
          ],
          "texture": "#4"
        },
        "south": {
          "uv": [
            0.8,
            13.6,
            1.6,
            14.4
          ],
          "texture": "#4"
        },
        "west": {
          "uv": [
            13.6,
            0.8,
            14.4,
            1.6
          ],
          "texture": "#4"
        },
        "up": {
          "uv": [
            2.4,
            14.4,
            1.6,
            13.6
          ],
          "texture": "#4"
        },
        "down": {
          "uv": [
            14.4,
            1.6,
            13.6,
            2.4
          ],
          "texture": "#4"
        }
      }
    },
    {
      "from": [
        7.6,
        1,
        7.6
      ],
      "to": [
        8.4,
        1.75,
        8.4
      ],
      "rotation": {
        "angle": 0,
        "axis": "y",
        "origin": [
          7.5,
          0,
          7.5
        ]
      },
      "faces": {
        "north": {
          "uv": [
            1.6,
            14.4,
            2.2,
            15
          ],
          "texture": "#4"
        },
        "east": {
          "uv": [
            14.4,
            1.6,
            15,
            2.2
          ],
          "texture": "#4"
        },
        "south": {
          "uv": [
            2.4,
            14.4,
            3,
            15
          ],
          "texture": "#4"
        },
        "west": {
          "uv": [
            14.4,
            2.4,
            15,
            3
          ],
          "texture": "#4"
        }
      }
    },
    {
      "from": [
        7.6,
        2.75,
        7.6
      ],
      "to": [
        8.4,
        3.5,
        8.4
      ],
      "rotation": {
        "angle": 0,
        "axis": "y",
        "origin": [
          7.5,
          0,
          7.5
        ]
      },
      "faces": {
        "north": {
          "uv": [
            3.2,
            14.4,
            3.8,
            15
          ],
          "texture": "#4"
        },
        "east": {
          "uv": [
            14.4,
            3.2,
            15,
            3.8
          ],
          "texture": "#4"
        },
        "south": {
          "uv": [
            4.8,
            14.4,
            5.4,
            15
          ],
          "texture": "#4"
        },
        "west": {
          "uv": [
            5.6,
            14.4,
            6.2,
            15
          ],
          "texture": "#4"
        }
      }
    },
    {
      "from": [
        7.375,
        -0.625,
        7.375
      ],
      "to": [
        8.625,
        0.625,
        8.625
      ],
      "rotation": {
        "angle": -45,
        "axis": "x",
        "origin": [
          8,
          0,
          8
        ]
      },
      "faces": {
        "north": {
          "uv": [
            7.2,
            11.2,
            8.2,
            12.2
          ],
          "texture": "#4"
        },
        "east": {
          "uv": [
            11.2,
            7.2,
            12.2,
            8.2
          ],
          "texture": "#4"
        },
        "south": {
          "uv": [
            8.8,
            11.2,
            9.8,
            12.2
          ],
          "texture": "#4"
        },
        "west": {
          "uv": [
            11.2,
            8.8,
            12.2,
            9.8
          ],
          "texture": "#4"
        },
        "up": {
          "uv": [
            12.2,
            11.4,
            11.2,
            10.4
          ],
          "texture": "#4"
        },
        "down": {
          "uv": [
            1,
            12,
            0,
            13
          ],
          "texture": "#4"
        }
      }
    },
    {
      "from": [
        7.6,
        -1.25,
        7.1
      ],
      "to": [
        8.4,
        -0.25,
        8.1
      ],
      "rotation": {
        "angle": -22.5,
        "axis": "x",
        "origin": [
          7.75,
          -1.25,
          6.1
        ]
      },
      "faces": {
        "east": {
          "uv": [
            2.4,
            13.6,
            3.2,
            14.4
          ],
          "texture": "#4"
        },
        "west": {
          "uv": [
            13.6,
            2.4,
            14.4,
            3.2
          ],
          "texture": "#4"
        },
        "up": {
          "uv": [
            7,
            14.4,
            6.4,
            13.6
          ],
          "texture": "#4"
        },
        "down": {
          "uv": [
            7.8,
            13.6,
            7.2,
            14.4
          ],
          "texture": "#4"
        }
      }
    },
    {
      "from": [
        7.5,
        -1.20978,
        5.67926
      ],
      "to": [
        8.5,
        0.79022,
        6.67926
      ],
      "rotation": {
        "angle": -22.5,
        "axis": "x",
        "origin": [
          8,
          -0.13478,
          6.17926
        ]
      },
      "faces": {
        "north": {
          "uv": [
            9.6,
            4,
            10.4,
            5.6
          ],
          "texture": "#4"
        },
        "east": {
          "uv": [
            9.6,
            5.6,
            10.4,
            7.2
          ],
          "texture": "#4"
        },
        "south": {
          "uv": [
            6.4,
            9.6,
            7.2,
            11.2
          ],
          "texture": "#4"
        },
        "west": {
          "uv": [
            7.2,
            9.6,
            8,
            11.2
          ],
          "texture": "#4"
        },
        "up": {
          "uv": [
            4,
            14.4,
            3.2,
            13.6
          ],
          "texture": "#4"
        },
        "down": {
          "uv": [
            14.4,
            3.2,
            13.6,
            4
          ],
          "texture": "#4"
        }
      }
    },
    {
      "from": [
        7.6,
        -1.25,
        7.9
      ],
      "to": [
        8.4,
        -0.25,
        8.9
      ],
      "rotation": {
        "angle": 22.5,
        "axis": "x",
        "origin": [
          7.75,
          -1.25,
          9.9
        ]
      },
      "faces": {
        "east": {
          "uv": [
            3.2,
            13.6,
            2.4,
            14.4
          ],
          "texture": "#4"
        },
        "west": {
          "uv": [
            14.4,
            2.4,
            13.6,
            3.2
          ],
          "texture": "#4"
        },
        "up": {
          "uv": [
            7,
            13.6,
            6.4,
            14.4
          ],
          "texture": "#4"
        },
        "down": {
          "uv": [
            7.8,
            14.4,
            7.2,
            13.6
          ],
          "texture": "#4"
        }
      }
    },
    {
      "from": [
        7.5,
        -1.20978,
        9.32074
      ],
      "to": [
        8.5,
        0.79022,
        10.32074
      ],
      "rotation": {
        "angle": 22.5,
        "axis": "x",
        "origin": [
          8,
          -0.13478,
          9.82074
        ]
      },
      "faces": {
        "north": {
          "uv": [
            7.2,
            9.6,
            6.4,
            11.2
          ],
          "texture": "#4"
        },
        "east": {
          "uv": [
            10.4,
            5.6,
            9.6,
            7.2
          ],
          "texture": "#4"
        },
        "south": {
          "uv": [
            10.4,
            4,
            9.6,
            5.6
          ],
          "texture": "#4"
        },
        "west": {
          "uv": [
            8,
            9.6,
            7.2,
            11.2
          ],
          "texture": "#4"
        },
        "up": {
          "uv": [
            4,
            13.6,
            3.2,
            14.4
          ],
          "texture": "#4"
        },
        "down": {
          "uv": [
            14.4,
            4,
            13.6,
            3.2
          ],
          "texture": "#4"
        }
      }
    },
    {
      "from": [
        7.3,
        11.51351,
        4.35971
      ],
      "to": [
        8.7,
        14.51351,
        5.35971
      ],
      "rotation": {
        "angle": -45,
        "axis": "x",
        "origin": [
          8,
          13.31351,
          4.75971
        ]
      },
      "faces": {
        "north": {
          "uv": [
            0,
            8,
            1.2,
            10.4
          ],
          "texture": "#4"
        },
        "east": {
          "uv": [
            8.8,
            8,
            9.6,
            10.4
          ],
          "texture": "#4"
        },
        "south": {
          "uv": [
            1.6,
            8,
            2.8,
            10.4
          ],
          "texture": "#4"
        },
        "west": {
          "uv": [
            9.6,
            0,
            10.4,
            2.4
          ],
          "texture": "#4"
        },
        "up": {
          "uv": [
            13.2,
            2.4,
            12,
            1.6
          ],
          "texture": "#4"
        },
        "down": {
          "uv": [
            13.2,
            2.4,
            12,
            3.2
          ],
          "texture": "#4"
        }
      }
    },
    {
      "from": [
        7.55,
        11.92931,
        3.79784
      ],
      "to": [
        8.45,
        15.42931,
        5.29784
      ],
      "rotation": {
        "angle": -22.5,
        "axis": "x",
        "origin": [
          8,
          12.72931,
          4.69784
        ]
      },
      "faces": {
        "north": {
          "uv": [
            8,
            8,
            8.8,
            10.8
          ],
          "texture": "#4"
        },
        "east": {
          "uv": [
            4.8,
            5,
            6,
            7.8
          ],
          "texture": "#4"
        },
        "south": {
          "uv": [
            8.8,
            0,
            9.6,
            2.8
          ],
          "texture": "#4"
        },
        "west": {
          "uv": [
            6.4,
            6.4,
            7.6,
            9.2
          ],
          "texture": "#4"
        },
        "up": {
          "uv": [
            4,
            13.2,
            3.2,
            12
          ],
          "texture": "#4"
        },
        "down": {
          "uv": [
            12.8,
            3.2,
            12,
            4.4
          ],
          "texture": "#4"
        }
      }
    },
    {
      "from": [
        7.5,
        12.02545,
        5.06836
      ],
      "to": [
        8.5,
        13.02545,
        6.81836
      ],
      "rotation": {
        "angle": -22.5,
        "axis": "x",
        "origin": [
          8,
          13.77545,
          4.56836
        ]
      },
      "faces": {
        "east": {
          "uv": [
            10.4,
            1.6,
            11.8,
            2.4
          ],
          "texture": "#4"
        },
        "west": {
          "uv": [
            8.8,
            10.4,
            10.2,
            11.2
          ],
          "texture": "#4"
        },
        "up": {
          "uv": [
            11.2,
            11.8,
            10.4,
            10.4
          ],
          "texture": "#4"
        },
        "down": {
          "uv": [
            7.2,
            11.2,
            6.4,
            12.6
          ],
          "texture": "#4"
        }
      }
    },
    {
      "from": [
        7.65,
        13.35,
        5.7
      ],
      "to": [
        8.35,
        13.85,
        7.7
      ],
      "rotation": {
        "angle": -22.5,
        "axis": "x",
        "origin": [
          7.5,
          12.35,
          5.7
        ]
      },
      "faces": {
        "east": {
          "uv": [
            13.6,
            4,
            15.2,
            4.4
          ],
          "texture": "#4"
        },
        "west": {
          "uv": [
            13.6,
            4.8,
            15.2,
            5.2
          ],
          "texture": "#4"
        },
        "up": {
          "uv": [
            4.6,
            13.6,
            4,
            12
          ],
          "texture": "#4"
        }
      }
    },
    {
      "from": [
        7.25,
        12.07855,
        6.7625
      ],
      "to": [
        8.75,
        14.57855,
        7.2625
      ],
      "rotation": {
        "angle": 0,
        "axis": "y",
        "origin": [
          7,
          10.57855,
          6.7625
        ]
      },
      "faces": {
        "north": {
          "uv": [
            3.2,
            8,
            4.4,
            10
          ],
          "texture": "#4"
        },
        "east": {
          "uv": [
            5.6,
            12,
            6,
            14
          ],
          "texture": "#4"
        },
        "south": {
          "uv": [
            8,
            3.2,
            9.2,
            5.2
          ],
          "texture": "#4"
        },
        "west": {
          "uv": [
            10.4,
            12,
            10.8,
            14
          ],
          "texture": "#4"
        }
      }
    },
    {
      "from": [
        7.25,
        14.18211,
        7.21961
      ],
      "to": [
        8.75,
        15.43211,
        7.71961
      ],
      "rotation": {
        "angle": 45,
        "axis": "x",
        "origin": [
          8,
          14.93211,
          7.46961
        ]
      },
      "faces": {
        "north": {
          "uv": [
            9.6,
            8.8,
            10.8,
            9.8
          ],
          "texture": "#4"
        },
        "east": {
          "uv": [
            9.6,
            13.6,
            10,
            14.6
          ],
          "texture": "#4"
        },
        "south": {
          "uv": [
            0,
            10.4,
            1.2,
            11.4
          ],
          "texture": "#4"
        },
        "west": {
          "uv": [
            13.6,
            9.6,
            14,
            10.6
          ],
          "texture": "#4"
        }
      }
    },
    {
      "from": [
        7.25,
        15.43211,
        7.21961
      ],
      "to": [
        8.75,
        15.93211,
        7.71961
      ],
      "rotation": {
        "angle": 45,
        "axis": "x",
        "origin": [
          8,
          14.93211,
          7.46961
        ]
      },
      "faces": {
        "north": {
          "uv": [
            13.6,
            7.2,
            14.8,
            7.6
          ],
          "texture": "#4"
        },
        "east": {
          "uv": [
            6.4,
            14.4,
            6.8,
            14.8
          ],
          "texture": "#4"
        },
        "west": {
          "uv": [
            14.4,
            6.4,
            14.8,
            6.8
          ],
          "texture": "#4"
        },
        "up": {
          "uv": [
            9.2,
            14,
            8,
            13.6
          ],
          "texture": "#4"
        }
      }
    },
    {
      "from": [
        7.25,
        11.16434,
        7.21973
      ],
      "to": [
        8.75,
        11.66434,
        7.71973
      ],
      "rotation": {
        "angle": 45,
        "axis": "x",
        "origin": [
          8,
          10.66434,
          7.46973
        ]
      },
      "faces": {
        "east": {
          "uv": [
            7.2,
            14.4,
            7.6,
            14.8
          ],
          "texture": "#4"
        },
        "south": {
          "uv": [
            13.6,
            8,
            14.8,
            8.4
          ],
          "texture": "#4"
        },
        "west": {
          "uv": [
            8,
            14.4,
            8.4,
            14.8
          ],
          "texture": "#4"
        },
        "down": {
          "uv": [
            14.8,
            8.8,
            13.6,
            9.2
          ],
          "texture": "#4"
        }
      }
    },
    {
      "from": [
        7.25,
        14.18211,
        8.28039
      ],
      "to": [
        8.75,
        15.43211,
        8.78039
      ],
      "rotation": {
        "angle": -45,
        "axis": "x",
        "origin": [
          8,
          14.93211,
          8.53039
        ]
      },
      "faces": {
        "north": {
          "uv": [
            10.4,
            0,
            11.6,
            1
          ],
          "texture": "#4"
        },
        "east": {
          "uv": [
            13.6,
            11.2,
            14,
            12.2
          ],
          "texture": "#4"
        },
        "south": {
          "uv": [
            1.6,
            10.4,
            2.8,
            11.4
          ],
          "texture": "#4"
        },
        "west": {
          "uv": [
            12.8,
            13.6,
            13.2,
            14.6
          ],
          "texture": "#4"
        }
      }
    },
    {
      "from": [
        7.25,
        11.225,
        8.28039
      ],
      "to": [
        8.75,
        12.475,
        8.78039
      ],
      "rotation": {
        "angle": 45,
        "axis": "x",
        "origin": [
          8,
          11.725,
          8.53039
        ]
      },
      "faces": {
        "north": {
          "uv": [
            3.2,
            10.4,
            4.4,
            11.4
          ],
          "texture": "#4"
        },
        "east": {
          "uv": [
            13.6,
            12.8,
            14,
            13.8
          ],
          "texture": "#4"
        },
        "south": {
          "uv": [
            10.4,
            4,
            11.6,
            5
          ],
          "texture": "#4"
        },
        "west": {
          "uv": [
            0,
            14.4,
            0.4,
            15.4
          ],
          "texture": "#4"
        }
      }
    },
    {
      "from": [
        7.25,
        11.225,
        7.21961
      ],
      "to": [
        8.75,
        12.475,
        7.71961
      ],
      "rotation": {
        "angle": -45,
        "axis": "x",
        "origin": [
          8,
          11.725,
          7.46961
        ]
      },
      "faces": {
        "north": {
          "uv": [
            4.8,
            10.4,
            6,
            11.4
          ],
          "texture": "#4"
        },
        "east": {
          "uv": [
            14.4,
            0,
            14.8,
            1
          ],
          "texture": "#4"
        },
        "south": {
          "uv": [
            10.4,
            5.6,
            11.6,
            6.6
          ],
          "texture": "#4"
        },
        "west": {
          "uv": [
            0.8,
            14.4,
            1.2,
            15.4
          ],
          "texture": "#4"
        }
      }
    },
    {
      "from": [
        7.25,
        12.07855,
        8.7375
      ],
      "to": [
        8.75,
        14.57855,
        9.2375
      ],
      "rotation": {
        "angle": 0,
        "axis": "y",
        "origin": [
          7,
          10.57855,
          9.2375
        ]
      },
      "faces": {
        "north": {
          "uv": [
            4.8,
            8,
            6,
            10
          ],
          "texture": "#4"
        },
        "east": {
          "uv": [
            11.2,
            12,
            11.6,
            14
          ],
          "texture": "#4"
        },
        "south": {
          "uv": [
            8,
            5.6,
            9.2,
            7.6
          ],
          "texture": "#4"
        },
        "west": {
          "uv": [
            12,
            12,
            12.4,
            14
          ],
          "texture": "#4"
        }
      }
    },
    {
      "from": [
        7.4,
        11.52322,
        7.25
      ],
      "to": [
        7.4,
        15.14822,
        8.75
      ],
      "rotation": {
        "angle": 0,
        "axis": "y",
        "origin": [
          7.5,
          20.64822,
          6.5
        ]
      },
      "faces": {
        "west": {
          "uv": [
            0,
            0,
            6,
            15
          ],
          "texture": "#2"
        }
      }
    },
    {
      "from": [
        7,
        10,
        4.5
      ],
      "to": [
        7,
        17,
        11.5
      ],
      "rotation": {
        "angle": 0,
        "axis": "y",
        "origin": [
          7,
          19,
          4.5
        ]
      },
      "faces": {
        "west": {
          "uv": [
            0,
            0,
            14,
            14
          ],
          "texture": "#3"
        }
      }
    },
    {
      "from": [
        8.6,
        11.52322,
        7.25
      ],
      "to": [
        8.6,
        15.14822,
        8.75
      ],
      "rotation": {
        "angle": 0,
        "axis": "y",
        "origin": [
          8.5,
          20.64822,
          6.5
        ]
      },
      "faces": {
        "east": {
          "uv": [
            0,
            0,
            6,
            15
          ],
          "texture": "#2"
        }
      }
    },
    {
      "from": [
        9,
        10,
        4.5
      ],
      "to": [
        9,
        17,
        11.5
      ],
      "rotation": {
        "angle": 0,
        "axis": "y",
        "origin": [
          9,
          19,
          4.5
        ]
      },
      "faces": {
        "east": {
          "uv": [
            0,
            0,
            14,
            14
          ],
          "texture": "#3"
        }
      }
    },
    {
      "from": [
        7.35,
        4.5,
        7.35
      ],
      "to": [
        8.65,
        10.5,
        8.65
      ],
      "rotation": {
        "angle": 0,
        "axis": "y",
        "origin": [
          7.5,
          4.5,
          6.5
        ]
      },
      "faces": {
        "north": {
          "uv": [
            15.2,
            9.4,
            14.2,
            14.2
          ],
          "texture": "#4"
        },
        "east": {
          "uv": [
            14.2,
            9.4,
            15.2,
            14.2
          ],
          "texture": "#4"
        },
        "south": {
          "uv": [
            15.2,
            9.4,
            14.2,
            14.2
          ],
          "texture": "#4"
        },
        "west": {
          "uv": [
            14.2,
            9.4,
            15.2,
            14.2
          ],
          "texture": "#4"
        },
        "up": {
          "uv": [
            13,
            1,
            12,
            0
          ],
          "texture": "#4"
        },
        "down": {
          "uv": [
            2.6,
            12,
            1.6,
            13
          ],
          "texture": "#4"
        }
      }
    },
    {
      "from": [
        7.75,
        12.7,
        0.9
      ],
      "to": [
        8.25,
        13.7,
        3.9
      ],
      "rotation": {
        "angle": 0,
        "axis": "y",
        "origin": [
          0.75,
          0.7,
          -0.35
        ]
      },
      "faces": {
        "east": {
          "uv": [
            9.6,
            2.4,
            12,
            3.2
          ],
          "texture": "#4"
        },
        "west": {
          "uv": [
            9.6,
            3.2,
            12,
            4
          ],
          "texture": "#4"
        },
        "up": {
          "uv": [
            5.2,
            14.4,
            4.8,
            12
          ],
          "texture": "#4"
        },
        "down": {
          "uv": [
            12.4,
            4.8,
            12,
            7.2
          ],
          "texture": "#4"
        }
      }
    },
    {
      "from": [
        7.75,
        12.16404,
        -0.79448
      ],
      "to": [
        8.25,
        13.16404,
        1.20552
      ],
      "rotation": {
        "angle": -22.5,
        "axis": "x",
        "origin": [
          8,
          12.66404,
          -0.29448
        ]
      },
      "faces": {
        "north": {
          "uv": [
            14.4,
            5.6,
            14.8,
            6.4
          ],
          "texture": "#4"
        },
        "east": {
          "uv": [
            9.6,
            7.2,
            11.2,
            8
          ],
          "texture": "#4"
        },
        "west": {
          "uv": [
            9.6,
            8,
            11.2,
            8.8
          ],
          "texture": "#4"
        },
        "up": {
          "uv": [
            4.4,
            15.2,
            4,
            13.6
          ],
          "texture": "#4"
        },
        "down": {
          "uv": [
            14,
            5.6,
            13.6,
            7.2
          ],
          "texture": "#4"
        }
      }
    },
    {
      "from": [
        7.975,
        9.75,
        -3.5
      ],
      "to": [
        8.025,
        13.75,
        7.5
      ],
      "rotation": {
        "angle": 0,
        "axis": "y",
        "origin": [
          7.975,
          0,
          0
        ]
      },
      "faces": {
        "east": {
          "uv": [
            8.8,
            0,
            0,
            3.2
          ],
          "texture": "#4"
        },
        "west": {
          "uv": [
            0,
            0,
            8.8,
            3.2
          ],
          "texture": "#4"
        }
      }
    },
    {
      "from": [
        7.3,
        11.51351,
        10.64029
      ],
      "to": [
        8.7,
        14.51351,
        11.64029
      ],
      "rotation": {
        "angle": 45,
        "axis": "x",
        "origin": [
          8,
          13.31351,
          11.24029
        ]
      },
      "faces": {
        "north": {
          "uv": [
            2.8,
            8,
            1.6,
            10.4
          ],
          "texture": "#4"
        },
        "east": {
          "uv": [
            9.6,
            8,
            8.8,
            10.4
          ],
          "texture": "#4"
        },
        "south": {
          "uv": [
            1.2,
            8,
            0,
            10.4
          ],
          "texture": "#4"
        },
        "west": {
          "uv": [
            10.4,
            0,
            9.6,
            2.4
          ],
          "texture": "#4"
        },
        "up": {
          "uv": [
            13.2,
            1.6,
            12,
            2.4
          ],
          "texture": "#4"
        },
        "down": {
          "uv": [
            13.2,
            3.2,
            12,
            2.4
          ],
          "texture": "#4"
        }
      }
    },
    {
      "from": [
        7.55,
        11.92931,
        10.70216
      ],
      "to": [
        8.45,
        15.42931,
        12.20216
      ],
      "rotation": {
        "angle": 22.5,
        "axis": "x",
        "origin": [
          8,
          12.72931,
          11.30216
        ]
      },
      "faces": {
        "north": {
          "uv": [
            9.6,
            0,
            8.8,
            2.8
          ],
          "texture": "#4"
        },
        "east": {
          "uv": [
            6,
            5,
            4.8,
            7.8
          ],
          "texture": "#4"
        },
        "south": {
          "uv": [
            8.8,
            8,
            8,
            10.8
          ],
          "texture": "#4"
        },
        "west": {
          "uv": [
            7.6,
            6.4,
            6.4,
            9.2
          ],
          "texture": "#4"
        },
        "up": {
          "uv": [
            4,
            12,
            3.2,
            13.2
          ],
          "texture": "#4"
        },
        "down": {
          "uv": [
            12.8,
            4.4,
            12,
            3.2
          ],
          "texture": "#4"
        }
      }
    },
    {
      "from": [
        7.5,
        12.02545,
        9.18164
      ],
      "to": [
        8.5,
        13.02545,
        10.93164
      ],
      "rotation": {
        "angle": 22.5,
        "axis": "x",
        "origin": [
          8,
          13.77545,
          11.43164
        ]
      },
      "faces": {
        "east": {
          "uv": [
            11.8,
            1.6,
            10.4,
            2.4
          ],
          "texture": "#4"
        },
        "west": {
          "uv": [
            10.2,
            10.4,
            8.8,
            11.2
          ],
          "texture": "#4"
        },
        "up": {
          "uv": [
            11.2,
            10.4,
            10.4,
            11.8
          ],
          "texture": "#4"
        },
        "down": {
          "uv": [
            7.2,
            12.6,
            6.4,
            11.2
          ],
          "texture": "#4"
        }
      }
    },
    {
      "from": [
        7.65,
        13.35,
        8.3
      ],
      "to": [
        8.35,
        13.85,
        10.3
      ],
      "rotation": {
        "angle": 22.5,
        "axis": "x",
        "origin": [
          7.5,
          12.35,
          10.3
        ]
      },
      "faces": {
        "east": {
          "uv": [
            15.2,
            4,
            13.6,
            4.4
          ],
          "texture": "#4"
        },
        "west": {
          "uv": [
            15.2,
            4.8,
            13.6,
            5.2
          ],
          "texture": "#4"
        },
        "up": {
          "uv": [
            4.6,
            12,
            4,
            13.6
          ],
          "texture": "#4"
        }
      }
    },
    {
      "from": [
        7.75,
        12.7,
        12.1
      ],
      "to": [
        8.25,
        13.7,
        15.1
      ],
      "rotation": {
        "angle": 0,
        "axis": "y",
        "origin": [
          0.75,
          0.7,
          16.35
        ]
      },
      "faces": {
        "east": {
          "uv": [
            12,
            2.4,
            9.6,
            3.2
          ],
          "texture": "#4"
        },
        "west": {
          "uv": [
            12,
            3.2,
            9.6,
            4
          ],
          "texture": "#4"
        },
        "up": {
          "uv": [
            5.2,
            12,
            4.8,
            14.4
          ],
          "texture": "#4"
        },
        "down": {
          "uv": [
            12.4,
            7.2,
            12,
            4.8
          ],
          "texture": "#4"
        }
      }
    },
    {
      "from": [
        7.75,
        12.16404,
        14.79448
      ],
      "to": [
        8.25,
        13.16404,
        16.79448
      ],
      "rotation": {
        "angle": 22.5,
        "axis": "x",
        "origin": [
          8,
          12.66404,
          16.29448
        ]
      },
      "faces": {
        "east": {
          "uv": [
            11.2,
            7.2,
            9.6,
            8
          ],
          "texture": "#4"
        },
        "south": {
          "uv": [
            14.8,
            5.6,
            14.4,
            6.4
          ],
          "texture": "#4"
        },
        "west": {
          "uv": [
            11.2,
            8,
            9.6,
            8.8
          ],
          "texture": "#4"
        },
        "up": {
          "uv": [
            4.4,
            13.6,
            4,
            15.2
          ],
          "texture": "#4"
        },
        "down": {
          "uv": [
            14,
            7.2,
            13.6,
            5.6
          ],
          "texture": "#4"
        }
      }
    },
    {
      "from": [
        7.975,
        9.75,
        8.5
      ],
      "to": [
        8.025,
        13.75,
        19.5
      ],
      "rotation": {
        "angle": 0,
        "axis": "y",
        "origin": [
          7.975,
          0,
          16
        ]
      },
      "faces": {
        "east": {
          "uv": [
            0,
            0,
            8.8,
            3.2
          ],
          "texture": "#4"
        },
        "west": {
          "uv": [
            8.8,
            0,
            0,
            3.2
          ],
          "texture": "#4"
        }
      }
    }
  ],
  "gui_light": "front",
  "display": {
    "thirdperson_righthand": {
      "translation": [
        0,
        3.5,
        1
      ]
    },
    "thirdperson_lefthand": {
      "translation": [
        0,
        3.5,
        1
      ]
    },
    "firstperson_righthand": {
      "rotation": [
        -10,
        0,
        0
      ],
      "translation": [
        0,
        5,
        0
      ]
    },
    "firstperson_lefthand": {
      "rotation": [
        -10,
        0,
        0
      ],
      "translation": [
        0,
        5,
        0
      ]
    },
    "ground": {
      "rotation": [
        45,
        0,
        0
      ],
      "translation": [
        0,
        12.25,
        0
      ]
    },
    "gui": {
      "rotation": [
        90,
        -45,
        90
      ],
      "translation": [
        0.75,
        -0.75,
        0
      ],
      "scale": [
        0.73828,
        0.73828,
        0.73828
      ]
    },
    "head": {
      "rotation": [
        0,
        90,
        0
      ],
      "translation": [
        0,
        -2,
        0
      ],
      "scale": [
        1.5,
        1.5,
        1.5
      ]
    },
    "fixed": {
      "rotation": [
        -90,
        90,
        90
      ],
      "translation": [
        0,
        0.25,
        -1.25
      ],
      "scale": [
        1.5,
        1.5,
        1.5
      ]
    }
  }
}