{
    "parent": "item/generated",
    "textures": {
        "layer0": "item/ink_sac"
    },
    "overrides": [
		{"predicate": {"custom_model_data":1}, "model": "littleroom_yeti:yeti_axe"},
		{"predicate": {"custom_model_data":2}, "model": "littleroom_yeti:yeti_hat"},
		{
      "predicate": {
        "custom_model_data": 10000
      },
      "model": "minecraft:blossom/blossom_staff"
    },
    {
      "predicate": {
        "custom_model_data": 10001
      },
      "model": "minecraft:blossom/blossom_crown"
    },
    {
      "predicate": {
        "custom_model_data": 10002
      },
      "model": "steampunk_v2:steampunk_v2/wings"
    },
    {
      "predicate": {
        "custom_model_data": 10003
      },
      "model": "item/ink_sac"
    }

        ]
}
