{
	"parent": "minecraft:item/generated",
	"textures": {
		"layer0": "minecraft:item/leather_horse_armor"
	},
	"overrides": [
		{
			"predicate": {
				"custom_model_data": 1
			},
			"model": "modelengine:bonfire/bonfire"
		},
		{
			"predicate": {
				"custom_model_data": 2
			},
			"model": "modelengine:bonfire_lit/bonfire"
		},
		{
			"predicate": {
				"custom_model_data": 3
			},
			"model": "modelengine:boost/ring"
		},
		{
			"predicate": {
				"custom_model_data": 4
			},
			"model": "modelengine:boost/icon"
		},
		{
			"predicate": {
				"custom_model_data": 5
			},
			"model": "modelengine:concussion/concussionring2"
		},
		{
			"predicate": {
				"custom_model_data": 6
			},
			"model": "modelengine:concussion/concussionring3"
		},
		{
			"predicate": {
				"custom_model_data": 7
			},
			"model": "modelengine:gokartblue/gokart"
		},
		{
			"predicate": {
				"custom_model_data": 8
			},
			"model": "modelengine:gokartblue/frontright"
		},
		{
			"predicate": {
				"custom_model_data": 9
			},
			"model": "modelengine:gokartblue/backright"
		},
		{
			"predicate": {
				"custom_model_data": 10
			},
			"model": "modelengine:gokartgreen/gokart"
		},
		{
			"predicate": {
				"custom_model_data": 11
			},
			"model": "modelengine:gokartgreen/frontright"
		},
		{
			"predicate": {
				"custom_model_data": 12
			},
			"model": "modelengine:gokartgreen/backright"
		},
		{
			"predicate": {
				"custom_model_data": 13
			},
			"model": "modelengine:gokartpink/gokart"
		},
		{
			"predicate": {
				"custom_model_data": 14
			},
			"model": "modelengine:gokartpink/frontright"
		},
		{
			"predicate": {
				"custom_model_data": 15
			},
			"model": "modelengine:gokartpink/backright"
		},
		{
			"predicate": {
				"custom_model_data": 16
			},
			"model": "modelengine:gokartpurple/gokart"
		},
		{
			"predicate": {
				"custom_model_data": 17
			},
			"model": "modelengine:gokartpurple/frontright"
		},
		{
			"predicate": {
				"custom_model_data": 18
			},
			"model": "modelengine:gokartpurple/backright"
		},
		{
			"predicate": {
				"custom_model_data": 19
			},
			"model": "modelengine:gokartred/gokart"
		},
		{
			"predicate": {
				"custom_model_data": 20
			},
			"model": "modelengine:gokartred/frontright"
		},
		{
			"predicate": {
				"custom_model_data": 21
			},
			"model": "modelengine:gokartred/backright"
		},
		{
			"predicate": {
				"custom_model_data": 22
			},
			"model": "modelengine:gokartyellow/gokart"
		},
		{
			"predicate": {
				"custom_model_data": 23
			},
			"model": "modelengine:gokartyellow/frontright"
		},
		{
			"predicate": {
				"custom_model_data": 24
			},
			"model": "modelengine:gokartyellow/backright"
		},
		{
			"predicate": {
				"custom_model_data": 25
			},
			"model": "modelengine:lr_yeti/torso"
		},
		{
			"predicate": {
				"custom_model_data": 26
			},
			"model": "modelengine:lr_yeti/head"
		},
		{
			"predicate": {
				"custom_model_data": 27
			},
			"model": "modelengine:lr_yeti/jaw"
		},
		{
			"predicate": {
				"custom_model_data": 28
			},
			"model": "modelengine:lr_yeti/left_arm"
		},
		{
			"predicate": {
				"custom_model_data": 29
			},
			"model": "modelengine:lr_yeti/left_forearm"
		},
		{
			"predicate": {
				"custom_model_data": 30
			},
			"model": "modelengine:lr_yeti/right_arm"
		},
		{
			"predicate": {
				"custom_model_data": 31
			},
			"model": "modelengine:lr_yeti/right_forearm"
		},
		{
			"predicate": {
				"custom_model_data": 32
			},
			"model": "modelengine:lr_yeti/left_leg"
		},
		{
			"predicate": {
				"custom_model_data": 33
			},
			"model": "modelengine:lr_yeti/left_shin"
		},
		{
			"predicate": {
				"custom_model_data": 34
			},
			"model": "modelengine:lr_yeti/left_foot"
		},
		{
			"predicate": {
				"custom_model_data": 35
			},
			"model": "modelengine:lr_yeti/right_leg"
		},
		{
			"predicate": {
				"custom_model_data": 36
			},
			"model": "modelengine:lr_yeti/right_shin"
		},
		{
			"predicate": {
				"custom_model_data": 37
			},
			"model": "modelengine:lr_yeti/right_foot"
		},
		{
			"predicate": {
				"custom_model_data": 38
			},
			"model": "modelengine:lr_yeti/necklace"
		},
		{
			"predicate": {
				"custom_model_data": 39
			},
			"model": "modelengine:lr_yeti/swipe_snow"
		},
		{
			"predicate": {
				"custom_model_data": 40
			},
			"model": "modelengine:lr_yeti/swipe_snow2"
		},
		{
			"predicate": {
				"custom_model_data": 41
			},
			"model": "modelengine:lr_yeti_chest/base"
		},
		{
			"predicate": {
				"custom_model_data": 42
			},
			"model": "modelengine:lr_yeti_chest/lid"
		},
		{
			"predicate": {
				"custom_model_data": 43
			},
			"model": "modelengine:lr_yeti_icespikes/spike"
		},
		{
			"predicate": {
				"custom_model_data": 44
			},
			"model": "modelengine:lr_yeti_snowball/body"
		},
		{
			"predicate": {
				"custom_model_data": 45
			},
			"model": "modelengine:lr_yeti_snowball_parts/body_3"
		},
		{
			"predicate": {
				"custom_model_data": 46
			},
			"model": "modelengine:lr_yeti_snowball_parts/body_4"
		},
		{
			"predicate": {
				"custom_model_data": 47
			},
			"model": "modelengine:lr_yeti_snowball_parts/body_5"
		},
		{
			"predicate": {
				"custom_model_data": 48
			},
			"model": "modelengine:lr_yeti_snowball_parts/swipe_snow"
		},
		{
			"predicate": {
				"custom_model_data": 49
			},
			"model": "modelengine:lr_yeti_snowball_parts/swipe_snow2"
		},
		{
			"predicate": {
				"custom_model_data": 50
			},
			"model": "modelengine:lr_yeti_snowball_parts/left_forearm_snow"
		},
		{
			"predicate": {
				"custom_model_data": 51
			},
			"model": "modelengine:lr_yeti_snowball_parts/torso"
		},
		{
			"predicate": {
				"custom_model_data": 52
			},
			"model": "modelengine:lr_yeti_snowball_parts/head"
		},
		{
			"predicate": {
				"custom_model_data": 53
			},
			"model": "modelengine:lr_yeti_snowball_parts/jaw"
		},
		{
			"predicate": {
				"custom_model_data": 54
			},
			"model": "modelengine:lr_yeti_snowball_parts/left_arm"
		},
		{
			"predicate": {
				"custom_model_data": 55
			},
			"model": "modelengine:lr_yeti_snowball_parts/left_forearm"
		},
		{
			"predicate": {
				"custom_model_data": 56
			},
			"model": "modelengine:lr_yeti_snowball_parts/right_arm"
		},
		{
			"predicate": {
				"custom_model_data": 57
			},
			"model": "modelengine:lr_yeti_snowball_parts/right_forearm"
		},
		{
			"predicate": {
				"custom_model_data": 58
			},
			"model": "modelengine:lr_yeti_snowball_parts/left_leg"
		},
		{
			"predicate": {
				"custom_model_data": 59
			},
			"model": "modelengine:lr_yeti_snowball_parts/left_shin"
		},
		{
			"predicate": {
				"custom_model_data": 60
			},
			"model": "modelengine:lr_yeti_snowball_parts/left_foot"
		},
		{
			"predicate": {
				"custom_model_data": 61
			},
			"model": "modelengine:lr_yeti_snowball_parts/right_leg"
		},
		{
			"predicate": {
				"custom_model_data": 62
			},
			"model": "modelengine:lr_yeti_snowball_parts/right_shin"
		},
		{
			"predicate": {
				"custom_model_data": 63
			},
			"model": "modelengine:lr_yeti_snowball_parts/right_foot"
		},
		{
			"predicate": {
				"custom_model_data": 64
			},
			"model": "modelengine:lr_yeti_snowball_parts/necklace"
		},
		{
			"predicate": {
				"custom_model_data": 65
			},
			"model": "modelengine:lr_yeti_snowball_parts/left_forearm_snow_damaged"
		},
		{
			"predicate": {
				"custom_model_data": 66
			},
			"model": "modelengine:magnus/head"
		},
		{
			"predicate": {
				"custom_model_data": 67
			},
			"model": "modelengine:magnus/right_arm"
		},
		{
			"predicate": {
				"custom_model_data": 68
			},
			"model": "modelengine:magnus/right_hand"
		},
		{
			"predicate": {
				"custom_model_data": 69
			},
			"model": "modelengine:magnus/right_forearm"
		},
		{
			"predicate": {
				"custom_model_data": 70
			},
			"model": "modelengine:magnus/left_arm"
		},
		{
			"predicate": {
				"custom_model_data": 71
			},
			"model": "modelengine:magnus/left_hand"
		},
		{
			"predicate": {
				"custom_model_data": 72
			},
			"model": "modelengine:magnus/left_forearm"
		},
		{
			"predicate": {
				"custom_model_data": 73
			},
			"model": "modelengine:magnus/right_leg"
		},
		{
			"predicate": {
				"custom_model_data": 74
			},
			"model": "modelengine:magnus/right_foot"
		},
		{
			"predicate": {
				"custom_model_data": 75
			},
			"model": "modelengine:magnus/left_leg"
		},
		{
			"predicate": {
				"custom_model_data": 76
			},
			"model": "modelengine:magnus/left_foot"
		},
		{
			"predicate": {
				"custom_model_data": 77
			},
			"model": "modelengine:magnus/magnus"
		},
		{
			"predicate": {
				"custom_model_data": 78
			},
			"model": "modelengine:magnus/cape"
		},
		{
			"predicate": {
				"custom_model_data": 79
			},
			"model": "modelengine:magnus/cape2"
		},
		{
			"predicate": {
				"custom_model_data": 80
			},
			"model": "modelengine:magnus/cape3"
		},
		{
			"predicate": {
				"custom_model_data": 81
			},
			"model": "modelengine:magnus/cape4"
		},
		{
			"predicate": {
				"custom_model_data": 82
			},
			"model": "modelengine:magnus_fx/head"
		},
		{
			"predicate": {
				"custom_model_data": 83
			},
			"model": "modelengine:magnus_fx/right_arm"
		},
		{
			"predicate": {
				"custom_model_data": 84
			},
			"model": "modelengine:magnus_fx/right_hand"
		},
		{
			"predicate": {
				"custom_model_data": 85
			},
			"model": "modelengine:magnus_fx/right_hand_nosword"
		},
		{
			"predicate": {
				"custom_model_data": 86
			},
			"model": "modelengine:magnus_fx/right_forearm"
		},
		{
			"predicate": {
				"custom_model_data": 87
			},
			"model": "modelengine:magnus_fx/left_arm"
		},
		{
			"predicate": {
				"custom_model_data": 88
			},
			"model": "modelengine:magnus_fx/left_hand"
		},
		{
			"predicate": {
				"custom_model_data": 89
			},
			"model": "modelengine:magnus_fx/left_forearm"
		},
		{
			"predicate": {
				"custom_model_data": 90
			},
			"model": "modelengine:magnus_fx/right_leg"
		},
		{
			"predicate": {
				"custom_model_data": 91
			},
			"model": "modelengine:magnus_fx/right_foot"
		},
		{
			"predicate": {
				"custom_model_data": 92
			},
			"model": "modelengine:magnus_fx/left_leg"
		},
		{
			"predicate": {
				"custom_model_data": 93
			},
			"model": "modelengine:magnus_fx/left_foot"
		},
		{
			"predicate": {
				"custom_model_data": 94
			},
			"model": "modelengine:magnus_fx/magnus"
		},
		{
			"predicate": {
				"custom_model_data": 95
			},
			"model": "modelengine:magnus_fx/cape"
		},
		{
			"predicate": {
				"custom_model_data": 96
			},
			"model": "modelengine:magnus_fx/cape2"
		},
		{
			"predicate": {
				"custom_model_data": 97
			},
			"model": "modelengine:magnus_fx/cape3"
		},
		{
			"predicate": {
				"custom_model_data": 98
			},
			"model": "modelengine:magnus_fx/cape4"
		},
		{
			"predicate": {
				"custom_model_data": 99
			},
			"model": "modelengine:magnus_sword/right_hand"
		},
		{
			"predicate": {
				"custom_model_data": 100
			},
			"model": "modelengine:nocsy_otter_v2/body"
		},
		{
			"predicate": {
				"custom_model_data": 101
			},
			"model": "modelengine:nocsy_otter_v2/tail"
		},
		{
			"predicate": {
				"custom_model_data": 102
			},
			"model": "modelengine:nocsy_otter_v2/head"
		},
		{
			"predicate": {
				"custom_model_data": 103
			},
			"model": "modelengine:nocsy_otter_v2/front_leg_left"
		},
		{
			"predicate": {
				"custom_model_data": 104
			},
			"model": "modelengine:nocsy_otter_v2/front_leg_right"
		},
		{
			"predicate": {
				"custom_model_data": 105
			},
			"model": "modelengine:nocsy_otter_v2/back_leg_left"
		},
		{
			"predicate": {
				"custom_model_data": 106
			},
			"model": "modelengine:nocsy_otter_v2/back_leg_right"
		},
		{
			"predicate": {
				"custom_model_data": 107
			},
			"model": "modelengine:repair/ring"
		},
		{
			"predicate": {
				"custom_model_data": 108
			},
			"model": "modelengine:repair/icon"
		},
		{
			"predicate": {
				"custom_model_data": 109
			},
			"model": "modelengine:soulknight/cape"
		},
		{
			"predicate": {
				"custom_model_data": 110
			},
			"model": "modelengine:soulknight/cape2"
		},
		{
			"predicate": {
				"custom_model_data": 111
			},
			"model": "modelengine:soulknight/cape3"
		},
		{
			"predicate": {
				"custom_model_data": 112
			},
			"model": "modelengine:soulknight/body"
		},
		{
			"predicate": {
				"custom_model_data": 113
			},
			"model": "modelengine:soulknight/belly"
		},
		{
			"predicate": {
				"custom_model_data": 114
			},
			"model": "modelengine:soulknight/head"
		},
		{
			"predicate": {
				"custom_model_data": 115
			},
			"model": "modelengine:soulknight/leftarm"
		},
		{
			"predicate": {
				"custom_model_data": 116
			},
			"model": "modelengine:soulknight/leftfrontarm"
		},
		{
			"predicate": {
				"custom_model_data": 117
			},
			"model": "modelengine:soulknight/lefthand"
		},
		{
			"predicate": {
				"custom_model_data": 118
			},
			"model": "modelengine:soulknight/sword"
		},
		{
			"predicate": {
				"custom_model_data": 119
			},
			"model": "modelengine:soulknight/swordedge"
		},
		{
			"predicate": {
				"custom_model_data": 120
			},
			"model": "modelengine:soulknight/rightarm"
		},
		{
			"predicate": {
				"custom_model_data": 121
			},
			"model": "modelengine:soulknight/rightfrontarm"
		},
		{
			"predicate": {
				"custom_model_data": 122
			},
			"model": "modelengine:soulknight/righthand"
		},
		{
			"predicate": {
				"custom_model_data": 123
			},
			"model": "modelengine:soulknight/spear_tip"
		},
		{
			"predicate": {
				"custom_model_data": 124
			},
			"model": "modelengine:soulknight/spear"
		},
		{
			"predicate": {
				"custom_model_data": 125
			},
			"model": "modelengine:soulknight/hip"
		},
		{
			"predicate": {
				"custom_model_data": 126
			},
			"model": "modelengine:soulknight/leftleg"
		},
		{
			"predicate": {
				"custom_model_data": 127
			},
			"model": "modelengine:soulknight/leftfrontleg"
		},
		{
			"predicate": {
				"custom_model_data": 128
			},
			"model": "modelengine:soulknight/leftfoot"
		},
		{
			"predicate": {
				"custom_model_data": 129
			},
			"model": "modelengine:soulknight/rightleg"
		},
		{
			"predicate": {
				"custom_model_data": 130
			},
			"model": "modelengine:soulknight/rightfrontleg"
		},
		{
			"predicate": {
				"custom_model_data": 131
			},
			"model": "modelengine:soulknight/rightfoot"
		},
		{
			"predicate": {
				"custom_model_data": 132
			},
			"model": "modelengine:soulknight_withhorse/cape"
		},
		{
			"predicate": {
				"custom_model_data": 133
			},
			"model": "modelengine:soulknight_withhorse/cape2"
		},
		{
			"predicate": {
				"custom_model_data": 134
			},
			"model": "modelengine:soulknight_withhorse/cape3"
		},
		{
			"predicate": {
				"custom_model_data": 135
			},
			"model": "modelengine:soulknight_withhorse/body"
		},
		{
			"predicate": {
				"custom_model_data": 136
			},
			"model": "modelengine:soulknight_withhorse/belly"
		},
		{
			"predicate": {
				"custom_model_data": 137
			},
			"model": "modelengine:soulknight_withhorse/head"
		},
		{
			"predicate": {
				"custom_model_data": 138
			},
			"model": "modelengine:soulknight_withhorse/leftarm"
		},
		{
			"predicate": {
				"custom_model_data": 139
			},
			"model": "modelengine:soulknight_withhorse/leftfrontarm"
		},
		{
			"predicate": {
				"custom_model_data": 140
			},
			"model": "modelengine:soulknight_withhorse/lefthand"
		},
		{
			"predicate": {
				"custom_model_data": 141
			},
			"model": "modelengine:soulknight_withhorse/rightarm"
		},
		{
			"predicate": {
				"custom_model_data": 142
			},
			"model": "modelengine:soulknight_withhorse/rightfrontarm"
		},
		{
			"predicate": {
				"custom_model_data": 143
			},
			"model": "modelengine:soulknight_withhorse/righthand"
		},
		{
			"predicate": {
				"custom_model_data": 144
			},
			"model": "modelengine:soulknight_withhorse/spear_tip"
		},
		{
			"predicate": {
				"custom_model_data": 145
			},
			"model": "modelengine:soulknight_withhorse/spear"
		},
		{
			"predicate": {
				"custom_model_data": 146
			},
			"model": "modelengine:soulknight_withhorse/hip"
		},
		{
			"predicate": {
				"custom_model_data": 147
			},
			"model": "modelengine:soulknight_withhorse/leftleg"
		},
		{
			"predicate": {
				"custom_model_data": 148
			},
			"model": "modelengine:soulknight_withhorse/leftfrontleg"
		},
		{
			"predicate": {
				"custom_model_data": 149
			},
			"model": "modelengine:soulknight_withhorse/rightleg"
		},
		{
			"predicate": {
				"custom_model_data": 150
			},
			"model": "modelengine:soulknight_withhorse/rightfrontleg"
		},
		{
			"predicate": {
				"custom_model_data": 151
			},
			"model": "modelengine:soulknight_withhorse/neck1"
		},
		{
			"predicate": {
				"custom_model_data": 152
			},
			"model": "modelengine:soulknight_withhorse/horsehead"
		},
		{
			"predicate": {
				"custom_model_data": 153
			},
			"model": "modelengine:soulknight_withhorse/jaw"
		},
		{
			"predicate": {
				"custom_model_data": 154
			},
			"model": "modelengine:soulknight_withhorse/neck2"
		},
		{
			"predicate": {
				"custom_model_data": 155
			},
			"model": "modelengine:soulknight_withhorse/horsebody"
		},
		{
			"predicate": {
				"custom_model_data": 156
			},
			"model": "modelengine:soulknight_withhorse/horse_leftleg"
		},
		{
			"predicate": {
				"custom_model_data": 157
			},
			"model": "modelengine:soulknight_withhorse/horse_leftfrontleg"
		},
		{
			"predicate": {
				"custom_model_data": 158
			},
			"model": "modelengine:soulknight_withhorse/horse_leftfoot"
		},
		{
			"predicate": {
				"custom_model_data": 159
			},
			"model": "modelengine:soulknight_withhorse/horse_rightleg"
		},
		{
			"predicate": {
				"custom_model_data": 160
			},
			"model": "modelengine:soulknight_withhorse/horse_rightfrontleg"
		},
		{
			"predicate": {
				"custom_model_data": 161
			},
			"model": "modelengine:soulknight_withhorse/horse_rightfoot"
		},
		{
			"predicate": {
				"custom_model_data": 162
			},
			"model": "modelengine:soulknight_withhorse/horsehip"
		},
		{
			"predicate": {
				"custom_model_data": 163
			},
			"model": "modelengine:soulknight_withhorse/horse_leftbackleg"
		},
		{
			"predicate": {
				"custom_model_data": 164
			},
			"model": "modelengine:soulknight_withhorse/horse_leftbackfrontleg"
		},
		{
			"predicate": {
				"custom_model_data": 165
			},
			"model": "modelengine:soulknight_withhorse/horse_leftbackfoot"
		},
		{
			"predicate": {
				"custom_model_data": 166
			},
			"model": "modelengine:soulknight_withhorse/horse_rightbackleg"
		},
		{
			"predicate": {
				"custom_model_data": 167
			},
			"model": "modelengine:soulknight_withhorse/horse_rightbackfrontleg"
		},
		{
			"predicate": {
				"custom_model_data": 168
			},
			"model": "modelengine:soulknight_withhorse/horse_rightbackfoot"
		},
		{
			"predicate": {
				"custom_model_data": 169
			},
			"model": "modelengine:soulknight_withhorse/tail3"
		},
		{
			"predicate": {
				"custom_model_data": 170
			},
			"model": "modelengine:soulknight_withhorse/tail2"
		},
		{
			"predicate": {
				"custom_model_data": 171
			},
			"model": "modelengine:soulknight_withhorse/tail"
		},
		{
			"predicate": {
				"custom_model_data": 172
			},
			"model": "modelengine:stomp_shockwave/debris1"
		},
		{
			"predicate": {
				"custom_model_data": 173
			},
			"model": "modelengine:stomp_shockwave/debris2"
		},
		{
			"predicate": {
				"custom_model_data": 174
			},
			"model": "modelengine:stomp_shockwave/debris3"
		},
		{
			"predicate": {
				"custom_model_data": 175
			},
			"model": "modelengine:stomp_shockwave/debris4"
		},
		{
			"predicate": {
				"custom_model_data": 176
			},
			"model": "modelengine:stomp_shockwave/debris5"
		},
		{
			"predicate": {
				"custom_model_data": 177
			},
			"model": "modelengine:stomp_shockwave/debris6"
		},
		{
			"predicate": {
				"custom_model_data": 178
			},
			"model": "modelengine:stomp_shockwave/lightbeam_med"
		},
		{
			"predicate": {
				"custom_model_data": 179
			},
			"model": "modelengine:stomp_shockwave/lightbeam_far"
		},
		{
			"predicate": {
				"custom_model_data": 180
			},
			"model": "modelengine:stomp_shockwave/lightbeam_close"
		},
		{
			"predicate": {
				"custom_model_data": 181
			},
			"model": "modelengine:stomp_shockwave/spike1"
		},
		{
			"predicate": {
				"custom_model_data": 182
			},
			"model": "modelengine:stomp_shockwave/spike2"
		},
		{
			"predicate": {
				"custom_model_data": 183
			},
			"model": "modelengine:stomp_shockwave/spike3"
		},
		{
			"predicate": {
				"custom_model_data": 184
			},
			"model": "modelengine:stomp_shockwave/spike4"
		},
		{
			"predicate": {
				"custom_model_data": 185
			},
			"model": "modelengine:stomp_shockwave/spike5"
		},
		{
			"predicate": {
				"custom_model_data": 186
			},
			"model": "modelengine:stomp_shockwave/spike6"
		},
		{
			"predicate": {
				"custom_model_data": 187
			},
			"model": "modelengine:tubeman_chicken/base"
		},
		{
			"predicate": {
				"custom_model_data": 188
			},
			"model": "modelengine:tubeman_chicken/middle"
		},
		{
			"predicate": {
				"custom_model_data": 189
			},
			"model": "modelengine:tubeman_chicken/head"
		},
		{
			"predicate": {
				"custom_model_data": 190
			},
			"model": "modelengine:tubeman_chicken/bicep"
		},
		{
			"predicate": {
				"custom_model_data": 191
			},
			"model": "modelengine:tubeman_chicken/forearm"
		},
		{
			"predicate": {
				"custom_model_data": 192
			},
			"model": "modelengine:tubeman_chicken/bicep2"
		},
		{
			"predicate": {
				"custom_model_data": 193
			},
			"model": "modelengine:tubeman_chicken/forearm2"
		},
		{
			"predicate": {
				"custom_model_data": 194
			},
			"model": "modelengine:tubeman_creeper/base"
		},
		{
			"predicate": {
				"custom_model_data": 195
			},
			"model": "modelengine:tubeman_creeper/middle"
		},
		{
			"predicate": {
				"custom_model_data": 196
			},
			"model": "modelengine:tubeman_creeper/head"
		},
		{
			"predicate": {
				"custom_model_data": 197
			},
			"model": "modelengine:tubeman_creeper/bicep"
		},
		{
			"predicate": {
				"custom_model_data": 198
			},
			"model": "modelengine:tubeman_creeper/forearm"
		},
		{
			"predicate": {
				"custom_model_data": 199
			},
			"model": "modelengine:tubeman_creeper/bicep2"
		},
		{
			"predicate": {
				"custom_model_data": 200
			},
			"model": "modelengine:tubeman_creeper/forearm2"
		},
		{
			"predicate": {
				"custom_model_data": 201
			},
			"model": "modelengine:tubeman_red/base"
		},
		{
			"predicate": {
				"custom_model_data": 202
			},
			"model": "modelengine:tubeman_red/middle"
		},
		{
			"predicate": {
				"custom_model_data": 203
			},
			"model": "modelengine:tubeman_red/head"
		},
		{
			"predicate": {
				"custom_model_data": 204
			},
			"model": "modelengine:tubeman_red/bicep"
		},
		{
			"predicate": {
				"custom_model_data": 205
			},
			"model": "modelengine:tubeman_red/forearm"
		},
		{
			"predicate": {
				"custom_model_data": 206
			},
			"model": "modelengine:tubeman_red/bicep2"
		},
		{
			"predicate": {
				"custom_model_data": 207
			},
			"model": "modelengine:tubeman_red/forearm2"
		},
		{
			"predicate": {
				"custom_model_data": 208
			},
			"model": "modelengine:tubeman_steve/base"
		},
		{
			"predicate": {
				"custom_model_data": 209
			},
			"model": "modelengine:tubeman_steve/middle"
		},
		{
			"predicate": {
				"custom_model_data": 210
			},
			"model": "modelengine:tubeman_steve/head"
		},
		{
			"predicate": {
				"custom_model_data": 211
			},
			"model": "modelengine:tubeman_steve/bicep"
		},
		{
			"predicate": {
				"custom_model_data": 212
			},
			"model": "modelengine:tubeman_steve/forearm"
		},
		{
			"predicate": {
				"custom_model_data": 213
			},
			"model": "modelengine:tubeman_steve/bicep2"
		},
		{
			"predicate": {
				"custom_model_data": 214
			},
			"model": "modelengine:tubeman_steve/forearm2"
		},
		{
			"predicate": {
				"custom_model_data": 1000
			},
			"model": "modelengine:mso_tornado/bone"
		},
		{
			"predicate": {
				"custom_model_data": 1001
			},
			"model": "modelengine:mso_tornado/bone2"
		},
		{
			"predicate": {
				"custom_model_data": 1002
			},
			"model": "modelengine:mso_tornado/bone3"
		},
		{
			"predicate": {
				"custom_model_data": 1003
			},
			"model": "modelengine:mso_tornado/bone4"
		},
		{
			"predicate": {
				"custom_model_data": 1004
			},
			"model": "modelengine:mso_tornado/bone5"
		},
		{
			"predicate": {
				"custom_model_data": 1005
			},
			"model": "modelengine:mso_zeus/head"
		},
		{
			"predicate": {
				"custom_model_data": 1006
			},
			"model": "modelengine:mso_zeus/beard2"
		},
		{
			"predicate": {
				"custom_model_data": 1007
			},
			"model": "modelengine:mso_zeus/beard"
		},
		{
			"predicate": {
				"custom_model_data": 1008
			},
			"model": "modelengine:mso_zeus/left_hand"
		},
		{
			"predicate": {
				"custom_model_data": 1009
			},
			"model": "modelengine:mso_zeus/shield"
		},
		{
			"predicate": {
				"custom_model_data": 1010
			},
			"model": "modelengine:mso_zeus/left_elbow"
		},
		{
			"predicate": {
				"custom_model_data": 1011
			},
			"model": "modelengine:mso_zeus/left_arm"
		},
		{
			"predicate": {
				"custom_model_data": 1012
			},
			"model": "modelengine:mso_zeus/jolt"
		},
		{
			"predicate": {
				"custom_model_data": 1013
			},
			"model": "modelengine:mso_zeus/right_hand"
		},
		{
			"predicate": {
				"custom_model_data": 1014
			},
			"model": "modelengine:mso_zeus/right_elbow"
		},
		{
			"predicate": {
				"custom_model_data": 1015
			},
			"model": "modelengine:mso_zeus/right_arm"
		},
		{
			"predicate": {
				"custom_model_data": 1016
			},
			"model": "modelengine:mso_zeus/chest"
		},
		{
			"predicate": {
				"custom_model_data": 1017
			},
			"model": "modelengine:mso_zeus/spine"
		},
		{
			"predicate": {
				"custom_model_data": 1018
			},
			"model": "modelengine:mso_zeus/left_foot"
		},
		{
			"predicate": {
				"custom_model_data": 1019
			},
			"model": "modelengine:mso_zeus/left_knee"
		},
		{
			"predicate": {
				"custom_model_data": 1020
			},
			"model": "modelengine:mso_zeus/left_leg"
		},
		{
			"predicate": {
				"custom_model_data": 1021
			},
			"model": "modelengine:mso_zeus/right_foot"
		},
		{
			"predicate": {
				"custom_model_data": 1022
			},
			"model": "modelengine:mso_zeus/right_knee"
		},
		{
			"predicate": {
				"custom_model_data": 1023
			},
			"model": "modelengine:mso_zeus/right_leg"
		},
		{
			"predicate": {
				"custom_model_data": 1024
			},
			"model": "modelengine:mso_zeus/left_cloth_tip"
		},
		{
			"predicate": {
				"custom_model_data": 1025
			},
			"model": "modelengine:mso_zeus/left_cloth"
		},
		{
			"predicate": {
				"custom_model_data": 1026
			},
			"model": "modelengine:mso_zeus/right_cloth_tip"
		},
		{
			"predicate": {
				"custom_model_data": 1027
			},
			"model": "modelengine:mso_zeus/right_cloth"
		},
		{
			"predicate": {
				"custom_model_data": 1028
			},
			"model": "modelengine:mso_zeus/left_back_cloth_tip"
		},
		{
			"predicate": {
				"custom_model_data": 1029
			},
			"model": "modelengine:mso_zeus/left_back_cloth"
		},
		{
			"predicate": {
				"custom_model_data": 1030
			},
			"model": "modelengine:mso_zeus/right_back_cloth_tip"
		},
		{
			"predicate": {
				"custom_model_data": 1031
			},
			"model": "modelengine:mso_zeus/right_back_cloth"
		},
		{
			"predicate": {
				"custom_model_data": 1032
			},
			"model": "modelengine:mso_zeus/left_front_cloth_tip"
		},
		{
			"predicate": {
				"custom_model_data": 1033
			},
			"model": "modelengine:mso_zeus/left_front_cloth"
		},
		{
			"predicate": {
				"custom_model_data": 1034
			},
			"model": "modelengine:mso_zeus/right_front_cloth_tip"
		},
		{
			"predicate": {
				"custom_model_data": 1035
			},
			"model": "modelengine:mso_zeus/right_front_cloth"
		},
		{
			"predicate": {
				"custom_model_data": 1036
			},
			"model": "modelengine:mso_zeus/hip"
		},
		{
			"predicate": {
				"custom_model_data": 10001
			},
			"model": "minehammer:item/cosmetics/summer_disco"
		},
		{
			"predicate": {
				"custom_model_data": 10002
			},
			"model": "minehammer:item/cosmetics/newyear_balloon"
		},
		{
			"predicate": {
				"custom_model_data": 10003
			},
			"model": "minehammer:item/cosmetics/heartballoon"
		},
		{
			"predicate": {
				"custom_model_data": 10004
			},
			"model": "minecraft:item/leather_horse_armor"
		}
	]
}