{
    "providers":[
        {"type":"bitmap","file":"minehammer:prefixes/owner.png","ascent":8,"height":8,"chars":["\ue100"]},
        {"type":"bitmap","file":"minehammer:prefixes/manager.png","ascent":8,"height":8,"chars":["\ue101"]},
        {"type":"bitmap","file":"minehammer:prefixes/admin.png","ascent":8,"height":8,"chars":["\ue102"]},
        {"type":"bitmap","file":"minehammer:prefixes/srmod.png","ascent":8,"height":8,"chars":["\ue103"]},
        {"type":"bitmap","file":"minehammer:prefixes/mod.png","ascent":8,"height":8,"chars":["\ue104"]},
        {"type":"bitmap","file":"minehammer:prefixes/guide.png","ascent":8,"height":8,"chars":["\ue105"]},
        {"type":"bitmap","file":"minehammer:prefixes/player.png","ascent":7,"height":7,"chars":["\ue106"]},
        {"type":"bitmap","file":"minehammer:prefixes/melon.png","ascent":7,"height":7,"chars":["\ue107"]},
        {"type":"bitmap","file":"minehammer:prefixes/kiwi.png","ascent":7,"height":7,"chars":["\ue108"]},
        {"type":"bitmap","file":"minehammer:prefixes/coconut.png","ascent":7,"height":7,"chars":["\ue109"]},
        {"type":"bitmap","file":"minehammer:prefixes/banana.png","ascent":7,"height":7,"chars":["\ue10a"]},
        {"type":"bitmap","file":"minehammer:prefixes/strawberry.png","ascent":7,"height":7,"chars":["\ue10b"]},
        {"type":"bitmap","file":"minehammer:prefixes/discord.png","ascent":7,"height":7,"chars":["\ue110"]},
        {"type":"bitmap","file":"minehammer:prefixes/admintag.png","ascent":7,"height":7,"chars":["\ue111"]},
        {"type":"bitmap","file":"minehammer:prefixes/ownertag.png","ascent":7,"height":7,"chars":["\ue112"]},
        {"type":"bitmap","file":"minehammer:prefixes/modtag.png","ascent":7,"height":7,"chars":["\ue113"]},
	{"type":"bitmap","file":"minehammer:prefixes/guidetag.png","ascent":7,"height":7,"chars":["\ue114"]},
	{"type":"bitmap","file":"minehammer:prefixes/coaltag.png","ascent":7,"height":7,"chars":["\ue115"]},
	{"type":"bitmap","file":"minehammer:prefixes/irontag.png","ascent":7,"height":7,"chars":["\ue116"]},
	{"type":"bitmap","file":"minehammer:prefixes/goldtag.png","ascent":7,"height":7,"chars":["\ue117"]},
	{"type":"bitmap","file":"minehammer:prefixes/emeraldtag.png","ascent":7,"height":7,"chars":["\ue118"]},
	{"type":"bitmap","file":"minehammer:prefixes/diamondtag.png","ascent":7,"height":7,"chars":["\ue119"]},
	{"type":"bitmap","file":"minehammer:prefixes/coal.png","ascent":7,"height":7,"chars":["\ue120"]},
	{"type":"bitmap","file":"minehammer:prefixes/iron.png","ascent":7,"height":7,"chars":["\ue121"]},
	{"type":"bitmap","file":"minehammer:prefixes/gold.png","ascent":7,"height":7,"chars":["\ue122"]},
	{"type":"bitmap","file":"minehammer:prefixes/emerald.png","ascent":7,"height":7,"chars":["\ue123"]},
	{"type":"bitmap","file":"minehammer:prefixes/diamond.png","ascent":7,"height":7,"chars":["\ue124"]},
	{"type":"bitmap","file":"minehammer:prefixes/playericon.png","ascent":7,"height":7,"chars":["\ue125"]},
	{"type":"bitmap","file":"minehammer:prefixes/media.png","ascent":7,"height":7,"chars":["\ue126"]},
	{"type":"bitmap","file":"minehammer:prefixes/mediatag.png","ascent":7,"height":7,"chars":["\ue127"]},
	{"type":"bitmap","file":"minehammer:prefixes/playericonp.png","ascent":7,"height":7,"chars":["\ue128"]},
	{"type":"bitmap","file":"minehammer:prefixes/npctag.png","ascent":7,"height":7,"chars":["\ue129"]},
	{"type":"bitmap","file":"minehammer:emojis/blocked.png","ascent":7,"height":7,"chars":["\ue131"]},
	{"type":"bitmap","file":"minehammer:emojis/chilledout.png","ascent":7,"height":7,"chars":["\ue132"]},
	{"type":"bitmap","file":"minehammer:emojis/earth.png","ascent":7,"height":7,"chars":["\ue133"]},
	{"type":"bitmap","file":"minehammer:emojis/eyes.png","ascent":7,"height":7,"chars":["\ue134"]},
	{"type":"bitmap","file":"minehammer:emojis/gg.png","ascent":7,"height":7,"chars":["\ue135"]},
	{"type":"bitmap","file":"minehammer:emojis/hearteyes.png","ascent":7,"height":7,"chars":["\ue136"]},
	{"type":"bitmap","file":"minehammer:emojis/kiss.png","ascent":7,"height":7,"chars":["\ue137"]},
	{"type":"bitmap","file":"minehammer:emojis/love.png","ascent":7,"height":7,"chars":["\ue138"]},
	{"type":"bitmap","file":"minehammer:emojis/money.png","ascent":7,"height":7,"chars":["\ue139"]},
	{"type":"bitmap","file":"minehammer:emojis/moneyeyes.png","ascent":7,"height":7,"chars":["\ue140"]},
	{"type":"bitmap","file":"minehammer:emojis/scream.png","ascent":7,"height":7,"chars":["\ue141"]},
	{"type":"bitmap","file":"minehammer:emojis/skull.png","ascent":7,"height":7,"chars":["\ue142"]},
	{"type":"bitmap","file":"minehammer:emojis/smile.png","ascent":7,"height":7,"chars":["\ue143"]},
	{"type":"bitmap","file":"minehammer:emojis/smilingimp.png","ascent":7,"height":7,"chars":["\ue144"]},
	{"type":"bitmap","file":"minehammer:emojis/smirk.png","ascent":7,"height":7,"chars":["\ue145"]},
	{"type":"bitmap","file":"minehammer:emojis/sunglasses.png","ascent":7,"height":7,"chars":["\ue146"]},
	{"type":"bitmap","file":"minehammer:emojis/sunny.png","ascent":7,"height":7,"chars":["\ue147"]},
	{"type":"bitmap","file":"minehammer:emojis/sus.png","ascent":7,"height":7,"chars":["\ue148"]},
	{"type":"bitmap","file":"minehammer:emojis/rederror.png","ascent":7,"height":7,"chars":["\ue149"]},
	{"type":"bitmap","file":"minehammer:emojis/blueerror.png","ascent":7,"height":7,"chars":["\ue150"]},
	{"type":"bitmap","file":"minehammer:emojis/chaticon.png","ascent":7,"height":7,"chars":["\ue151"]},
	{"type":"bitmap","file":"minehammer:misc/minehammerlogo.png","ascent":55,"height":55,"chars":["\ue152"]}
    ]
}