{"textures":{"5":"modelengine:entity/gokart_red","7":"modelengine:entity/gokart_logo1"},"elements":[{"from":[4.055749,9.085428,1.0290203],"to":[12.05575,9.085428,5.029021],"rotation":{"angle":-22.5,"axis":"x","origin":[7.770035,6.4568567,1.9433064]},"faces":{"east":{"uv":[1.125,11.125,2.25,12.25],"rotation":0,"texture":"#7","tintindex":0},"south":{"uv":[5.75,0.0,8.25,1.125],"rotation":0,"texture":"#7","tintindex":0},"north":{"uv":[3.75,5.625,6.25,6.75],"rotation":0,"texture":"#7","tintindex":0},"west":{"uv":[2.25,11.125,3.375,12.25],"rotation":0,"texture":"#7","tintindex":0},"up":{"uv":[16.0,6.625,0.0,0.0],"rotation":0,"texture":"#7","tintindex":0},"down":{"uv":[2.5,0.0,0.0,1.125],"rotation":0,"texture":"#7","tintindex":0}}},{"from":[4.055749,4.0909905,-0.09139824],"to":[12.05575,8.090991,-0.09139824],"rotation":{"angle":45.0,"axis":"x","origin":[7.770035,8.090991,0.5371728]},"faces":{"east":{"uv":[1.75,7.5,2.375,8.625],"rotation":0,"texture":"#7","tintindex":0},"south":{"uv":[0.0,0.0,2.5,1.125],"rotation":0,"texture":"#7","tintindex":0},"north":{"uv":[0.0,6.75,16.0,16.0],"rotation":0,"texture":"#7","tintindex":0},"west":{"uv":[12.125,11.375,12.75,12.5],"rotation":0,"texture":"#7","tintindex":0},"up":{"uv":[12.625,1.625,10.125,1.0],"rotation":0,"texture":"#7","tintindex":0},"down":{"uv":[12.625,3.0,10.125,3.625],"rotation":0,"texture":"#7","tintindex":0}}},{"from":[0.05574894,3.5290427,3.1428561],"to":[16.05575,6.3861856,5.999999],"rotation":{"angle":0.0,"axis":"y","origin":[0.05574894,1.8147569,9.714285]},"faces":{"east":{"uv":[14.0,11.75,14.625,12.375],"rotation":0,"texture":"#5","tintindex":0},"south":{"uv":[8.75,6.0,12.25,6.625],"rotation":0,"texture":"#5","tintindex":0},"north":{"uv":[8.75,5.375,12.25,6.0],"rotation":0,"texture":"#5","tintindex":0},"west":{"uv":[14.0,13.75,14.625,14.375],"rotation":0,"texture":"#5","tintindex":0},"up":{"uv":[12.75,9.25,9.25,8.625],"rotation":0,"texture":"#5","tintindex":0},"down":{"uv":[12.75,9.25,9.25,9.875],"rotation":0,"texture":"#5","tintindex":0}}},{"from":[-0.5156803,4.1004715,8.571428],"to":[2.9128919,6.957614,16.571428],"rotation":{"angle":0.0,"axis":"y","origin":[-0.5156803,1.8147569,9.714285]},"faces":{"east":{"uv":[0.0,10.125,1.75,10.75],"rotation":0,"texture":"#5","tintindex":0},"south":{"uv":[13.75,11.125,14.5,11.75],"rotation":0,"texture":"#5","tintindex":0},"north":{"uv":[13.75,8.75,14.5,9.375],"rotation":0,"texture":"#5","tintindex":0},"west":{"uv":[11.25,1.625,13.0,2.25],"rotation":0,"texture":"#5","tintindex":0},"up":{"uv":[8.0,10.5,7.25,8.75],"rotation":0,"texture":"#5","tintindex":0},"down":{"uv":[4.25,10.75,3.5,12.5],"rotation":0,"texture":"#5","tintindex":0}}},{"from":[13.1986065,4.1004715,8.571428],"to":[16.627178,6.957614,16.571428],"rotation":{"angle":0.0,"axis":"y","origin":[16.627178,1.8147569,9.714285]},"faces":{"east":{"uv":[13.0,1.625,11.25,2.25],"rotation":0,"texture":"#5","tintindex":0},"south":{"uv":[14.5,11.125,13.75,11.75],"rotation":0,"texture":"#5","tintindex":0},"north":{"uv":[14.5,8.75,13.75,9.375],"rotation":0,"texture":"#5","tintindex":0},"west":{"uv":[1.75,10.125,0.0,10.75],"rotation":0,"texture":"#5","tintindex":0},"up":{"uv":[7.25,10.5,8.0,8.75],"rotation":0,"texture":"#5","tintindex":0},"down":{"uv":[3.5,10.75,4.25,12.5],"rotation":0,"texture":"#5","tintindex":0}}},{"from":[-2.2299652,4.1004715,16.571428],"to":[2.9128919,8.6719,20.571428],"rotation":{"angle":0.0,"axis":"y","origin":[-0.5156803,1.8147569,9.714285]},"faces":{"east":{"uv":[11.75,7.375,12.625,8.375],"rotation":0,"texture":"#5","tintindex":0},"south":{"uv":[7.25,11.25,8.375,12.25],"rotation":0,"texture":"#5","tintindex":0},"north":{"uv":[11.0,9.875,12.125,10.875],"rotation":0,"texture":"#5","tintindex":0},"west":{"uv":[8.375,12.0,9.25,13.0],"rotation":0,"texture":"#5","tintindex":0},"up":{"uv":[6.125,12.25,5.0,11.375],"rotation":0,"texture":"#5","tintindex":0},"down":{"uv":[7.25,11.375,6.125,12.25],"rotation":0,"texture":"#5","tintindex":0}}},{"from":[13.1986065,4.1004715,16.571428],"to":[18.341465,8.6719,20.571428],"rotation":{"angle":0.0,"axis":"y","origin":[16.627178,1.8147569,9.714285]},"faces":{"east":{"uv":[9.25,12.0,8.375,13.0],"rotation":0,"texture":"#5","tintindex":0},"south":{"uv":[8.375,11.25,7.25,12.25],"rotation":0,"texture":"#5","tintindex":0},"north":{"uv":[12.125,9.875,11.0,10.875],"rotation":0,"texture":"#5","tintindex":0},"west":{"uv":[12.625,7.375,11.75,8.375],"rotation":0,"texture":"#5","tintindex":0},"up":{"uv":[5.0,12.25,6.125,11.375],"rotation":0,"texture":"#5","tintindex":0},"down":{"uv":[6.125,11.375,7.25,12.25],"rotation":0,"texture":"#5","tintindex":0}}},{"from":[-0.48055553,4.1004715,12.347979],"to":[1.2337298,6.957614,16.919407],"rotation":{"angle":-22.5,"axis":"y","origin":[-0.48055553,1.8147569,12.347979]},"faces":{"east":{"uv":[13.0,1.375,14.0,2.0],"rotation":0,"texture":"#5","tintindex":0},"south":{"uv":[0.375,15.125,0.75,15.75],"rotation":0,"texture":"#5","tintindex":0},"north":{"uv":[0.0,15.125,0.375,15.75],"rotation":0,"texture":"#5","tintindex":0},"west":{"uv":[6.0,13.0,7.0,13.625],"rotation":0,"texture":"#5","tintindex":0},"up":{"uv":[8.375,15.125,8.0,14.125],"rotation":0,"texture":"#5","tintindex":0},"down":{"uv":[12.25,14.375,11.875,15.375],"rotation":0,"texture":"#5","tintindex":0}}},{"from":[14.877768,4.1004715,12.347979],"to":[16.592054,6.957614,16.919407],"rotation":{"angle":22.5,"axis":"y","origin":[16.592054,1.8147569,12.347979]},"faces":{"east":{"uv":[7.0,13.0,6.0,13.625],"rotation":0,"texture":"#5","tintindex":0},"south":{"uv":[0.75,15.125,0.375,15.75],"rotation":0,"texture":"#5","tintindex":0},"north":{"uv":[0.375,15.125,0.0,15.75],"rotation":0,"texture":"#5","tintindex":0},"west":{"uv":[14.0,1.375,13.0,2.0],"rotation":0,"texture":"#5","tintindex":0},"up":{"uv":[8.0,15.125,8.375,14.125],"rotation":0,"texture":"#5","tintindex":0},"down":{"uv":[11.875,14.375,12.25,15.375],"rotation":0,"texture":"#5","tintindex":0}}},{"from":[2.9128919,4.1004715,2.857142],"to":[4.055749,8.6719,18.857143],"rotation":{"angle":0.0,"axis":"y","origin":[1.7700343,1.8147569,9.714285]},"faces":{"east":{"uv":[3.5,1.75,7.0,2.75],"rotation":0,"texture":"#5","tintindex":0},"south":{"uv":[11.125,15.0,11.375,16.0],"rotation":0,"texture":"#5","tintindex":0},"north":{"uv":[9.875,15.0,10.125,16.0],"rotation":0,"texture":"#5","tintindex":0},"west":{"uv":[2.25,3.5,5.75,4.5],"rotation":0,"texture":"#5","tintindex":0},"up":{"uv":[10.75,14.75,10.5,11.25],"rotation":0,"texture":"#5","tintindex":0},"down":{"uv":[12.125,10.875,11.875,14.375],"rotation":0,"texture":"#5","tintindex":0}}},{"from":[12.05575,4.1004715,2.857142],"to":[13.1986065,8.6719,18.857143],"rotation":{"angle":0.0,"axis":"y","origin":[14.341463,1.8147569,9.714285]},"faces":{"east":{"uv":[5.75,3.5,2.25,4.5],"rotation":0,"texture":"#5","tintindex":0},"south":{"uv":[11.375,15.0,11.125,16.0],"rotation":0,"texture":"#5","tintindex":0},"north":{"uv":[10.125,15.0,9.875,16.0],"rotation":0,"texture":"#5","tintindex":0},"west":{"uv":[7.0,1.75,3.5,2.75],"rotation":0,"texture":"#5","tintindex":0},"up":{"uv":[10.5,14.75,10.75,11.25],"rotation":0,"texture":"#5","tintindex":0},"down":{"uv":[11.875,10.875,12.125,14.375],"rotation":0,"texture":"#5","tintindex":0}}},{"from":[2.341463,2.957614,-1.9073486E-6],"to":[13.770035,8.1004715,2.857142],"rotation":{"angle":45.0,"axis":"x","origin":[7.1986065,8.1004715,0.57142735]},"faces":{"east":{"uv":[1.75,7.5,2.375,8.625],"rotation":0,"texture":"#5","tintindex":0},"south":{"uv":[4.75,4.5,7.25,5.625],"rotation":0,"texture":"#5","tintindex":0},"north":{"uv":[2.25,4.5,4.75,5.625],"rotation":0,"texture":"#5","tintindex":0},"west":{"uv":[12.125,11.375,12.75,12.5],"rotation":0,"texture":"#5","tintindex":0},"up":{"uv":[12.625,1.625,10.125,1.0],"rotation":0,"texture":"#5","tintindex":0},"down":{"uv":[12.625,3.0,10.125,3.625],"rotation":0,"texture":"#5","tintindex":0}}},{"from":[-2.2299652,2.957614,-1.9073486E-6],"to":[2.341463,6.186186,1.7142844],"rotation":{"angle":45.0,"axis":"x","origin":[-0.22996521,8.1004715,0.57142735]},"faces":{"east":{"uv":[14.5,14.875,14.875,15.625],"rotation":0,"texture":"#5","tintindex":0},"south":{"uv":[10.75,12.0,11.75,12.75],"rotation":0,"texture":"#5","tintindex":0},"north":{"uv":[11.5,4.625,12.5,5.375],"rotation":0,"texture":"#5","tintindex":0},"west":{"uv":[14.875,14.875,15.25,15.625],"rotation":0,"texture":"#5","tintindex":0},"up":{"uv":[3.5,6.75,2.5,6.375],"rotation":0,"texture":"#5","tintindex":0},"down":{"uv":[14.875,10.625,13.875,11.0],"rotation":0,"texture":"#5","tintindex":0}}},{"from":[13.770035,2.957614,-1.9073486E-6],"to":[18.341465,6.186186,1.7142844],"rotation":{"angle":45.0,"axis":"x","origin":[16.341465,8.1004715,0.57142735]},"faces":{"east":{"uv":[15.25,14.875,14.875,15.625],"rotation":0,"texture":"#5","tintindex":0},"south":{"uv":[11.75,12.0,10.75,12.75],"rotation":0,"texture":"#5","tintindex":0},"north":{"uv":[12.5,4.625,11.5,5.375],"rotation":0,"texture":"#5","tintindex":0},"west":{"uv":[14.875,14.875,14.5,15.625],"rotation":0,"texture":"#5","tintindex":0},"up":{"uv":[2.5,6.75,3.5,6.375],"rotation":0,"texture":"#5","tintindex":0},"down":{"uv":[13.875,10.625,14.875,11.0],"rotation":0,"texture":"#5","tintindex":0}}},{"from":[-0.5156803,2.5129428,-2.257],"to":[16.627178,5.9415145,0.60014343],"rotation":{"angle":0.0,"axis":"y","origin":[-0.22996521,7.6558003,0.60014343]},"faces":{"east":{"uv":[13.75,8.0,14.375,8.75],"rotation":0,"texture":"#5","tintindex":0},"south":{"uv":[0.0,5.625,3.75,6.375],"rotation":0,"texture":"#5","tintindex":0},"north":{"uv":[3.5,2.75,7.25,3.5],"rotation":0,"texture":"#5","tintindex":0},"west":{"uv":[8.5,13.75,9.125,14.5],"rotation":0,"texture":"#5","tintindex":0},"up":{"uv":[11.75,8.0,8.0,7.375],"rotation":0,"texture":"#5","tintindex":0},"down":{"uv":[11.75,8.0,8.0,8.625],"rotation":0,"texture":"#5","tintindex":0}}},{"from":[4.055749,4.1004715,2.857142],"to":[12.05575,5.814757,18.857143],"rotation":{"angle":0.0,"axis":"y","origin":[1.7700343,1.8147569,9.714285]},"faces":{"east":{"uv":[0.0,10.75,3.5,11.125],"rotation":0,"texture":"#5","tintindex":0},"south":{"uv":[7.25,10.5,9.0,10.875],"rotation":0,"texture":"#5","tintindex":0},"north":{"uv":[0.0,5.25,1.75,5.625],"rotation":0,"texture":"#5","tintindex":0},"west":{"uv":[7.25,10.875,10.75,11.25],"rotation":0,"texture":"#5","tintindex":0},"up":{"uv":[1.75,3.5,0.0,0.0],"rotation":0,"texture":"#5","tintindex":0},"down":{"uv":[3.5,0.0,1.75,3.5],"rotation":0,"texture":"#5","tintindex":0}}},{"from":[-2.2299652,4.6719,29.142857],"to":[17.770035,7.5290427,32.0],"rotation":{"angle":0.0,"axis":"y","origin":[0.3414631,8.386186,29.714285]},"faces":{"east":{"uv":[6.75,14.125,7.375,14.75],"rotation":0,"texture":"#5","tintindex":0},"south":{"uv":[5.75,3.5,10.125,4.125],"rotation":0,"texture":"#5","tintindex":0},"north":{"uv":[5.75,1.125,10.125,1.75],"rotation":0,"texture":"#5","tintindex":0},"west":{"uv":[7.375,14.125,8.0,14.75],"rotation":0,"texture":"#5","tintindex":0},"up":{"uv":[6.875,7.375,2.5,6.75],"rotation":0,"texture":"#5","tintindex":0},"down":{"uv":[11.25,6.75,6.875,7.375],"rotation":0,"texture":"#5","tintindex":0}}},{"from":[2.341463,3.885428,1.0861635],"to":[13.770035,9.028285,6.2290206],"rotation":{"angle":-22.5,"axis":"x","origin":[7.1986065,6.4568567,1.9433064]},"faces":{"east":{"uv":[1.125,11.125,2.25,12.25],"rotation":0,"texture":"#5","tintindex":0},"south":{"uv":[5.75,0.0,8.25,1.125],"rotation":0,"texture":"#5","tintindex":0},"north":{"uv":[3.75,5.625,6.25,6.75],"rotation":0,"texture":"#5","tintindex":0},"west":{"uv":[2.25,11.125,3.375,12.25],"rotation":0,"texture":"#5","tintindex":0},"up":{"uv":[8.75,6.75,6.25,5.625],"rotation":0,"texture":"#5","tintindex":0},"down":{"uv":[2.5,6.375,0.0,7.5],"rotation":0,"texture":"#5","tintindex":0}}},{"from":[4.055749,5.814757,12.571428],"to":[12.05575,7.5290427,18.857143],"rotation":{"angle":0.0,"axis":"y","origin":[1.7700343,3.5290427,9.714285]},"faces":{"east":{"uv":[13.125,6.125,14.5,6.5],"rotation":0,"texture":"#5","tintindex":0},"south":{"uv":[1.75,12.25,3.5,12.625],"rotation":0,"texture":"#5","tintindex":0},"north":{"uv":[0.0,12.25,1.75,12.625],"rotation":0,"texture":"#5","tintindex":0},"west":{"uv":[13.25,2.0,14.625,2.375],"rotation":0,"texture":"#5","tintindex":0},"up":{"uv":[8.0,8.75,6.25,7.375],"rotation":0,"texture":"#5","tintindex":0},"down":{"uv":[1.75,7.5,0.0,8.875],"rotation":0,"texture":"#5","tintindex":0}}},{"from":[4.055749,7.5290427,17.142857],"to":[12.05575,13.243329,18.857143],"rotation":{"angle":0.0,"axis":"y","origin":[1.7700343,5.2433286,9.714285]},"faces":{"east":{"uv":[10.0,13.25,10.375,14.5],"rotation":0,"texture":"#5","tintindex":0},"south":{"uv":[0.0,8.875,1.75,10.125],"rotation":0,"texture":"#5","tintindex":0},"north":{"uv":[5.25,8.75,7.0,10.0],"rotation":0,"texture":"#5","tintindex":0},"west":{"uv":[9.125,13.75,9.5,15.0],"rotation":0,"texture":"#5","tintindex":0},"up":{"uv":[6.75,12.625,5.0,12.25],"rotation":0,"texture":"#5","tintindex":0},"down":{"uv":[14.0,5.375,12.25,5.75],"rotation":0,"texture":"#5","tintindex":0}}},{"from":[5.770035,13.243329,17.142857],"to":[10.341463,16.671902,18.857143],"rotation":{"angle":0.0,"axis":"y","origin":[1.7700343,10.957615,9.714285]},"faces":{"east":{"uv":[3.5,15.0,3.875,15.75],"rotation":0,"texture":"#5","tintindex":0},"south":{"uv":[12.125,10.625,13.125,11.375],"rotation":0,"texture":"#5","tintindex":0},"north":{"uv":[12.125,9.875,13.125,10.625],"rotation":0,"texture":"#5","tintindex":0},"west":{"uv":[3.875,15.0,4.25,15.75],"rotation":0,"texture":"#5","tintindex":0},"up":{"uv":[15.0,1.0,14.0,0.625],"rotation":0,"texture":"#5","tintindex":0},"down":{"uv":[15.125,13.25,14.125,13.625],"rotation":0,"texture":"#5","tintindex":0}}},{"from":[2.9128919,8.6719,18.857143],"to":[4.6271772,15.529043,20.571428],"rotation":{"angle":0.0,"axis":"y","origin":[1.7700343,6.3861856,23.42857]},"faces":{"east":{"uv":[3.125,13.25,3.5,14.75],"rotation":0,"texture":"#5","tintindex":0},"south":{"uv":[4.75,13.25,5.125,14.75],"rotation":0,"texture":"#5","tintindex":0},"north":{"uv":[2.75,13.25,3.125,14.75],"rotation":0,"texture":"#5","tintindex":0},"west":{"uv":[5.125,13.25,5.5,14.75],"rotation":0,"texture":"#5","tintindex":0},"up":{"uv":[13.75,5.375,13.375,5.0],"rotation":0,"texture":"#5","tintindex":0},"down":{"uv":[14.875,12.875,14.5,13.25],"rotation":0,"texture":"#5","tintindex":0}}},{"from":[11.484321,8.6719,18.857143],"to":[13.1986065,15.529043,20.571428],"rotation":{"angle":0.0,"axis":"y","origin":[14.341463,6.3861856,23.42857]},"faces":{"east":{"uv":[5.5,13.25,5.125,14.75],"rotation":0,"texture":"#5","tintindex":0},"south":{"uv":[5.125,13.25,4.75,14.75],"rotation":0,"texture":"#5","tintindex":0},"north":{"uv":[3.125,13.25,2.75,14.75],"rotation":0,"texture":"#5","tintindex":0},"west":{"uv":[3.5,13.25,3.125,14.75],"rotation":0,"texture":"#5","tintindex":0},"up":{"uv":[13.375,5.375,13.75,5.0],"rotation":0,"texture":"#5","tintindex":0},"down":{"uv":[14.5,12.875,14.875,13.25],"rotation":0,"texture":"#5","tintindex":0}}},{"from":[4.6271772,13.814757,18.857143],"to":[11.484321,15.529043,20.571428],"rotation":{"angle":0.0,"axis":"y","origin":[3.4843202,6.3861856,23.42857]},"faces":{"east":{"uv":[13.25,2.375,13.625,2.75],"rotation":0,"texture":"#5","tintindex":0},"south":{"uv":[13.0,12.5,14.5,12.875],"rotation":0,"texture":"#5","tintindex":0},"north":{"uv":[5.75,4.125,7.25,4.5],"rotation":0,"texture":"#5","tintindex":0},"west":{"uv":[5.5,13.25,5.875,13.625],"rotation":0,"texture":"#5","tintindex":0},"up":{"uv":[14.5,13.25,13.0,12.875],"rotation":0,"texture":"#5","tintindex":0},"down":{"uv":[14.625,5.75,13.125,6.125],"rotation":0,"texture":"#5","tintindex":0}}},{"from":[2.9128919,8.6719,13.142857],"to":[4.055749,10.957615,18.857143],"rotation":{"angle":0.0,"axis":"y","origin":[1.7700343,6.3861856,9.714285]},"faces":{"east":{"uv":[12.75,12.0,14.0,12.5],"rotation":0,"texture":"#5","tintindex":0},"south":{"uv":[4.75,12.75,5.0,13.25],"rotation":0,"texture":"#5","tintindex":0},"north":{"uv":[10.25,12.625,10.5,13.125],"rotation":0,"texture":"#5","tintindex":0},"west":{"uv":[0.0,13.0,1.25,13.5],"rotation":0,"texture":"#5","tintindex":0},"up":{"uv":[7.25,10.0,7.0,8.75],"rotation":0,"texture":"#5","tintindex":0},"down":{"uv":[8.0,14.75,7.75,16.0],"rotation":0,"texture":"#5","tintindex":0}}},{"from":[12.05575,8.6719,13.142857],"to":[13.1986065,10.957615,18.857143],"rotation":{"angle":0.0,"axis":"y","origin":[14.341463,6.3861856,9.714285]},"faces":{"east":{"uv":[1.25,13.0,0.0,13.5],"rotation":0,"texture":"#5","tintindex":0},"south":{"uv":[5.0,12.75,4.75,13.25],"rotation":0,"texture":"#5","tintindex":0},"north":{"uv":[10.5,12.625,10.25,13.125],"rotation":0,"texture":"#5","tintindex":0},"west":{"uv":[14.0,12.0,12.75,12.5],"rotation":0,"texture":"#5","tintindex":0},"up":{"uv":[7.0,10.0,7.25,8.75],"rotation":0,"texture":"#5","tintindex":0},"down":{"uv":[7.75,14.75,8.0,16.0],"rotation":0,"texture":"#5","tintindex":0}}},{"from":[6.055749,8.442505,5.663554],"to":[10.055749,11.871077,9.092126],"rotation":{"angle":-22.5,"axis":"x","origin":[6.6271777,9.299648,8.806412]},"faces":{"east":{"uv":[7.625,12.25,8.375,13.0],"rotation":0,"texture":"#5","tintindex":0},"south":{"uv":[6.75,12.25,7.625,13.0],"rotation":0,"texture":"#5","tintindex":0},"north":{"uv":[12.25,5.75,13.125,6.5],"rotation":0,"texture":"#5","tintindex":0},"west":{"uv":[13.125,9.625,13.875,10.375],"rotation":0,"texture":"#5","tintindex":0},"up":{"uv":[13.375,5.375,12.5,4.625],"rotation":0,"texture":"#5","tintindex":0},"down":{"uv":[13.0,12.5,12.125,13.25],"rotation":0,"texture":"#5","tintindex":0}}},{"from":[-1.6585369,3.5290427,23.142857],"to":[17.770035,6.3861856,26.0],"rotation":{"angle":0.0,"axis":"y","origin":[-1.6585369,1.8147569,29.714285]},"faces":{"east":{"uv":[5.5,14.125,6.125,14.75],"rotation":0,"texture":"#5","tintindex":0},"south":{"uv":[7.25,2.375,11.5,3.0],"rotation":0,"texture":"#5","tintindex":0},"north":{"uv":[7.0,1.75,11.25,2.375],"rotation":0,"texture":"#5","tintindex":0},"west":{"uv":[6.125,14.125,6.75,14.75],"rotation":0,"texture":"#5","tintindex":0},"up":{"uv":[11.5,4.75,7.25,4.125],"rotation":0,"texture":"#5","tintindex":0},"down":{"uv":[11.5,4.75,7.25,5.375],"rotation":0,"texture":"#5","tintindex":0}}},{"from":[5.198606,6.957614,20.571428],"to":[10.912892,13.243329,29.142857],"rotation":{"angle":0.0,"axis":"y","origin":[1.7700343,6.3861856,23.42857]},"faces":{"east":{"uv":[2.5,7.375,4.375,8.75],"rotation":0,"texture":"#5","tintindex":0},"south":{"uv":[6.0,10.0,7.25,11.375],"rotation":0,"texture":"#5","tintindex":0},"north":{"uv":[4.75,10.0,6.0,11.375],"rotation":0,"texture":"#5","tintindex":0},"west":{"uv":[4.375,7.375,6.25,8.75],"rotation":0,"texture":"#5","tintindex":0},"up":{"uv":[9.25,10.5,8.0,8.625],"rotation":0,"texture":"#5","tintindex":0},"down":{"uv":[3.0,8.75,1.75,10.625],"rotation":0,"texture":"#5","tintindex":0}}},{"from":[6.341463,9.243328,29.142857],"to":[9.770035,12.6719,31.42857],"rotation":{"angle":0.0,"axis":"y","origin":[2.341463,6.3861856,32.0]},"faces":{"east":{"uv":[9.5,13.75,10.0,14.5],"rotation":0,"texture":"#5","tintindex":0},"south":{"uv":[13.25,0.0,14.0,0.75],"rotation":0,"texture":"#5","tintindex":0},"north":{"uv":[13.125,10.375,13.875,11.125],"rotation":0,"texture":"#5","tintindex":0},"west":{"uv":[11.375,13.875,11.875,14.625],"rotation":0,"texture":"#5","tintindex":0},"up":{"uv":[15.0,4.5,14.25,4.0],"rotation":0,"texture":"#5","tintindex":0},"down":{"uv":[15.125,4.5,14.375,5.0],"rotation":0,"texture":"#5","tintindex":0}}},{"from":[0.62717724,12.6719,22.285715],"to":[4.055749,16.100471,28.571428],"rotation":{"angle":-45.0,"axis":"x","origin":[2.341463,14.1004715,26.571428]},"faces":{"east":{"uv":[11.25,6.625,12.625,7.375],"rotation":0,"texture":"#5","tintindex":0},"south":{"uv":[2.0,13.25,2.75,14.0],"rotation":0,"texture":"#5","tintindex":0},"north":{"uv":[1.25,13.25,2.0,14.0],"rotation":0,"texture":"#5","tintindex":0},"west":{"uv":[8.375,11.25,9.75,12.0],"rotation":0,"texture":"#5","tintindex":0},"up":{"uv":[10.5,12.625,9.75,11.25],"rotation":0,"texture":"#5","tintindex":0},"down":{"uv":[5.0,11.375,4.25,12.75],"rotation":0,"texture":"#5","tintindex":0}}},{"from":[12.05575,12.6719,22.285715],"to":[15.484321,16.100471,28.571428],"rotation":{"angle":-45.0,"axis":"x","origin":[13.770035,14.1004715,26.571428]},"faces":{"east":{"uv":[9.75,11.25,8.375,12.0],"rotation":0,"texture":"#5","tintindex":0},"south":{"uv":[2.75,13.25,2.0,14.0],"rotation":0,"texture":"#5","tintindex":0},"north":{"uv":[2.0,13.25,1.25,14.0],"rotation":0,"texture":"#5","tintindex":0},"west":{"uv":[12.625,6.625,11.25,7.375],"rotation":0,"texture":"#5","tintindex":0},"up":{"uv":[9.75,12.625,10.5,11.25],"rotation":0,"texture":"#5","tintindex":0},"down":{"uv":[4.25,11.375,5.0,12.75],"rotation":0,"texture":"#5","tintindex":0}}},{"from":[1.7700343,13.243329,20.0],"to":[3.4843202,15.529043,22.285715],"rotation":{"angle":-45.0,"axis":"x","origin":[2.341463,14.1004715,26.571428]},"faces":{"east":{"uv":[12.75,15.0,13.25,15.5],"rotation":0,"texture":"#5","tintindex":0},"south":{"uv":[15.125,1.5,15.5,2.0],"rotation":0,"texture":"#5","tintindex":0},"north":{"uv":[0.75,15.125,1.125,15.625],"rotation":0,"texture":"#5","tintindex":0},"west":{"uv":[13.25,15.0,13.75,15.5],"rotation":0,"texture":"#5","tintindex":0},"up":{"uv":[2.125,15.625,1.75,15.125],"rotation":0,"texture":"#5","tintindex":0},"down":{"uv":[15.5,2.625,15.125,3.125],"rotation":0,"texture":"#5","tintindex":0}}},{"from":[12.627178,13.243329,20.0],"to":[14.341463,15.529043,22.285715],"rotation":{"angle":-45.0,"axis":"x","origin":[13.770035,14.1004715,26.571428]},"faces":{"east":{"uv":[13.75,15.0,13.25,15.5],"rotation":0,"texture":"#5","tintindex":0},"south":{"uv":[15.5,1.5,15.125,2.0],"rotation":0,"texture":"#5","tintindex":0},"north":{"uv":[1.125,15.125,0.75,15.625],"rotation":0,"texture":"#5","tintindex":0},"west":{"uv":[13.25,15.0,12.75,15.5],"rotation":0,"texture":"#5","tintindex":0},"up":{"uv":[1.75,15.625,2.125,15.125],"rotation":0,"texture":"#5","tintindex":0},"down":{"uv":[15.125,2.625,15.5,3.125],"rotation":0,"texture":"#5","tintindex":0}}},{"from":[1.7700343,13.243329,17.714287],"to":[14.341463,15.529043,20.0],"rotation":{"angle":-45.0,"axis":"x","origin":[2.341463,14.1004715,26.571428]},"faces":{"east":{"uv":[15.0,0.5,15.5,1.0],"rotation":0,"texture":"#5","tintindex":0},"south":{"uv":[10.125,3.625,12.875,4.125],"rotation":0,"texture":"#5","tintindex":0},"north":{"uv":[7.25,3.0,10.0,3.5],"rotation":0,"texture":"#5","tintindex":0},"west":{"uv":[15.0,3.875,15.5,4.375],"rotation":0,"texture":"#5","tintindex":0},"up":{"uv":[13.25,0.5,10.5,0.0],"rotation":0,"texture":"#5","tintindex":0},"down":{"uv":[13.25,0.5,10.5,1.0],"rotation":0,"texture":"#5","tintindex":0}}},{"from":[2.9128919,4.1004715,18.857143],"to":[13.1986065,8.6719,26.857141],"rotation":{"angle":0.0,"axis":"y","origin":[1.7700343,1.8147569,23.42857]},"faces":{"east":{"uv":[3.0,9.75,4.75,10.75],"rotation":0,"texture":"#5","tintindex":0},"south":{"uv":[3.0,8.75,5.25,9.75],"rotation":0,"texture":"#5","tintindex":0},"north":{"uv":[8.25,0.0,10.5,1.0],"rotation":0,"texture":"#5","tintindex":0},"west":{"uv":[9.25,9.875,11.0,10.875],"rotation":0,"texture":"#5","tintindex":0},"up":{"uv":[2.25,5.25,0.0,3.5],"rotation":0,"texture":"#5","tintindex":0},"down":{"uv":[5.75,0.0,3.5,1.75],"rotation":0,"texture":"#5","tintindex":0}}},{"from":[4.055749,5.2433286,26.857141],"to":[12.05575,6.957614,29.142857],"rotation":{"angle":0.0,"axis":"y","origin":[1.7700343,1.8147569,23.42857]},"faces":{"east":{"uv":[1.75,5.25,2.25,5.625],"rotation":0,"texture":"#5","tintindex":0},"south":{"uv":[12.625,1.0,14.375,1.375],"rotation":0,"texture":"#5","tintindex":0},"north":{"uv":[0.0,12.625,1.75,13.0],"rotation":0,"texture":"#5","tintindex":0},"west":{"uv":[6.0,12.625,6.5,13.0],"rotation":0,"texture":"#5","tintindex":0},"up":{"uv":[13.25,2.75,11.5,2.25],"rotation":0,"texture":"#5","tintindex":0},"down":{"uv":[13.25,4.125,11.5,4.625],"rotation":0,"texture":"#5","tintindex":0}}},{"from":[6.770035,9.013933,9.092126],"to":[9.055749,11.299648,11.37784],"rotation":{"angle":-22.5,"axis":"x","origin":[7.055749,9.299648,8.806412]},"faces":{"east":{"uv":[15.0,7.875,15.5,8.375],"rotation":0,"texture":"#5","tintindex":0},"south":{"uv":[8.375,15.0,8.875,15.5],"rotation":0,"texture":"#5","tintindex":0},"north":{"uv":[4.25,15.0,4.75,15.5],"rotation":0,"texture":"#5","tintindex":0},"west":{"uv":[8.875,15.0,9.375,15.5],"rotation":0,"texture":"#5","tintindex":0},"up":{"uv":[9.875,15.5,9.375,15.0],"rotation":0,"texture":"#5","tintindex":0},"down":{"uv":[11.125,15.0,10.625,15.5],"rotation":0,"texture":"#5","tintindex":0}}},{"from":[5.341463,9.585362,11.37784],"to":[10.484321,13.013933,11.949268],"rotation":{"angle":-22.5,"axis":"x","origin":[7.055749,9.299648,8.806412]},"faces":{"east":{"uv":[2.375,7.5,2.5,8.625],"rotation":0,"texture":"#5","tintindex":0},"south":{"uv":[0.0,11.125,1.125,11.875],"rotation":0,"texture":"#5","tintindex":0},"north":{"uv":[0.0,11.125,1.125,11.875],"rotation":0,"texture":"#5","tintindex":0},"west":{"uv":[3.375,11.125,3.5,12.25],"rotation":0,"texture":"#5","tintindex":0},"up":{"uv":[8.375,5.5,7.25,5.375],"rotation":0,"texture":"#5","tintindex":0},"down":{"uv":[8.375,5.5,7.25,5.625],"rotation":0,"texture":"#5","tintindex":0}}}],"display":{"head":{"translation":[0.0,-6.4,14.89045],"scale":[4.0,4.0,4.0]}}}