{
  "credit": "Made by PolygonMC",
  "texture_size": [
    24,
    24
  ],
  "textures": {
    "1": "littlecatset:animations/animations_2",
    "2": "littlecatset:fishing_rod",
    "particle": "littlecatset:fishing_rod"
  },
  "elements": [
    {
      "from": [
        7.5,
        1.5,
        7.5
      ],
      "to": [
        8.5,
        2.5,
        8.5
      ],
      "rotation": {
        "angle": 0,
        "axis": "y",
        "origin": [
          7.5,
          1.5,
          7.5
        ]
      },
      "faces": {
        "north": {
          "uv": [
            8.66667,
            9.33333,
            9.33333,
            10
          ],
          "texture": "#2"
        },
        "east": {
          "uv": [
            9.33333,
            8.66667,
            10,
            9.33333
          ],
          "texture": "#2"
        },
        "south": {
          "uv": [
            9.33333,
            9.33333,
            10,
            10
          ],
          "texture": "#2"
        },
        "west": {
          "uv": [
            0,
            10,
            0.66667,
            10.66667
          ],
          "texture": "#2"
        },
        "up": {
          "uv": [
            10.66667,
            0.66667,
            10,
            0
          ],
          "texture": "#2"
        }
      }
    },
    {
      "from": [
        7.5,
        4,
        7.5
      ],
      "to": [
        8.5,
        5.5,
        8.5
      ],
      "rotation": {
        "angle": 0,
        "axis": "y",
        "origin": [
          7.5,
          4,
          7.5
        ]
      },
      "faces": {
        "north": {
          "uv": [
            6.66667,
            8.66667,
            7.33333,
            9.66667
          ],
          "texture": "#2"
        },
        "east": {
          "uv": [
            9.33333,
            0,
            10,
            1
          ],
          "texture": "#2"
        },
        "south": {
          "uv": [
            1.33333,
            9.33333,
            2,
            10.33333
          ],
          "texture": "#2"
        },
        "west": {
          "uv": [
            9.33333,
            1.33333,
            10,
            2.33333
          ],
          "texture": "#2"
        },
        "up": {
          "uv": [
            1.33333,
            10.66667,
            0.66667,
            10
          ],
          "texture": "#2"
        },
        "down": {
          "uv": [
            10.66667,
            0.66667,
            10,
            1.33333
          ],
          "texture": "#2"
        }
      }
    },
    {
      "from": [
        7.5,
        6,
        7.5
      ],
      "to": [
        8.5,
        6.5,
        8.5
      ],
      "rotation": {
        "angle": 0,
        "axis": "y",
        "origin": [
          7.5,
          6,
          7.5
        ]
      },
      "faces": {
        "north": {
          "uv": [
            10,
            9.33333,
            10.66667,
            9.66667
          ],
          "texture": "#2"
        },
        "east": {
          "uv": [
            10.66667,
            2.66667,
            11.33333,
            3
          ],
          "texture": "#2"
        },
        "south": {
          "uv": [
            10.66667,
            3.33333,
            11.33333,
            3.66667
          ],
          "texture": "#2"
        },
        "west": {
          "uv": [
            10.66667,
            4,
            11.33333,
            4.33333
          ],
          "texture": "#2"
        }
      }
    },
    {
      "from": [
        7.4,
        8,
        7.4
      ],
      "to": [
        8.6,
        13.75,
        8.6
      ],
      "rotation": {
        "angle": 0,
        "axis": "y",
        "origin": [
          7.5,
          10.75,
          7.5
        ]
      },
      "faces": {
        "north": {
          "uv": [
            3.33333,
            0,
            4,
            4
          ],
          "texture": "#2"
        },
        "east": {
          "uv": [
            4,
            0,
            4.66667,
            4
          ],
          "texture": "#2"
        },
        "south": {
          "uv": [
            3.33333,
            4,
            4,
            8
          ],
          "texture": "#2"
        },
        "west": {
          "uv": [
            4,
            4,
            4.66667,
            8
          ],
          "texture": "#2"
        },
        "up": {
          "uv": [
            10.66667,
            2,
            10,
            1.33333
          ],
          "texture": "#2"
        },
        "down": {
          "uv": [
            10.66667,
            2,
            10,
            2.66667
          ],
          "texture": "#2"
        }
      }
    },
    {
      "from": [
        7.48928,
        13.75,
        7.48928
      ],
      "to": [
        8.51072,
        16.942,
        8.51072
      ],
      "rotation": {
        "angle": 0,
        "axis": "y",
        "origin": [
          7.5744,
          16.0908,
          7.5744
        ]
      },
      "faces": {
        "north": {
          "uv": [
            7.33333,
            6.66667,
            6.66667,
            8.66667
          ],
          "texture": "#2"
        },
        "east": {
          "uv": [
            6.66667,
            6.66667,
            7.33333,
            8.66667
          ],
          "texture": "#2"
        },
        "south": {
          "uv": [
            7.33333,
            6.66667,
            6.66667,
            8.66667
          ],
          "texture": "#2"
        },
        "west": {
          "uv": [
            6.66667,
            6.66667,
            7.33333,
            8.66667
          ],
          "texture": "#2"
        },
        "up": {
          "uv": [
            7.33333,
            10.66667,
            6.66667,
            10
          ],
          "texture": "#2"
        }
      }
    },
    {
      "from": [
        7.63228,
        16.71381,
        7.23852
      ],
      "to": [
        8.36772,
        19.01205,
        7.97396
      ],
      "rotation": {
        "angle": -22.5,
        "axis": "x",
        "origin": [
          8,
          17.86293,
          7.60624
        ]
      },
      "faces": {
        "north": {
          "uv": [
            3.33333,
            9.33333,
            3.66667,
            11
          ],
          "texture": "#2"
        },
        "east": {
          "uv": [
            4,
            9.33333,
            4.33333,
            11
          ],
          "texture": "#2"
        },
        "south": {
          "uv": [
            4.66667,
            9.33333,
            5,
            11
          ],
          "texture": "#2"
        },
        "west": {
          "uv": [
            9.33333,
            4.66667,
            9.66667,
            6.33333
          ],
          "texture": "#2"
        },
        "up": {
          "uv": [
            6.33333,
            11.66667,
            6,
            11.33333
          ],
          "texture": "#2"
        }
      }
    },
    {
      "from": [
        7.73524,
        18.46546,
        6.1939
      ],
      "to": [
        8.26476,
        20.1202,
        6.72341
      ],
      "rotation": {
        "angle": -45,
        "axis": "x",
        "origin": [
          8,
          19.61783,
          6.43365
        ]
      },
      "faces": {
        "north": {
          "uv": [
            0.66667,
            10.66667,
            1,
            11.66667
          ],
          "texture": "#2"
        },
        "east": {
          "uv": [
            1.33333,
            10.66667,
            1.66667,
            11.66667
          ],
          "texture": "#2"
        },
        "south": {
          "uv": [
            10.66667,
            1.33333,
            11,
            2.33333
          ],
          "texture": "#2"
        },
        "west": {
          "uv": [
            2.66667,
            10.66667,
            3,
            11.66667
          ],
          "texture": "#2"
        },
        "up": {
          "uv": [
            11.66667,
            6.33333,
            11.33333,
            6
          ],
          "texture": "#2"
        }
      }
    },
    {
      "from": [
        7.5,
        3,
        7.5
      ],
      "to": [
        8.5,
        3.5,
        8.5
      ],
      "rotation": {
        "angle": 0,
        "axis": "y",
        "origin": [
          7.5,
          3,
          7.5
        ]
      },
      "faces": {
        "north": {
          "uv": [
            10.66667,
            4.66667,
            11.33333,
            5
          ],
          "texture": "#2"
        },
        "east": {
          "uv": [
            5.33333,
            10.66667,
            6,
            11
          ],
          "texture": "#2"
        },
        "south": {
          "uv": [
            10.66667,
            5.33333,
            11.33333,
            5.66667
          ],
          "texture": "#2"
        },
        "west": {
          "uv": [
            6,
            10.66667,
            6.66667,
            11
          ],
          "texture": "#2"
        },
        "up": {
          "uv": [
            3.33333,
            10.66667,
            2.66667,
            10
          ],
          "texture": "#2"
        },
        "down": {
          "uv": [
            10.66667,
            2.66667,
            10,
            3.33333
          ],
          "texture": "#2"
        }
      }
    },
    {
      "from": [
        7.4,
        5.5,
        7.4
      ],
      "to": [
        8.6,
        6,
        8.6
      ],
      "rotation": {
        "angle": 0,
        "axis": "y",
        "origin": [
          7.5,
          5.5,
          7.5
        ]
      },
      "faces": {
        "north": {
          "uv": [
            10.66667,
            6,
            11.33333,
            6.33333
          ],
          "texture": "#2"
        },
        "east": {
          "uv": [
            6.66667,
            10.66667,
            7.33333,
            11
          ],
          "texture": "#2"
        },
        "south": {
          "uv": [
            7.33333,
            10.66667,
            8,
            11
          ],
          "texture": "#2"
        },
        "west": {
          "uv": [
            10.66667,
            7.33333,
            11.33333,
            7.66667
          ],
          "texture": "#2"
        },
        "up": {
          "uv": [
            10.66667,
            4,
            10,
            3.33333
          ],
          "texture": "#2"
        },
        "down": {
          "uv": [
            10.66667,
            4,
            10,
            4.66667
          ],
          "texture": "#2"
        }
      }
    },
    {
      "from": [
        7.4,
        1,
        7.4
      ],
      "to": [
        8.6,
        1.5,
        8.6
      ],
      "rotation": {
        "angle": 0,
        "axis": "y",
        "origin": [
          7.5,
          1,
          7.5
        ]
      },
      "faces": {
        "north": {
          "uv": [
            8,
            10.66667,
            8.66667,
            11
          ],
          "texture": "#2"
        },
        "east": {
          "uv": [
            10.66667,
            8,
            11.33333,
            8.33333
          ],
          "texture": "#2"
        },
        "south": {
          "uv": [
            9.33333,
            10.66667,
            10,
            11
          ],
          "texture": "#2"
        },
        "west": {
          "uv": [
            10.66667,
            9.33333,
            11.33333,
            9.66667
          ],
          "texture": "#2"
        },
        "up": {
          "uv": [
            10.66667,
            5.33333,
            10,
            4.66667
          ],
          "texture": "#2"
        },
        "down": {
          "uv": [
            6,
            10,
            5.33333,
            10.66667
          ],
          "texture": "#2"
        }
      }
    },
    {
      "from": [
        7.6,
        2.5,
        7.6
      ],
      "to": [
        8.4,
        3,
        8.4
      ],
      "rotation": {
        "angle": 0,
        "axis": "y",
        "origin": [
          7.5,
          2.5,
          7.5
        ]
      },
      "faces": {
        "north": {
          "uv": [
            10,
            10.66667,
            10.66667,
            11
          ],
          "texture": "#2"
        },
        "east": {
          "uv": [
            10.66667,
            10,
            11.33333,
            10.33333
          ],
          "texture": "#2"
        },
        "south": {
          "uv": [
            10.66667,
            10.66667,
            11.33333,
            11
          ],
          "texture": "#2"
        },
        "west": {
          "uv": [
            11.33333,
            0,
            12,
            0.33333
          ],
          "texture": "#2"
        }
      }
    },
    {
      "from": [
        7.6,
        3.5,
        7.6
      ],
      "to": [
        8.4,
        4,
        8.4
      ],
      "rotation": {
        "angle": 0,
        "axis": "y",
        "origin": [
          7.5,
          3.5,
          7.5
        ]
      },
      "faces": {
        "north": {
          "uv": [
            11.33333,
            0.66667,
            12,
            1
          ],
          "texture": "#2"
        },
        "east": {
          "uv": [
            11.33333,
            1.33333,
            12,
            1.66667
          ],
          "texture": "#2"
        },
        "south": {
          "uv": [
            2,
            11.33333,
            2.66667,
            11.66667
          ],
          "texture": "#2"
        },
        "west": {
          "uv": [
            11.33333,
            2,
            12,
            2.33333
          ],
          "texture": "#2"
        }
      }
    },
    {
      "from": [
        7.37,
        0.17,
        7.37
      ],
      "to": [
        8.63,
        1.43,
        8.63
      ],
      "rotation": {
        "angle": -45,
        "axis": "x",
        "origin": [
          8,
          0.8,
          8
        ]
      },
      "faces": {
        "north": {
          "uv": [
            8,
            1.33333,
            9,
            2.33333
          ],
          "texture": "#2"
        },
        "east": {
          "uv": [
            8,
            2.66667,
            9,
            3.66667
          ],
          "texture": "#2"
        },
        "south": {
          "uv": [
            3.33333,
            8,
            4.33333,
            9
          ],
          "texture": "#2"
        },
        "west": {
          "uv": [
            8,
            4,
            9,
            5
          ],
          "texture": "#2"
        },
        "up": {
          "uv": [
            9,
            6.33333,
            8,
            5.33333
          ],
          "texture": "#2"
        },
        "down": {
          "uv": [
            9,
            6.66667,
            8,
            7.66667
          ],
          "texture": "#2"
        }
      }
    },
    {
      "from": [
        7.3,
        6.4,
        7
      ],
      "to": [
        8.7,
        8.4,
        9
      ],
      "rotation": {
        "angle": -45,
        "axis": "x",
        "origin": [
          8,
          7.4,
          8
        ]
      },
      "faces": {
        "north": {
          "uv": [
            4.66667,
            2.66667,
            5.66667,
            4
          ],
          "texture": "#2"
        },
        "east": {
          "uv": [
            4.66667,
            0,
            6,
            1.33333
          ],
          "texture": "#2"
        },
        "south": {
          "uv": [
            4.66667,
            4,
            5.66667,
            5.33333
          ],
          "texture": "#2"
        },
        "west": {
          "uv": [
            4.66667,
            1.33333,
            6,
            2.66667
          ],
          "texture": "#2"
        },
        "up": {
          "uv": [
            5.66667,
            6.66667,
            4.66667,
            5.33333
          ],
          "texture": "#2"
        },
        "down": {
          "uv": [
            7,
            0,
            6,
            1.33333
          ],
          "texture": "#2"
        }
      }
    },
    {
      "from": [
        7.1,
        6.7,
        7.3
      ],
      "to": [
        8.9,
        8.1,
        8.7
      ],
      "rotation": {
        "angle": -45,
        "axis": "x",
        "origin": [
          8,
          7.4,
          8
        ]
      },
      "faces": {
        "north": {
          "uv": [
            6,
            1.33333,
            7.33333,
            2.33333
          ],
          "texture": "#2"
        },
        "east": {
          "uv": [
            8,
            8,
            9,
            9
          ],
          "texture": "#2"
        },
        "south": {
          "uv": [
            6,
            2.66667,
            7.33333,
            3.66667
          ],
          "texture": "#2"
        },
        "west": {
          "uv": [
            0,
            8.66667,
            1,
            9.66667
          ],
          "texture": "#2"
        },
        "up": {
          "uv": [
            7.33333,
            5,
            6,
            4
          ],
          "texture": "#2"
        },
        "down": {
          "uv": [
            7.33333,
            5.33333,
            6,
            6.33333
          ],
          "texture": "#2"
        }
      }
    },
    {
      "from": [
        7.48,
        6.97812,
        8.94489
      ],
      "to": [
        8.52,
        9.05812,
        9.98489
      ],
      "rotation": {
        "angle": 22.5,
        "axis": "x",
        "origin": [
          8,
          8.76036,
          9.31464
        ]
      },
      "faces": {
        "north": {
          "uv": [
            3.33333,
            10,
            2.66667,
            8.66667
          ],
          "rotation": 180,
          "texture": "#2"
        },
        "east": {
          "uv": [
            1.33333,
            8.66667,
            2.66667,
            9.33333
          ],
          "rotation": 90,
          "texture": "#2"
        },
        "south": {
          "uv": [
            6.66667,
            8.66667,
            6,
            10
          ],
          "texture": "#2"
        },
        "west": {
          "uv": [
            4.66667,
            8.66667,
            6,
            9.33333
          ],
          "rotation": 270,
          "texture": "#2"
        },
        "down": {
          "uv": [
            10,
            5.33333,
            10.66667,
            6
          ],
          "rotation": 180,
          "texture": "#2"
        }
      }
    },
    {
      "from": [
        7.688,
        7.59822,
        8.82379
      ],
      "to": [
        8.312,
        10.25022,
        9.86379
      ],
      "rotation": {
        "angle": -22.5,
        "axis": "x",
        "origin": [
          8,
          8.76036,
          9.31464
        ]
      },
      "faces": {
        "north": {
          "uv": [
            2.33333,
            11,
            2,
            9.33333
          ],
          "rotation": 180,
          "texture": "#2"
        },
        "east": {
          "uv": [
            7.33333,
            0,
            9,
            0.66667
          ],
          "rotation": 90,
          "texture": "#2"
        },
        "south": {
          "uv": [
            9.66667,
            2.66667,
            9.33333,
            4.33333
          ],
          "texture": "#2"
        },
        "west": {
          "uv": [
            7.33333,
            0.66667,
            9,
            1.33333
          ],
          "rotation": 270,
          "texture": "#2"
        },
        "down": {
          "uv": [
            11.33333,
            2.66667,
            11.66667,
            3.33333
          ],
          "rotation": 180,
          "texture": "#2"
        }
      }
    },
    {
      "from": [
        7.376,
        8.86859,
        7.64379
      ],
      "to": [
        8.624,
        9.90859,
        10.13979
      ],
      "rotation": {
        "angle": 45,
        "axis": "x",
        "origin": [
          8,
          8.76036,
          9.31464
        ]
      },
      "faces": {
        "north": {
          "uv": [
            6.66667,
            10.66667,
            6,
            10
          ],
          "rotation": 180,
          "texture": "#2"
        },
        "east": {
          "uv": [
            7.33333,
            3.33333,
            8,
            5
          ],
          "rotation": 90,
          "texture": "#2"
        },
        "south": {
          "uv": [
            10.66667,
            6,
            10,
            6.66667
          ],
          "texture": "#2"
        },
        "west": {
          "uv": [
            7.33333,
            7.33333,
            8,
            9
          ],
          "rotation": 270,
          "texture": "#2"
        },
        "up": {
          "uv": [
            7.33333,
            5.33333,
            8,
            7
          ],
          "texture": "#2"
        },
        "down": {
          "uv": [
            7.33333,
            1.33333,
            8,
            3
          ],
          "rotation": 180,
          "texture": "#2"
        }
      }
    },
    {
      "from": [
        8.5,
        10.25,
        5.775
      ],
      "to": [
        9,
        10.75,
        7.775
      ],
      "rotation": {
        "angle": 0,
        "axis": "y",
        "origin": [
          8,
          0.5,
          1
        ]
      },
      "faces": {
        "north": {
          "uv": [
            6.66667,
            11.33333,
            7,
            11.66667
          ],
          "texture": "#2"
        },
        "east": {
          "uv": [
            10,
            6.66667,
            11.33333,
            7
          ],
          "texture": "#2"
        },
        "south": {
          "uv": [
            11.33333,
            6.66667,
            11.66667,
            7
          ],
          "texture": "#2"
        },
        "west": {
          "uv": [
            7.33333,
            10,
            8.66667,
            10.33333
          ],
          "texture": "#2"
        },
        "up": {
          "uv": [
            10.33333,
            8.66667,
            10,
            7.33333
          ],
          "texture": "#2"
        },
        "down": {
          "uv": [
            9,
            10,
            8.66667,
            11.33333
          ],
          "texture": "#2"
        }
      }
    },
    {
      "from": [
        7.5,
        10.25,
        7.275
      ],
      "to": [
        8.5,
        10.75,
        7.775
      ],
      "rotation": {
        "angle": 0,
        "axis": "y",
        "origin": [
          8,
          0.5,
          1
        ]
      },
      "faces": {
        "north": {
          "uv": [
            3.33333,
            11.33333,
            4,
            11.66667
          ],
          "texture": "#2"
        },
        "south": {
          "uv": [
            11.33333,
            3.33333,
            12,
            3.66667
          ],
          "texture": "#2"
        },
        "up": {
          "uv": [
            4.66667,
            11.66667,
            4,
            11.33333
          ],
          "texture": "#2"
        },
        "down": {
          "uv": [
            12,
            4,
            11.33333,
            4.33333
          ],
          "texture": "#2"
        }
      }
    },
    {
      "from": [
        7.5,
        10.25,
        5.775
      ],
      "to": [
        8.5,
        10.75,
        6.275
      ],
      "rotation": {
        "angle": 0,
        "axis": "y",
        "origin": [
          8,
          0.5,
          1
        ]
      },
      "faces": {
        "north": {
          "uv": [
            4.66667,
            11.33333,
            5.33333,
            11.66667
          ],
          "texture": "#2"
        },
        "south": {
          "uv": [
            11.33333,
            4.66667,
            12,
            5
          ],
          "texture": "#2"
        },
        "up": {
          "uv": [
            6,
            11.66667,
            5.33333,
            11.33333
          ],
          "texture": "#2"
        },
        "down": {
          "uv": [
            12,
            5.33333,
            11.33333,
            5.66667
          ],
          "texture": "#2"
        }
      }
    },
    {
      "from": [
        7,
        10.25,
        5.775
      ],
      "to": [
        7.5,
        10.75,
        7.775
      ],
      "rotation": {
        "angle": 0,
        "axis": "y",
        "origin": [
          8,
          0.5,
          1
        ]
      },
      "faces": {
        "north": {
          "uv": [
            7.33333,
            11.33333,
            7.66667,
            11.66667
          ],
          "texture": "#2"
        },
        "east": {
          "uv": [
            10,
            8.66667,
            11.33333,
            9
          ],
          "texture": "#2"
        },
        "south": {
          "uv": [
            11.33333,
            7.33333,
            11.66667,
            7.66667
          ],
          "texture": "#2"
        },
        "west": {
          "uv": [
            9.33333,
            10,
            10.66667,
            10.33333
          ],
          "texture": "#2"
        },
        "up": {
          "uv": [
            0.33333,
            12,
            0,
            10.66667
          ],
          "texture": "#2"
        },
        "down": {
          "uv": [
            11,
            0,
            10.66667,
            1.33333
          ],
          "texture": "#2"
        }
      }
    },
    {
      "from": [
        7,
        14.25,
        5.775
      ],
      "to": [
        7.5,
        14.75,
        7.775
      ],
      "rotation": {
        "angle": 0,
        "axis": "y",
        "origin": [
          8,
          0.5,
          1
        ]
      },
      "faces": {
        "north": {
          "uv": [
            7.33333,
            11.33333,
            7.66667,
            11.66667
          ],
          "texture": "#2"
        },
        "east": {
          "uv": [
            10,
            8.66667,
            11.33333,
            9
          ],
          "texture": "#2"
        },
        "south": {
          "uv": [
            11.33333,
            7.33333,
            11.66667,
            7.66667
          ],
          "texture": "#2"
        },
        "west": {
          "uv": [
            9.33333,
            10,
            10.66667,
            10.33333
          ],
          "texture": "#2"
        },
        "up": {
          "uv": [
            0.33333,
            12,
            0,
            10.66667
          ],
          "texture": "#2"
        },
        "down": {
          "uv": [
            11,
            0,
            10.66667,
            1.33333
          ],
          "texture": "#2"
        }
      }
    },
    {
      "from": [
        7.5,
        14.25,
        5.775
      ],
      "to": [
        8.5,
        14.75,
        6.275
      ],
      "rotation": {
        "angle": 0,
        "axis": "y",
        "origin": [
          8,
          0.5,
          1
        ]
      },
      "faces": {
        "north": {
          "uv": [
            4.66667,
            11.33333,
            5.33333,
            11.66667
          ],
          "texture": "#2"
        },
        "south": {
          "uv": [
            11.33333,
            4.66667,
            12,
            5
          ],
          "texture": "#2"
        },
        "up": {
          "uv": [
            6,
            11.66667,
            5.33333,
            11.33333
          ],
          "texture": "#2"
        },
        "down": {
          "uv": [
            12,
            5.33333,
            11.33333,
            5.66667
          ],
          "texture": "#2"
        }
      }
    },
    {
      "from": [
        7.5,
        14.25,
        7.275
      ],
      "to": [
        8.5,
        14.75,
        7.775
      ],
      "rotation": {
        "angle": 0,
        "axis": "y",
        "origin": [
          8,
          0.5,
          1
        ]
      },
      "faces": {
        "north": {
          "uv": [
            3.33333,
            11.33333,
            4,
            11.66667
          ],
          "texture": "#2"
        },
        "south": {
          "uv": [
            11.33333,
            3.33333,
            12,
            3.66667
          ],
          "texture": "#2"
        },
        "up": {
          "uv": [
            4.66667,
            11.66667,
            4,
            11.33333
          ],
          "texture": "#2"
        },
        "down": {
          "uv": [
            12,
            4,
            11.33333,
            4.33333
          ],
          "texture": "#2"
        }
      }
    },
    {
      "from": [
        8.5,
        14.25,
        5.775
      ],
      "to": [
        9,
        14.75,
        7.775
      ],
      "rotation": {
        "angle": 0,
        "axis": "y",
        "origin": [
          8,
          0.5,
          1
        ]
      },
      "faces": {
        "north": {
          "uv": [
            6.66667,
            11.33333,
            7,
            11.66667
          ],
          "texture": "#2"
        },
        "east": {
          "uv": [
            10,
            6.66667,
            11.33333,
            7
          ],
          "texture": "#2"
        },
        "south": {
          "uv": [
            11.33333,
            6.66667,
            11.66667,
            7
          ],
          "texture": "#2"
        },
        "west": {
          "uv": [
            7.33333,
            10,
            8.66667,
            10.33333
          ],
          "texture": "#2"
        },
        "up": {
          "uv": [
            10.33333,
            8.66667,
            10,
            7.33333
          ],
          "texture": "#2"
        },
        "down": {
          "uv": [
            9,
            10,
            8.66667,
            11.33333
          ],
          "texture": "#2"
        }
      }
    },
    {
      "from": [
        7,
        12.25,
        5.775
      ],
      "to": [
        7.5,
        12.75,
        7.775
      ],
      "rotation": {
        "angle": 0,
        "axis": "y",
        "origin": [
          8,
          -1.5,
          1
        ]
      },
      "faces": {
        "north": {
          "uv": [
            7.33333,
            11.33333,
            7.66667,
            11.66667
          ],
          "texture": "#2"
        },
        "east": {
          "uv": [
            10,
            8.66667,
            11.33333,
            9
          ],
          "texture": "#2"
        },
        "south": {
          "uv": [
            11.33333,
            7.33333,
            11.66667,
            7.66667
          ],
          "texture": "#2"
        },
        "west": {
          "uv": [
            9.33333,
            10,
            10.66667,
            10.33333
          ],
          "texture": "#2"
        },
        "up": {
          "uv": [
            0.33333,
            12,
            0,
            10.66667
          ],
          "texture": "#2"
        },
        "down": {
          "uv": [
            11,
            0,
            10.66667,
            1.33333
          ],
          "texture": "#2"
        }
      }
    },
    {
      "from": [
        7.5,
        12.25,
        5.775
      ],
      "to": [
        8.5,
        12.75,
        6.275
      ],
      "rotation": {
        "angle": 0,
        "axis": "y",
        "origin": [
          8,
          -1.5,
          1
        ]
      },
      "faces": {
        "north": {
          "uv": [
            4.66667,
            11.33333,
            5.33333,
            11.66667
          ],
          "texture": "#2"
        },
        "south": {
          "uv": [
            11.33333,
            4.66667,
            12,
            5
          ],
          "texture": "#2"
        },
        "up": {
          "uv": [
            6,
            11.66667,
            5.33333,
            11.33333
          ],
          "texture": "#2"
        },
        "down": {
          "uv": [
            12,
            5.33333,
            11.33333,
            5.66667
          ],
          "texture": "#2"
        }
      }
    },
    {
      "from": [
        7.5,
        12.25,
        7.275
      ],
      "to": [
        8.5,
        12.75,
        7.775
      ],
      "rotation": {
        "angle": 0,
        "axis": "y",
        "origin": [
          8,
          -1.5,
          1
        ]
      },
      "faces": {
        "north": {
          "uv": [
            3.33333,
            11.33333,
            4,
            11.66667
          ],
          "texture": "#2"
        },
        "south": {
          "uv": [
            11.33333,
            3.33333,
            12,
            3.66667
          ],
          "texture": "#2"
        },
        "up": {
          "uv": [
            4.66667,
            11.66667,
            4,
            11.33333
          ],
          "texture": "#2"
        },
        "down": {
          "uv": [
            12,
            4,
            11.33333,
            4.33333
          ],
          "texture": "#2"
        }
      }
    },
    {
      "from": [
        8.5,
        12.25,
        5.775
      ],
      "to": [
        9,
        12.75,
        7.775
      ],
      "rotation": {
        "angle": 0,
        "axis": "y",
        "origin": [
          8,
          -1.5,
          1
        ]
      },
      "faces": {
        "north": {
          "uv": [
            6.66667,
            11.33333,
            7,
            11.66667
          ],
          "texture": "#2"
        },
        "east": {
          "uv": [
            10,
            6.66667,
            11.33333,
            7
          ],
          "texture": "#2"
        },
        "south": {
          "uv": [
            11.33333,
            6.66667,
            11.66667,
            7
          ],
          "texture": "#2"
        },
        "west": {
          "uv": [
            7.33333,
            10,
            8.66667,
            10.33333
          ],
          "texture": "#2"
        },
        "up": {
          "uv": [
            10.33333,
            8.66667,
            10,
            7.33333
          ],
          "texture": "#2"
        },
        "down": {
          "uv": [
            9,
            10,
            8.66667,
            11.33333
          ],
          "texture": "#2"
        }
      }
    },
    {
      "from": [
        7,
        16.55,
        5.65
      ],
      "to": [
        7.5,
        17.05,
        7.65
      ],
      "rotation": {
        "angle": -22.5,
        "axis": "x",
        "origin": [
          8,
          16.8,
          6.775
        ]
      },
      "faces": {
        "north": {
          "uv": [
            7.33333,
            11.33333,
            7.66667,
            11.66667
          ],
          "texture": "#2"
        },
        "east": {
          "uv": [
            10,
            8.66667,
            11.33333,
            9
          ],
          "texture": "#2"
        },
        "south": {
          "uv": [
            11.33333,
            7.33333,
            11.66667,
            7.66667
          ],
          "texture": "#2"
        },
        "west": {
          "uv": [
            9.33333,
            10,
            10.66667,
            10.33333
          ],
          "texture": "#2"
        },
        "up": {
          "uv": [
            0.33333,
            12,
            0,
            10.66667
          ],
          "texture": "#2"
        },
        "down": {
          "uv": [
            11,
            0,
            10.66667,
            1.33333
          ],
          "texture": "#2"
        }
      }
    },
    {
      "from": [
        7.5,
        16.55,
        7.15
      ],
      "to": [
        8.5,
        17.05,
        7.65
      ],
      "rotation": {
        "angle": -22.5,
        "axis": "x",
        "origin": [
          8,
          16.8,
          6.775
        ]
      },
      "faces": {
        "north": {
          "uv": [
            3.33333,
            11.33333,
            4,
            11.66667
          ],
          "texture": "#2"
        },
        "south": {
          "uv": [
            11.33333,
            3.33333,
            12,
            3.66667
          ],
          "texture": "#2"
        },
        "up": {
          "uv": [
            4.66667,
            11.66667,
            4,
            11.33333
          ],
          "texture": "#2"
        },
        "down": {
          "uv": [
            12,
            4,
            11.33333,
            4.33333
          ],
          "texture": "#2"
        }
      }
    },
    {
      "from": [
        7.5,
        16.55,
        5.65
      ],
      "to": [
        8.5,
        17.05,
        6.15
      ],
      "rotation": {
        "angle": -22.5,
        "axis": "x",
        "origin": [
          8,
          16.8,
          6.775
        ]
      },
      "faces": {
        "north": {
          "uv": [
            4.66667,
            11.33333,
            5.33333,
            11.66667
          ],
          "texture": "#2"
        },
        "south": {
          "uv": [
            11.33333,
            4.66667,
            12,
            5
          ],
          "texture": "#2"
        },
        "up": {
          "uv": [
            6,
            11.66667,
            5.33333,
            11.33333
          ],
          "texture": "#2"
        },
        "down": {
          "uv": [
            12,
            5.33333,
            11.33333,
            5.66667
          ],
          "texture": "#2"
        }
      }
    },
    {
      "from": [
        8.5,
        16.55,
        5.65
      ],
      "to": [
        9,
        17.05,
        7.65
      ],
      "rotation": {
        "angle": -22.5,
        "axis": "x",
        "origin": [
          8,
          16.8,
          6.775
        ]
      },
      "faces": {
        "north": {
          "uv": [
            6.66667,
            11.33333,
            7,
            11.66667
          ],
          "texture": "#2"
        },
        "east": {
          "uv": [
            10,
            6.66667,
            11.33333,
            7
          ],
          "texture": "#2"
        },
        "south": {
          "uv": [
            11.33333,
            6.66667,
            11.66667,
            7
          ],
          "texture": "#2"
        },
        "west": {
          "uv": [
            7.33333,
            10,
            8.66667,
            10.33333
          ],
          "texture": "#2"
        },
        "up": {
          "uv": [
            10.33333,
            8.66667,
            10,
            7.33333
          ],
          "texture": "#2"
        },
        "down": {
          "uv": [
            9,
            10,
            8.66667,
            11.33333
          ],
          "texture": "#2"
        }
      }
    },
    {
      "from": [
        7,
        19.29343,
        4.6156
      ],
      "to": [
        7.5,
        19.79343,
        6.6156
      ],
      "rotation": {
        "angle": -45,
        "axis": "x",
        "origin": [
          8,
          19.44343,
          5.6156
        ]
      },
      "faces": {
        "north": {
          "uv": [
            7.33333,
            11.33333,
            7.66667,
            11.66667
          ],
          "texture": "#2"
        },
        "east": {
          "uv": [
            10,
            8.66667,
            11.33333,
            9
          ],
          "texture": "#2"
        },
        "south": {
          "uv": [
            11.33333,
            7.33333,
            11.66667,
            7.66667
          ],
          "texture": "#2"
        },
        "west": {
          "uv": [
            9.33333,
            10,
            10.66667,
            10.33333
          ],
          "texture": "#2"
        },
        "up": {
          "uv": [
            0.33333,
            12,
            0,
            10.66667
          ],
          "texture": "#2"
        },
        "down": {
          "uv": [
            11,
            0,
            10.66667,
            1.33333
          ],
          "texture": "#2"
        }
      }
    },
    {
      "from": [
        7.5,
        19.29343,
        4.6156
      ],
      "to": [
        8.5,
        19.79343,
        5.1156
      ],
      "rotation": {
        "angle": -45,
        "axis": "x",
        "origin": [
          8,
          19.44343,
          5.6156
        ]
      },
      "faces": {
        "north": {
          "uv": [
            4.66667,
            11.33333,
            5.33333,
            11.66667
          ],
          "texture": "#2"
        },
        "south": {
          "uv": [
            11.33333,
            4.66667,
            12,
            5
          ],
          "texture": "#2"
        },
        "up": {
          "uv": [
            6,
            11.66667,
            5.33333,
            11.33333
          ],
          "texture": "#2"
        },
        "down": {
          "uv": [
            12,
            5.33333,
            11.33333,
            5.66667
          ],
          "texture": "#2"
        }
      }
    },
    {
      "from": [
        7.5,
        19.29343,
        6.1156
      ],
      "to": [
        8.5,
        19.79343,
        6.6156
      ],
      "rotation": {
        "angle": -45,
        "axis": "x",
        "origin": [
          8,
          19.44343,
          5.6156
        ]
      },
      "faces": {
        "north": {
          "uv": [
            3.33333,
            11.33333,
            4,
            11.66667
          ],
          "texture": "#2"
        },
        "south": {
          "uv": [
            11.33333,
            3.33333,
            12,
            3.66667
          ],
          "texture": "#2"
        },
        "up": {
          "uv": [
            4.66667,
            11.66667,
            4,
            11.33333
          ],
          "texture": "#2"
        },
        "down": {
          "uv": [
            12,
            4,
            11.33333,
            4.33333
          ],
          "texture": "#2"
        }
      }
    },
    {
      "from": [
        8.5,
        19.29343,
        4.6156
      ],
      "to": [
        9,
        19.79343,
        6.6156
      ],
      "rotation": {
        "angle": -45,
        "axis": "x",
        "origin": [
          8,
          19.44343,
          5.6156
        ]
      },
      "faces": {
        "north": {
          "uv": [
            6.66667,
            11.33333,
            7,
            11.66667
          ],
          "texture": "#2"
        },
        "east": {
          "uv": [
            10,
            6.66667,
            11.33333,
            7
          ],
          "texture": "#2"
        },
        "south": {
          "uv": [
            11.33333,
            6.66667,
            11.66667,
            7
          ],
          "texture": "#2"
        },
        "west": {
          "uv": [
            7.33333,
            10,
            8.66667,
            10.33333
          ],
          "texture": "#2"
        },
        "up": {
          "uv": [
            10.33333,
            8.66667,
            10,
            7.33333
          ],
          "texture": "#2"
        },
        "down": {
          "uv": [
            9,
            10,
            8.66667,
            11.33333
          ],
          "texture": "#2"
        }
      }
    },
    {
      "from": [
        7.975,
        7.25,
        2.775
      ],
      "to": [
        8.025,
        20.25,
        7.775
      ],
      "rotation": {
        "angle": 0,
        "axis": "y",
        "origin": [
          7.975,
          0.25,
          0
        ]
      },
      "faces": {
        "east": {
          "uv": [
            3.33333,
            0,
            0,
            8.66667
          ],
          "texture": "#2"
        },
        "west": {
          "uv": [
            0,
            0,
            3.33333,
            8.66667
          ],
          "texture": "#2"
        }
      }
    },
    {
      "from": [
        7.5464,
        9.8464,
        3.5714
      ],
      "to": [
        8.4536,
        10.7536,
        4.4786
      ],
      "rotation": {
        "angle": 0,
        "axis": "y",
        "origin": [
          8,
          -2.11,
          -0.41
        ]
      },
      "faces": {
        "north": {
          "uv": [
            5.33333,
            9.33333,
            6,
            10
          ],
          "texture": "#2"
        },
        "east": {
          "uv": [
            9.33333,
            6.66667,
            10,
            7.33333
          ],
          "texture": "#2"
        },
        "south": {
          "uv": [
            7.33333,
            9.33333,
            8,
            10
          ],
          "texture": "#2"
        },
        "west": {
          "uv": [
            9.33333,
            7.33333,
            10,
            8
          ],
          "texture": "#2"
        },
        "up": {
          "uv": [
            8.66667,
            10,
            8,
            9.33333
          ],
          "texture": "#2"
        },
        "down": {
          "uv": [
            10,
            8,
            9.33333,
            8.66667
          ],
          "texture": "#2"
        }
      }
    },
    {
      "from": [
        6.9,
        3.5,
        4
      ],
      "to": [
        6.95,
        11.5,
        12
      ],
      "rotation": {
        "angle": 0,
        "axis": "y",
        "origin": [
          7,
          8,
          1
        ]
      },
      "faces": {
        "east": {
          "uv": [
            16,
            0,
            0,
            16
          ],
          "texture": "#1"
        },
        "west": {
          "uv": [
            0,
            0,
            16,
            16
          ],
          "texture": "#1"
        }
      }
    },
    {
      "from": [
        9.05,
        3.5,
        4
      ],
      "to": [
        9.1,
        11.5,
        12
      ],
      "rotation": {
        "angle": 0,
        "axis": "y",
        "origin": [
          9,
          8,
          1
        ]
      },
      "faces": {
        "east": {
          "uv": [
            16,
            0,
            0,
            16
          ],
          "texture": "#1"
        },
        "west": {
          "uv": [
            0,
            0,
            16,
            16
          ],
          "texture": "#1"
        }
      }
    }
  ],
  "gui_light": "front",
  "display": {
    "thirdperson_righthand": {
      "translation": [
        0,
        2.5,
        0.75
      ]
    },
    "thirdperson_lefthand": {
      "translation": [
        0,
        2.5,
        0.75
      ]
    },
    "firstperson_righthand": {
      "rotation": [
        -10,
        0,
        0
      ],
      "translation": [
        0,
        3.5,
        1.5
      ]
    },
    "firstperson_lefthand": {
      "rotation": [
        -10,
        0,
        0
      ],
      "translation": [
        0,
        3.5,
        1.5
      ]
    },
    "ground": {
      "rotation": [
        -45,
        0,
        0
      ],
      "translation": [
        0,
        9.25,
        2
      ]
    },
    "gui": {
      "rotation": [
        -90,
        45,
        90
      ],
      "translation": [
        2.75,
        -1.25,
        0
      ],
      "scale": [
        1.01992,
        1.01992,
        1.01992
      ]
    },
    "head": {
      "scale": [
        0,
        0,
        0
      ]
    },
    "fixed": {
      "rotation": [
        0,
        -90,
        0
      ],
      "translation": [
        0,
        -5,
        -0.75
      ],
      "scale": [
        2,
        2,
        2
      ]
    }
  }
}