{
  "credit": "Made by PolygonMC",
  "texture_size": [
    24,
    24
  ],
  "textures": {
    "0": "littlecatset:tail",
    "1": "littlecatset:animations/animations_1",
    "particle": "littlecatset:tail"
  },
  "elements": [
    {
      "from": [
        7.496,
        10.90321,
        3.56835
      ],
      "to": [
        8.504,
        11.91121,
        4.66035
      ],
      "rotation": {
        "angle": 0,
        "axis": "y",
        "origin": [
          7.496,
          10.90321,
          3.56835
        ]
      },
      "faces": {
        "north": {
          "uv": [
            7.33333,
            4.66667,
            8,
            5.33333
          ],
          "texture": "#0"
        },
        "east": {
          "uv": [
            8,
            2,
            8.66667,
            2.66667
          ],
          "texture": "#0"
        },
        "west": {
          "uv": [
            8,
            4.66667,
            8.66667,
            5.33333
          ],
          "texture": "#0"
        },
        "up": {
          "uv": [
            9.33333,
            2.66667,
            8.66667,
            2
          ],
          "texture": "#0"
        },
        "down": {
          "uv": [
            9.33333,
            6.66667,
            8.66667,
            7.33333
          ],
          "texture": "#0"
        }
      }
    },
    {
      "from": [
        7.268,
        10.37458,
        4.34109
      ],
      "to": [
        8.732,
        11.83858,
        6.03709
      ],
      "rotation": {
        "angle": 22.5,
        "axis": "x",
        "origin": [
          8,
          11.10658,
          5.18909
        ]
      },
      "faces": {
        "north": {
          "uv": [
            0,
            10,
            1,
            11
          ],
          "texture": "#0"
        },
        "east": {
          "uv": [
            10,
            0,
            11,
            1
          ],
          "texture": "#0"
        },
        "west": {
          "uv": [
            1.33333,
            10,
            2.33333,
            11
          ],
          "texture": "#0"
        },
        "up": {
          "uv": [
            3.66667,
            11,
            2.66667,
            10
          ],
          "texture": "#0"
        },
        "down": {
          "uv": [
            5,
            10,
            4,
            11
          ],
          "texture": "#0"
        }
      }
    },
    {
      "from": [
        7.01502,
        9.25801,
        5.38457
      ],
      "to": [
        8.98498,
        11.63295,
        7.35453
      ],
      "rotation": {
        "angle": -45,
        "axis": "x",
        "origin": [
          8,
          10.40448,
          6.90855
        ]
      },
      "faces": {
        "north": {
          "uv": [
            8,
            8,
            9.33333,
            9.66667
          ],
          "texture": "#0"
        },
        "east": {
          "uv": [
            8.66667,
            4.66667,
            10,
            6.33333
          ],
          "texture": "#0"
        },
        "south": {
          "uv": [
            9.33333,
            2,
            10.66667,
            3.66667
          ],
          "texture": "#0"
        },
        "west": {
          "uv": [
            9.33333,
            6.66667,
            10.66667,
            8.33333
          ],
          "texture": "#0"
        },
        "up": {
          "uv": [
            10.66667,
            10,
            9.33333,
            8.66667
          ],
          "texture": "#0"
        }
      }
    },
    {
      "from": [
        6.77863,
        6.73768,
        6.25763
      ],
      "to": [
        9.22137,
        9.6826,
        8.70037
      ],
      "rotation": {
        "angle": -22.5,
        "axis": "x",
        "origin": [
          8,
          8.43514,
          7.579
        ]
      },
      "faces": {
        "north": {
          "uv": [
            0,
            8,
            1.66667,
            10
          ],
          "texture": "#0"
        },
        "east": {
          "uv": [
            8,
            0,
            9.66667,
            2
          ],
          "texture": "#0"
        },
        "south": {
          "uv": [
            2,
            8,
            3.66667,
            10
          ],
          "texture": "#0"
        },
        "west": {
          "uv": [
            4,
            8,
            5.66667,
            10
          ],
          "texture": "#0"
        },
        "up": {
          "uv": [
            7.66667,
            9.66667,
            6,
            8
          ],
          "texture": "#0"
        }
      }
    },
    {
      "from": [
        6.57099,
        3.94938,
        8.09406
      ],
      "to": [
        9.42901,
        7.39494,
        10.95207
      ],
      "rotation": {
        "angle": -45,
        "axis": "x",
        "origin": [
          8,
          5.47216,
          8.77557
        ]
      },
      "faces": {
        "north": {
          "uv": [
            2.66667,
            5.33333,
            4.66667,
            7.66667
          ],
          "texture": "#0"
        },
        "east": {
          "uv": [
            5.33333,
            2.66667,
            7.33333,
            5
          ],
          "texture": "#0"
        },
        "south": {
          "uv": [
            4.66667,
            5.33333,
            6.66667,
            7.66667
          ],
          "texture": "#0"
        },
        "west": {
          "uv": [
            6.66667,
            5.33333,
            8.66667,
            7.66667
          ],
          "texture": "#0"
        },
        "up": {
          "uv": [
            9.33333,
            4.66667,
            7.33333,
            2.66667
          ],
          "texture": "#0"
        }
      }
    },
    {
      "from": [
        6.25661,
        2.87388,
        9.41079
      ],
      "to": [
        9.74339,
        6.36066,
        13.61437
      ],
      "rotation": {
        "angle": 22.5,
        "axis": "x",
        "origin": [
          8,
          3.66727,
          11.63758
        ]
      },
      "faces": {
        "north": {
          "uv": [
            0,
            5.33333,
            2.33333,
            7.66667
          ],
          "texture": "#0"
        },
        "east": {
          "uv": [
            0,
            0,
            2.66667,
            2.33333
          ],
          "texture": "#0"
        },
        "south": {
          "uv": [
            5.33333,
            0,
            7.66667,
            2.33333
          ],
          "texture": "#0"
        },
        "west": {
          "uv": [
            0,
            2.66667,
            2.66667,
            5
          ],
          "texture": "#0"
        },
        "up": {
          "uv": [
            5,
            2.66667,
            2.66667,
            0
          ],
          "texture": "#0"
        },
        "down": {
          "uv": [
            5,
            2.66667,
            2.66667,
            5.33333
          ],
          "texture": "#0"
        }
      }
    },
    {
      "from": [
        5.925,
        4,
        5
      ],
      "to": [
        5.975,
        11,
        12
      ],
      "rotation": {
        "angle": 22.5,
        "axis": "x",
        "origin": [
          5.95,
          6.75,
          8
        ]
      },
      "faces": {
        "east": {
          "uv": [
            16,
            0,
            0,
            16
          ],
          "texture": "#1"
        },
        "west": {
          "uv": [
            0,
            0,
            16,
            16
          ],
          "texture": "#1"
        }
      }
    },
    {
      "from": [
        10.025,
        4,
        5
      ],
      "to": [
        10.075,
        11,
        12
      ],
      "rotation": {
        "angle": 22.5,
        "axis": "x",
        "origin": [
          10.05,
          6.75,
          8
        ]
      },
      "faces": {
        "east": {
          "uv": [
            16,
            0,
            0,
            16
          ],
          "texture": "#1"
        },
        "west": {
          "uv": [
            0,
            0,
            16,
            16
          ],
          "texture": "#1"
        }
      }
    }
  ],
  "gui_light": "front",
  "display": {
    "thirdperson_righthand": {
      "rotation": [
        30,
        180,
        0
      ],
      "translation": [
        0,
        0.25,
        0
      ],
      "scale": [
        0.64063,
        0.64063,
        0.64063
      ]
    },
    "thirdperson_lefthand": {
      "rotation": [
        75.75,
        0,
        0
      ],
      "translation": [
        -5.5,
        -11.75,
        0.25
      ]
    },
    "firstperson_righthand": {
      "rotation": [
        79,
        180,
        0
      ],
      "translation": [
        0,
        4,
        0
      ]
    },
    "firstperson_lefthand": {
      "scale": [
        0,
        0,
        0
      ]
    },
    "ground": {
      "translation": [
        0,
        8.75,
        0
      ]
    },
    "gui": {
      "rotation": [
        0,
        54,
        0
      ],
      "translation": [
        -2,
        1.25,
        0
      ],
      "scale": [
        1.56445,
        1.56445,
        1.56445
      ]
    },
    "head": {
      "translation": [
        0,
        -63,
        10.25
      ],
      "scale": [
        1.68945,
        1.68945,
        1.68945
      ]
    },
    "fixed": {
      "rotation": [
        0,
        180,
        0
      ],
      "translation": [
        0,
        -8.5,
        -10.75
      ],
      "scale": [
        2.75977,
        2.75977,
        2.75977
      ]
    }
  }
}