{
	"credit": "Made with Blockbench",
	"texture_size": [32, 32],
	"textures": {
		"0": "littleroom_magnus:magnus_shard"
	},
	"elements": [
		{
			"from": [6, 3, 6],
			"to": [11, 14, 8],
			"rotation": {"angle": 0, "axis": "y", "origin": [7.33333, 6.83333, 7.83333]},
			"faces": {
				"north": {"uv": [0, 0, 2.5, 5.5], "texture": "#0"},
				"east": {"uv": [3, 5.5, 4, 11], "texture": "#0"},
				"south": {"uv": [2.5, 0, 5, 5.5], "texture": "#0"},
				"west": {"uv": [4, 5.5, 5, 11], "texture": "#0"},
				"up": {"uv": [11, 7, 8.5, 6], "texture": "#0"},
				"down": {"uv": [11, 7, 8.5, 8], "texture": "#0"}
			}
		},
		{
			"from": [5, 2, 8],
			"to": [11, 10, 10],
			"rotation": {"angle": 0, "axis": "y", "origin": [7.33333, 6.83333, 7.83333]},
			"faces": {
				"north": {"uv": [0, 5.5, 3, 9.5], "texture": "#0"},
				"east": {"uv": [7.5, 4, 8.5, 8], "texture": "#0"},
				"south": {"uv": [7.5, 0, 10.5, 4], "texture": "#0"},
				"west": {"uv": [7.5, 8, 8.5, 12], "texture": "#0"},
				"up": {"uv": [11.5, 5, 8.5, 4], "texture": "#0"},
				"down": {"uv": [11.5, 5, 8.5, 6], "texture": "#0"}
			}
		},
		{
			"from": [3, 1, 7],
			"to": [8, 11, 8],
			"rotation": {"angle": 0, "axis": "y", "origin": [7.33333, 6.83333, 7.83333]},
			"faces": {
				"north": {"uv": [5, 0, 7.5, 5], "texture": "#0"},
				"east": {"uv": [8.5, 8, 9, 13], "texture": "#0"},
				"south": {"uv": [5, 5, 7.5, 10], "texture": "#0"},
				"west": {"uv": [9, 8, 9.5, 13], "texture": "#0"},
				"up": {"uv": [2.5, 10, 0, 9.5], "texture": "#0"},
				"down": {"uv": [12, 8, 9.5, 8.5], "texture": "#0"}
			}
		}
	],
	"display": {
		"thirdperson_righthand": {
			"rotation": [0, 59, 0],
			"translation": [0, 4.75, 0],
			"scale": [0.75, 0.75, 0.75]
		},
		"thirdperson_lefthand": {
			"rotation": [0, 59, 0],
			"translation": [0, 4.75, 0],
			"scale": [0.75, 0.75, 0.75]
		},
		"firstperson_righthand": {
			"rotation": [6, 95, -11],
			"translation": [1.75, 2, 0],
			"scale": [0.75, 0.75, 0.75]
		},
		"firstperson_lefthand": {
			"rotation": [6, 95, -11],
			"translation": [1.75, 2, 0],
			"scale": [0.75, 0.75, 0.75]
		},
		"ground": {
			"rotation": [45, 0, 0],
			"translation": [0, 4.5, 0]
		},
		"gui": {
			"rotation": [28, 21, -42],
			"translation": [1, 0, 0]
		}
	}
}