{
	"credit": "Made with Blockbench",
	"textures": {
		"0": "minehammer:item/steampunk/rgbsheet1",
		"2": "minehammer:item/steampunk/steam",
		"particle": "minehammer:item/steampunk/rgbsheet1"
	},
	"elements": [
		{
			"from": [-2.75, 2.5, -2.75],
			"to": [18.75, 4, 18.75],
			"rotation": {"angle": 0, "axis": "y", "origin": [0, -8, 0]},
			"faces": {
				"north": {"uv": [7, 15, 8, 16], "texture": "#0"},
				"east": {"uv": [7, 15, 8, 16], "texture": "#0"},
				"south": {"uv": [7, 15, 8, 16], "texture": "#0"},
				"west": {"uv": [7, 15, 8, 16], "texture": "#0"},
				"up": {"uv": [7, 15, 8, 16], "texture": "#0"},
				"down": {"uv": [7, 15, 8, 16], "texture": "#0"}
			}
		},
		{
			"from": [1.25, 5.25, 1.25],
			"to": [14.75, 18.5, 14.75],
			"rotation": {"angle": 0, "axis": "y", "origin": [8, 3.5, 8]},
			"faces": {
				"north": {"uv": [7, 15, 8, 16], "texture": "#0"},
				"east": {"uv": [7, 15, 8, 16], "texture": "#0"},
				"south": {"uv": [7, 15, 8, 16], "texture": "#0"},
				"west": {"uv": [7, 15, 8, 16], "texture": "#0"},
				"up": {"uv": [7, 15, 8, 16], "texture": "#0"},
				"down": {"uv": [7, 15, 8, 16], "texture": "#0"}
			}
		},
		{
			"from": [-0.75, 4, 4.75],
			"to": [1.25, 8.25, 11.25],
			"rotation": {"angle": 0, "axis": "y", "origin": [-3, 3.5, 11.5]},
			"faces": {
				"north": {"uv": [11, 7, 12, 8], "texture": "#0"},
				"east": {"uv": [11, 7, 12, 8], "texture": "#0"},
				"south": {"uv": [11, 7, 12, 8], "texture": "#0"},
				"west": {"uv": [11, 7, 12, 8], "texture": "#0"},
				"up": {"uv": [11, 7, 12, 8], "texture": "#0"},
				"down": {"uv": [11, 7, 12, 8], "texture": "#0"}
			}
		},
		{
			"from": [-0.25, 8.25, 6.25],
			"to": [1.25, 22, 7.75],
			"rotation": {"angle": 0, "axis": "y", "origin": [-3, 7.75, 11.5]},
			"faces": {
				"north": {"uv": [10, 14, 11, 15], "texture": "#0"},
				"east": {"uv": [10, 14, 11, 15], "texture": "#0"},
				"south": {"uv": [10, 14, 11, 15], "texture": "#0"},
				"west": {"uv": [10, 14, 11, 15], "texture": "#0"},
				"up": {"uv": [10, 14, 11, 15], "texture": "#0"},
				"down": {"uv": [10, 14, 11, 15], "texture": "#0"}
			}
		},
		{
			"from": [1.25, 4, 1.25],
			"to": [14.75, 5.25, 14.75],
			"rotation": {"angle": 0, "axis": "y", "origin": [8, 3.5, 8]},
			"faces": {
				"north": {"uv": [10, 7, 11, 8], "texture": "#0"},
				"east": {"uv": [10, 7, 11, 8], "texture": "#0"},
				"south": {"uv": [10, 7, 11, 8], "texture": "#0"},
				"west": {"uv": [10, 7, 11, 8], "texture": "#0"},
				"up": {"uv": [10, 7, 11, 8], "texture": "#0"},
				"down": {"uv": [10, 7, 11, 8], "texture": "#0"}
			}
		},
		{
			"from": [5.25, 4, -0.25],
			"to": [5.75, 7.25, 1.25],
			"rotation": {"angle": 0, "axis": "y", "origin": [8, 3.5, 6.5]},
			"faces": {
				"north": {"uv": [11, 7, 12, 8], "texture": "#0"},
				"east": {"uv": [11, 7, 12, 8], "texture": "#0"},
				"south": {"uv": [11, 7, 12, 8], "texture": "#0"},
				"west": {"uv": [11, 7, 12, 8], "texture": "#0"},
				"up": {"uv": [11, 7, 12, 8], "texture": "#0"},
				"down": {"uv": [11, 7, 12, 8], "texture": "#0"}
			}
		},
		{
			"from": [1.75, 6.75, -0.25],
			"to": [5.75, 7.25, 1.25],
			"rotation": {"angle": 0, "axis": "y", "origin": [8, 3.5, 6.5]},
			"faces": {
				"north": {"uv": [11, 7, 12, 8], "texture": "#0"},
				"east": {"uv": [11, 7, 12, 8], "texture": "#0"},
				"south": {"uv": [11, 7, 12, 8], "texture": "#0"},
				"west": {"uv": [11, 7, 12, 8], "texture": "#0"},
				"up": {"uv": [11, 7, 12, 8], "texture": "#0"},
				"down": {"uv": [11, 7, 12, 8], "texture": "#0"}
			}
		},
		{
			"from": [1.75, 4, -0.25],
			"to": [5.75, 4.5, 1.25],
			"rotation": {"angle": 0, "axis": "y", "origin": [8, 0.75, 6.5]},
			"faces": {
				"north": {"uv": [11, 7, 12, 8], "texture": "#0"},
				"east": {"uv": [11, 7, 12, 8], "texture": "#0"},
				"south": {"uv": [11, 7, 12, 8], "texture": "#0"},
				"west": {"uv": [11, 7, 12, 8], "texture": "#0"},
				"up": {"uv": [11, 7, 12, 8], "texture": "#0"},
				"down": {"uv": [11, 7, 12, 8], "texture": "#0"}
			}
		},
		{
			"from": [2.5, 5.25, -0.25],
			"to": [4, 5.75, 1.25],
			"rotation": {"angle": 0, "axis": "y", "origin": [8, 2, 6.5]},
			"faces": {
				"north": {"uv": [7, 15, 8, 16], "texture": "#0"},
				"east": {"uv": [7, 15, 8, 16], "texture": "#0"},
				"south": {"uv": [7, 15, 8, 16], "texture": "#0"},
				"west": {"uv": [7, 15, 8, 16], "texture": "#0"},
				"up": {"uv": [7, 15, 8, 16], "texture": "#0"},
				"down": {"uv": [7, 15, 8, 16], "texture": "#0"}
			}
		},
		{
			"from": [3.5, 5.75, -0.25],
			"to": [5, 6.25, 1.25],
			"rotation": {"angle": 45, "axis": "z", "origin": [4.25, 6, 0.5]},
			"faces": {
				"north": {"uv": [7, 15, 8, 16], "texture": "#0"},
				"east": {"uv": [7, 15, 8, 16], "texture": "#0"},
				"south": {"uv": [7, 15, 8, 16], "texture": "#0"},
				"west": {"uv": [7, 15, 8, 16], "texture": "#0"},
				"up": {"uv": [7, 15, 8, 16], "texture": "#0"},
				"down": {"uv": [7, 15, 8, 16], "texture": "#0"}
			}
		},
		{
			"from": [1.75, 4, -0.25],
			"to": [2.25, 7.25, 1.25],
			"rotation": {"angle": 0, "axis": "y", "origin": [8, 3.5, 6.5]},
			"faces": {
				"north": {"uv": [11, 7, 12, 8], "texture": "#0"},
				"east": {"uv": [11, 7, 12, 8], "texture": "#0"},
				"south": {"uv": [11, 7, 12, 8], "texture": "#0"},
				"west": {"uv": [11, 7, 12, 8], "texture": "#0"},
				"up": {"uv": [11, 7, 12, 8], "texture": "#0"},
				"down": {"uv": [11, 7, 12, 8], "texture": "#0"}
			}
		},
		{
			"from": [2, 4, 0.25],
			"to": [5.5, 7, 1.25],
			"rotation": {"angle": 0, "axis": "y", "origin": [8, 3.5, 6.5]},
			"faces": {
				"north": {"uv": [15, 14, 16, 15], "texture": "#0"},
				"east": {"uv": [15, 14, 16, 15], "texture": "#0"},
				"south": {"uv": [15, 14, 16, 15], "texture": "#0"},
				"west": {"uv": [15, 14, 16, 15], "texture": "#0"},
				"up": {"uv": [15, 14, 16, 15], "texture": "#0"},
				"down": {"uv": [15, 14, 16, 15], "texture": "#0"}
			}
		},
		{
			"from": [13.25, 4, -0.25],
			"to": [13.75, 7.25, 1.25],
			"rotation": {"angle": 0, "axis": "y", "origin": [16, 3.5, 6.5]},
			"faces": {
				"north": {"uv": [11, 7, 12, 8], "texture": "#0"},
				"east": {"uv": [11, 7, 12, 8], "texture": "#0"},
				"south": {"uv": [11, 7, 12, 8], "texture": "#0"},
				"west": {"uv": [11, 7, 12, 8], "texture": "#0"},
				"up": {"uv": [11, 7, 12, 8], "texture": "#0"},
				"down": {"uv": [11, 7, 12, 8], "texture": "#0"}
			}
		},
		{
			"from": [9.75, 6.75, -0.25],
			"to": [13.75, 7.25, 1.25],
			"rotation": {"angle": 0, "axis": "y", "origin": [16, 3.5, 6.5]},
			"faces": {
				"north": {"uv": [11, 7, 12, 8], "texture": "#0"},
				"east": {"uv": [11, 7, 12, 8], "texture": "#0"},
				"south": {"uv": [11, 7, 12, 8], "texture": "#0"},
				"west": {"uv": [11, 7, 12, 8], "texture": "#0"},
				"up": {"uv": [11, 7, 12, 8], "texture": "#0"},
				"down": {"uv": [11, 7, 12, 8], "texture": "#0"}
			}
		},
		{
			"from": [9.75, 4, -0.25],
			"to": [13.75, 4.5, 1.25],
			"rotation": {"angle": 0, "axis": "y", "origin": [16, 0.75, 6.5]},
			"faces": {
				"north": {"uv": [11, 7, 12, 8], "texture": "#0"},
				"east": {"uv": [11, 7, 12, 8], "texture": "#0"},
				"south": {"uv": [11, 7, 12, 8], "texture": "#0"},
				"west": {"uv": [11, 7, 12, 8], "texture": "#0"},
				"up": {"uv": [11, 7, 12, 8], "texture": "#0"},
				"down": {"uv": [11, 7, 12, 8], "texture": "#0"}
			}
		},
		{
			"from": [11.25, 4.5, -0.25],
			"to": [11.75, 6, 1.25],
			"rotation": {"angle": -22.5, "axis": "z", "origin": [11.5, 5.25, 0.5]},
			"faces": {
				"north": {"uv": [7, 15, 8, 16], "rotation": 90, "texture": "#0"},
				"east": {"uv": [7, 15, 8, 16], "rotation": 270, "texture": "#0"},
				"south": {"uv": [7, 15, 8, 16], "rotation": 270, "texture": "#0"},
				"west": {"uv": [7, 15, 8, 16], "rotation": 270, "texture": "#0"},
				"up": {"uv": [7, 15, 8, 16], "rotation": 270, "texture": "#0"},
				"down": {"uv": [7, 15, 8, 16], "rotation": 270, "texture": "#0"}
			}
		},
		{
			"from": [11.5, 5, -0.25],
			"to": [13, 5.5, 1.25],
			"rotation": {"angle": -45, "axis": "z", "origin": [12.25, 5.25, 0.5]},
			"faces": {
				"north": {"uv": [7, 15, 8, 16], "texture": "#0"},
				"east": {"uv": [7, 15, 8, 16], "texture": "#0"},
				"south": {"uv": [7, 15, 8, 16], "texture": "#0"},
				"west": {"uv": [7, 15, 8, 16], "texture": "#0"},
				"up": {"uv": [7, 15, 8, 16], "texture": "#0"},
				"down": {"uv": [7, 15, 8, 16], "texture": "#0"}
			}
		},
		{
			"from": [9.75, 4, -0.25],
			"to": [10.25, 7.25, 1.25],
			"rotation": {"angle": 0, "axis": "y", "origin": [16, 3.5, 6.5]},
			"faces": {
				"north": {"uv": [11, 7, 12, 8], "texture": "#0"},
				"east": {"uv": [11, 7, 12, 8], "texture": "#0"},
				"south": {"uv": [11, 7, 12, 8], "texture": "#0"},
				"west": {"uv": [11, 7, 12, 8], "texture": "#0"},
				"up": {"uv": [11, 7, 12, 8], "texture": "#0"},
				"down": {"uv": [11, 7, 12, 8], "texture": "#0"}
			}
		},
		{
			"from": [10, 4, 0.25],
			"to": [13.5, 7, 1.25],
			"rotation": {"angle": 0, "axis": "y", "origin": [16, 3.5, 6.5]},
			"faces": {
				"north": {"uv": [15, 14, 16, 15], "texture": "#0"},
				"east": {"uv": [15, 14, 16, 15], "texture": "#0"},
				"south": {"uv": [15, 14, 16, 15], "texture": "#0"},
				"west": {"uv": [15, 14, 16, 15], "texture": "#0"},
				"up": {"uv": [15, 14, 16, 15], "texture": "#0"},
				"down": {"uv": [15, 14, 16, 15], "texture": "#0"}
			}
		},
		{
			"from": [0, 22, 5],
			"to": [1, 32, 9],
			"rotation": {"angle": 0, "axis": "y", "origin": [0, -8, 0]},
			"faces": {
				"north": {"uv": [0, 0, 16, 16], "texture": "#2"},
				"east": {"uv": [0, 0, 16, 16], "texture": "#2"},
				"south": {"uv": [0, 0, 16, 16], "texture": "#2"},
				"west": {"uv": [0, 0, 16, 16], "texture": "#2"},
				"up": {"uv": [0, 0, 2, 2], "texture": "#2"},
				"down": {"uv": [0, 0, 2, 2], "texture": "#2"}
			}
		}
	],
	"display": {
		"thirdperson_righthand": {
			"rotation": [0, 45, 0],
			"translation": [0, 2.75, 0],
			"scale": [0.6, 0.6, 0.6]
		},
		"thirdperson_lefthand": {
			"translation": [0, 3.25, 0],
			"scale": [0.6, 0.6, 0.6]
		},
		"firstperson_righthand": {
			"rotation": [0, 135, 0],
			"translation": [-0.5, 6, 1],
			"scale": [0.6, 0.6, 0.6]
		},
		"firstperson_lefthand": {
			"scale": [0.6, 0.6, 0.6]
		},
		"gui": {
			"rotation": [0, 146, 0],
			"translation": [0, -1, 0],
			"scale": [0.6, 0.6, 0.6]
		},
		"head": {
			"translation": [0, 8, 0],
			"scale": [1.1, 1.1, 1.1]
		}
	},
	"groups": [
		0,
		1,
		2,
		3,
		4,
		{
			"name": "group",
			"origin": [8, 11.5, 6.5],
			"color": 0,
			"children": [5, 6, 7, 8, 9, 10, 11]
		},
		{
			"name": "group",
			"origin": [8, 11.5, 6.5],
			"color": 0,
			"children": [12, 13, 14, 15, 16, 17, 18]
		},
		19
	]
}