{
  "credit": "Made by LZLeon with Blockbench, Contact - Discord: LZBlocks#0261 - E-Mail: lzblocks@outlook.com",
  "texture_size": [
    32,
    32
  ],
  "textures": {
    "0": "lzfurniture:furniture/outdoor/outdoor_rocks_small",
    "particle": "lzfurniture:furniture/outdoor/outdoor_rocks_small"
  },
  "elements": [
    {
      "from": [
        4,
        0,
        2
      ],
      "to": [
        8,
        2,
        7
      ],
      "rotation": {
        "angle": -22.5,
        "axis": "y",
        "origin": [
          -1,
          0,
          0
        ]
      },
      "faces": {
        "north": {
          "uv": [
            2.5,
            7,
            4.5,
            8
          ],
          "texture": "#0"
        },
        "east": {
          "uv": [
            0,
            7,
            2.5,
            8
          ],
          "texture": "#0"
        },
        "south": {
          "uv": [
            7,
            7,
            9,
            8
          ],
          "texture": "#0"
        },
        "west": {
          "uv": [
            4.5,
            7,
            7,
            8
          ],
          "texture": "#0"
        },
        "up": {
          "uv": [
            4.5,
            7,
            2.5,
            4.5
          ],
          "texture": "#0"
        },
        "down": {
          "uv": [
            6.5,
            4.5,
            4.5,
            7
          ],
          "texture": "#0"
        }
      }
    },
    {
      "from": [
        4.5,
        0,
        6.5
      ],
      "to": [
        7.5,
        1,
        9.5
      ],
      "rotation": {
        "angle": 22.5,
        "axis": "y",
        "origin": [
          -1,
          0,
          0
        ]
      },
      "faces": {
        "north": {
          "uv": [
            8.5,
            6,
            10,
            6.5
          ],
          "texture": "#0"
        },
        "east": {
          "uv": [
            7,
            6,
            8.5,
            6.5
          ],
          "texture": "#0"
        },
        "south": {
          "uv": [
            11.5,
            6,
            13,
            6.5
          ],
          "texture": "#0"
        },
        "west": {
          "uv": [
            10,
            6,
            11.5,
            6.5
          ],
          "texture": "#0"
        },
        "up": {
          "uv": [
            10,
            6,
            8.5,
            4.5
          ],
          "texture": "#0"
        },
        "down": {
          "uv": [
            11.5,
            4.5,
            10,
            6
          ],
          "texture": "#0"
        }
      }
    },
    {
      "from": [
        6.5,
        0,
        12.5
      ],
      "to": [
        9.5,
        1,
        15.5
      ],
      "rotation": {
        "angle": 22.5,
        "axis": "y",
        "origin": [
          -1,
          0,
          0
        ]
      },
      "faces": {
        "north": {
          "uv": [
            8.5,
            1.5,
            10,
            2
          ],
          "texture": "#0"
        },
        "east": {
          "uv": [
            7,
            1.5,
            8.5,
            2
          ],
          "texture": "#0"
        },
        "south": {
          "uv": [
            11.5,
            1.5,
            13,
            2
          ],
          "texture": "#0"
        },
        "west": {
          "uv": [
            10,
            1.5,
            11.5,
            2
          ],
          "texture": "#0"
        },
        "up": {
          "uv": [
            10,
            1.5,
            8.5,
            0
          ],
          "texture": "#0"
        },
        "down": {
          "uv": [
            11.5,
            0,
            10,
            1.5
          ],
          "texture": "#0"
        }
      }
    },
    {
      "from": [
        1.5,
        0,
        10.5
      ],
      "to": [
        5.5,
        3,
        15.5
      ],
      "rotation": {
        "angle": 22.5,
        "axis": "y",
        "origin": [
          -1,
          0,
          0
        ]
      },
      "faces": {
        "north": {
          "uv": [
            2.5,
            2.5,
            4.5,
            4
          ],
          "texture": "#0"
        },
        "east": {
          "uv": [
            0,
            2.5,
            2.5,
            4
          ],
          "texture": "#0"
        },
        "south": {
          "uv": [
            7,
            2.5,
            9,
            4
          ],
          "texture": "#0"
        },
        "west": {
          "uv": [
            4.5,
            2.5,
            7,
            4
          ],
          "texture": "#0"
        },
        "up": {
          "uv": [
            4.5,
            2.5,
            2.5,
            0
          ],
          "texture": "#0"
        },
        "down": {
          "uv": [
            6.5,
            0,
            4.5,
            2.5
          ],
          "texture": "#0"
        }
      }
    }
  ],
  "display": {
    "thirdperson_righthand": {
      "rotation": [
        60,
        -160,
        0
      ],
      "translation": [
        0,
        4.75,
        3.25
      ],
      "scale": [
        -0.6,
        0.6,
        -0.6
      ]
    },
    "thirdperson_lefthand": {
      "rotation": [
        60,
        -160,
        0
      ],
      "translation": [
        0,
        4.75,
        3.25
      ],
      "scale": [
        -0.6,
        0.6,
        -0.6
      ]
    },
    "firstperson_righthand": {
      "rotation": [
        0,
        -73,
        6
      ],
      "translation": [
        -0.5,
        5.75,
        0
      ],
      "scale": [
        -0.6,
        0.6,
        -0.6
      ]
    },
    "firstperson_lefthand": {
      "rotation": [
        0,
        -73,
        6
      ],
      "translation": [
        -0.5,
        5.75,
        0
      ],
      "scale": [
        -0.6,
        0.6,
        -0.6
      ]
    },
    "ground": {
      "translation": [
        0,
        1.5,
        0
      ],
      "scale": [
        0.35,
        0.35,
        0.35
      ]
    },
    "gui": {
      "rotation": [
        30,
        -40,
        0
      ],
      "translation": [
        0,
        4.5,
        0
      ],
      "scale": [
        -0.8,
        0.8,
        -0.8
      ]
    },
    "head": {
      "translation": [
        0,
        -30.4,
        0
      ],
      "scale": [
        1.6,
        1.6,
        1.6
      ]
    },
    "fixed": {
      "rotation": [
        90,
        0,
        -180
      ],
      "translation": [
        0,
        0,
        -15
      ],
      "scale": [
        2,
        2,
        2
      ]
    }
  }
}