{
    "parent":"item/generated",
    "textures":{
       "layer0":"item/bow"
    },
	"display": {
		"thirdperson_righthand": {
			"rotation": [
				-80,
				260,
				-40
			],
			"translation": [
				-1,
				-2,
				2.5
			],
			"scale": [
				0.9,
				0.9,
				0.9
			]
		},
		"thirdperson_lefthand": {
			"rotation": [
				-80,
				-280,
				40
			],
			"translation": [
				-1,
				-2,
				2.5
			],
			"scale": [
				0.9,
				0.9,
				0.9
			]
		},
		"firstperson_righthand": {
			"rotation": [
				0,
				-90,
				25
			],
			"translation": [
				1.13,
				3.2,
				1.13
			],
			"scale": [
				0.68,
				0.68,
				0.68
			]
		},
		"firstperson_lefthand": {
			"rotation": [
				0,
				90,
				-25
			],
			"translation": [
				1.13,
				3.2,
				1.13
			],
			"scale": [
				0.68,
				0.68,
				0.68
			]
		}
	},
    "overrides":[
	     {
			"predicate": {
				"pulling": 1
			},
			"model": "item/bow_pulling_0"
		},
		{
			"predicate": {
				"pulling": 1,
				"pull": 0.65
			},
			"model": "item/bow_pulling_1"
		},
		{
			"predicate": {
				"pulling": 1,
				"pull": 0.9
			},
			"model": "item/bow_pulling_2"
		},
		{ "predicate": {"custom_model_data": 1}, "model": "minehammer:item/valentines/cupids_bow" },
        { "predicate": {"pulling":1, "custom_model_data": 1}, "model": "minehammer:item/valentines/cupids_bow_pulling_0" },
        { "predicate": {"pulling":1, "pull":0.65, "custom_model_data": 1}, "model": "minehammer:item/valentines/cupids_bow_pulling_1" },
        { "predicate": {"pulling":1, "pull":0.9, "custom_model_data": 1}, "model": "minehammer:item/valentines/cupids_bow_pulling_2" },
		{
			"predicate": {
				"custom_model_data": 2
			},
			"model": "minehammer:item/steampunk/steampunk_bow"
		},
		{
			"predicate": {
				"pulling": 1,
				"custom_model_data": 2
			},
			"model": "minehammer:item/steampunk/steampunk_bow_0"
		},
		{
			"predicate": {
				"pulling": 1,
				"pull": 0.65,
				"custom_model_data": 2
			},
			"model": "minehammer:item/steampunk/steampunk_bow_1"
		},
		{
			"predicate": {
				"pulling": 1,
				"pull": 0.9,
				"custom_model_data": 2
			},
			"model": "minehammer:item/steampunk/steampunk_bow_2"
		},
		{
			"predicate": {
				"custom_model_data": 3
			},
			"model": "minehammer:item/ender/ender_bow"
		},
		{"predicate": {"custom_model_data": 3, "pulling": 1}, "model": "minehammer:item/ender/ender_bow_pulling_0"},
		{"predicate": {"custom_model_data": 3, "pulling": 1, "pull": 0.65}, "model": "minehammer:item/ender/ender_bow_pulling_1"},
		{"predicate": {"custom_model_data": 3, "pulling": 1, "pull": 0.9}, "model": "minehammer:item/ender/ender_bow_pulling_2"},
		{
			"predicate": {
				"custom_model_data": 4
			},
			"model": "minehammer:item/fallenset/bow"
		},
		{
			"predicate": {
				"pulling": 1,
				"custom_model_data": 4
			},
			"model": "minehammer:item/fallenset/bow_0"
		},
		{
			"predicate": {
				"pulling": 1,
				"pull": 0.65,
				"custom_model_data": 4
			},
			"model": "minehammer:item/fallenset/bow_1"
		},
		{
			"predicate": {
				"pulling": 1,
				"pull": 0.9,
				"custom_model_data": 4
			},
			"model": "minehammer:item/fallenset/bow_2"
		},
		{
			"predicate": {
				"custom_model_data": 5
			},
			"model": "minecraft:item/bow"
		},
		{
      "predicate": {
        "custom_model_data": 10000
      },
      "model": "saintpatricksset:bow"
    },
    {
      "predicate": {
        "pulling": 1,
        "custom_model_data": 10000
      },
      "model": "saintpatricksset:bow_0"
    },
    {
      "predicate": {
        "pulling": 1,
        "pull": 0.65,
        "custom_model_data": 10000
      },
      "model": "saintpatricksset:bow_1"
    },
    {
      "predicate": {
        "pulling": 1,
        "pull": 0.9,
        "custom_model_data": 10000
      },
      "model": "saintpatricksset:bow_2"
    },
    {
      "predicate": {
        "custom_model_data": 10002
      },
      "model": "littlebunny_set:bow"
    },
    {
      "predicate": {
        "pulling": 1,
        "custom_model_data": 10002
      },
      "model": "littlebunny_set:bow_0"
    },
    {
      "predicate": {
        "pulling": 1,
        "pull": 0.65,
        "custom_model_data": 10002
      },
      "model": "littlebunny_set:bow_1"
    },
    {
      "predicate": {
        "pulling": 1,
        "pull": 0.9,
        "custom_model_data": 10002
      },
      "model": "littlebunny_set:bow_2"
    },
    {
      "predicate": {
        "custom_model_data": 10003
      },
      "model": "item/bow"
    }
    ]
 }