{
	"credit": "Made with Blockbench",
	"texture_size": [64, 64],
	"textures": {
		"0": "elitecreature:nightclub_furniture_v2/nightclub_bar_01",
		"particle": "elitecreature:nightclub_furniture_v2/nightclub_bar_01"
	},
	"elements": [
		{
			"from": [0, 14, 0],
			"to": [16, 16, 10],
			"faces": {
				"north": {"uv": [8, 5.5, 12, 6], "texture": "#0"},
				"east": {"uv": [8, 6, 10.5, 6.5], "texture": "#0"},
				"south": {"uv": [8, 5, 12, 5.5], "texture": "#0"},
				"west": {"uv": [8, 6, 10.5, 6.5], "texture": "#0"},
				"up": {"uv": [12, 2.5, 8, 0], "texture": "#0"},
				"down": {"uv": [12, 2.5, 8, 5], "texture": "#0"}
			}
		},
		{
			"from": [0, 11, 0],
			"to": [16, 14, 7],
			"faces": {
				"north": {"uv": [4, 3.5, 8, 4.25], "texture": "#0"},
				"east": {"uv": [5.75, 4.25, 4, 5], "texture": "#0"},
				"south": {"uv": [4, 2.75, 8, 3.5], "texture": "#0"},
				"west": {"uv": [4, 4.25, 5.75, 5], "texture": "#0"}
			}
		},
		{
			"from": [0, 0, 0],
			"to": [16, 11, 16],
			"faces": {
				"north": {"uv": [0, 8, 4, 10.75], "texture": "#0"},
				"east": {"uv": [4, 0, 8, 2.75], "texture": "#0"},
				"south": {"uv": [0, 10.75, 4, 13.5], "texture": "#0"},
				"west": {"uv": [8, 0, 4, 2.75], "texture": "#0"},
				"up": {"uv": [4, 4, 0, 0], "texture": "#0"},
				"down": {"uv": [4, 4, 0, 8], "texture": "#0"}
			}
		}
	],
	"gui_light": "front",
	"display": {
		"thirdperson_righthand": {
			"rotation": [75, 45, 0],
			"translation": [0, 1.25, 0],
			"scale": [0.2, 0.2, 0.2]
		},
		"thirdperson_lefthand": {
			"rotation": [75, 45, 0],
			"translation": [0, 1.25, 0],
			"scale": [0.2, 0.2, 0.2]
		},
		"firstperson_righthand": {
			"rotation": [0, 45, 0],
			"scale": [0.56, 0.56, 0.56]
		},
		"firstperson_lefthand": {
			"rotation": [0, 45, 0],
			"scale": [0.56, 0.56, 0.56]
		},
		"ground": {
			"translation": [0, 2, 0],
			"scale": [0.5, 0.5, 0.5]
		},
		"gui": {
			"rotation": [30, 45, 0],
			"scale": [0.45, 0.45, 0.45]
		},
		"head": {
			"translation": [0, -30.25, 0],
			"scale": [1.6, 1.6, 1.6]
		},
		"fixed": {
			"rotation": [0, 180, 0],
			"translation": [0, 0, -3.5]
		}
	}
}