{
  "credit": "Made by PolygonMC",
  "texture_size": [
    24,
    24
  ],
  "textures": {
    "1": "littlecatset:animations/animations_1",
    "3": "littlecatset:bow",
    "particle": "littlecatset:animations/animations_1"
  },
  "elements": [
    {
      "from": [
        7.5,
        6,
        5.14769
      ],
      "to": [
        8.5,
        7,
        6.14769
      ],
      "rotation": {
        "angle": 0,
        "axis": "y",
        "origin": [
          7.5,
          6,
          5.14769
        ]
      },
      "faces": {
        "north": {
          "uv": [
            6.66667,
            6,
            7.33333,
            6.66667
          ],
          "texture": "#3"
        },
        "east": {
          "uv": [
            3.33333,
            8,
            4,
            8.66667
          ],
          "texture": "#3"
        },
        "south": {
          "uv": [
            4.66667,
            10.66667,
            5.33333,
            11.33333
          ],
          "texture": "#3"
        },
        "west": {
          "uv": [
            10.66667,
            5.33333,
            11.33333,
            6
          ],
          "texture": "#3"
        },
        "up": {
          "uv": [
            6.66667,
            11.33333,
            6,
            10.66667
          ],
          "texture": "#3"
        }
      }
    },
    {
      "from": [
        7.5,
        8.5,
        5.14769
      ],
      "to": [
        8.5,
        10,
        6.14769
      ],
      "rotation": {
        "angle": 0,
        "axis": "y",
        "origin": [
          7.5,
          8.5,
          5.14769
        ]
      },
      "faces": {
        "north": {
          "uv": [
            10,
            9.33333,
            10.66667,
            10.33333
          ],
          "texture": "#3"
        },
        "east": {
          "uv": [
            1.33333,
            10.66667,
            2,
            11.66667
          ],
          "texture": "#3"
        },
        "south": {
          "uv": [
            2,
            10.66667,
            2.66667,
            11.66667
          ],
          "texture": "#3"
        },
        "west": {
          "uv": [
            10.66667,
            2,
            11.33333,
            3
          ],
          "texture": "#3"
        },
        "up": {
          "uv": [
            7.33333,
            11.33333,
            6.66667,
            10.66667
          ],
          "texture": "#3"
        },
        "down": {
          "uv": [
            11.33333,
            6.66667,
            10.66667,
            7.33333
          ],
          "texture": "#3"
        }
      }
    },
    {
      "from": [
        7.5,
        7.5,
        5.14769
      ],
      "to": [
        8.5,
        8,
        6.14769
      ],
      "rotation": {
        "angle": 0,
        "axis": "y",
        "origin": [
          7.5,
          7.5,
          5.14769
        ]
      },
      "faces": {
        "north": {
          "uv": [
            6,
            11.33333,
            6.66667,
            11.66667
          ],
          "texture": "#3"
        },
        "east": {
          "uv": [
            11.33333,
            6,
            12,
            6.33333
          ],
          "texture": "#3"
        },
        "south": {
          "uv": [
            6.66667,
            11.33333,
            7.33333,
            11.66667
          ],
          "texture": "#3"
        },
        "west": {
          "uv": [
            11.33333,
            6.66667,
            12,
            7
          ],
          "texture": "#3"
        },
        "up": {
          "uv": [
            11.33333,
            8,
            10.66667,
            7.33333
          ],
          "texture": "#3"
        },
        "down": {
          "uv": [
            11.33333,
            8,
            10.66667,
            8.66667
          ],
          "texture": "#3"
        }
      }
    },
    {
      "from": [
        7.4,
        10,
        5.04769
      ],
      "to": [
        8.6,
        10.5,
        6.24769
      ],
      "rotation": {
        "angle": 0,
        "axis": "y",
        "origin": [
          7.5,
          10,
          5.14769
        ]
      },
      "faces": {
        "north": {
          "uv": [
            7.33333,
            11.33333,
            8,
            11.66667
          ],
          "texture": "#3"
        },
        "east": {
          "uv": [
            11.33333,
            7.33333,
            12,
            7.66667
          ],
          "texture": "#3"
        },
        "south": {
          "uv": [
            8,
            11.33333,
            8.66667,
            11.66667
          ],
          "texture": "#3"
        },
        "west": {
          "uv": [
            11.33333,
            8,
            12,
            8.33333
          ],
          "texture": "#3"
        },
        "up": {
          "uv": [
            11.33333,
            9.33333,
            10.66667,
            8.66667
          ],
          "texture": "#3"
        },
        "down": {
          "uv": [
            11.33333,
            9.33333,
            10.66667,
            10
          ],
          "texture": "#3"
        }
      }
    },
    {
      "from": [
        7.4,
        5.5,
        5.04769
      ],
      "to": [
        8.6,
        6,
        6.24769
      ],
      "rotation": {
        "angle": 0,
        "axis": "y",
        "origin": [
          7.5,
          5.5,
          5.14769
        ]
      },
      "faces": {
        "north": {
          "uv": [
            8.66667,
            11.33333,
            9.33333,
            11.66667
          ],
          "texture": "#3"
        },
        "east": {
          "uv": [
            11.33333,
            8.66667,
            12,
            9
          ],
          "texture": "#3"
        },
        "south": {
          "uv": [
            9.33333,
            11.33333,
            10,
            11.66667
          ],
          "texture": "#3"
        },
        "west": {
          "uv": [
            11.33333,
            9.33333,
            12,
            9.66667
          ],
          "texture": "#3"
        },
        "up": {
          "uv": [
            10.66667,
            11.33333,
            10,
            10.66667
          ],
          "texture": "#3"
        },
        "down": {
          "uv": [
            11.33333,
            10,
            10.66667,
            10.66667
          ],
          "texture": "#3"
        }
      }
    },
    {
      "from": [
        7.6,
        7,
        5.24769
      ],
      "to": [
        8.4,
        7.5,
        6.04769
      ],
      "rotation": {
        "angle": 0,
        "axis": "y",
        "origin": [
          7.5,
          7,
          5.14769
        ]
      },
      "faces": {
        "north": {
          "uv": [
            10,
            11.33333,
            10.66667,
            11.66667
          ],
          "texture": "#3"
        },
        "east": {
          "uv": [
            11.33333,
            10,
            12,
            10.33333
          ],
          "texture": "#3"
        },
        "south": {
          "uv": [
            10.66667,
            11.33333,
            11.33333,
            11.66667
          ],
          "texture": "#3"
        },
        "west": {
          "uv": [
            11.33333,
            10.66667,
            12,
            11
          ],
          "texture": "#3"
        }
      }
    },
    {
      "from": [
        7.6,
        8,
        5.24769
      ],
      "to": [
        8.4,
        8.5,
        6.04769
      ],
      "rotation": {
        "angle": 0,
        "axis": "y",
        "origin": [
          7.5,
          8,
          5.14769
        ]
      },
      "faces": {
        "north": {
          "uv": [
            11.33333,
            11.33333,
            12,
            11.66667
          ],
          "texture": "#3"
        },
        "east": {
          "uv": [
            0,
            12,
            0.66667,
            12.33333
          ],
          "texture": "#3"
        },
        "south": {
          "uv": [
            12,
            0,
            12.66667,
            0.33333
          ],
          "texture": "#3"
        },
        "west": {
          "uv": [
            0.66667,
            12,
            1.33333,
            12.33333
          ],
          "texture": "#3"
        }
      }
    },
    {
      "from": [
        7.37,
        4.67,
        5.01769
      ],
      "to": [
        8.63,
        5.93,
        6.27769
      ],
      "rotation": {
        "angle": -45,
        "axis": "x",
        "origin": [
          8,
          5.3,
          5.64769
        ]
      },
      "faces": {
        "north": {
          "uv": [
            6.66667,
            4.66667,
            7.66667,
            5.66667
          ],
          "texture": "#3"
        },
        "east": {
          "uv": [
            6,
            6.66667,
            7,
            7.66667
          ],
          "texture": "#3"
        },
        "south": {
          "uv": [
            7.33333,
            6,
            8.33333,
            7
          ],
          "texture": "#3"
        },
        "west": {
          "uv": [
            7.33333,
            7.33333,
            8.33333,
            8.33333
          ],
          "texture": "#3"
        },
        "up": {
          "uv": [
            9,
            5.66667,
            8,
            4.66667
          ],
          "texture": "#3"
        },
        "down": {
          "uv": [
            7,
            8,
            6,
            9
          ],
          "texture": "#3"
        }
      }
    },
    {
      "from": [
        7.37,
        10.07,
        5.01769
      ],
      "to": [
        8.63,
        11.33,
        6.27769
      ],
      "rotation": {
        "angle": 45,
        "axis": "x",
        "origin": [
          8,
          10.7,
          5.64769
        ]
      },
      "faces": {
        "north": {
          "uv": [
            8.66667,
            8.66667,
            9.66667,
            9.66667
          ],
          "texture": "#3"
        },
        "east": {
          "uv": [
            9.33333,
            2,
            10.33333,
            3
          ],
          "texture": "#3"
        },
        "south": {
          "uv": [
            9.33333,
            3.33333,
            10.33333,
            4.33333
          ],
          "texture": "#3"
        },
        "west": {
          "uv": [
            9.33333,
            4.66667,
            10.33333,
            5.66667
          ],
          "texture": "#3"
        },
        "up": {
          "uv": [
            7,
            10.33333,
            6,
            9.33333
          ],
          "texture": "#3"
        },
        "down": {
          "uv": [
            1,
            10,
            0,
            11
          ],
          "texture": "#3"
        }
      }
    },
    {
      "from": [
        7.3,
        12.63963,
        7.69693
      ],
      "to": [
        8.7,
        14.13963,
        9.19693
      ],
      "rotation": {
        "angle": -22.5,
        "axis": "x",
        "origin": [
          8,
          13.13963,
          8.69693
        ]
      },
      "faces": {
        "north": {
          "uv": [
            0,
            8.66667,
            1,
            9.66667
          ],
          "texture": "#3"
        },
        "east": {
          "uv": [
            1.33333,
            8.66667,
            2.33333,
            9.66667
          ],
          "texture": "#3"
        },
        "south": {
          "uv": [
            2.66667,
            8.66667,
            3.66667,
            9.66667
          ],
          "texture": "#3"
        },
        "west": {
          "uv": [
            8.66667,
            6,
            9.66667,
            7
          ],
          "texture": "#3"
        },
        "up": {
          "uv": [
            8.33333,
            9.66667,
            7.33333,
            8.66667
          ],
          "texture": "#3"
        },
        "down": {
          "uv": [
            9.66667,
            7.33333,
            8.66667,
            8.33333
          ],
          "texture": "#3"
        }
      }
    },
    {
      "from": [
        7.1,
        12.93963,
        7.99693
      ],
      "to": [
        8.9,
        13.83963,
        8.89693
      ],
      "rotation": {
        "angle": -22.5,
        "axis": "x",
        "origin": [
          8,
          13.13963,
          8.69693
        ]
      },
      "faces": {
        "north": {
          "uv": [
            1.33333,
            10,
            2.66667,
            10.66667
          ],
          "texture": "#3"
        },
        "east": {
          "uv": [
            10.66667,
            10.66667,
            11.33333,
            11.33333
          ],
          "texture": "#3"
        },
        "south": {
          "uv": [
            2.66667,
            10,
            4,
            10.66667
          ],
          "texture": "#3"
        },
        "west": {
          "uv": [
            0,
            11.33333,
            0.66667,
            12
          ],
          "texture": "#3"
        },
        "up": {
          "uv": [
            5.33333,
            10.66667,
            4,
            10
          ],
          "texture": "#3"
        },
        "down": {
          "uv": [
            11.33333,
            6,
            10,
            6.66667
          ],
          "texture": "#3"
        }
      }
    },
    {
      "from": [
        7.5,
        9.40404,
        7.59854
      ],
      "to": [
        8.5,
        11.40404,
        8.59854
      ],
      "rotation": {
        "angle": 45,
        "axis": "x",
        "origin": [
          8,
          12.53853,
          9.13295
        ]
      },
      "faces": {
        "north": {
          "uv": [
            3.33333,
            6.66667,
            4,
            8
          ],
          "texture": "#3"
        },
        "east": {
          "uv": [
            5.33333,
            10,
            6,
            11.33333
          ],
          "texture": "#3"
        },
        "south": {
          "uv": [
            10,
            6.66667,
            10.66667,
            8
          ],
          "texture": "#3"
        },
        "west": {
          "uv": [
            7.33333,
            10,
            8,
            11.33333
          ],
          "texture": "#3"
        },
        "down": {
          "uv": [
            12,
            0,
            11.33333,
            0.66667
          ],
          "texture": "#3"
        }
      }
    },
    {
      "from": [
        7.7,
        11.25002,
        6.82272
      ],
      "to": [
        8.3,
        13.80002,
        7.82272
      ],
      "rotation": {
        "angle": 0,
        "axis": "x",
        "origin": [
          8,
          12.53853,
          9.13295
        ]
      },
      "faces": {
        "north": {
          "uv": [
            10.66667,
            3.33333,
            11,
            5
          ],
          "texture": "#3"
        },
        "east": {
          "uv": [
            6,
            4.66667,
            6.66667,
            6.33333
          ],
          "texture": "#3"
        },
        "south": {
          "uv": [
            4,
            10.66667,
            4.33333,
            12.33333
          ],
          "texture": "#3"
        },
        "west": {
          "uv": [
            0,
            6.66667,
            0.66667,
            8.33333
          ],
          "texture": "#3"
        },
        "down": {
          "uv": [
            12.33333,
            0.66667,
            12,
            1.33333
          ],
          "texture": "#3"
        }
      }
    },
    {
      "from": [
        7.4,
        12.29054,
        7.47324
      ],
      "to": [
        8.6,
        14.69054,
        8.47324
      ],
      "rotation": {
        "angle": -22.5,
        "axis": "x",
        "origin": [
          8,
          12.53853,
          9.13295
        ]
      },
      "faces": {
        "north": {
          "uv": [
            0.66667,
            6.66667,
            1.33333,
            8.33333
          ],
          "texture": "#3"
        },
        "east": {
          "uv": [
            1.33333,
            6.66667,
            2,
            8.33333
          ],
          "texture": "#3"
        },
        "south": {
          "uv": [
            2,
            6.66667,
            2.66667,
            8.33333
          ],
          "texture": "#3"
        },
        "west": {
          "uv": [
            2.66667,
            6.66667,
            3.33333,
            8.33333
          ],
          "texture": "#3"
        },
        "up": {
          "uv": [
            1.33333,
            12,
            0.66667,
            11.33333
          ],
          "texture": "#3"
        },
        "down": {
          "uv": [
            12,
            0.66667,
            11.33333,
            1.33333
          ],
          "texture": "#3"
        }
      }
    },
    {
      "from": [
        7.5,
        13.84582,
        9.50401
      ],
      "to": [
        8.5,
        14.34582,
        11.10401
      ],
      "rotation": {
        "angle": -22.5,
        "axis": "x",
        "origin": [
          8,
          12.84582,
          11.25401
        ]
      },
      "faces": {
        "east": {
          "uv": [
            11.33333,
            2.66667,
            12.33333,
            3
          ],
          "texture": "#3"
        },
        "west": {
          "uv": [
            11.33333,
            3.33333,
            12.33333,
            3.66667
          ],
          "texture": "#3"
        },
        "up": {
          "uv": [
            3.33333,
            11.66667,
            2.66667,
            10.66667
          ],
          "texture": "#3"
        },
        "down": {
          "uv": [
            4,
            10.66667,
            3.33333,
            11.66667
          ],
          "texture": "#3"
        }
      }
    },
    {
      "from": [
        7.75,
        14.34582,
        9.50401
      ],
      "to": [
        8.25,
        14.84582,
        11.10401
      ],
      "rotation": {
        "angle": -22.5,
        "axis": "x",
        "origin": [
          8,
          12.84582,
          11.25401
        ]
      },
      "faces": {
        "east": {
          "uv": [
            11.33333,
            4,
            12.33333,
            4.33333
          ],
          "texture": "#3"
        },
        "west": {
          "uv": [
            4.66667,
            11.33333,
            5.66667,
            11.66667
          ],
          "texture": "#3"
        },
        "up": {
          "uv": [
            11.66667,
            5.66667,
            11.33333,
            4.66667
          ],
          "texture": "#3"
        }
      }
    },
    {
      "from": [
        7.44,
        13.405,
        10.69
      ],
      "to": [
        8.56,
        15.645,
        11.81
      ],
      "rotation": {
        "angle": -45,
        "axis": "x",
        "origin": [
          8,
          14,
          12
        ]
      },
      "faces": {
        "north": {
          "uv": [
            8,
            10,
            8.66667,
            11.33333
          ],
          "texture": "#3"
        },
        "east": {
          "uv": [
            10,
            8,
            10.66667,
            9.33333
          ],
          "texture": "#3"
        },
        "south": {
          "uv": [
            8.66667,
            10,
            9.33333,
            11.33333
          ],
          "texture": "#3"
        },
        "west": {
          "uv": [
            9.33333,
            10,
            10,
            11.33333
          ],
          "texture": "#3"
        },
        "up": {
          "uv": [
            12,
            2,
            11.33333,
            1.33333
          ],
          "texture": "#3"
        },
        "down": {
          "uv": [
            12,
            2,
            11.33333,
            2.66667
          ],
          "texture": "#3"
        }
      }
    },
    {
      "from": [
        7.975,
        13.19454,
        4.7552
      ],
      "to": [
        8.025,
        15.69454,
        12.7552
      ],
      "rotation": {
        "angle": -22.5,
        "axis": "x",
        "origin": [
          7.975,
          14.44454,
          7.2552
        ]
      },
      "faces": {
        "east": {
          "uv": [
            11.33333,
            0,
            6,
            1.66667
          ],
          "texture": "#3"
        },
        "west": {
          "uv": [
            6,
            0,
            11.33333,
            1.66667
          ],
          "texture": "#3"
        }
      }
    },
    {
      "from": [
        7.3,
        1.86037,
        7.69693
      ],
      "to": [
        8.7,
        3.36037,
        9.19693
      ],
      "rotation": {
        "angle": 22.5,
        "axis": "x",
        "origin": [
          8,
          2.86037,
          8.69693
        ]
      },
      "faces": {
        "north": {
          "uv": [
            0,
            9.66667,
            1,
            8.66667
          ],
          "texture": "#3"
        },
        "east": {
          "uv": [
            1.33333,
            9.66667,
            2.33333,
            8.66667
          ],
          "texture": "#3"
        },
        "south": {
          "uv": [
            2.66667,
            9.66667,
            3.66667,
            8.66667
          ],
          "texture": "#3"
        },
        "west": {
          "uv": [
            8.66667,
            7,
            9.66667,
            6
          ],
          "texture": "#3"
        },
        "up": {
          "uv": [
            9.66667,
            8.33333,
            8.66667,
            7.33333
          ],
          "texture": "#3"
        },
        "down": {
          "uv": [
            8.33333,
            8.66667,
            7.33333,
            9.66667
          ],
          "texture": "#3"
        }
      }
    },
    {
      "from": [
        7.1,
        2.16037,
        7.99693
      ],
      "to": [
        8.9,
        3.06037,
        8.89693
      ],
      "rotation": {
        "angle": 22.5,
        "axis": "x",
        "origin": [
          8,
          2.86037,
          8.69693
        ]
      },
      "faces": {
        "north": {
          "uv": [
            1.33333,
            10.66667,
            2.66667,
            10
          ],
          "texture": "#3"
        },
        "east": {
          "uv": [
            10.66667,
            11.33333,
            11.33333,
            10.66667
          ],
          "texture": "#3"
        },
        "south": {
          "uv": [
            2.66667,
            10.66667,
            4,
            10
          ],
          "texture": "#3"
        },
        "west": {
          "uv": [
            0,
            12,
            0.66667,
            11.33333
          ],
          "texture": "#3"
        },
        "up": {
          "uv": [
            11.33333,
            6.66667,
            10,
            6
          ],
          "texture": "#3"
        },
        "down": {
          "uv": [
            5.33333,
            10,
            4,
            10.66667
          ],
          "texture": "#3"
        }
      }
    },
    {
      "from": [
        7.5,
        4.59596,
        7.59854
      ],
      "to": [
        8.5,
        6.59596,
        8.59854
      ],
      "rotation": {
        "angle": -45,
        "axis": "x",
        "origin": [
          8,
          3.46147,
          9.13295
        ]
      },
      "faces": {
        "north": {
          "uv": [
            3.33333,
            8,
            4,
            6.66667
          ],
          "texture": "#3"
        },
        "east": {
          "uv": [
            5.33333,
            11.33333,
            6,
            10
          ],
          "texture": "#3"
        },
        "south": {
          "uv": [
            10,
            8,
            10.66667,
            6.66667
          ],
          "texture": "#3"
        },
        "west": {
          "uv": [
            7.33333,
            11.33333,
            8,
            10
          ],
          "texture": "#3"
        },
        "up": {
          "uv": [
            12,
            0.66667,
            11.33333,
            0
          ],
          "texture": "#3"
        }
      }
    },
    {
      "from": [
        7.7,
        2.19998,
        6.82272
      ],
      "to": [
        8.3,
        4.74998,
        7.82272
      ],
      "rotation": {
        "angle": 0,
        "axis": "x",
        "origin": [
          8,
          3.46147,
          9.13295
        ]
      },
      "faces": {
        "north": {
          "uv": [
            10.66667,
            5,
            11,
            3.33333
          ],
          "texture": "#3"
        },
        "east": {
          "uv": [
            6,
            6.33333,
            6.66667,
            4.66667
          ],
          "texture": "#3"
        },
        "south": {
          "uv": [
            4,
            12.33333,
            4.33333,
            10.66667
          ],
          "texture": "#3"
        },
        "west": {
          "uv": [
            0,
            8.33333,
            0.66667,
            6.66667
          ],
          "texture": "#3"
        },
        "up": {
          "uv": [
            12.33333,
            1.33333,
            12,
            0.66667
          ],
          "texture": "#3"
        }
      }
    },
    {
      "from": [
        7.4,
        1.30946,
        7.47324
      ],
      "to": [
        8.6,
        3.70946,
        8.47324
      ],
      "rotation": {
        "angle": 22.5,
        "axis": "x",
        "origin": [
          8,
          3.46147,
          9.13295
        ]
      },
      "faces": {
        "north": {
          "uv": [
            0.66667,
            8.33333,
            1.33333,
            6.66667
          ],
          "texture": "#3"
        },
        "east": {
          "uv": [
            1.33333,
            8.33333,
            2,
            6.66667
          ],
          "texture": "#3"
        },
        "south": {
          "uv": [
            2,
            8.33333,
            2.66667,
            6.66667
          ],
          "texture": "#3"
        },
        "west": {
          "uv": [
            2.66667,
            8.33333,
            3.33333,
            6.66667
          ],
          "texture": "#3"
        },
        "up": {
          "uv": [
            12,
            1.33333,
            11.33333,
            0.66667
          ],
          "texture": "#3"
        },
        "down": {
          "uv": [
            1.33333,
            11.33333,
            0.66667,
            12
          ],
          "texture": "#3"
        }
      }
    },
    {
      "from": [
        7.5,
        1.65418,
        9.50401
      ],
      "to": [
        8.5,
        2.15418,
        11.10401
      ],
      "rotation": {
        "angle": 22.5,
        "axis": "x",
        "origin": [
          8,
          3.15418,
          11.25401
        ]
      },
      "faces": {
        "east": {
          "uv": [
            11.33333,
            3,
            12.33333,
            2.66667
          ],
          "texture": "#3"
        },
        "west": {
          "uv": [
            11.33333,
            3.66667,
            12.33333,
            3.33333
          ],
          "texture": "#3"
        },
        "up": {
          "uv": [
            4,
            11.66667,
            3.33333,
            10.66667
          ],
          "texture": "#3"
        },
        "down": {
          "uv": [
            3.33333,
            10.66667,
            2.66667,
            11.66667
          ],
          "texture": "#3"
        }
      }
    },
    {
      "from": [
        7.75,
        1.15418,
        9.50401
      ],
      "to": [
        8.25,
        1.65418,
        11.10401
      ],
      "rotation": {
        "angle": 22.5,
        "axis": "x",
        "origin": [
          8,
          3.15418,
          11.25401
        ]
      },
      "faces": {
        "east": {
          "uv": [
            11.33333,
            4.33333,
            12.33333,
            4
          ],
          "texture": "#3"
        },
        "west": {
          "uv": [
            4.66667,
            11.66667,
            5.66667,
            11.33333
          ],
          "texture": "#3"
        },
        "down": {
          "uv": [
            11.66667,
            4.66667,
            11.33333,
            5.66667
          ],
          "texture": "#3"
        }
      }
    },
    {
      "from": [
        7.44,
        0.355,
        10.69
      ],
      "to": [
        8.56,
        2.595,
        11.81
      ],
      "rotation": {
        "angle": 45,
        "axis": "x",
        "origin": [
          8,
          2,
          12
        ]
      },
      "faces": {
        "north": {
          "uv": [
            8,
            11.33333,
            8.66667,
            10
          ],
          "texture": "#3"
        },
        "east": {
          "uv": [
            10,
            9.33333,
            10.66667,
            8
          ],
          "texture": "#3"
        },
        "south": {
          "uv": [
            8.66667,
            11.33333,
            9.33333,
            10
          ],
          "texture": "#3"
        },
        "west": {
          "uv": [
            9.33333,
            11.33333,
            10,
            10
          ],
          "texture": "#3"
        },
        "up": {
          "uv": [
            12,
            2.66667,
            11.33333,
            2
          ],
          "texture": "#3"
        },
        "down": {
          "uv": [
            12,
            1.33333,
            11.33333,
            2
          ],
          "texture": "#3"
        }
      }
    },
    {
      "from": [
        7.975,
        0.30546,
        4.7552
      ],
      "to": [
        8.025,
        2.80546,
        12.7552
      ],
      "rotation": {
        "angle": 22.5,
        "axis": "x",
        "origin": [
          7.975,
          1.55546,
          7.2552
        ]
      },
      "faces": {
        "east": {
          "uv": [
            11.33333,
            1.66667,
            6,
            0
          ],
          "texture": "#3"
        },
        "west": {
          "uv": [
            6,
            1.66667,
            11.33333,
            0
          ],
          "texture": "#3"
        }
      }
    },
    {
      "from": [
        7.975,
        9.4948,
        0.30546
      ],
      "to": [
        8.025,
        11.2448,
        5.30546
      ],
      "rotation": {
        "angle": 0,
        "axis": "x",
        "origin": [
          7.975,
          9.4948,
          2.30546
        ]
      },
      "faces": {
        "east": {
          "uv": [
            9.33333,
            2,
            6,
            3.33333
          ],
          "texture": "#3"
        },
        "west": {
          "uv": [
            6,
            2,
            9.33333,
            3.33333
          ],
          "texture": "#3"
        }
      }
    },
    {
      "from": [
        7.975,
        4.7552,
        0.30546
      ],
      "to": [
        8.025,
        6.5052,
        5.30546
      ],
      "rotation": {
        "angle": 0,
        "axis": "x",
        "origin": [
          7.975,
          6.5052,
          2.30546
        ]
      },
      "faces": {
        "east": {
          "uv": [
            9.33333,
            3.33333,
            6,
            4.66667
          ],
          "texture": "#3"
        },
        "west": {
          "uv": [
            6,
            3.33333,
            9.33333,
            4.66667
          ],
          "texture": "#3"
        }
      }
    },
    {
      "from": [
        7.975,
        3,
        11.25
      ],
      "to": [
        8.025,
        13,
        16.75
      ],
      "rotation": {
        "angle": 0,
        "axis": "y",
        "origin": [
          7.975,
          0,
          0
        ]
      },
      "faces": {
        "east": {
          "uv": [
            3.66667,
            0,
            0,
            6.66667
          ],
          "texture": "#3"
        },
        "west": {
          "uv": [
            0,
            0,
            3.66667,
            6.66667
          ],
          "texture": "#3"
        }
      }
    },
    {
      "from": [
        7,
        9,
        3
      ],
      "to": [
        7.05,
        17,
        11
      ],
      "rotation": {
        "angle": -22.5,
        "axis": "x",
        "origin": [
          8,
          13,
          7
        ]
      },
      "faces": {
        "east": {
          "uv": [
            16,
            0,
            0,
            16
          ],
          "texture": "#1"
        },
        "west": {
          "uv": [
            0,
            0,
            16,
            16
          ],
          "texture": "#1"
        }
      }
    },
    {
      "from": [
        7,
        -1,
        3
      ],
      "to": [
        7.05,
        7,
        11
      ],
      "rotation": {
        "angle": 22.5,
        "axis": "x",
        "origin": [
          8,
          3,
          7
        ]
      },
      "faces": {
        "east": {
          "uv": [
            16,
            16,
            0,
            0
          ],
          "rotation": 180,
          "texture": "#1"
        },
        "west": {
          "uv": [
            0,
            16,
            16,
            0
          ],
          "rotation": 180,
          "texture": "#1"
        }
      }
    },
    {
      "from": [
        8.95,
        9,
        3
      ],
      "to": [
        9,
        17,
        11
      ],
      "rotation": {
        "angle": -22.5,
        "axis": "x",
        "origin": [
          8,
          13,
          7
        ]
      },
      "faces": {
        "east": {
          "uv": [
            16,
            0,
            0,
            16
          ],
          "texture": "#1"
        },
        "west": {
          "uv": [
            0,
            0,
            16,
            16
          ],
          "texture": "#1"
        }
      }
    },
    {
      "from": [
        8.95,
        -1,
        3
      ],
      "to": [
        9,
        7,
        11
      ],
      "rotation": {
        "angle": 22.5,
        "axis": "x",
        "origin": [
          8,
          3,
          7
        ]
      },
      "faces": {
        "east": {
          "uv": [
            16,
            16,
            0,
            0
          ],
          "rotation": 180,
          "texture": "#1"
        },
        "west": {
          "uv": [
            0,
            16,
            16,
            0
          ],
          "rotation": 180,
          "texture": "#1"
        }
      }
    }
  ],
  "gui_light": "front",
  "display": {
    "thirdperson_righthand": {
      "translation": [
        0,
        -2,
        2.75
      ]
    },
    "thirdperson_lefthand": {
      "translation": [
        0,
        -2,
        2.75
      ]
    },
    "firstperson_righthand": {
      "translation": [
        -1,
        3.75,
        1.25
      ]
    },
    "firstperson_lefthand": {
      "translation": [
        -1,
        3.75,
        1.25
      ]
    },
    "ground": {
      "rotation": [
        45,
        0,
        0
      ],
      "translation": [
        0,
        8.5,
        0
      ]
    },
    "gui": {
      "rotation": [
        90,
        45,
        90
      ],
      "translation": [
        -1,
        1,
        0
      ],
      "scale": [
        0.98242,
        0.98242,
        0.98242
      ]
    },
    "head": {
      "scale": [
        0,
        0,
        0
      ]
    },
    "fixed": {
      "rotation": [
        0,
        -90,
        0
      ],
      "translation": [
        0,
        0,
        -0.75
      ],
      "scale": [
        2,
        2,
        2
      ]
    }
  }
}