{"credit":"Made with Blockbench","texture_size":[64,64],"textures":{"0":"medieval_pack:acacia_window_1x3","particle":"medieval_pack:acacia_window_1x3"},"elements":[{"from":[0,-16,13],"to":[16,32,16],"rotation":{"angle":0,"axis":"y","origin":[16,1,16]},"faces":{"north":{"uv":[4.75,0.5,0.75,12.5],"texture":"#0"},"east":{"uv":[5.25,0.5,4.5,12.5],"texture":"#0"},"south":{"uv":[7.75,0.5,3.75,12.5],"texture":"#0"},"west":{"uv":[5.25,0.5,4.5,12.5],"texture":"#0"},"up":{"uv":[0.75,0.75,4.75,0],"texture":"#0"},"down":{"uv":[0.75,0.75,4.75,0],"texture":"#0"}}}],"display":{"thirdperson_righthand":{"translation":[0,3,0],"scale":[0.5,0.5,0.5]},"thirdperson_lefthand":{"translation":[0,3,0],"scale":[0.5,0.5,0.5]},"firstperson_righthand":{"translation":[0,4,0],"scale":[0.5,0.5,0.5]},"firstperson_lefthand":{"translation":[0,4,0],"scale":[0.5,0.5,0.5]},"ground":{"translation":[0,1,0],"scale":[0.5,0.5,0.5]},"gui":{"rotation":[45,70,0],"translation":[0,1,0],"scale":[0.5,0.5,0.5]},"head":{"rotation":[0,-180,0],"translation":[0,-14.65,0],"scale":[2.2855,2.2855,2.2855]}}}