{
  "credit": "Made by LZLeon with Blockbench, Contact - Discord: LZBlocks#0261 - E-Mail: lzblocks@outlook.com",
  "texture_size": [
    128,
    128
  ],
  "textures": {
    "1": "lzfurniture:furniture/outdoor/outdoor_wheelbarrow",
    "particle": "lzfurniture:furniture/outdoor/outdoor_wheelbarrow"
  },
  "elements": [
    {
      "from": [
        7,
        0,
        11
      ],
      "to": [
        9,
        7,
        18
      ],
      "faces": {
        "north": {
          "uv": [
            5,
            5.875,
            5.25,
            6.75
          ],
          "texture": "#1"
        },
        "east": {
          "uv": [
            4.125,
            5.875,
            5,
            6.75
          ],
          "texture": "#1"
        },
        "south": {
          "uv": [
            6.125,
            5.875,
            6.375,
            6.75
          ],
          "texture": "#1"
        },
        "west": {
          "uv": [
            5.25,
            5.875,
            6.125,
            6.75
          ],
          "texture": "#1"
        },
        "up": {
          "uv": [
            5.25,
            5.875,
            5,
            5
          ],
          "texture": "#1"
        },
        "down": {
          "uv": [
            5.5,
            5,
            5.25,
            5.875
          ],
          "texture": "#1"
        }
      }
    },
    {
      "from": [
        6,
        7.5,
        4.5
      ],
      "to": [
        7,
        10.5,
        13.5
      ],
      "rotation": {
        "angle": 22.5,
        "axis": "x",
        "origin": [
          0,
          0,
          0
        ]
      },
      "faces": {
        "north": {
          "uv": [
            6.125,
            1.125,
            6.25,
            1.5
          ],
          "texture": "#1"
        },
        "east": {
          "uv": [
            5,
            1.125,
            6.125,
            1.5
          ],
          "texture": "#1"
        },
        "south": {
          "uv": [
            7.375,
            1.125,
            7.5,
            1.5
          ],
          "texture": "#1"
        },
        "west": {
          "uv": [
            6.25,
            1.125,
            7.375,
            1.5
          ],
          "texture": "#1"
        },
        "up": {
          "uv": [
            6.25,
            1.125,
            6.125,
            0
          ],
          "texture": "#1"
        },
        "down": {
          "uv": [
            6.375,
            0,
            6.25,
            1.125
          ],
          "texture": "#1"
        }
      }
    },
    {
      "from": [
        9,
        7.5,
        4.5
      ],
      "to": [
        10,
        10.5,
        13.5
      ],
      "rotation": {
        "angle": 22.5,
        "axis": "x",
        "origin": [
          0,
          0,
          0
        ]
      },
      "faces": {
        "north": {
          "uv": [
            3.375,
            5.25,
            3.5,
            5.625
          ],
          "texture": "#1"
        },
        "east": {
          "uv": [
            2.25,
            5.25,
            3.375,
            5.625
          ],
          "texture": "#1"
        },
        "south": {
          "uv": [
            4.625,
            5.25,
            4.75,
            5.625
          ],
          "texture": "#1"
        },
        "west": {
          "uv": [
            3.5,
            5.25,
            4.625,
            5.625
          ],
          "texture": "#1"
        },
        "up": {
          "uv": [
            3.5,
            5.25,
            3.375,
            4.125
          ],
          "texture": "#1"
        },
        "down": {
          "uv": [
            3.625,
            4.125,
            3.5,
            5.25
          ],
          "texture": "#1"
        }
      }
    },
    {
      "from": [
        3,
        0,
        -3
      ],
      "to": [
        5,
        11,
        -1
      ],
      "rotation": {
        "angle": 0,
        "axis": "y",
        "origin": [
          -1,
          0,
          -2
        ]
      },
      "faces": {
        "north": {
          "uv": [
            7.375,
            5.25,
            7.625,
            6.625
          ],
          "texture": "#1"
        },
        "east": {
          "uv": [
            7.125,
            5.25,
            7.375,
            6.625
          ],
          "texture": "#1"
        },
        "south": {
          "uv": [
            7.875,
            5.25,
            8.125,
            6.625
          ],
          "texture": "#1"
        },
        "west": {
          "uv": [
            7.625,
            5.25,
            7.875,
            6.625
          ],
          "texture": "#1"
        },
        "up": {
          "uv": [
            7.625,
            5.25,
            7.375,
            5
          ],
          "texture": "#1"
        },
        "down": {
          "uv": [
            7.875,
            5,
            7.625,
            5.25
          ],
          "texture": "#1"
        }
      }
    },
    {
      "from": [
        3,
        0,
        -1
      ],
      "to": [
        5,
        2,
        1
      ],
      "rotation": {
        "angle": 0,
        "axis": "y",
        "origin": [
          -1,
          0,
          -2
        ]
      },
      "faces": {
        "north": {
          "uv": [
            0.25,
            2.375,
            0.5,
            2.625
          ],
          "texture": "#1"
        },
        "east": {
          "uv": [
            0,
            2.375,
            0.25,
            2.625
          ],
          "texture": "#1"
        },
        "south": {
          "uv": [
            0.75,
            2.375,
            1,
            2.625
          ],
          "texture": "#1"
        },
        "west": {
          "uv": [
            0.5,
            2.375,
            0.75,
            2.625
          ],
          "texture": "#1"
        },
        "up": {
          "uv": [
            0.5,
            2.375,
            0.25,
            2.125
          ],
          "texture": "#1"
        },
        "down": {
          "uv": [
            0.75,
            2.125,
            0.5,
            2.375
          ],
          "texture": "#1"
        }
      }
    },
    {
      "from": [
        3,
        -2.12132,
        1.87868
      ],
      "to": [
        5,
        -0.12132,
        9.87868
      ],
      "rotation": {
        "angle": -45,
        "axis": "x",
        "origin": [
          -1,
          -2.12132,
          -1.12132
        ]
      },
      "faces": {
        "north": {
          "uv": [
            7.25,
            2.625,
            7.5,
            2.875
          ],
          "texture": "#1"
        },
        "east": {
          "uv": [
            6.25,
            2.625,
            7.25,
            2.875
          ],
          "texture": "#1"
        },
        "south": {
          "uv": [
            8.5,
            2.625,
            8.75,
            2.875
          ],
          "texture": "#1"
        },
        "west": {
          "uv": [
            7.5,
            2.625,
            8.5,
            2.875
          ],
          "texture": "#1"
        },
        "up": {
          "uv": [
            7.5,
            2.625,
            7.25,
            1.625
          ],
          "texture": "#1"
        },
        "down": {
          "uv": [
            7.75,
            1.625,
            7.5,
            2.625
          ],
          "texture": "#1"
        }
      }
    },
    {
      "from": [
        11,
        -2.12132,
        1.87868
      ],
      "to": [
        13,
        -0.12132,
        9.87868
      ],
      "rotation": {
        "angle": -45,
        "axis": "x",
        "origin": [
          7,
          -2.12132,
          -1.12132
        ]
      },
      "faces": {
        "north": {
          "uv": [
            6.5,
            6.875,
            6.75,
            7.125
          ],
          "texture": "#1"
        },
        "east": {
          "uv": [
            5.5,
            6.875,
            6.5,
            7.125
          ],
          "texture": "#1"
        },
        "south": {
          "uv": [
            7.75,
            6.875,
            8,
            7.125
          ],
          "texture": "#1"
        },
        "west": {
          "uv": [
            6.75,
            6.875,
            7.75,
            7.125
          ],
          "texture": "#1"
        },
        "up": {
          "uv": [
            6.75,
            6.875,
            6.5,
            5.875
          ],
          "texture": "#1"
        },
        "down": {
          "uv": [
            7,
            5.875,
            6.75,
            6.875
          ],
          "texture": "#1"
        }
      }
    },
    {
      "from": [
        11,
        0,
        -1
      ],
      "to": [
        13,
        2,
        1
      ],
      "rotation": {
        "angle": 0,
        "axis": "y",
        "origin": [
          7,
          0,
          -2
        ]
      },
      "faces": {
        "north": {
          "uv": [
            0.25,
            1.25,
            0.5,
            1.5
          ],
          "texture": "#1"
        },
        "east": {
          "uv": [
            0,
            1.25,
            0.25,
            1.5
          ],
          "texture": "#1"
        },
        "south": {
          "uv": [
            0.75,
            1.25,
            1,
            1.5
          ],
          "texture": "#1"
        },
        "west": {
          "uv": [
            0.5,
            1.25,
            0.75,
            1.5
          ],
          "texture": "#1"
        },
        "up": {
          "uv": [
            0.5,
            1.25,
            0.25,
            1
          ],
          "texture": "#1"
        },
        "down": {
          "uv": [
            0.75,
            1,
            0.5,
            1.25
          ],
          "texture": "#1"
        }
      }
    },
    {
      "from": [
        11,
        0,
        -3
      ],
      "to": [
        13,
        11,
        -1
      ],
      "rotation": {
        "angle": 0,
        "axis": "y",
        "origin": [
          7,
          0,
          -2
        ]
      },
      "faces": {
        "north": {
          "uv": [
            4.5,
            7.125,
            4.75,
            8.5
          ],
          "texture": "#1"
        },
        "east": {
          "uv": [
            4.25,
            7.125,
            4.5,
            8.5
          ],
          "texture": "#1"
        },
        "south": {
          "uv": [
            5,
            7.125,
            5.25,
            8.5
          ],
          "texture": "#1"
        },
        "west": {
          "uv": [
            4.75,
            7.125,
            5,
            8.5
          ],
          "texture": "#1"
        },
        "up": {
          "uv": [
            4.75,
            7.125,
            4.5,
            6.875
          ],
          "texture": "#1"
        },
        "down": {
          "uv": [
            5,
            6.875,
            4.75,
            7.125
          ],
          "texture": "#1"
        }
      }
    },
    {
      "from": [
        3,
        15.35546,
        -2.95105
      ],
      "to": [
        5,
        17.35546,
        3.04895
      ],
      "rotation": {
        "angle": 22.5,
        "axis": "x",
        "origin": [
          -1,
          24.35546,
          -14.95105
        ]
      },
      "faces": {
        "north": {
          "uv": [
            0.75,
            7.625,
            1,
            7.875
          ],
          "texture": "#1"
        },
        "east": {
          "uv": [
            0,
            7.625,
            0.75,
            7.875
          ],
          "texture": "#1"
        },
        "south": {
          "uv": [
            1.75,
            7.625,
            2,
            7.875
          ],
          "texture": "#1"
        },
        "west": {
          "uv": [
            1,
            7.625,
            1.75,
            7.875
          ],
          "texture": "#1"
        },
        "up": {
          "uv": [
            1,
            7.625,
            0.75,
            6.875
          ],
          "texture": "#1"
        },
        "down": {
          "uv": [
            1.25,
            6.875,
            1,
            7.625
          ],
          "texture": "#1"
        }
      }
    },
    {
      "from": [
        11,
        15.35546,
        -2.95105
      ],
      "to": [
        13,
        17.35546,
        3.04895
      ],
      "rotation": {
        "angle": 22.5,
        "axis": "x",
        "origin": [
          7,
          24.35546,
          -14.95105
        ]
      },
      "faces": {
        "north": {
          "uv": [
            2.875,
            7.625,
            3.125,
            7.875
          ],
          "texture": "#1"
        },
        "east": {
          "uv": [
            2.125,
            7.625,
            2.875,
            7.875
          ],
          "texture": "#1"
        },
        "south": {
          "uv": [
            3.875,
            7.625,
            4.125,
            7.875
          ],
          "texture": "#1"
        },
        "west": {
          "uv": [
            3.125,
            7.625,
            3.875,
            7.875
          ],
          "texture": "#1"
        },
        "up": {
          "uv": [
            3.125,
            7.625,
            2.875,
            6.875
          ],
          "texture": "#1"
        },
        "down": {
          "uv": [
            3.375,
            6.875,
            3.125,
            7.625
          ],
          "texture": "#1"
        }
      }
    },
    {
      "from": [
        11,
        11.2961,
        -11.54328
      ],
      "to": [
        13,
        13.2961,
        -6.54328
      ],
      "rotation": {
        "angle": 0,
        "axis": "x",
        "origin": [
          7,
          20.2961,
          -18.54328
        ]
      },
      "faces": {
        "north": {
          "uv": [
            0.625,
            0.625,
            0.875,
            0.875
          ],
          "texture": "#1"
        },
        "east": {
          "uv": [
            0,
            0.625,
            0.625,
            0.875
          ],
          "texture": "#1"
        },
        "south": {
          "uv": [
            1.5,
            0.625,
            1.75,
            0.875
          ],
          "texture": "#1"
        },
        "west": {
          "uv": [
            0.875,
            0.625,
            1.5,
            0.875
          ],
          "texture": "#1"
        },
        "up": {
          "uv": [
            0.875,
            0.625,
            0.625,
            0
          ],
          "texture": "#1"
        },
        "down": {
          "uv": [
            1.125,
            0,
            0.875,
            0.625
          ],
          "texture": "#1"
        }
      }
    },
    {
      "from": [
        3,
        11.2961,
        -11.54328
      ],
      "to": [
        5,
        13.2961,
        -6.54328
      ],
      "rotation": {
        "angle": 0,
        "axis": "x",
        "origin": [
          -1,
          20.2961,
          -18.54328
        ]
      },
      "faces": {
        "north": {
          "uv": [
            0.625,
            4.75,
            0.875,
            5
          ],
          "texture": "#1"
        },
        "east": {
          "uv": [
            0,
            4.75,
            0.625,
            5
          ],
          "texture": "#1"
        },
        "south": {
          "uv": [
            1.5,
            4.75,
            1.75,
            5
          ],
          "texture": "#1"
        },
        "west": {
          "uv": [
            0.875,
            4.75,
            1.5,
            5
          ],
          "texture": "#1"
        },
        "up": {
          "uv": [
            0.875,
            4.75,
            0.625,
            4.125
          ],
          "texture": "#1"
        },
        "down": {
          "uv": [
            1.125,
            4.125,
            0.875,
            4.75
          ],
          "texture": "#1"
        }
      }
    },
    {
      "from": [
        13,
        6.1,
        -0.9
      ],
      "to": [
        14,
        12.1,
        14.1
      ],
      "faces": {
        "north": {
          "uv": [
            5.875,
            4.125,
            6,
            4.875
          ],
          "texture": "#1"
        },
        "east": {
          "uv": [
            4,
            4.125,
            5.875,
            4.875
          ],
          "texture": "#1"
        },
        "south": {
          "uv": [
            7.875,
            4.125,
            8,
            4.875
          ],
          "texture": "#1"
        },
        "west": {
          "uv": [
            6,
            4.125,
            7.875,
            4.875
          ],
          "texture": "#1"
        },
        "up": {
          "uv": [
            6,
            4.125,
            5.875,
            2.25
          ],
          "texture": "#1"
        },
        "down": {
          "uv": [
            6.125,
            2.25,
            6,
            4.125
          ],
          "texture": "#1"
        }
      }
    },
    {
      "from": [
        2,
        6.1,
        -0.9
      ],
      "to": [
        3,
        12.1,
        14.1
      ],
      "faces": {
        "north": {
          "uv": [
            1.875,
            6,
            2,
            6.75
          ],
          "texture": "#1"
        },
        "east": {
          "uv": [
            0,
            6,
            1.875,
            6.75
          ],
          "texture": "#1"
        },
        "south": {
          "uv": [
            3.875,
            6,
            4,
            6.75
          ],
          "texture": "#1"
        },
        "west": {
          "uv": [
            2,
            6,
            3.875,
            6.75
          ],
          "texture": "#1"
        },
        "up": {
          "uv": [
            2,
            6,
            1.875,
            4.125
          ],
          "texture": "#1"
        },
        "down": {
          "uv": [
            2.125,
            4.125,
            2,
            6
          ],
          "texture": "#1"
        }
      }
    },
    {
      "from": [
        3,
        6.1,
        -0.9
      ],
      "to": [
        13,
        12.1,
        0.1
      ],
      "faces": {
        "north": {
          "uv": [
            6.375,
            3.125,
            7.625,
            3.875
          ],
          "texture": "#1"
        },
        "east": {
          "uv": [
            6.25,
            3.125,
            6.375,
            3.875
          ],
          "texture": "#1"
        },
        "south": {
          "uv": [
            7.75,
            3.125,
            9,
            3.875
          ],
          "texture": "#1"
        },
        "west": {
          "uv": [
            7.625,
            3.125,
            7.75,
            3.875
          ],
          "texture": "#1"
        },
        "up": {
          "uv": [
            7.625,
            3.125,
            6.375,
            3
          ],
          "texture": "#1"
        },
        "down": {
          "uv": [
            8.875,
            3,
            7.625,
            3.125
          ],
          "texture": "#1"
        }
      }
    },
    {
      "from": [
        3,
        6.1,
        13.1
      ],
      "to": [
        13,
        12.1,
        14.1
      ],
      "faces": {
        "north": {
          "uv": [
            6.625,
            0.125,
            7.875,
            0.875
          ],
          "texture": "#1"
        },
        "east": {
          "uv": [
            6.5,
            0.125,
            6.625,
            0.875
          ],
          "texture": "#1"
        },
        "south": {
          "uv": [
            8,
            0.125,
            9.25,
            0.875
          ],
          "texture": "#1"
        },
        "west": {
          "uv": [
            7.875,
            0.125,
            8,
            0.875
          ],
          "texture": "#1"
        },
        "up": {
          "uv": [
            7.875,
            0.125,
            6.625,
            0
          ],
          "texture": "#1"
        },
        "down": {
          "uv": [
            9.125,
            0,
            7.875,
            0.125
          ],
          "texture": "#1"
        }
      }
    },
    {
      "from": [
        2,
        5.1,
        -0.9
      ],
      "to": [
        14,
        6.1,
        14.1
      ],
      "faces": {
        "north": {
          "uv": [
            1.875,
            1.875,
            3.375,
            2
          ],
          "texture": "#1"
        },
        "east": {
          "uv": [
            0,
            1.875,
            1.875,
            2
          ],
          "texture": "#1"
        },
        "south": {
          "uv": [
            5.25,
            1.875,
            6.75,
            2
          ],
          "texture": "#1"
        },
        "west": {
          "uv": [
            3.375,
            1.875,
            5.25,
            2
          ],
          "texture": "#1"
        },
        "up": {
          "uv": [
            3.375,
            1.875,
            1.875,
            0
          ],
          "texture": "#1"
        },
        "down": {
          "uv": [
            4.875,
            0,
            3.375,
            1.875
          ],
          "texture": "#1"
        }
      }
    },
    {
      "from": [
        3,
        7,
        0
      ],
      "to": [
        13,
        9,
        13
      ],
      "faces": {
        "north": {
          "uv": [
            1.625,
            3.75,
            2.875,
            4
          ],
          "texture": "#1"
        },
        "east": {
          "uv": [
            0,
            3.75,
            1.625,
            4
          ],
          "texture": "#1"
        },
        "south": {
          "uv": [
            4.5,
            3.75,
            5.75,
            4
          ],
          "texture": "#1"
        },
        "west": {
          "uv": [
            2.875,
            3.75,
            4.5,
            4
          ],
          "texture": "#1"
        },
        "up": {
          "uv": [
            2.875,
            3.75,
            1.625,
            2.125
          ],
          "texture": "#1"
        },
        "down": {
          "uv": [
            4.125,
            2.125,
            2.875,
            3.75
          ],
          "texture": "#1"
        }
      }
    }
  ],
  "display": {
    "thirdperson_righthand": {
      "rotation": [
        60,
        -171,
        0
      ],
      "translation": [
        -3.5,
        5.25,
        -4.5
      ],
      "scale": [
        0.6,
        0.6,
        0.6
      ]
    },
    "thirdperson_lefthand": {
      "rotation": [
        60,
        -171,
        0
      ],
      "translation": [
        -3.5,
        5.25,
        -4.5
      ],
      "scale": [
        0.6,
        0.6,
        0.6
      ]
    },
    "firstperson_righthand": {
      "rotation": [
        0,
        -73,
        6
      ],
      "translation": [
        0,
        1.5,
        0
      ],
      "scale": [
        0.4,
        0.4,
        0.4
      ]
    },
    "firstperson_lefthand": {
      "rotation": [
        0,
        -73,
        6
      ],
      "translation": [
        0,
        1.5,
        0
      ],
      "scale": [
        0.4,
        0.4,
        0.4
      ]
    },
    "ground": {
      "translation": [
        0,
        1.5,
        0
      ],
      "scale": [
        0.35,
        0.35,
        0.35
      ]
    },
    "gui": {
      "rotation": [
        30,
        -40,
        0
      ],
      "translation": [
        -1.75,
        -1,
        0
      ],
      "scale": [
        0.55,
        0.55,
        0.55
      ]
    },
    "head": {
      "rotation": [
        0,
        -180,
        0
      ],
      "translation": [
        0,
        -30.4,
        0
      ],
      "scale": [
        1.6,
        1.6,
        1.6
      ]
    },
    "fixed": {
      "rotation": [
        90,
        -180,
        -180
      ],
      "translation": [
        0,
        0,
        -15
      ],
      "scale": [
        2,
        2,
        2
      ]
    }
  },
  "groups": [
    0,
    1,
    2,
    3,
    4,
    5,
    6,
    7,
    8,
    9,
    10,
    11,
    12,
    {
      "name": "behälter",
      "origin": [
        0,
        0,
        0
      ],
      "color": 0,
      "children": [
        13,
        14,
        15,
        16,
        17,
        18
      ]
    }
  ]
}