{
  "credit": "Made with Blockbench",
  "texture_size": [
    256,
    256
  ],
  "textures": {
    "4": "elitecreatures:farmer_decoration_v1/farmer_scare_crow"
  },
  "elements": [
    {
      "name": "Head",
      "from": [
        2,
        16,
        2
      ],
      "to": [
        14,
        28,
        14
      ],
      "rotation": {
        "angle": 0,
        "axis": "y",
        "origin": [
          2.7982,
          29.54014,
          8.07957
        ]
      },
      "faces": {
        "north": {
          "uv": [
            2,
            10,
            4,
            12
          ],
          "rotation": 270,
          "texture": "#4"
        },
        "east": {
          "uv": [
            4,
            8,
            6,
            10
          ],
          "texture": "#4"
        },
        "south": {
          "uv": [
            6,
            8,
            4,
            10
          ],
          "texture": "#4"
        },
        "west": {
          "uv": [
            6,
            8,
            4,
            10
          ],
          "texture": "#4"
        },
        "up": {
          "uv": [
            2,
            8,
            4,
            10
          ],
          "rotation": 90,
          "texture": "#4"
        },
        "down": {
          "uv": [
            0,
            8,
            2,
            10
          ],
          "rotation": 90,
          "texture": "#4"
        }
      }
    },
    {
      "from": [
        6.71858,
        -8.70015,
        5.40076
      ],
      "to": [
        18.71858,
        5.29985,
        5.40076
      ],
      "rotation": {
        "angle": -22.5,
        "axis": "z",
        "origin": [
          14.71858,
          -1.70015,
          5.15076
        ]
      },
      "faces": {
        "north": {
          "uv": [
            4,
            0,
            0,
            4
          ],
          "rotation": 270,
          "texture": "#4"
        },
        "east": {
          "uv": [
            0,
            0,
            4,
            0
          ],
          "rotation": 90,
          "texture": "#4"
        },
        "south": {
          "uv": [
            4,
            4,
            0,
            0
          ],
          "rotation": 270,
          "texture": "#4"
        },
        "west": {
          "uv": [
            0,
            0,
            4,
            0
          ],
          "rotation": 90,
          "texture": "#4"
        },
        "up": {
          "uv": [
            0,
            4,
            0,
            0
          ],
          "rotation": 270,
          "texture": "#4"
        },
        "down": {
          "uv": [
            0,
            4,
            0,
            0
          ],
          "rotation": 270,
          "texture": "#4"
        }
      }
    },
    {
      "from": [
        8.71858,
        -8.70015,
        8.15076
      ],
      "to": [
        20.71858,
        5.29985,
        8.15076
      ],
      "rotation": {
        "angle": 0,
        "axis": "y",
        "origin": [
          -5.28142,
          0.29985,
          6.15076
        ]
      },
      "faces": {
        "north": {
          "uv": [
            4,
            0,
            0,
            4
          ],
          "rotation": 270,
          "texture": "#4"
        },
        "east": {
          "uv": [
            0,
            0,
            4,
            0
          ],
          "rotation": 90,
          "texture": "#4"
        },
        "south": {
          "uv": [
            4,
            4,
            0,
            0
          ],
          "rotation": 270,
          "texture": "#4"
        },
        "west": {
          "uv": [
            0,
            0,
            4,
            0
          ],
          "rotation": 90,
          "texture": "#4"
        },
        "up": {
          "uv": [
            0,
            4,
            0,
            0
          ],
          "rotation": 270,
          "texture": "#4"
        },
        "down": {
          "uv": [
            0,
            4,
            0,
            0
          ],
          "rotation": 270,
          "texture": "#4"
        }
      }
    },
    {
      "from": [
        6.71858,
        -8.70015,
        11.40076
      ],
      "to": [
        18.71858,
        5.29985,
        11.40076
      ],
      "rotation": {
        "angle": -22.5,
        "axis": "z",
        "origin": [
          14.71858,
          -1.70015,
          11.15076
        ]
      },
      "faces": {
        "north": {
          "uv": [
            4,
            0,
            0,
            4
          ],
          "rotation": 270,
          "texture": "#4"
        },
        "east": {
          "uv": [
            0,
            0,
            4,
            0
          ],
          "rotation": 90,
          "texture": "#4"
        },
        "south": {
          "uv": [
            4,
            4,
            0,
            0
          ],
          "rotation": 270,
          "texture": "#4"
        },
        "west": {
          "uv": [
            0,
            0,
            4,
            0
          ],
          "rotation": 90,
          "texture": "#4"
        },
        "up": {
          "uv": [
            0,
            4,
            0,
            0
          ],
          "rotation": 270,
          "texture": "#4"
        },
        "down": {
          "uv": [
            0,
            4,
            0,
            0
          ],
          "rotation": 270,
          "texture": "#4"
        }
      }
    },
    {
      "from": [
        -2.71858,
        -8.70015,
        5.15076
      ],
      "to": [
        9.28142,
        5.29985,
        5.15076
      ],
      "rotation": {
        "angle": 22.5,
        "axis": "z",
        "origin": [
          1.28142,
          -1.70015,
          5.15076
        ]
      },
      "faces": {
        "north": {
          "uv": [
            4,
            4,
            0,
            0
          ],
          "rotation": 270,
          "texture": "#4"
        },
        "east": {
          "uv": [
            0,
            0,
            4,
            0
          ],
          "rotation": 90,
          "texture": "#4"
        },
        "south": {
          "uv": [
            4,
            0,
            0,
            4
          ],
          "rotation": 270,
          "texture": "#4"
        },
        "west": {
          "uv": [
            0,
            0,
            4,
            0
          ],
          "rotation": 90,
          "texture": "#4"
        },
        "up": {
          "uv": [
            0,
            0,
            0,
            4
          ],
          "rotation": 270,
          "texture": "#4"
        },
        "down": {
          "uv": [
            0,
            0,
            0,
            4
          ],
          "rotation": 270,
          "texture": "#4"
        }
      }
    },
    {
      "from": [
        -4.71858,
        -8.70015,
        8.15076
      ],
      "to": [
        7.28142,
        5.29985,
        8.15076
      ],
      "rotation": {
        "angle": 0,
        "axis": "y",
        "origin": [
          21.28142,
          0.29985,
          6.15076
        ]
      },
      "faces": {
        "north": {
          "uv": [
            4,
            4,
            0,
            0
          ],
          "rotation": 270,
          "texture": "#4"
        },
        "east": {
          "uv": [
            0,
            0,
            4,
            0
          ],
          "rotation": 90,
          "texture": "#4"
        },
        "south": {
          "uv": [
            4,
            0,
            0,
            4
          ],
          "rotation": 270,
          "texture": "#4"
        },
        "west": {
          "uv": [
            0,
            0,
            4,
            0
          ],
          "rotation": 90,
          "texture": "#4"
        },
        "up": {
          "uv": [
            0,
            0,
            0,
            4
          ],
          "rotation": 270,
          "texture": "#4"
        },
        "down": {
          "uv": [
            0,
            0,
            0,
            4
          ],
          "rotation": 270,
          "texture": "#4"
        }
      }
    },
    {
      "from": [
        -2.71858,
        -8.70015,
        11.15076
      ],
      "to": [
        9.28142,
        5.29985,
        11.15076
      ],
      "rotation": {
        "angle": 22.5,
        "axis": "z",
        "origin": [
          1.28142,
          -1.70015,
          11.15076
        ]
      },
      "faces": {
        "north": {
          "uv": [
            4,
            4,
            0,
            0
          ],
          "rotation": 270,
          "texture": "#4"
        },
        "east": {
          "uv": [
            0,
            0,
            4,
            0
          ],
          "rotation": 90,
          "texture": "#4"
        },
        "south": {
          "uv": [
            4,
            0,
            0,
            4
          ],
          "rotation": 270,
          "texture": "#4"
        },
        "west": {
          "uv": [
            0,
            0,
            4,
            0
          ],
          "rotation": 90,
          "texture": "#4"
        },
        "up": {
          "uv": [
            0,
            0,
            0,
            4
          ],
          "rotation": 270,
          "texture": "#4"
        },
        "down": {
          "uv": [
            0,
            0,
            0,
            4
          ],
          "rotation": 270,
          "texture": "#4"
        }
      }
    },
    {
      "from": [
        -11.56004,
        0.95779,
        8.15076
      ],
      "to": [
        2.43996,
        12.95779,
        8.15076
      ],
      "rotation": {
        "angle": 0,
        "axis": "y",
        "origin": [
          -4.56004,
          6.95779,
          9.15076
        ]
      },
      "faces": {
        "north": {
          "uv": [
            0,
            4,
            4,
            0
          ],
          "texture": "#4"
        },
        "east": {
          "uv": [
            0,
            0,
            0,
            4
          ],
          "rotation": 180,
          "texture": "#4"
        },
        "south": {
          "uv": [
            0,
            0,
            4,
            4
          ],
          "rotation": 180,
          "texture": "#4"
        },
        "west": {
          "uv": [
            0,
            0,
            0,
            4
          ],
          "rotation": 180,
          "texture": "#4"
        },
        "up": {
          "uv": [
            4,
            0,
            0,
            0
          ],
          "texture": "#4"
        },
        "down": {
          "uv": [
            4,
            0,
            0,
            0
          ],
          "texture": "#4"
        }
      }
    },
    {
      "from": [
        -7.71858,
        5.70015,
        10.15076
      ],
      "to": [
        6.28142,
        17.70015,
        10.15076
      ],
      "rotation": {
        "angle": 22.5,
        "axis": "z",
        "origin": [
          8.28142,
          4.70015,
          7.15076
        ]
      },
      "faces": {
        "north": {
          "uv": [
            0,
            4,
            4,
            0
          ],
          "texture": "#4"
        },
        "east": {
          "uv": [
            0,
            0,
            0,
            4
          ],
          "rotation": 180,
          "texture": "#4"
        },
        "south": {
          "uv": [
            0,
            0,
            4,
            4
          ],
          "rotation": 180,
          "texture": "#4"
        },
        "west": {
          "uv": [
            0,
            0,
            0,
            4
          ],
          "rotation": 180,
          "texture": "#4"
        },
        "up": {
          "uv": [
            4,
            0,
            0,
            0
          ],
          "texture": "#4"
        },
        "down": {
          "uv": [
            4,
            0,
            0,
            0
          ],
          "texture": "#4"
        }
      }
    },
    {
      "from": [
        -7.71858,
        5.70015,
        6.15076
      ],
      "to": [
        6.28142,
        17.70015,
        6.15076
      ],
      "rotation": {
        "angle": 22.5,
        "axis": "z",
        "origin": [
          8.28142,
          4.70015,
          7.15076
        ]
      },
      "faces": {
        "north": {
          "uv": [
            0,
            4,
            4,
            0
          ],
          "texture": "#4"
        },
        "east": {
          "uv": [
            0,
            0,
            0,
            4
          ],
          "rotation": 180,
          "texture": "#4"
        },
        "south": {
          "uv": [
            0,
            0,
            4,
            4
          ],
          "rotation": 180,
          "texture": "#4"
        },
        "west": {
          "uv": [
            0,
            0,
            0,
            4
          ],
          "rotation": 180,
          "texture": "#4"
        },
        "up": {
          "uv": [
            4,
            0,
            0,
            0
          ],
          "texture": "#4"
        },
        "down": {
          "uv": [
            4,
            0,
            0,
            0
          ],
          "texture": "#4"
        }
      }
    },
    {
      "from": [
        13.56004,
        0.95779,
        8.15076
      ],
      "to": [
        27.56004,
        12.95779,
        8.15076
      ],
      "rotation": {
        "angle": 0,
        "axis": "y",
        "origin": [
          20.56004,
          6.95779,
          9.15076
        ]
      },
      "faces": {
        "north": {
          "uv": [
            4,
            4,
            0,
            0
          ],
          "texture": "#4"
        },
        "east": {
          "uv": [
            0,
            0,
            0,
            4
          ],
          "rotation": 180,
          "texture": "#4"
        },
        "south": {
          "uv": [
            4,
            0,
            0,
            4
          ],
          "rotation": 180,
          "texture": "#4"
        },
        "west": {
          "uv": [
            0,
            0,
            0,
            4
          ],
          "rotation": 180,
          "texture": "#4"
        },
        "up": {
          "uv": [
            0,
            0,
            4,
            0
          ],
          "texture": "#4"
        },
        "down": {
          "uv": [
            0,
            0,
            4,
            0
          ],
          "texture": "#4"
        }
      }
    },
    {
      "from": [
        9.71858,
        5.70015,
        10.15076
      ],
      "to": [
        23.71858,
        17.70015,
        10.15076
      ],
      "rotation": {
        "angle": -22.5,
        "axis": "z",
        "origin": [
          7.71858,
          4.70015,
          7.15076
        ]
      },
      "faces": {
        "north": {
          "uv": [
            4,
            4,
            0,
            0
          ],
          "texture": "#4"
        },
        "east": {
          "uv": [
            0,
            0,
            0,
            4
          ],
          "rotation": 180,
          "texture": "#4"
        },
        "south": {
          "uv": [
            4,
            0,
            0,
            4
          ],
          "rotation": 180,
          "texture": "#4"
        },
        "west": {
          "uv": [
            0,
            0,
            0,
            4
          ],
          "rotation": 180,
          "texture": "#4"
        },
        "up": {
          "uv": [
            0,
            0,
            4,
            0
          ],
          "texture": "#4"
        },
        "down": {
          "uv": [
            0,
            0,
            4,
            0
          ],
          "texture": "#4"
        }
      }
    },
    {
      "from": [
        9.71858,
        5.70015,
        6.15076
      ],
      "to": [
        23.71858,
        17.70015,
        6.15076
      ],
      "rotation": {
        "angle": -22.5,
        "axis": "z",
        "origin": [
          7.71858,
          4.70015,
          7.15076
        ]
      },
      "faces": {
        "north": {
          "uv": [
            4,
            4,
            0,
            0
          ],
          "texture": "#4"
        },
        "east": {
          "uv": [
            0,
            0,
            0,
            4
          ],
          "rotation": 180,
          "texture": "#4"
        },
        "south": {
          "uv": [
            4,
            0,
            0,
            4
          ],
          "rotation": 180,
          "texture": "#4"
        },
        "west": {
          "uv": [
            0,
            0,
            0,
            4
          ],
          "rotation": 180,
          "texture": "#4"
        },
        "up": {
          "uv": [
            0,
            0,
            4,
            0
          ],
          "texture": "#4"
        },
        "down": {
          "uv": [
            0,
            0,
            4,
            0
          ],
          "texture": "#4"
        }
      }
    },
    {
      "from": [
        6.95711,
        -15.2448,
        6.91829
      ],
      "to": [
        8.95711,
        13.7552,
        8.91829
      ],
      "rotation": {
        "angle": 0,
        "axis": "y",
        "origin": [
          1.95711,
          -3.7448,
          28.41829
        ]
      },
      "faces": {
        "north": {
          "uv": [
            8,
            12.375,
            8.25,
            8
          ],
          "texture": "#4"
        },
        "east": {
          "uv": [
            8,
            12.375,
            8.25,
            8
          ],
          "texture": "#4"
        },
        "south": {
          "uv": [
            8,
            12.375,
            8.25,
            8
          ],
          "texture": "#4"
        },
        "west": {
          "uv": [
            8,
            12.375,
            8.25,
            8
          ],
          "texture": "#4"
        },
        "up": {
          "uv": [
            0.3125,
            0.0625,
            0.25,
            0.125
          ],
          "texture": "#missing"
        },
        "down": {
          "uv": [
            9.25,
            8.25,
            9,
            8
          ],
          "texture": "#4"
        }
      }
    },
    {
      "from": [
        1,
        0,
        4
      ],
      "to": [
        15,
        16,
        12
      ],
      "rotation": {
        "angle": 0,
        "axis": "y",
        "origin": [
          8,
          16,
          8
        ]
      },
      "faces": {
        "north": {
          "uv": [
            2,
            12,
            3.75,
            14
          ],
          "texture": "#4"
        },
        "east": {
          "uv": [
            4.75,
            12,
            5.75,
            14
          ],
          "texture": "#4"
        },
        "south": {
          "uv": [
            4,
            10,
            5.75,
            12
          ],
          "texture": "#4"
        },
        "west": {
          "uv": [
            4.75,
            12,
            5.75,
            14
          ],
          "texture": "#4"
        },
        "up": {
          "uv": [
            7.5,
            11,
            5.75,
            10
          ],
          "texture": "#4"
        },
        "down": {
          "uv": [
            7.5,
            11,
            5.75,
            12
          ],
          "texture": "#4"
        }
      }
    },
    {
      "from": [
        -4.65639,
        12.70011,
        5
      ],
      "to": [
        1.34361,
        18.70011,
        11
      ],
      "rotation": {
        "angle": 22.5,
        "axis": "z",
        "origin": [
          8,
          16,
          8
        ]
      },
      "faces": {
        "north": {
          "uv": [
            6,
            8,
            6.75,
            8.75
          ],
          "texture": "#4"
        },
        "east": {
          "uv": [
            0.375,
            14,
            1.125,
            14.75
          ],
          "texture": "#4"
        },
        "south": {
          "uv": [
            6,
            8.75,
            6.75,
            9.5
          ],
          "texture": "#4"
        },
        "west": {
          "uv": [
            1.125,
            14,
            1.875,
            14.75
          ],
          "texture": "#4"
        },
        "up": {
          "uv": [
            2.625,
            14.75,
            1.875,
            14
          ],
          "texture": "#4"
        },
        "down": {
          "uv": [
            3.375,
            14,
            2.625,
            14.75
          ],
          "texture": "#4"
        }
      }
    },
    {
      "from": [
        14.65639,
        12.70011,
        5
      ],
      "to": [
        20.65639,
        18.70011,
        11
      ],
      "rotation": {
        "angle": -22.5,
        "axis": "z",
        "origin": [
          8,
          16,
          8
        ]
      },
      "faces": {
        "north": {
          "uv": [
            6.75,
            8,
            6,
            8.75
          ],
          "texture": "#4"
        },
        "east": {
          "uv": [
            1.875,
            14,
            1.125,
            14.75
          ],
          "texture": "#4"
        },
        "south": {
          "uv": [
            6.75,
            8.75,
            6,
            9.5
          ],
          "texture": "#4"
        },
        "west": {
          "uv": [
            1.125,
            14,
            0.375,
            14.75
          ],
          "texture": "#4"
        },
        "up": {
          "uv": [
            1.875,
            14.75,
            2.625,
            14
          ],
          "texture": "#4"
        },
        "down": {
          "uv": [
            2.625,
            14,
            3.375,
            14.75
          ],
          "texture": "#4"
        }
      }
    },
    {
      "from": [
        0.00805,
        25.04014,
        0.07957
      ],
      "to": [
        16.00805,
        28,
        16.07957
      ],
      "rotation": {
        "angle": 0,
        "axis": "y",
        "origin": [
          8.00805,
          29.52007,
          8.07957
        ]
      },
      "faces": {
        "north": {
          "uv": [
            10.5,
            0,
            13,
            0.75
          ],
          "texture": "#4"
        },
        "east": {
          "uv": [
            10.5,
            0,
            13,
            0.75
          ],
          "texture": "#4"
        },
        "south": {
          "uv": [
            10.5,
            0,
            13,
            0.75
          ],
          "texture": "#4"
        },
        "west": {
          "uv": [
            10.5,
            0,
            13,
            0.75
          ],
          "texture": "#4"
        },
        "up": {
          "uv": [
            10.5,
            2.5,
            8,
            0
          ],
          "texture": "#4"
        },
        "down": {
          "uv": [
            10.5,
            2.5,
            8,
            5
          ],
          "texture": "#4"
        }
      }
    },
    {
      "from": [
        2.00805,
        28.04014,
        2.07957
      ],
      "to": [
        14.00805,
        32,
        14.07957
      ],
      "rotation": {
        "angle": 0,
        "axis": "y",
        "origin": [
          8.00805,
          29.52007,
          8.07957
        ]
      },
      "faces": {
        "north": {
          "uv": [
            10.5,
            0,
            13,
            0.75
          ],
          "texture": "#4"
        },
        "east": {
          "uv": [
            10.5,
            0,
            13,
            0.75
          ],
          "texture": "#4"
        },
        "south": {
          "uv": [
            10.5,
            0,
            13,
            0.75
          ],
          "texture": "#4"
        },
        "west": {
          "uv": [
            10.5,
            0,
            13,
            0.75
          ],
          "texture": "#4"
        },
        "up": {
          "uv": [
            10.5,
            2.5,
            8,
            0
          ],
          "texture": "#4"
        },
        "down": {
          "uv": [
            10.5,
            2.5,
            8,
            5
          ],
          "texture": "#4"
        }
      }
    }
  ],
  "gui_light": "front",
  "display": {
    "thirdperson_righthand": {
      "rotation": [
        75,
        45,
        0
      ],
      "translation": [
        0,
        2.5,
        0
      ],
      "scale": [
        0.375,
        0.375,
        0.375
      ]
    },
    "thirdperson_lefthand": {
      "rotation": [
        75,
        45,
        0
      ],
      "translation": [
        0,
        2.5,
        0
      ],
      "scale": [
        0.375,
        0.375,
        0.375
      ]
    },
    "firstperson_righthand": {
      "rotation": [
        0,
        92,
        0
      ],
      "translation": [
        0.5,
        0,
        2.25
      ],
      "scale": [
        0.5,
        0.5,
        0.5
      ]
    },
    "firstperson_lefthand": {
      "rotation": [
        0,
        92,
        0
      ],
      "translation": [
        0.5,
        0,
        2.25
      ],
      "scale": [
        0.5,
        0.5,
        0.5
      ]
    },
    "ground": {
      "translation": [
        0,
        9.75,
        0
      ],
      "scale": [
        0.5,
        0.5,
        0.5
      ]
    },
    "gui": {
      "rotation": [
        30,
        225,
        0
      ],
      "translation": [
        0,
        -0.5,
        0
      ],
      "scale": [
        0.25,
        0.25,
        0.25
      ]
    },
    "head": {
      "rotation": [
        0,
        180,
        0
      ],
      "translation": [
        0,
        -6.25,
        0
      ],
      "scale": [
        1.6,
        1.6,
        1.6
      ]
    },
    "fixed": {
      "scale": [
        0,
        0,
        0
      ]
    }
  },
  "groups": [
    0,
    {
      "name": "Arm",
      "origin": [
        15,
        5.87868,
        -11.09188
      ],
      "color": 0,
      "children": [
        {
          "name": "ArmR",
          "origin": [
            7.71858,
            4.70015,
            7.15076
          ],
          "color": 0,
          "children": [
            1,
            2,
            3,
            4,
            5,
            6
          ]
        },
        {
          "name": "ArmL",
          "origin": [
            7.71858,
            4.70015,
            7.15076
          ],
          "color": 0,
          "children": [
            7,
            8,
            9,
            10,
            11,
            12
          ]
        }
      ]
    },
    {
      "name": "Base",
      "origin": [
        8,
        -5.18099,
        23.69136
      ],
      "color": 0,
      "children": [
        13
      ]
    },
    {
      "name": "Axe1",
      "origin": [
        8,
        -5.18099,
        23.69136
      ],
      "color": 0,
      "children": []
    },
    {
      "name": "Axe2",
      "origin": [
        8,
        -5.18099,
        23.69136
      ],
      "color": 0,
      "children": []
    },
    {
      "name": "Cloth",
      "origin": [
        8,
        16,
        8
      ],
      "color": 0,
      "children": [
        14,
        15,
        16
      ]
    },
    {
      "name": "Hat",
      "origin": [
        8.00805,
        29.52007,
        8.07957
      ],
      "color": 0,
      "children": [
        17,
        18
      ]
    }
  ]
}