{
  "credit": "Made by LZLeon with Blockbench, Contact - Discord: LZBlocks#0261 - E-Mail: lzblocks@outlook.com",
  "texture_size": [
    32,
    32
  ],
  "textures": {
    "0": "lzfurniture:furniture/outdoor/outdoor_rocks_medium",
    "particle": "lzfurniture:furniture/outdoor/outdoor_rocks_medium"
  },
  "elements": [
    {
      "from": [
        3,
        0,
        5
      ],
      "to": [
        10,
        3,
        13
      ],
      "rotation": {
        "angle": 0,
        "axis": "y",
        "origin": [
          -1,
          0,
          0
        ]
      },
      "faces": {
        "north": {
          "uv": [
            4,
            4,
            7.5,
            5.5
          ],
          "texture": "#0"
        },
        "east": {
          "uv": [
            0,
            4,
            4,
            5.5
          ],
          "texture": "#0"
        },
        "south": {
          "uv": [
            11.5,
            4,
            15,
            5.5
          ],
          "texture": "#0"
        },
        "west": {
          "uv": [
            7.5,
            4,
            11.5,
            5.5
          ],
          "texture": "#0"
        },
        "up": {
          "uv": [
            7.5,
            4,
            4,
            0
          ],
          "texture": "#0"
        },
        "down": {
          "uv": [
            11,
            0,
            7.5,
            4
          ],
          "texture": "#0"
        }
      }
    },
    {
      "from": [
        9,
        0,
        -2
      ],
      "to": [
        15,
        2,
        5
      ],
      "rotation": {
        "angle": -22.5,
        "axis": "y",
        "origin": [
          -1,
          0,
          0
        ]
      },
      "faces": {
        "north": {
          "uv": [
            3.5,
            9.5,
            6.5,
            10.5
          ],
          "texture": "#0"
        },
        "east": {
          "uv": [
            0,
            9.5,
            3.5,
            10.5
          ],
          "texture": "#0"
        },
        "south": {
          "uv": [
            10,
            9.5,
            13,
            10.5
          ],
          "texture": "#0"
        },
        "west": {
          "uv": [
            6.5,
            9.5,
            10,
            10.5
          ],
          "texture": "#0"
        },
        "up": {
          "uv": [
            6.5,
            9.5,
            3.5,
            6
          ],
          "texture": "#0"
        },
        "down": {
          "uv": [
            9.5,
            6,
            6.5,
            9.5
          ],
          "texture": "#0"
        }
      }
    },
    {
      "from": [
        2.5,
        0,
        -1
      ],
      "to": [
        5.5,
        1,
        2
      ],
      "rotation": {
        "angle": -22.5,
        "axis": "y",
        "origin": [
          -1,
          0,
          0
        ]
      },
      "faces": {
        "north": {
          "uv": [
            11.5,
            7.5,
            13,
            8
          ],
          "texture": "#0"
        },
        "east": {
          "uv": [
            10,
            7.5,
            11.5,
            8
          ],
          "texture": "#0"
        },
        "south": {
          "uv": [
            14.5,
            7.5,
            16,
            8
          ],
          "texture": "#0"
        },
        "west": {
          "uv": [
            13,
            7.5,
            14.5,
            8
          ],
          "texture": "#0"
        },
        "up": {
          "uv": [
            13,
            7.5,
            11.5,
            6
          ],
          "texture": "#0"
        },
        "down": {
          "uv": [
            14.5,
            6,
            13,
            7.5
          ],
          "texture": "#0"
        }
      }
    },
    {
      "from": [
        16,
        0,
        5
      ],
      "to": [
        18,
        1,
        8
      ],
      "rotation": {
        "angle": -22.5,
        "axis": "y",
        "origin": [
          -1,
          0,
          0
        ]
      },
      "faces": {
        "north": {
          "uv": [
            1.5,
            12.5,
            2.5,
            13
          ],
          "texture": "#0"
        },
        "east": {
          "uv": [
            0,
            12.5,
            1.5,
            13
          ],
          "texture": "#0"
        },
        "south": {
          "uv": [
            4,
            12.5,
            5,
            13
          ],
          "texture": "#0"
        },
        "west": {
          "uv": [
            2.5,
            12.5,
            4,
            13
          ],
          "texture": "#0"
        },
        "up": {
          "uv": [
            2.5,
            12.5,
            1.5,
            11
          ],
          "texture": "#0"
        },
        "down": {
          "uv": [
            3.5,
            11,
            2.5,
            12.5
          ],
          "texture": "#0"
        }
      }
    }
  ],
  "display": {
    "thirdperson_righthand": {
      "rotation": [
        60,
        -160,
        0
      ],
      "translation": [
        0,
        5,
        3.25
      ],
      "scale": [
        -0.6,
        0.6,
        -0.6
      ]
    },
    "thirdperson_lefthand": {
      "rotation": [
        60,
        -160,
        0
      ],
      "translation": [
        0,
        5,
        3.25
      ],
      "scale": [
        -0.6,
        0.6,
        -0.6
      ]
    },
    "firstperson_righthand": {
      "rotation": [
        0,
        -73,
        6
      ],
      "translation": [
        -0.5,
        5.75,
        0
      ],
      "scale": [
        -0.6,
        0.6,
        -0.6
      ]
    },
    "firstperson_lefthand": {
      "rotation": [
        0,
        -73,
        6
      ],
      "translation": [
        -0.5,
        5.75,
        0
      ],
      "scale": [
        -0.6,
        0.6,
        -0.6
      ]
    },
    "ground": {
      "translation": [
        0,
        1.5,
        0
      ],
      "scale": [
        0.35,
        0.35,
        0.35
      ]
    },
    "gui": {
      "rotation": [
        30,
        -40,
        0
      ],
      "translation": [
        0.25,
        4.25,
        0
      ],
      "scale": [
        -0.8,
        0.8,
        -0.8
      ]
    },
    "head": {
      "translation": [
        0,
        -30.4,
        0
      ],
      "scale": [
        1.6,
        1.6,
        1.6
      ]
    },
    "fixed": {
      "rotation": [
        90,
        0,
        -180
      ],
      "translation": [
        0,
        0,
        -15
      ],
      "scale": [
        2,
        2,
        2
      ]
    }
  }
}