{"credit":"Made with Blockbench","texture_size":[64,64],"textures":{"0":"medieval_pack:stone_wall","particle":"medieval_pack:stone_wall"},"elements":[{"from":[0,0,6],"to":[16,6,16],"faces":{"north":{"uv":[2.5,2.5,6.5,4],"texture":"#0"},"east":{"uv":[0,2.5,2.5,4],"texture":"#0"},"south":{"uv":[9,2.5,13,4],"texture":"#0"},"west":{"uv":[6.5,2.5,9,4],"texture":"#0"},"up":{"uv":[6.5,2.5,2.5,0],"texture":"#0"},"down":{"uv":[10.5,0,6.5,2.5],"texture":"#0"}}},{"from":[0,6,10],"to":[16,16,16],"faces":{"north":{"uv":[1.5,5.5,5.5,8],"texture":"#0"},"east":{"uv":[0,5.5,1.5,8],"texture":"#0"},"south":{"uv":[7,5.5,11,8],"texture":"#0"},"west":{"uv":[5.5,5.5,7,8],"texture":"#0"},"up":{"uv":[5.5,5.5,1.5,4],"texture":"#0"},"down":{"uv":[9.5,4,5.5,5.5],"texture":"#0"}}},{"from":[5,6,7],"to":[11,16,10],"faces":{"north":{"uv":[3.75,0,5.25,2.5],"texture":"#0"},"east":{"uv":[3.5,0,4.25,2.5],"texture":"#0"},"south":{"uv":[4.25,0,5.75,2.5],"texture":"#0"},"west":{"uv":[4,0,4.75,2.5],"texture":"#0"},"up":{"uv":[3.5,0.75,5,1.5],"texture":"#0"},"down":{"uv":[3.75,0.75,5.25,1.5],"texture":"#0"}}}],"display":{"thirdperson_righthand":{"translation":[0,3,0],"scale":[0.5,0.5,0.5]},"thirdperson_lefthand":{"translation":[0,3,0],"scale":[0.5,0.5,0.5]},"firstperson_righthand":{"translation":[0,4,0],"scale":[0.5,0.5,0.5]},"firstperson_lefthand":{"translation":[0,4,0],"scale":[0.5,0.5,0.5]},"ground":{"translation":[0,1,0],"scale":[0.5,0.5,0.5]},"gui":{"rotation":[45,70,0],"translation":[0,1,0],"scale":[0.5,0.5,0.5]},"head":{"rotation":[0,-180,0],"translation":[0,-14.65,0],"scale":[2.2855,2.2855,2.2855]}}}