{
	"credit": "MadewithBlockbench",
	"texture_size": [64, 64],
	"textures": {
		"0": "elitecreatures:industrial_kitchen_v1/ik_grill",
		"particle": "elitecreatures:industrial_kitchen_v1/ik_grill"
	},
	"elements": [
		{
			"from": [-4.25, 14, 1.25],
			"to": [15.75, 16, 2.25],
			"rotation": {"angle": 0, "axis": "y", "origin": [5.75, 9.25, 10]},
			"faces": {
				"north": {"uv": [0, 10.5, 5, 11], "texture": "#0"},
				"east": {"uv": [8, 10, 8.25, 10.5], "texture": "#0"},
				"south": {"uv": [0, 10.5, 5, 11], "texture": "#0"},
				"west": {"uv": [8.25, 10, 8.5, 10.5], "texture": "#0"},
				"up": {"uv": [5.25, 15.75, 5, 10.75], "rotation": 90, "texture": "#0"},
				"down": {"uv": [5.5, 10.75, 5.25, 15.75], "rotation": 270, "texture": "#0"}
			}
		},
		{
			"from": [15.75, 14, 2.25],
			"to": [15.75, 20, 14.25],
			"rotation": {"angle": 0, "axis": "y", "origin": [5.75, 9.25, 10]},
			"faces": {
				"east": {"uv": [9, 6, 12, 7.5], "texture": "#0"},
				"west": {"uv": [12, 6, 9, 7.5], "texture": "#0"}
			}
		},
		{
			"from": [-4.25, 14, 2.25],
			"to": [-4.25, 20, 14.25],
			"rotation": {"angle": 0, "axis": "y", "origin": [5.75, 9.25, 10]},
			"faces": {
				"east": {"uv": [9, 6, 12, 7.5], "texture": "#0"},
				"west": {"uv": [12, 6, 9, 7.5], "texture": "#0"}
			}
		},
		{
			"from": [-4.25, 14, 14.25],
			"to": [15.75, 20, 14.25],
			"rotation": {"angle": 0, "axis": "y", "origin": [5.75, 9.25, 10]},
			"faces": {
				"north": {"uv": [9, 0, 14, 1.5], "texture": "#0"},
				"south": {"uv": [9, 0, 14, 1.5], "texture": "#0"}
			}
		},
		{
			"from": [-4.25, 1, 2.25],
			"to": [15.75, 2, 14.25],
			"rotation": {"angle": 0, "axis": "y", "origin": [5.75, 9.25, 10]},
			"faces": {
				"north": {"uv": [11, 10.5, 16, 10.75], "texture": "#0"},
				"east": {"uv": [11, 10.75, 14, 11], "texture": "#0"},
				"south": {"uv": [11, 10.5, 16, 10.75], "texture": "#0"},
				"west": {"uv": [11, 10.75, 14, 11], "texture": "#0"},
				"up": {"uv": [9, 5, 6, 0], "rotation": 90, "texture": "#0"},
				"down": {"uv": [9, 5, 6, 10], "rotation": 270, "texture": "#0"}
			}
		},
		{
			"from": [13.75, 0, 3.25],
			"to": [14.75, 11, 4.25],
			"rotation": {"angle": 0, "axis": "y", "origin": [5.75, 9.25, 10]},
			"faces": {
				"north": {"uv": [6.25, 10.75, 6.5, 13.5], "texture": "#0"},
				"east": {"uv": [6.25, 10.75, 6.5, 13.5], "texture": "#0"},
				"south": {"uv": [6.25, 10.75, 6.5, 13.5], "texture": "#0"},
				"west": {"uv": [6.25, 10.75, 6.5, 13.5], "texture": "#0"},
				"up": {"uv": [1.75, 11.5, 1.5, 11.25], "rotation": 90, "texture": "#0"},
				"down": {"uv": [2, 11.25, 1.75, 11.5], "rotation": 270, "texture": "#0"}
			}
		},
		{
			"from": [-4.25, 11, 2.25],
			"to": [15.75, 14, 14.25],
			"rotation": {"angle": 0, "axis": "y", "origin": [5.75, 9.25, 10]},
			"faces": {
				"north": {"uv": [9, 9.75, 14, 10.5], "texture": "#0"},
				"east": {"uv": [5, 10, 8, 10.75], "texture": "#0"},
				"south": {"uv": [9, 9, 14, 9.75], "texture": "#0"},
				"west": {"uv": [8, 10, 5, 10.75], "texture": "#0"},
				"up": {"uv": [3, 10, 0, 5], "rotation": 90, "texture": "#0"},
				"down": {"uv": [6, 5, 3, 10], "rotation": 270, "texture": "#0"}
			}
		},
		{
			"from": [9.75, 12, 1.75],
			"to": [10.75, 13, 2.25],
			"rotation": {"angle": 0, "axis": "y", "origin": [5.75, 9.25, 10]},
			"faces": {
				"north": {"uv": [8.75, 10.25, 9, 10.5], "texture": "#0"},
				"east": {"uv": [4.5, 11.25, 4.625, 11.5], "texture": "#0"},
				"south": {"uv": [8.5, 10.25, 8.75, 10.5], "texture": "#0"},
				"west": {"uv": [4.75, 11.25, 4.875, 11.5], "texture": "#0"},
				"up": {"uv": [8.125, 11.5, 8, 11.25], "rotation": 90, "texture": "#0"},
				"down": {"uv": [8.375, 11.25, 8.25, 11.5], "rotation": 270, "texture": "#0"}
			}
		},
		{
			"from": [-4.25, 16, 2.25],
			"to": [15.75, 16, 14.25],
			"rotation": {"angle": 0, "axis": "y", "origin": [5.75, 9.25, 10]},
			"faces": {
				"north": {"uv": [0, 0, 5, 0], "texture": "#0"},
				"east": {"uv": [0, 0, 3, 0], "texture": "#0"},
				"south": {"uv": [0, 0, 5, 0], "texture": "#0"},
				"west": {"uv": [0, 0, 3, 0], "texture": "#0"},
				"up": {"uv": [15, 9, 12, 4], "rotation": 90, "texture": "#0"},
				"down": {"uv": [15, 9, 12, 4], "rotation": 270, "texture": "#0"}
			}
		},
		{
			"from": [0.75, 12, 1.75],
			"to": [1.75, 13, 2.25],
			"rotation": {"angle": 0, "axis": "y", "origin": [5.75, 9.25, 10]},
			"faces": {
				"north": {"uv": [8.75, 10.25, 9, 10.5], "texture": "#0"},
				"east": {"uv": [4.5, 11.25, 4.625, 11.5], "texture": "#0"},
				"south": {"uv": [8.5, 10.25, 8.75, 10.5], "texture": "#0"},
				"west": {"uv": [4.75, 11.25, 4.875, 11.5], "texture": "#0"},
				"up": {"uv": [8.125, 11.5, 8, 11.25], "rotation": 90, "texture": "#0"},
				"down": {"uv": [8.375, 11.25, 8.25, 11.5], "rotation": 270, "texture": "#0"}
			}
		},
		{
			"from": [-4.25, 16, 2.25],
			"to": [15.75, 16, 14.25],
			"rotation": {"angle": 0, "axis": "y", "origin": [5.75, 9.25, 10]},
			"faces": {
				"north": {"uv": [9, 9.75, 14, 10.5], "texture": "#0"},
				"east": {"uv": [5, 10, 8, 10.75], "texture": "#0"},
				"south": {"uv": [9, 9, 14, 9.75], "texture": "#0"},
				"west": {"uv": [5, 10, 8, 10.75], "texture": "#0"},
				"up": {"uv": [15, 9, 12, 4], "rotation": 90, "texture": "#0"},
				"down": {"uv": [15, 9, 12, 4], "rotation": 270, "texture": "#0"}
			}
		},
		{
			"from": [-3.25, 0, 3.25],
			"to": [-2.25, 11, 4.25],
			"rotation": {"angle": 0, "axis": "y", "origin": [5.75, 9.25, 10]},
			"faces": {
				"north": {"uv": [6.25, 10.75, 6.5, 13.5], "texture": "#0"},
				"east": {"uv": [6.25, 10.75, 6.5, 13.5], "texture": "#0"},
				"south": {"uv": [6.25, 10.75, 6.5, 13.5], "texture": "#0"},
				"west": {"uv": [6.25, 10.75, 6.5, 13.5], "texture": "#0"},
				"up": {"uv": [1.75, 11.5, 1.5, 11.25], "rotation": 90, "texture": "#0"},
				"down": {"uv": [2, 11.25, 1.75, 11.5], "rotation": 270, "texture": "#0"}
			}
		},
		{
			"from": [-3.25, 0, 12.25],
			"to": [-2.25, 11, 13.25],
			"rotation": {"angle": 0, "axis": "y", "origin": [5.75, 9.25, 10]},
			"faces": {
				"north": {"uv": [6.25, 10.75, 6.5, 13.5], "texture": "#0"},
				"east": {"uv": [6.25, 10.75, 6.5, 13.5], "texture": "#0"},
				"south": {"uv": [6.25, 10.75, 6.5, 13.5], "texture": "#0"},
				"west": {"uv": [6.25, 10.75, 6.5, 13.5], "texture": "#0"},
				"up": {"uv": [1.75, 11.5, 1.5, 11.25], "rotation": 90, "texture": "#0"},
				"down": {"uv": [2, 11.25, 1.75, 11.5], "rotation": 270, "texture": "#0"}
			}
		},
		{
			"from": [13.75, 0, 12.25],
			"to": [14.75, 11, 13.25],
			"rotation": {"angle": 0, "axis": "y", "origin": [5.75, 9.25, 10]},
			"faces": {
				"north": {"uv": [6.25, 10.75, 6.5, 13.5], "texture": "#0"},
				"east": {"uv": [6.25, 10.75, 6.5, 13.5], "texture": "#0"},
				"south": {"uv": [6.25, 10.75, 6.5, 13.5], "texture": "#0"},
				"west": {"uv": [6.25, 10.75, 6.5, 13.5], "texture": "#0"},
				"up": {"uv": [1.75, 11.5, 1.5, 11.25], "rotation": 90, "texture": "#0"},
				"down": {"uv": [2, 11.25, 1.75, 11.5], "rotation": 270, "texture": "#0"}
			}
		}
	],
	"gui_light": "front",
	"display": {
		"thirdperson_righthand": {
			"rotation": [-175.4, 9.43, 176.56],
			"translation": [-1.5, 0, 0.5],
			"scale": [0.26, 0.26, 0.26]
		},
		"thirdperson_lefthand": {
			"rotation": [-175.4, 9.43, 176.56],
			"translation": [-1.5, 0, 0.5],
			"scale": [0.26, 0.26, 0.26]
		},
		"firstperson_righthand": {
			"rotation": [-175.4, 9.43, 176.56],
			"translation": [-1.5, 0, 0.5],
			"scale": [0.26, 0.26, 0.26]
		},
		"firstperson_lefthand": {
			"rotation": [-175.4, 9.43, 176.56],
			"translation": [-1.5, 0, 0.5],
			"scale": [0.26, 0.26, 0.26]
		},
		"ground": {
			"rotation": [-175.4, 9.43, 176.56],
			"translation": [-1.5, 0, 0.5],
			"scale": [0.26, 0.26, 0.26]
		},
		"gui": {
			"rotation": [-146.25, 46, -180],
			"translation": [-1, -0.75, 0],
			"scale": [0.48, 0.48, 0.48]
		},
		"head": {
			"rotation": [-180, 0, -180],
			"translation": [-3.75, -30.75, 0],
			"scale": [1.605, 1.605, 1.605]
		},
		"fixed": {
			"translation": [1, 0, 0],
			"scale": [0.8, 0.8, 0.8]
		}
	},
	"groups": [
		{
			"name": "group",
			"origin": [0, 0, 0],
			"color": 0,
			"children": [0, 1, 2, 3, 4, 5, 6, 7, 8, 9, 10, 11, 12, 13]
		}
	]
}