{
  "credit": "MadewithBlockbench",
  "texture_size": [
    64,
    64
  ],
  "textures": {
    "0": "elitecreatures:dungeon_decoration_v1/dungeon_chest_open",
    "particle": "elitecreatures:dungeon_decoration_v1/dungeon_chest_open"
  },
  "elements": [
    {
      "from": [
        -13,
        0,
        1
      ],
      "to": [
        13,
        2,
        15
      ],
      "faces": {
        "north": {
          "uv": [
            7,
            10,
            13.5,
            10.5
          ],
          "texture": "#0"
        },
        "east": {
          "uv": [
            0,
            10.5,
            3.5,
            11
          ],
          "texture": "#0"
        },
        "south": {
          "uv": [
            7,
            10,
            13.5,
            10.5
          ],
          "texture": "#0"
        },
        "west": {
          "uv": [
            0,
            10.5,
            3.5,
            11
          ],
          "texture": "#0"
        },
        "up": {
          "uv": [
            6.5,
            3.5,
            0,
            0
          ],
          "texture": "#0"
        },
        "down": {
          "uv": [
            6.5,
            3.5,
            0,
            0
          ],
          "texture": "#0"
        }
      }
    },
    {
      "from": [
        12,
        7,
        2
      ],
      "to": [
        14,
        9,
        14
      ],
      "faces": {
        "north": {
          "uv": [
            3,
            11,
            3.5,
            11.5
          ],
          "texture": "#0"
        },
        "east": {
          "uv": [
            3.5,
            10.5,
            6.5,
            11
          ],
          "texture": "#0"
        },
        "south": {
          "uv": [
            3.5,
            11,
            4,
            11.5
          ],
          "texture": "#0"
        },
        "west": {
          "uv": [
            6.5,
            10.5,
            9.5,
            11
          ],
          "texture": "#0"
        },
        "up": {
          "uv": [
            10,
            13.5,
            9.5,
            10.5
          ],
          "texture": "#0"
        },
        "down": {
          "uv": [
            10.5,
            10.5,
            10,
            13.5
          ],
          "texture": "#0"
        }
      }
    },
    {
      "from": [
        -14,
        7,
        2
      ],
      "to": [
        -12,
        9,
        14
      ],
      "rotation": {
        "angle": 0,
        "axis": "y",
        "origin": [
          16,
          0,
          0
        ]
      },
      "faces": {
        "north": {
          "uv": [
            3.5,
            11,
            3,
            11.5
          ],
          "texture": "#0"
        },
        "east": {
          "uv": [
            9.5,
            10.5,
            6.5,
            11
          ],
          "texture": "#0"
        },
        "south": {
          "uv": [
            4,
            11,
            3.5,
            11.5
          ],
          "texture": "#0"
        },
        "west": {
          "uv": [
            6.5,
            10.5,
            3.5,
            11
          ],
          "texture": "#0"
        },
        "up": {
          "uv": [
            9.5,
            13.5,
            10,
            10.5
          ],
          "texture": "#0"
        },
        "down": {
          "uv": [
            10,
            10.5,
            10.5,
            13.5
          ],
          "texture": "#0"
        }
      }
    },
    {
      "from": [
        -14,
        7,
        0
      ],
      "to": [
        14,
        9,
        2
      ],
      "faces": {
        "north": {
          "uv": [
            6.5,
            9,
            13.5,
            9.5
          ],
          "texture": "#0"
        },
        "east": {
          "uv": [
            4,
            11,
            4.5,
            11.5
          ],
          "texture": "#0"
        },
        "south": {
          "uv": [
            0,
            9.5,
            7,
            10
          ],
          "texture": "#0"
        },
        "west": {
          "uv": [
            4.5,
            11,
            5,
            11.5
          ],
          "texture": "#0"
        },
        "up": {
          "uv": [
            14,
            10,
            7,
            9.5
          ],
          "texture": "#0"
        },
        "down": {
          "uv": [
            7,
            10,
            0,
            10.5
          ],
          "texture": "#0"
        }
      }
    },
    {
      "from": [
        -14,
        7,
        14
      ],
      "to": [
        14,
        9,
        16
      ],
      "rotation": {
        "angle": 0,
        "axis": "y",
        "origin": [
          0,
          0,
          16
        ]
      },
      "faces": {
        "north": {
          "uv": [
            7,
            9.5,
            0,
            10
          ],
          "texture": "#0"
        },
        "east": {
          "uv": [
            4.5,
            11,
            4,
            11.5
          ],
          "texture": "#0"
        },
        "south": {
          "uv": [
            13.5,
            9,
            6.5,
            9.5
          ],
          "texture": "#0"
        },
        "west": {
          "uv": [
            5,
            11,
            4.5,
            11.5
          ],
          "texture": "#0"
        },
        "up": {
          "uv": [
            14,
            9.5,
            7,
            10
          ],
          "texture": "#0"
        },
        "down": {
          "uv": [
            7,
            10.5,
            0,
            10
          ],
          "texture": "#0"
        }
      }
    },
    {
      "from": [
        -2,
        6,
        -1
      ],
      "to": [
        2,
        11,
        1
      ],
      "rotation": {
        "angle": 45,
        "axis": "x",
        "origin": [
          13,
          9,
          15
        ]
      },
      "faces": {
        "north": {
          "uv": [
            10.5,
            10.5,
            11.5,
            11.75
          ],
          "texture": "#0"
        },
        "east": {
          "uv": [
            0,
            11,
            0.5,
            12.25
          ],
          "texture": "#0"
        },
        "south": {
          "uv": [
            10.5,
            10.5,
            11.5,
            11.75
          ],
          "texture": "#0"
        },
        "west": {
          "uv": [
            0,
            11,
            0.5,
            12.25
          ],
          "texture": "#0"
        },
        "up": {
          "uv": [
            2.5,
            11.5,
            1.5,
            11
          ],
          "texture": "#0"
        },
        "down": {
          "uv": [
            2.5,
            11.5,
            1.5,
            11
          ],
          "texture": "#0"
        }
      }
    },
    {
      "from": [
        -13,
        9,
        1
      ],
      "to": [
        13,
        14,
        15
      ],
      "rotation": {
        "angle": 45,
        "axis": "x",
        "origin": [
          13,
          9,
          15
        ]
      },
      "faces": {
        "north": {
          "uv": [
            6.5,
            6.5,
            13,
            7.75
          ],
          "texture": "#0"
        },
        "east": {
          "uv": [
            3.5,
            8.25,
            0,
            9.5
          ],
          "texture": "#0"
        },
        "south": {
          "uv": [
            0,
            7,
            6.5,
            8.25
          ],
          "texture": "#0"
        },
        "west": {
          "uv": [
            0,
            8.25,
            3.5,
            9.5
          ],
          "texture": "#0"
        },
        "up": {
          "uv": [
            6.5,
            7,
            0,
            3.5
          ],
          "texture": "#0"
        },
        "down": {
          "uv": [
            13,
            0,
            6.5,
            3.5
          ],
          "texture": "#0"
        }
      }
    },
    {
      "from": [
        -12,
        2,
        2
      ],
      "to": [
        12,
        7.1,
        14
      ],
      "faces": {
        "north": {
          "uv": [
            0,
            14.725,
            6,
            16
          ],
          "texture": "#0"
        },
        "east": {
          "uv": [
            6.125,
            14.725,
            9.125,
            16
          ],
          "texture": "#0"
        },
        "south": {
          "uv": [
            0,
            14.725,
            6,
            16
          ],
          "texture": "#0"
        },
        "west": {
          "uv": [
            6.125,
            14.725,
            9.125,
            16
          ],
          "texture": "#0"
        },
        "up": {
          "uv": [
            12.5,
            6.5,
            6.5,
            3.5
          ],
          "texture": "#0"
        },
        "down": {
          "uv": [
            12.5,
            6.5,
            6.5,
            3.5
          ],
          "texture": "#0"
        }
      }
    },
    {
      "from": [
        11,
        2,
        1
      ],
      "to": [
        13,
        7,
        3
      ],
      "faces": {
        "north": {
          "uv": [
            0.5,
            11,
            1,
            12.25
          ],
          "texture": "#0"
        },
        "east": {
          "uv": [
            1,
            11,
            1.5,
            12.25
          ],
          "texture": "#0"
        },
        "south": {
          "uv": [
            0.5,
            11,
            1,
            12.25
          ],
          "texture": "#0"
        },
        "west": {
          "uv": [
            1,
            11,
            1.5,
            12.25
          ],
          "texture": "#0"
        },
        "up": {
          "uv": [
            3,
            11.5,
            2.5,
            11
          ],
          "texture": "#0"
        },
        "down": {
          "uv": [
            3,
            11.5,
            2.5,
            11
          ],
          "texture": "#0"
        }
      }
    },
    {
      "from": [
        11,
        2,
        13
      ],
      "to": [
        13,
        7,
        15
      ],
      "rotation": {
        "angle": 0,
        "axis": "y",
        "origin": [
          0,
          0,
          16
        ]
      },
      "faces": {
        "north": {
          "uv": [
            1,
            11,
            0.5,
            12.25
          ],
          "texture": "#0"
        },
        "east": {
          "uv": [
            1.5,
            11,
            1,
            12.25
          ],
          "texture": "#0"
        },
        "south": {
          "uv": [
            1,
            11,
            0.5,
            12.25
          ],
          "texture": "#0"
        },
        "west": {
          "uv": [
            1.5,
            11,
            1,
            12.25
          ],
          "texture": "#0"
        },
        "up": {
          "uv": [
            3,
            11,
            2.5,
            11.5
          ],
          "texture": "#0"
        },
        "down": {
          "uv": [
            3,
            11,
            2.5,
            11.5
          ],
          "texture": "#0"
        }
      }
    },
    {
      "from": [
        -13,
        2,
        13
      ],
      "to": [
        -11,
        7,
        15
      ],
      "rotation": {
        "angle": 0,
        "axis": "y",
        "origin": [
          16,
          0,
          16
        ]
      },
      "faces": {
        "north": {
          "uv": [
            0.5,
            11,
            1,
            12.25
          ],
          "texture": "#0"
        },
        "east": {
          "uv": [
            1,
            11,
            1.5,
            12.25
          ],
          "texture": "#0"
        },
        "south": {
          "uv": [
            0.5,
            11,
            1,
            12.25
          ],
          "texture": "#0"
        },
        "west": {
          "uv": [
            1,
            11,
            1.5,
            12.25
          ],
          "texture": "#0"
        },
        "up": {
          "uv": [
            2.5,
            11,
            3,
            11.5
          ],
          "texture": "#0"
        },
        "down": {
          "uv": [
            2.5,
            11,
            3,
            11.5
          ],
          "texture": "#0"
        }
      }
    },
    {
      "from": [
        -13,
        2,
        1
      ],
      "to": [
        -11,
        7,
        3
      ],
      "rotation": {
        "angle": 0,
        "axis": "y",
        "origin": [
          16,
          0,
          0
        ]
      },
      "faces": {
        "north": {
          "uv": [
            1,
            11,
            0.5,
            12.25
          ],
          "texture": "#0"
        },
        "east": {
          "uv": [
            1.5,
            11,
            1,
            12.25
          ],
          "texture": "#0"
        },
        "south": {
          "uv": [
            1,
            11,
            0.5,
            12.25
          ],
          "texture": "#0"
        },
        "west": {
          "uv": [
            1.5,
            11,
            1,
            12.25
          ],
          "texture": "#0"
        },
        "up": {
          "uv": [
            2.5,
            11.5,
            3,
            11
          ],
          "texture": "#0"
        },
        "down": {
          "uv": [
            2.5,
            11.5,
            3,
            11
          ],
          "texture": "#0"
        }
      }
    },
    {
      "from": [
        8,
        7,
        10
      ],
      "to": [
        10,
        7.5,
        12
      ],
      "faces": {
        "north": {
          "uv": [
            6,
            11,
            6.5,
            11.125
          ],
          "texture": "#0"
        },
        "east": {
          "uv": [
            6,
            11,
            6.5,
            11.125
          ],
          "texture": "#0"
        },
        "south": {
          "uv": [
            6,
            11,
            6.5,
            11.125
          ],
          "texture": "#0"
        },
        "west": {
          "uv": [
            6,
            11,
            6.5,
            11.125
          ],
          "texture": "#0"
        },
        "up": {
          "uv": [
            5.5,
            11.5,
            5,
            11
          ],
          "texture": "#0"
        },
        "down": {
          "uv": [
            5.5,
            11.5,
            5,
            11
          ],
          "texture": "#0"
        }
      }
    },
    {
      "from": [
        5,
        7,
        9
      ],
      "to": [
        7,
        7.5,
        11
      ],
      "faces": {
        "north": {
          "uv": [
            6,
            11,
            6.5,
            11.125
          ],
          "texture": "#0"
        },
        "east": {
          "uv": [
            6,
            11,
            6.5,
            11.125
          ],
          "texture": "#0"
        },
        "south": {
          "uv": [
            6,
            11,
            6.5,
            11.125
          ],
          "texture": "#0"
        },
        "west": {
          "uv": [
            6,
            11,
            6.5,
            11.125
          ],
          "texture": "#0"
        },
        "up": {
          "uv": [
            5.5,
            11.5,
            5,
            11
          ],
          "texture": "#0"
        },
        "down": {
          "uv": [
            5.5,
            11.5,
            5,
            11
          ],
          "texture": "#0"
        }
      }
    },
    {
      "from": [
        -10,
        7,
        5
      ],
      "to": [
        -8,
        7.5,
        7
      ],
      "faces": {
        "north": {
          "uv": [
            6,
            11,
            6.5,
            11.125
          ],
          "texture": "#0"
        },
        "east": {
          "uv": [
            6,
            11,
            6.5,
            11.125
          ],
          "texture": "#0"
        },
        "south": {
          "uv": [
            6,
            11,
            6.5,
            11.125
          ],
          "texture": "#0"
        },
        "west": {
          "uv": [
            6,
            11,
            6.5,
            11.125
          ],
          "texture": "#0"
        },
        "up": {
          "uv": [
            5.5,
            11.5,
            5,
            11
          ],
          "texture": "#0"
        },
        "down": {
          "uv": [
            5.5,
            11.5,
            5,
            11
          ],
          "texture": "#0"
        }
      }
    },
    {
      "from": [
        -11,
        7,
        10
      ],
      "to": [
        -9,
        7.5,
        12
      ],
      "faces": {
        "north": {
          "uv": [
            6,
            11,
            6.5,
            11.125
          ],
          "texture": "#0"
        },
        "east": {
          "uv": [
            6,
            11,
            6.5,
            11.125
          ],
          "texture": "#0"
        },
        "south": {
          "uv": [
            6,
            11,
            6.5,
            11.125
          ],
          "texture": "#0"
        },
        "west": {
          "uv": [
            6,
            11,
            6.5,
            11.125
          ],
          "texture": "#0"
        },
        "up": {
          "uv": [
            5.5,
            11.5,
            5,
            11
          ],
          "texture": "#0"
        },
        "down": {
          "uv": [
            5.5,
            11.5,
            5,
            11
          ],
          "texture": "#0"
        }
      }
    },
    {
      "from": [
        8,
        7,
        7
      ],
      "to": [
        9,
        7.5,
        8
      ],
      "faces": {
        "north": {
          "uv": [
            8.5,
            11,
            8.75,
            11.125
          ],
          "texture": "#0"
        },
        "east": {
          "uv": [
            8.5,
            11,
            8.75,
            11.125
          ],
          "texture": "#0"
        },
        "south": {
          "uv": [
            8.5,
            11,
            8.75,
            11.125
          ],
          "texture": "#0"
        },
        "west": {
          "uv": [
            8.5,
            11,
            8.75,
            11.125
          ],
          "texture": "#0"
        },
        "up": {
          "uv": [
            8.25,
            11.25,
            8,
            11
          ],
          "texture": "#0"
        },
        "down": {
          "uv": [
            8.25,
            11.25,
            8,
            11
          ],
          "texture": "#0"
        }
      }
    },
    {
      "from": [
        -7,
        7,
        8
      ],
      "to": [
        -6,
        7.5,
        9
      ],
      "faces": {
        "north": {
          "uv": [
            8.5,
            11,
            8.75,
            11.125
          ],
          "texture": "#0"
        },
        "east": {
          "uv": [
            8.5,
            11,
            8.75,
            11.125
          ],
          "texture": "#0"
        },
        "south": {
          "uv": [
            8.5,
            11,
            8.75,
            11.125
          ],
          "texture": "#0"
        },
        "west": {
          "uv": [
            8.5,
            11,
            8.75,
            11.125
          ],
          "texture": "#0"
        },
        "up": {
          "uv": [
            8.25,
            11.25,
            8,
            11
          ],
          "texture": "#0"
        },
        "down": {
          "uv": [
            8.25,
            11.25,
            8,
            11
          ],
          "texture": "#0"
        }
      }
    },
    {
      "from": [
        6,
        7,
        -0.6
      ],
      "to": [
        7.5,
        8.5,
        -0.1
      ],
      "faces": {
        "north": {
          "uv": [
            15.625,
            14.5,
            16,
            14.875
          ],
          "texture": "#0"
        },
        "east": {
          "uv": [
            15.5,
            14.5,
            15.625,
            14.875
          ],
          "texture": "#0"
        },
        "south": {
          "uv": [
            15.625,
            14.5,
            16,
            14.875
          ],
          "texture": "#0"
        },
        "west": {
          "uv": [
            15.5,
            14.5,
            15.625,
            14.875
          ],
          "texture": "#0"
        },
        "up": {
          "uv": [
            16,
            14.5,
            15.625,
            14.625
          ],
          "texture": "#0"
        },
        "down": {
          "uv": [
            15.625,
            14.375,
            16,
            14.5
          ],
          "texture": "#0"
        }
      }
    },
    {
      "from": [
        4,
        3.5,
        -0.1
      ],
      "to": [
        9.5,
        8,
        -0.1
      ],
      "faces": {
        "north": {
          "uv": [
            14.625,
            14.875,
            16,
            16
          ],
          "texture": "#0"
        },
        "south": {
          "uv": [
            14.625,
            14.875,
            16,
            16
          ],
          "texture": "#0"
        }
      }
    },
    {
      "from": [
        -7.5,
        7,
        -0.6
      ],
      "to": [
        -6,
        8.5,
        -0.1
      ],
      "rotation": {
        "angle": 0,
        "axis": "y",
        "origin": [
          16,
          0,
          0
        ]
      },
      "faces": {
        "north": {
          "uv": [
            16,
            14.5,
            15.625,
            14.875
          ],
          "texture": "#0"
        },
        "east": {
          "uv": [
            15.625,
            14.5,
            15.5,
            14.875
          ],
          "texture": "#0"
        },
        "south": {
          "uv": [
            16,
            14.5,
            15.625,
            14.875
          ],
          "texture": "#0"
        },
        "west": {
          "uv": [
            15.625,
            14.5,
            15.5,
            14.875
          ],
          "texture": "#0"
        },
        "up": {
          "uv": [
            16,
            14.5,
            15.625,
            14.625
          ],
          "texture": "#0"
        },
        "down": {
          "uv": [
            16,
            14.375,
            15.625,
            14.5
          ],
          "texture": "#0"
        }
      }
    },
    {
      "from": [
        -9.5,
        3.5,
        -0.1
      ],
      "to": [
        -4,
        8,
        -0.1
      ],
      "rotation": {
        "angle": 0,
        "axis": "y",
        "origin": [
          16,
          0,
          0
        ]
      },
      "faces": {
        "north": {
          "uv": [
            16,
            14.875,
            14.625,
            16
          ],
          "texture": "#0"
        },
        "south": {
          "uv": [
            16,
            14.875,
            14.625,
            16
          ],
          "texture": "#0"
        }
      }
    },
    {
      "from": [
        -7.5,
        7,
        16.1
      ],
      "to": [
        -6,
        8.5,
        16.6
      ],
      "rotation": {
        "angle": 0,
        "axis": "y",
        "origin": [
          16,
          0,
          16
        ]
      },
      "faces": {
        "north": {
          "uv": [
            15.625,
            14.5,
            16,
            14.875
          ],
          "texture": "#0"
        },
        "east": {
          "uv": [
            15.5,
            14.5,
            15.625,
            14.875
          ],
          "texture": "#0"
        },
        "south": {
          "uv": [
            15.625,
            14.5,
            16,
            14.875
          ],
          "texture": "#0"
        },
        "west": {
          "uv": [
            15.5,
            14.5,
            15.625,
            14.875
          ],
          "texture": "#0"
        },
        "up": {
          "uv": [
            16,
            14.5,
            15.625,
            14.375
          ],
          "texture": "#0"
        },
        "down": {
          "uv": [
            16,
            14.5,
            15.625,
            14.375
          ],
          "texture": "#0"
        }
      }
    },
    {
      "from": [
        -9.5,
        3.5,
        16.1
      ],
      "to": [
        -4,
        8,
        16.1
      ],
      "rotation": {
        "angle": 0,
        "axis": "y",
        "origin": [
          16,
          0,
          16
        ]
      },
      "faces": {
        "north": {
          "uv": [
            14.625,
            14.875,
            16,
            16
          ],
          "texture": "#0"
        },
        "south": {
          "uv": [
            14.625,
            14.875,
            16,
            16
          ],
          "texture": "#0"
        }
      }
    },
    {
      "from": [
        4,
        3.5,
        16.1
      ],
      "to": [
        9.5,
        8,
        16.1
      ],
      "rotation": {
        "angle": 0,
        "axis": "y",
        "origin": [
          0,
          0,
          16
        ]
      },
      "faces": {
        "north": {
          "uv": [
            16,
            14.875,
            14.625,
            16
          ],
          "texture": "#0"
        },
        "south": {
          "uv": [
            16,
            14.875,
            14.625,
            16
          ],
          "texture": "#0"
        }
      }
    },
    {
      "from": [
        6,
        7,
        16.1
      ],
      "to": [
        7.5,
        8.5,
        16.6
      ],
      "rotation": {
        "angle": 0,
        "axis": "y",
        "origin": [
          0,
          0,
          16
        ]
      },
      "faces": {
        "north": {
          "uv": [
            16,
            14.5,
            15.625,
            14.875
          ],
          "texture": "#0"
        },
        "east": {
          "uv": [
            15.625,
            14.5,
            15.5,
            14.875
          ],
          "texture": "#0"
        },
        "south": {
          "uv": [
            16,
            14.5,
            15.625,
            14.875
          ],
          "texture": "#0"
        },
        "west": {
          "uv": [
            15.625,
            14.5,
            15.5,
            14.875
          ],
          "texture": "#0"
        },
        "up": {
          "uv": [
            15.625,
            14.5,
            16,
            14.375
          ],
          "texture": "#0"
        },
        "down": {
          "uv": [
            15.625,
            14.5,
            16,
            14.375
          ],
          "texture": "#0"
        }
      }
    },
    {
      "from": [
        -12,
        7,
        6.9
      ],
      "to": [
        -11,
        8.1,
        8.1
      ],
      "rotation": {
        "angle": 22.5,
        "axis": "y",
        "origin": [
          0,
          0,
          0
        ]
      },
      "faces": {
        "north": {
          "uv": [
            15.125,
            8.25,
            15.375,
            8.525
          ],
          "texture": "#0"
        },
        "east": {
          "uv": [
            14.375,
            8.25,
            14.675,
            8.525
          ],
          "texture": "#0"
        },
        "south": {
          "uv": [
            15.125,
            8.25,
            15.375,
            8.525
          ],
          "texture": "#0"
        },
        "west": {
          "uv": [
            14.375,
            8.25,
            14.675,
            8.525
          ],
          "texture": "#0"
        },
        "up": {
          "uv": [
            14.75,
            8.25,
            15,
            8.55
          ],
          "texture": "#0"
        },
        "down": {
          "uv": [
            14.75,
            8.25,
            15,
            8.55
          ],
          "texture": "#0"
        }
      }
    },
    {
      "from": [
        -5,
        7,
        6
      ],
      "to": [
        2,
        8,
        9
      ],
      "rotation": {
        "angle": 22.5,
        "axis": "y",
        "origin": [
          0,
          0,
          0
        ]
      },
      "faces": {
        "north": {
          "uv": [
            14.25,
            9.875,
            16,
            10.125
          ],
          "texture": "#0"
        },
        "east": {
          "uv": [
            15.25,
            9.5,
            16,
            9.75
          ],
          "texture": "#0"
        },
        "south": {
          "uv": [
            14.25,
            9.875,
            16,
            10.125
          ],
          "texture": "#0"
        },
        "west": {
          "uv": [
            15.25,
            9.5,
            16,
            9.75
          ],
          "texture": "#0"
        },
        "up": {
          "uv": [
            14.25,
            10.25,
            16,
            11
          ],
          "texture": "#0"
        },
        "down": {
          "uv": [
            14.25,
            10.25,
            16,
            11
          ],
          "texture": "#0"
        }
      }
    },
    {
      "from": [
        6.3,
        7,
        5.9
      ],
      "to": [
        8.4,
        7.9,
        8
      ],
      "rotation": {
        "angle": -22.5,
        "axis": "y",
        "origin": [
          8,
          0,
          0
        ]
      },
      "faces": {
        "north": {
          "uv": [
            14.875,
            11.125,
            15.4,
            11.35
          ],
          "texture": "#0"
        },
        "east": {
          "uv": [
            14.875,
            11.125,
            15.4,
            11.35
          ],
          "texture": "#0"
        },
        "south": {
          "uv": [
            14.875,
            11.125,
            15.4,
            11.35
          ],
          "texture": "#0"
        },
        "west": {
          "uv": [
            14.875,
            11.125,
            15.4,
            11.35
          ],
          "texture": "#0"
        },
        "up": {
          "uv": [
            15.475,
            11.125,
            16,
            11.65
          ],
          "texture": "#0"
        },
        "down": {
          "uv": [
            15.475,
            11.125,
            16,
            11.65
          ],
          "texture": "#0"
        }
      }
    },
    {
      "from": [
        -7,
        7,
        5
      ],
      "to": [
        -5,
        8.5,
        10
      ],
      "rotation": {
        "angle": 22.5,
        "axis": "y",
        "origin": [
          0,
          0,
          0
        ]
      },
      "faces": {
        "north": {
          "uv": [
            15.5,
            7.625,
            16,
            8
          ],
          "texture": "#0"
        },
        "east": {
          "uv": [
            14.125,
            9,
            15.375,
            9.375
          ],
          "texture": "#0"
        },
        "south": {
          "uv": [
            15.5,
            7.625,
            16,
            8
          ],
          "texture": "#0"
        },
        "west": {
          "uv": [
            14.125,
            9,
            15.375,
            9.375
          ],
          "texture": "#0"
        },
        "up": {
          "uv": [
            15.5,
            8.125,
            16,
            9.375
          ],
          "texture": "#0"
        },
        "down": {
          "uv": [
            15.5,
            8.125,
            16,
            9.375
          ],
          "texture": "#0"
        }
      }
    },
    {
      "from": [
        -11,
        7,
        7
      ],
      "to": [
        -7,
        8,
        8
      ],
      "rotation": {
        "angle": 22.5,
        "axis": "y",
        "origin": [
          0,
          0,
          0
        ]
      },
      "faces": {
        "north": {
          "uv": [
            14.375,
            8.625,
            15.375,
            8.875
          ],
          "texture": "#0"
        },
        "south": {
          "uv": [
            14.375,
            8.625,
            15.375,
            8.875
          ],
          "texture": "#0"
        },
        "up": {
          "uv": [
            14.375,
            8.625,
            15.375,
            8.875
          ],
          "texture": "#0"
        },
        "down": {
          "uv": [
            14.375,
            8.625,
            15.375,
            8.875
          ],
          "texture": "#0"
        }
      }
    }
  ],
  "gui_light": "front",
  "display": {
    "thirdperson_righthand": {
      "translation": [
        1.75,
        1,
        2
      ],
      "scale": [
        0.2,
        0.2,
        0.2
      ]
    },
    "thirdperson_lefthand": {
      "translation": [
        -1.5,
        1,
        2
      ],
      "scale": [
        0.2,
        0.2,
        0.2
      ]
    },
    "firstperson_righthand": {
      "rotation": [
        0,
        180,
        0
      ],
      "translation": [
        -3.5,
        3.25,
        0
      ],
      "scale": [
        0.38,
        0.38,
        0.38
      ]
    },
    "firstperson_lefthand": {
      "rotation": [
        0,
        180,
        0
      ],
      "translation": [
        1.5,
        3.25,
        0
      ],
      "scale": [
        0.38,
        0.38,
        0.38
      ]
    },
    "ground": {
      "translation": [
        4.75,
        2,
        0
      ],
      "scale": [
        0.5,
        0.5,
        0.5
      ]
    },
    "gui": {
      "rotation": [
        30,
        225,
        0
      ],
      "translation": [
        -2,
        -1.75,
        0
      ],
      "scale": [
        0.35,
        0.35,
        0.35
      ]
    },
    "head": {
      "rotation": [
        0,
        180,
        0
      ],
      "translation": [
        -12.75,
        -30.25,
        0
      ],
      "scale": [
        1.6,
        1.6,
        1.6
      ]
    },
    "fixed": {
      "translation": [
        3,
        0,
        -3
      ],
      "scale": [
        0.45,
        0.45,
        0.45
      ]
    }
  },
  "groups": [
    0,
    1,
    2,
    3,
    4,
    5,
    6,
    7,
    8,
    9,
    10,
    11,
    12,
    13,
    14,
    15,
    16,
    17,
    18,
    19,
    20,
    21,
    22,
    23,
    24,
    25,
    {
      "name": "group",
      "origin": [
        0,
        0,
        0
      ],
      "color": 0,
      "children": [
        26,
        27,
        28,
        29,
        30
      ]
    }
  ]
}