{
  "credit": "MadewithBlockbench",
  "textures": {
    "0": "elitecreatures:dungeon_decoration_v1/dungeon_torch",
    "1": "elitecreatures:dungeon_decoration_v1/dungeon_torch_fire_animation",
    "particle": "elitecreatures:dungeon_decoration_v1/dungeon_torch"
  },
  "elements": [
    {
      "from": [
        5,
        17,
        15
      ],
      "to": [
        11,
        26,
        16
      ],
      "rotation": {
        "angle": 0,
        "axis": "y",
        "origin": [
          0,
          -2,
          0
        ]
      },
      "faces": {
        "north": {
          "uv": [
            0,
            0,
            6,
            9
          ],
          "texture": "#0"
        },
        "east": {
          "uv": [
            8,
            0,
            9,
            9
          ],
          "texture": "#0"
        },
        "south": {
          "uv": [
            0,
            0,
            6,
            9
          ],
          "texture": "#0"
        },
        "west": {
          "uv": [
            8,
            0,
            9,
            9
          ],
          "texture": "#0"
        },
        "up": {
          "uv": [
            15,
            3,
            9,
            2
          ],
          "texture": "#0"
        },
        "down": {
          "uv": [
            15,
            3,
            9,
            2
          ],
          "texture": "#0"
        }
      }
    },
    {
      "from": [
        7,
        18,
        13
      ],
      "to": [
        9,
        25,
        15
      ],
      "rotation": {
        "angle": -22.5,
        "axis": "x",
        "origin": [
          8,
          19,
          15
        ]
      },
      "faces": {
        "north": {
          "uv": [
            6,
            0,
            8,
            7
          ],
          "texture": "#0"
        },
        "east": {
          "uv": [
            6,
            7,
            8,
            14
          ],
          "texture": "#0"
        },
        "south": {
          "uv": [
            6,
            0,
            8,
            7
          ],
          "texture": "#0"
        },
        "west": {
          "uv": [
            6,
            7,
            8,
            14
          ],
          "texture": "#0"
        },
        "up": {
          "uv": [
            11,
            7,
            9,
            5
          ],
          "texture": "#0"
        },
        "down": {
          "uv": [
            11,
            7,
            9,
            5
          ],
          "texture": "#0"
        }
      }
    },
    {
      "from": [
        9,
        21,
        13
      ],
      "to": [
        10,
        23,
        17
      ],
      "rotation": {
        "angle": -22.5,
        "axis": "x",
        "origin": [
          8,
          19,
          15
        ]
      },
      "faces": {
        "north": {
          "uv": [
            8,
            9,
            9,
            11
          ],
          "texture": "#0"
        },
        "east": {
          "uv": [
            9,
            0,
            13,
            2
          ],
          "texture": "#0"
        },
        "south": {
          "uv": [
            8,
            9,
            9,
            11
          ],
          "texture": "#0"
        },
        "west": {
          "uv": [
            13,
            0,
            9,
            2
          ],
          "texture": "#0"
        },
        "up": {
          "uv": [
            10,
            11,
            9,
            7
          ],
          "texture": "#0"
        },
        "down": {
          "uv": [
            10,
            11,
            9,
            7
          ],
          "texture": "#0"
        }
      }
    },
    {
      "from": [
        6,
        21,
        13
      ],
      "to": [
        7,
        23,
        17
      ],
      "rotation": {
        "angle": -22.5,
        "axis": "x",
        "origin": [
          8,
          19,
          15
        ]
      },
      "faces": {
        "north": {
          "uv": [
            9,
            9,
            8,
            11
          ],
          "texture": "#0"
        },
        "east": {
          "uv": [
            9,
            0,
            13,
            2
          ],
          "texture": "#0"
        },
        "south": {
          "uv": [
            9,
            9,
            8,
            11
          ],
          "texture": "#0"
        },
        "west": {
          "uv": [
            13,
            0,
            9,
            2
          ],
          "texture": "#0"
        },
        "up": {
          "uv": [
            9,
            11,
            10,
            7
          ],
          "texture": "#0"
        },
        "down": {
          "uv": [
            9,
            11,
            10,
            7
          ],
          "texture": "#0"
        }
      }
    },
    {
      "from": [
        6.5,
        24,
        12.5
      ],
      "to": [
        9.5,
        26,
        15.5
      ],
      "rotation": {
        "angle": -22.5,
        "axis": "x",
        "origin": [
          8,
          19,
          15
        ]
      },
      "faces": {
        "north": {
          "uv": [
            3,
            9,
            6,
            11
          ],
          "texture": "#0"
        },
        "east": {
          "uv": [
            9,
            3,
            12,
            5
          ],
          "texture": "#0"
        },
        "south": {
          "uv": [
            3,
            9,
            6,
            11
          ],
          "texture": "#0"
        },
        "west": {
          "uv": [
            9,
            3,
            12,
            5
          ],
          "texture": "#0"
        },
        "up": {
          "uv": [
            3,
            12,
            0,
            9
          ],
          "texture": "#0"
        },
        "down": {
          "uv": [
            3,
            12,
            0,
            9
          ],
          "texture": "#0"
        }
      }
    },
    {
      "from": [
        7,
        26,
        13
      ],
      "to": [
        9,
        27,
        15
      ],
      "rotation": {
        "angle": -22.5,
        "axis": "x",
        "origin": [
          8,
          19,
          15
        ]
      },
      "faces": {
        "north": {
          "uv": [
            10,
            9,
            12,
            10
          ],
          "texture": "#0"
        },
        "east": {
          "uv": [
            10,
            10,
            12,
            11
          ],
          "texture": "#0"
        },
        "south": {
          "uv": [
            10,
            9,
            12,
            10
          ],
          "texture": "#0"
        },
        "west": {
          "uv": [
            10,
            10,
            12,
            11
          ],
          "texture": "#0"
        },
        "up": {
          "uv": [
            12,
            9,
            10,
            7
          ],
          "texture": "#0"
        },
        "down": {
          "uv": [
            12,
            9,
            10,
            7
          ],
          "texture": "#0"
        }
      }
    },
    {
      "from": [
        8,
        27,
        7.5
      ],
      "to": [
        8,
        32,
        12.5
      ],
      "rotation": {
        "angle": -22.5,
        "axis": "x",
        "origin": [
          8,
          29.5,
          14
        ]
      },
      "faces": {
        "east": {
          "uv": [
            16,
            0,
            0,
            16
          ],
          "texture": "#1"
        },
        "west": {
          "uv": [
            0,
            0,
            16,
            16
          ],
          "texture": "#1"
        }
      }
    },
    {
      "from": [
        5.5,
        27,
        10
      ],
      "to": [
        10.5,
        32,
        10
      ],
      "rotation": {
        "angle": -22.5,
        "axis": "x",
        "origin": [
          8,
          29.5,
          14
        ]
      },
      "faces": {
        "north": {
          "uv": [
            0,
            0,
            16,
            16
          ],
          "texture": "#1"
        },
        "south": {
          "uv": [
            16,
            0,
            0,
            16
          ],
          "texture": "#1"
        }
      }
    }
  ],
  "gui_light": "front",
  "display": {
    "thirdperson_righthand": {
      "translation": [
        0,
        -5.5,
        -2.25
      ],
      "scale": [
        0.56,
        0.56,
        0.56
      ]
    },
    "thirdperson_lefthand": {
      "translation": [
        0,
        -5.5,
        -2.25
      ],
      "scale": [
        0.56,
        0.56,
        0.56
      ]
    },
    "firstperson_righthand": {
      "translation": [
        -0.5,
        -1.75,
        0
      ],
      "scale": [
        0.68,
        0.68,
        0.68
      ]
    },
    "firstperson_lefthand": {
      "translation": [
        -0.5,
        -1.75,
        0
      ],
      "scale": [
        0.68,
        0.68,
        0.68
      ]
    },
    "ground": {
      "translation": [
        0,
        -10.25,
        -6
      ]
    },
    "gui": {
      "rotation": [
        30,
        225,
        0
      ],
      "translation": [
        4.75,
        -14.25,
        0
      ],
      "scale": [
        0.99,
        0.99,
        0.99
      ]
    },
    "fixed": {
      "translation": [
        0,
        -21.75,
        -13.75
      ],
      "scale": [
        1.6,
        1.6,
        1.6
      ]
    }
  },
  "groups": [
    0,
    1,
    2,
    3,
    4,
    {
      "name": "group",
      "origin": [
        8,
        19,
        15
      ],
      "color": 0,
      "children": [
        5,
        6,
        7
      ]
    }
  ]
}