{
  "credit": "Made with Blockbench",
  "texture_size": [
    64,
    64
  ],
  "textures": {
    "0": "elitecreatures:nightclub_furniture_v2/nightclub_sofa",
    "particle": "elitecreatures:nightclub_furniture_v2/nightclub_sofa"
  },
  "elements": [
    {
      "from": [
        0,
        4,
        0
      ],
      "to": [
        16,
        8,
        16
      ],
      "faces": {
        "north": {
          "uv": [
            0,
            9,
            4,
            10
          ],
          "texture": "#0"
        },
        "east": {
          "uv": [
            0,
            8,
            4,
            9
          ],
          "texture": "#0"
        },
        "south": {
          "uv": [
            0,
            10,
            4,
            11
          ],
          "texture": "#0"
        },
        "west": {
          "uv": [
            4,
            8,
            0,
            9
          ],
          "texture": "#0"
        },
        "up": {
          "uv": [
            4,
            4,
            0,
            0
          ],
          "texture": "#0"
        },
        "down": {
          "uv": [
            4,
            4,
            0,
            8
          ],
          "texture": "#0"
        }
      }
    },
    {
      "from": [
        0,
        0,
        1
      ],
      "to": [
        16,
        4,
        16
      ],
      "faces": {
        "north": {
          "uv": [
            4,
            3.75,
            8,
            4.75
          ],
          "texture": "#0"
        },
        "east": {
          "uv": [
            4,
            5.75,
            7.75,
            6.75
          ],
          "texture": "#0"
        },
        "south": {
          "uv": [
            4,
            4.75,
            8,
            5.75
          ],
          "texture": "#0"
        },
        "west": {
          "uv": [
            7.75,
            5.75,
            4,
            6.75
          ],
          "texture": "#0"
        },
        "down": {
          "uv": [
            8,
            0,
            4,
            3.75
          ],
          "texture": "#0"
        }
      }
    },
    {
      "from": [
        0,
        8,
        13
      ],
      "to": [
        16,
        15,
        16
      ],
      "faces": {
        "east": {
          "uv": [
            0,
            13.5,
            0.75,
            15.25
          ],
          "texture": "#0"
        },
        "south": {
          "uv": [
            0,
            11,
            4,
            12.75
          ],
          "texture": "#0"
        },
        "west": {
          "uv": [
            0.75,
            13.5,
            0,
            15.25
          ],
          "texture": "#0"
        },
        "up": {
          "uv": [
            4,
            13.5,
            0,
            12.75
          ],
          "texture": "#0"
        }
      }
    },
    {
      "from": [
        0,
        8,
        9
      ],
      "to": [
        16,
        16,
        13
      ],
      "faces": {
        "north": {
          "uv": [
            4,
            6.75,
            8,
            8.75
          ],
          "texture": "#0"
        },
        "east": {
          "uv": [
            4,
            11.75,
            5,
            13.75
          ],
          "texture": "#0"
        },
        "south": {
          "uv": [
            4,
            8.75,
            8,
            10.75
          ],
          "texture": "#0"
        },
        "west": {
          "uv": [
            4,
            11.75,
            5,
            13.75
          ],
          "texture": "#0"
        },
        "up": {
          "uv": [
            8,
            11.75,
            4,
            10.75
          ],
          "texture": "#0"
        }
      }
    }
  ],
  "gui_light": "front",
  "display": {
    "thirdperson_righthand": {
      "rotation": [
        75,
        45,
        0
      ],
      "translation": [
        0,
        1.25,
        0
      ],
      "scale": [
        0.2,
        0.2,
        0.2
      ]
    },
    "thirdperson_lefthand": {
      "rotation": [
        75,
        45,
        0
      ],
      "translation": [
        0,
        1.25,
        0
      ],
      "scale": [
        0.2,
        0.2,
        0.2
      ]
    },
    "firstperson_righthand": {
      "rotation": [
        0,
        45,
        0
      ],
      "scale": [
        0.56,
        0.56,
        0.56
      ]
    },
    "firstperson_lefthand": {
      "rotation": [
        0,
        45,
        0
      ],
      "scale": [
        0.56,
        0.56,
        0.56
      ]
    },
    "ground": {
      "translation": [
        0,
        2,
        0
      ],
      "scale": [
        0.5,
        0.5,
        0.5
      ]
    },
    "gui": {
      "rotation": [
        30,
        -132,
        0
      ],
      "scale": [
        0.45,
        0.45,
        0.45
      ]
    },
    "head": {
      "rotation": [
        0,
        180,
        0
      ],
      "translation": [
        0,
        -30.25,
        0
      ],
      "scale": [
        1.6,
        1.6,
        1.6
      ]
    },
    "fixed": {
      "translation": [
        0,
        0,
        -6.75
      ]
    }
  }
}