{"credit":"Made with Blockbench","textures":{"0":"block/acacia_log","2":"block/fire_coral_block","particle":"block/acacia_log"},"elements":[{"from":[0,0,0],"to":[16,12,2],"faces":{"north":{"uv":[0,0,16,12],"texture":"#0"},"east":{"uv":[0,0,2,12],"texture":"#0"},"south":{"uv":[0,0,16,12],"texture":"#0"},"west":{"uv":[0,0,2,12],"texture":"#0"},"up":{"uv":[0,0,16,2],"texture":"#0"},"down":{"uv":[0,0,16,2],"texture":"#0"}}},{"from":[0,0,14],"to":[16,12,16],"faces":{"north":{"uv":[0,0,16,12],"texture":"#0"},"east":{"uv":[0,0,2,12],"texture":"#0"},"south":{"uv":[0,0,16,12],"texture":"#0"},"west":{"uv":[0,0,2,12],"texture":"#0"},"up":{"uv":[0,0,16,2],"texture":"#0"},"down":{"uv":[0,0,16,2],"texture":"#0"}}},{"from":[14,0,2],"to":[16,12,14],"faces":{"north":{"uv":[0,0,2,12],"texture":"#0"},"east":{"uv":[0,0,12,12],"texture":"#0"},"south":{"uv":[0,0,2,12],"texture":"#0"},"west":{"uv":[0,0,12,12],"texture":"#0"},"up":{"uv":[0,0,2,12],"texture":"#0"},"down":{"uv":[0,0,2,12],"texture":"#0"}}},{"from":[0,0,2],"to":[2,12,14],"faces":{"north":{"uv":[0,0,2,12],"texture":"#0"},"east":{"uv":[0,0,12,12],"texture":"#0"},"south":{"uv":[0,0,2,12],"texture":"#0"},"west":{"uv":[0,0,12,12],"texture":"#0"},"up":{"uv":[0,0,2,12],"texture":"#0"},"down":{"uv":[0,0,2,12],"texture":"#0"}}},{"from":[2,0,2],"to":[14,2,14],"faces":{"north":{"uv":[0,0,12,2],"texture":"#0"},"east":{"uv":[0,0,12,2],"texture":"#0"},"south":{"uv":[0,0,12,2],"texture":"#0"},"west":{"uv":[0,0,12,2],"texture":"#0"},"up":{"uv":[0,0,12,12],"texture":"#0"},"down":{"uv":[0,0,12,12],"texture":"#0"}}},{"from":[2,8,2],"to":[14,10,14],"faces":{"north":{"uv":[0,0,12,2],"texture":"#2"},"east":{"uv":[0,0,12,2],"texture":"#2"},"south":{"uv":[0,0,12,2],"texture":"#2"},"west":{"uv":[0,0,12,2],"texture":"#2"},"up":{"uv":[0,0,12,12],"texture":"#2"},"down":{"uv":[0,0,12,12],"texture":"#2"}}}],"display":{"thirdperson_righthand":{"translation":[0,3,0],"scale":[0.5,0.5,0.5]},"thirdperson_lefthand":{"translation":[0,3,0],"scale":[0.5,0.5,0.5]},"firstperson_righthand":{"translation":[0,4,0],"scale":[0.5,0.5,0.5]},"firstperson_lefthand":{"translation":[0,4,0],"scale":[0.5,0.5,0.5]},"ground":{"translation":[0,1,0],"scale":[0.5,0.5,0.5]},"gui":{"rotation":[45,70,0],"translation":[0,1,0],"scale":[0.5,0.5,0.5]},"head":{"rotation":[0,-180,0],"translation":[0,-14.65,0],"scale":[2.2855,2.2855,2.2855]}}}