{
	"credit": "MadewithBlockbench",
	"texture_size": [64, 64],
	"textures": {
		"0": "elitecreatures:industrial_kitchen_v1/ik_table_with_cupboard",
		"particle": "elitecreatures:industrial_kitchen_v1/ik_table_with_cupboard"
	},
	"elements": [
		{
			"from": [-16, 0, 0],
			"to": [16, 16, 16],
			"rotation": {"angle": 0, "axis": "y", "origin": [0, 0, 16]},
			"faces": {
				"north": {"uv": [8, 4, 0, 8], "texture": "#0"},
				"east": {"uv": [12, 8, 8, 12], "texture": "#0"},
				"south": {"uv": [8, 0, 0, 4], "texture": "#0"},
				"west": {"uv": [12, 8, 8, 12], "texture": "#0"},
				"up": {"uv": [8, 8, 0, 12], "texture": "#0"},
				"down": {"uv": [8, 12, 0, 8], "texture": "#0"}
			}
		},
		{
			"from": [-15, 1, -1],
			"to": [0, 15, 0],
			"rotation": {"angle": 0, "axis": "y", "origin": [0, 0, 16]},
			"faces": {
				"north": {"uv": [7.5, 12, 3.75, 15.5], "texture": "#0"},
				"east": {"uv": [12.25, 8.5, 12, 12], "texture": "#0"},
				"south": {"uv": [3.75, 12, 0, 15.5], "texture": "#0"},
				"west": {"uv": [11.5, 12, 11.25, 15.5], "texture": "#0"},
				"up": {"uv": [15.75, 7.5, 12, 7.75], "texture": "#0"},
				"down": {"uv": [15.75, 8, 12, 7.75], "texture": "#0"}
			}
		},
		{
			"from": [0, 1, -1],
			"to": [15, 15, 0],
			"rotation": {"angle": 0, "axis": "y", "origin": [0, 0, 16]},
			"faces": {
				"north": {"uv": [3.75, 12, 7.5, 15.5], "texture": "#0"},
				"east": {"uv": [11.5, 12, 11.25, 15.5], "texture": "#0"},
				"south": {"uv": [15.75, 4, 12, 7.5], "texture": "#0"},
				"west": {"uv": [12, 12, 11.75, 15.5], "texture": "#0"},
				"up": {"uv": [15.75, 7.5, 12, 7.75], "texture": "#0"},
				"down": {"uv": [15.75, 8, 12, 7.75], "texture": "#0"}
			}
		},
		{
			"from": [-2, 5, -1.5],
			"to": [-1, 11, -1],
			"rotation": {"angle": 0, "axis": "y", "origin": [0, 0, 16]},
			"faces": {
				"north": {"uv": [12.5, 8.5, 12.25, 10], "texture": "#0"},
				"east": {"uv": [12.625, 8.5, 12.5, 10], "texture": "#0"},
				"south": {"uv": [12.25, 12, 12, 13.5], "texture": "#0"},
				"west": {"uv": [12.625, 10, 12.5, 11.5], "texture": "#0"},
				"up": {"uv": [13, 10, 12.75, 10.125], "texture": "#0"},
				"down": {"uv": [13, 10.375, 12.75, 10.25], "texture": "#0"}
			}
		},
		{
			"from": [1, 5, -1.5],
			"to": [2, 11, -1],
			"rotation": {"angle": 0, "axis": "y", "origin": [0, 0, 16]},
			"faces": {
				"north": {"uv": [12.5, 8.5, 12.25, 10], "texture": "#0"},
				"east": {"uv": [12.625, 8.5, 12.5, 10], "texture": "#0"},
				"south": {"uv": [12.25, 12, 12, 13.5], "texture": "#0"},
				"west": {"uv": [12.625, 10, 12.5, 11.5], "texture": "#0"},
				"up": {"uv": [13, 10, 12.75, 10.125], "texture": "#0"},
				"down": {"uv": [13, 10.375, 12.75, 10.25], "texture": "#0"}
			}
		}
	],
	"gui_light": "front",
	"display": {
		"thirdperson_righthand": {
			"rotation": [-14.13, -86.44, 11.48],
			"translation": [2.25, 0, 0.5],
			"scale": [0.26, 0.26, 0.26]
		},
		"thirdperson_lefthand": {
			"rotation": [-14.13, -86.44, 11.48],
			"translation": [2.25, 0, 0.5],
			"scale": [0.26, 0.26, 0.26]
		},
		"firstperson_righthand": {
			"rotation": [-14.13, -86.44, 11.48],
			"translation": [2.25, 0, 0.5],
			"scale": [0.26, 0.26, 0.26]
		},
		"firstperson_lefthand": {
			"rotation": [-14.13, -86.44, 11.48],
			"translation": [2.25, 0, 0.5],
			"scale": [0.26, 0.26, 0.26]
		},
		"ground": {
			"rotation": [-14.13, -86.44, 11.48],
			"translation": [-0.25, 2, 0.5],
			"scale": [0.26, 0.26, 0.26]
		},
		"gui": {
			"rotation": [-156.04, 50, 179.9],
			"translation": [-1.25, 0.75, 0.5],
			"scale": [0.34, 0.34, 0.34]
		},
		"head": {
			"rotation": [-180, 0, -180],
			"translation": [-12.25, -30.25, 0],
			"scale": [1.6, 1.6, 1.6]
		},
		"fixed": {
			"rotation": [-0.1, 2.02, -0.13],
			"translation": [5.25, 0, 0.5],
			"scale": [0.67, 0.67, 0.67]
		}
	},
	"groups": [
		{
			"name": "group",
			"origin": [0, 0, 0],
			"color": 0,
			"children": [0, 1, 2, 3, 4]
		}
	]
}