{
	"texture_size": [32, 32],
	"textures": {
		"0": "blossom/blossom_sword",
		"particle": "blossom/blossom_sword"
	},
	"elements": [
		{
			"from": [7.5, -1.5, 7.5],
			"to": [8.5, 9.5, 8.5],
			"rotation": {"angle": 0, "axis": "y", "origin": [8, 12.5, 7]},
			"faces": {
				"north": {"uv": [0, 2.25, 0.5, 7.75], "texture": "#0"},
				"east": {"uv": [0.5, 2.25, 0, 7.75], "texture": "#0"},
				"south": {"uv": [1, 2.25, 0.5, 7.75], "texture": "#0"},
				"west": {"uv": [0.5, 2.25, 1, 7.75], "texture": "#0"},
				"up": {"uv": [8, 8, 7.875, 7.875], "texture": "#0"},
				"down": {"uv": [8, 8, 7.875, 7.875], "texture": "#0"}
			}
		},
		{
			"from": [15.83883, 0.41117, 7.25],
			"to": [17.83883, 2.41117, 8.75],
			"rotation": {"angle": -45, "axis": "z", "origin": [8, 10.25, 7]},
			"faces": {
				"north": {"uv": [0, 0, 1, 1], "texture": "#0"},
				"east": {"uv": [1, 0, 1.75, 1], "texture": "#0"},
				"south": {"uv": [1, 0, 0, 1], "texture": "#0"},
				"west": {"uv": [2.5, 0, 3.25, 1], "texture": "#0"},
				"up": {"uv": [2.5, 1, 1.75, 0], "rotation": 90, "texture": "#0"},
				"down": {"uv": [1.75, 1, 1, 0], "rotation": 90, "texture": "#0"}
			}
		},
		{
			"from": [7.56066, 9.93934, 6.5],
			"to": [10.56066, 12.93934, 9.5],
			"rotation": {"angle": -45, "axis": "z", "origin": [8, 12.5, 7]},
			"faces": {
				"north": {"uv": [6.25, 0, 7.75, 1.5], "texture": "#0"},
				"east": {"uv": [3.25, 0, 4.75, 1.5], "texture": "#0"},
				"south": {"uv": [6.25, 0, 7.75, 1.5], "rotation": 90, "texture": "#0"},
				"west": {"uv": [1.75, 1, 3.25, 2.5], "texture": "#0"},
				"up": {"uv": [1.75, 1, 3.25, 2.5], "rotation": 270, "texture": "#0"},
				"down": {"uv": [6.25, 1.5, 4.75, 0], "texture": "#0"}
			}
		},
		{
			"from": [7.375, -1.5, 7.375],
			"to": [8.625, 1, 8.625],
			"rotation": {"angle": 0, "axis": "y", "origin": [8, 10.25, 7]},
			"faces": {
				"north": {"uv": [0, 1, 0.75, 2.25], "texture": "#0"},
				"east": {"uv": [0.75, 1, 0, 2.25], "texture": "#0"},
				"south": {"uv": [0, 1, 0.75, 2.25], "texture": "#0"},
				"west": {"uv": [0.75, 1, 0, 2.25], "texture": "#0"},
				"up": {"uv": [8, 8, 7.875, 7.875], "texture": "#0"},
				"down": {"uv": [8, 8, 7.875, 7.875], "texture": "#0"}
			}
		},
		{
			"from": [7.375, 6.75, 7.375],
			"to": [8.625, 9.25, 8.625],
			"rotation": {"angle": 0, "axis": "y", "origin": [8, 11.5, 7]},
			"faces": {
				"north": {"uv": [1, 1, 1.75, 2.25], "texture": "#0"},
				"east": {"uv": [1.75, 1, 1, 2.25], "texture": "#0"},
				"south": {"uv": [1, 1, 1.75, 2.25], "texture": "#0"},
				"west": {"uv": [1.75, 1, 1, 2.25], "texture": "#0"},
				"up": {"uv": [8, 8, 7.875, 7.875], "texture": "#0"},
				"down": {"uv": [8, 8, 7.875, 7.875], "texture": "#0"}
			}
		},
		{
			"from": [4.82954, 9.75, 6.33838],
			"to": [8.32954, 12.25, 6.35838],
			"rotation": {"angle": -22.5, "axis": "y", "origin": [8, 11, 5.75]},
			"faces": {
				"north": {"uv": [3.25, 1.5, 4.5, 3.25], "rotation": 90, "texture": "#0"},
				"east": {"uv": [8, 8, 7.875, 7.875], "texture": "#0"},
				"south": {"uv": [3.25, 3.25, 4.5, 1.5], "rotation": 90, "texture": "#0"},
				"west": {"uv": [8, 8, 7.875, 7.875], "texture": "#0"},
				"up": {"uv": [8, 8, 7.875, 7.875], "texture": "#0"},
				"down": {"uv": [8, 8, 7.875, 7.875], "texture": "#0"}
			}
		},
		{
			"from": [6.75, 10.67046, 6.33838],
			"to": [9.25, 14.17046, 6.35838],
			"rotation": {"angle": -22.5, "axis": "x", "origin": [8, 11, 5.75]},
			"faces": {
				"north": {"uv": [4.5, 1.5, 3.25, 3.25], "texture": "#0"},
				"east": {"uv": [8, 8, 7.875, 7.875], "texture": "#0"},
				"south": {"uv": [3.25, 1.5, 4.5, 3.25], "texture": "#0"},
				"west": {"uv": [8, 8, 7.875, 7.875], "texture": "#0"},
				"up": {"uv": [8, 8, 7.875, 7.875], "texture": "#0"},
				"down": {"uv": [8, 8, 7.875, 7.875], "texture": "#0"}
			}
		},
		{
			"from": [6.75, 7.82954, 6.33838],
			"to": [9.25, 11.32954, 6.35838],
			"rotation": {"angle": 22.5, "axis": "x", "origin": [8, 11, 5.75]},
			"faces": {
				"north": {"uv": [5.75, 3.25, 4.5, 1.5], "texture": "#0"},
				"east": {"uv": [8, 8, 7.875, 7.875], "texture": "#0"},
				"south": {"uv": [4.5, 3.25, 5.75, 1.5], "texture": "#0"},
				"west": {"uv": [8, 8, 7.875, 7.875], "texture": "#0"},
				"up": {"uv": [8, 8, 7.875, 7.875], "texture": "#0"},
				"down": {"uv": [8, 8, 7.875, 7.875], "texture": "#0"}
			}
		},
		{
			"from": [7.67046, 9.75, 6.33838],
			"to": [11.17046, 12.25, 6.35838],
			"rotation": {"angle": 22.5, "axis": "y", "origin": [8, 11, 5.75]},
			"faces": {
				"north": {"uv": [4.5, 3.25, 5.75, 1.5], "rotation": 90, "texture": "#0"},
				"east": {"uv": [8, 8, 7.875, 7.875], "texture": "#0"},
				"south": {"uv": [4.5, 1.5, 5.75, 3.25], "rotation": 90, "texture": "#0"},
				"west": {"uv": [8, 8, 7.875, 7.875], "texture": "#0"},
				"up": {"uv": [8, 8, 7.875, 7.875], "texture": "#0"},
				"down": {"uv": [8, 8, 7.875, 7.875], "texture": "#0"}
			}
		},
		{
			"from": [4.82954, 9.75, 9.64162],
			"to": [8.32954, 12.25, 9.66162],
			"rotation": {"angle": 22.5, "axis": "y", "origin": [8, 11, 10.25]},
			"faces": {
				"north": {"uv": [3.25, 1.5, 4.5, 3.25], "rotation": 90, "texture": "#0"},
				"east": {"uv": [7.875, 8, 8, 7.875], "texture": "#0"},
				"south": {"uv": [3.25, 3.25, 4.5, 1.5], "rotation": 90, "texture": "#0"},
				"west": {"uv": [7.875, 8, 8, 7.875], "texture": "#0"},
				"up": {"uv": [8, 7.875, 7.875, 8], "texture": "#0"},
				"down": {"uv": [8, 7.875, 7.875, 8], "texture": "#0"}
			}
		},
		{
			"from": [6.75, 10.67046, 9.64162],
			"to": [9.25, 14.17046, 9.66162],
			"rotation": {"angle": 22.5, "axis": "x", "origin": [8, 11, 10.25]},
			"faces": {
				"north": {"uv": [4.5, 1.5, 3.25, 3.25], "texture": "#0"},
				"east": {"uv": [7.875, 8, 8, 7.875], "texture": "#0"},
				"south": {"uv": [3.25, 1.5, 4.5, 3.25], "texture": "#0"},
				"west": {"uv": [7.875, 8, 8, 7.875], "texture": "#0"},
				"up": {"uv": [8, 7.875, 7.875, 8], "texture": "#0"},
				"down": {"uv": [8, 7.875, 7.875, 8], "texture": "#0"}
			}
		},
		{
			"from": [6.75, 7.82954, 9.64162],
			"to": [9.25, 11.32954, 9.66162],
			"rotation": {"angle": -22.5, "axis": "x", "origin": [8, 11, 10.25]},
			"faces": {
				"north": {"uv": [5.75, 3.25, 4.5, 1.5], "texture": "#0"},
				"east": {"uv": [7.875, 8, 8, 7.875], "texture": "#0"},
				"south": {"uv": [4.5, 3.25, 5.75, 1.5], "texture": "#0"},
				"west": {"uv": [7.875, 8, 8, 7.875], "texture": "#0"},
				"up": {"uv": [8, 7.875, 7.875, 8], "texture": "#0"},
				"down": {"uv": [8, 7.875, 7.875, 8], "texture": "#0"}
			}
		},
		{
			"from": [7.67046, 9.75, 9.64162],
			"to": [11.17046, 12.25, 9.66162],
			"rotation": {"angle": -22.5, "axis": "y", "origin": [8, 11, 10.25]},
			"faces": {
				"north": {"uv": [4.5, 3.25, 5.75, 1.5], "rotation": 90, "texture": "#0"},
				"east": {"uv": [7.875, 8, 8, 7.875], "texture": "#0"},
				"south": {"uv": [4.5, 1.5, 5.75, 3.25], "rotation": 90, "texture": "#0"},
				"west": {"uv": [7.875, 8, 8, 7.875], "texture": "#0"},
				"up": {"uv": [8, 7.875, 7.875, 8], "texture": "#0"},
				"down": {"uv": [8, 7.875, 7.875, 8], "texture": "#0"}
			}
		},
		{
			"from": [9.67388, 7.86732, 7.99],
			"to": [14.17388, 9.36732, 8.01],
			"rotation": {"angle": -22.5, "axis": "z", "origin": [11.92388, 8.61732, 8]},
			"faces": {
				"north": {"uv": [1, 2.5, 3.25, 3.25], "texture": "#0"},
				"east": {"uv": [8, 8, 7.875, 7.875], "texture": "#0"},
				"south": {"uv": [3.25, 2.5, 1, 3.25], "texture": "#0"},
				"west": {"uv": [8, 8, 7.875, 7.875], "texture": "#0"},
				"up": {"uv": [8, 8, 7.875, 7.875], "texture": "#0"},
				"down": {"uv": [8, 8, 7.875, 7.875], "texture": "#0"}
			}
		},
		{
			"from": [1.82612, 7.86732, 7.99],
			"to": [6.32612, 9.36732, 8.01],
			"rotation": {"angle": 22.5, "axis": "z", "origin": [4.07612, 8.61732, 8]},
			"faces": {
				"north": {"uv": [3.25, 2.5, 1, 3.25], "texture": "#0"},
				"east": {"uv": [7.875, 8, 8, 7.875], "texture": "#0"},
				"south": {"uv": [1, 2.5, 3.25, 3.25], "texture": "#0"},
				"west": {"uv": [7.875, 8, 8, 7.875], "texture": "#0"},
				"up": {"uv": [7.875, 8, 8, 7.875], "texture": "#0"},
				"down": {"uv": [7.875, 8, 8, 7.875], "texture": "#0"}
			}
		},
		{
			"from": [4.25, 1.25, 7.99],
			"to": [6.75, 10.25, 8.01],
			"rotation": {"angle": -22.5, "axis": "z", "origin": [5.5, 5.75, 8]},
			"faces": {
				"north": {"uv": [2.75, 3.25, 1.5, 7.75], "texture": "#0"},
				"east": {"uv": [7.875, 8, 8, 7.875], "texture": "#0"},
				"south": {"uv": [1.5, 3.25, 2.75, 7.75], "texture": "#0"},
				"west": {"uv": [7.875, 8, 8, 7.875], "texture": "#0"},
				"up": {"uv": [7.875, 8, 8, 7.875], "texture": "#0"},
				"down": {"uv": [7.875, 8, 8, 7.875], "texture": "#0"}
			}
		},
		{
			"from": [9.25, 1.25, 7.99],
			"to": [11.75, 10.25, 8.01],
			"rotation": {"angle": 22.5, "axis": "z", "origin": [10.5, 5.75, 8]},
			"faces": {
				"north": {"uv": [1.5, 3.25, 2.75, 7.75], "texture": "#0"},
				"east": {"uv": [8, 8, 7.875, 7.875], "texture": "#0"},
				"south": {"uv": [2.75, 3.25, 1.5, 7.75], "texture": "#0"},
				"west": {"uv": [8, 8, 7.875, 7.875], "texture": "#0"},
				"up": {"uv": [8, 8, 7.875, 7.875], "texture": "#0"},
				"down": {"uv": [8, 8, 7.875, 7.875], "texture": "#0"}
			}
		},
		{
			"from": [6.5, 11, 7.5],
			"to": [9.5, 25, 8.5],
			"rotation": {"angle": 0, "axis": "y", "origin": [8, 12.5, 7]},
			"faces": {
				"north": {"uv": [8.5, 0, 10, 7], "texture": "#0"},
				"east": {"uv": [10, 0, 10.5, 7], "texture": "#0"},
				"south": {"uv": [10, 0, 8.5, 7], "texture": "#0"},
				"west": {"uv": [10.5, 0, 11, 7], "texture": "#0"},
				"up": {"uv": [1.5, 0.5, 0, 0], "texture": "#missing"},
				"down": {"uv": [10, 7, 8.5, 6.5], "texture": "#0"}
			}
		},
		{
			"from": [-1.89949, 20.27817, 7.51],
			"to": [0.22183, 22.39949, 8.49],
			"rotation": {"angle": -45, "axis": "z", "origin": [8, 12.5, 7]},
			"faces": {
				"north": {"uv": [6.75, 1.75, 7.74816, 2.81066], "texture": "#0"},
				"east": {"uv": [7.5, 1.75, 7.75, 2], "texture": "#0"},
				"south": {"uv": [7.74816, 1.75, 6.75, 2.81066], "texture": "#0"},
				"west": {"uv": [7.5, 1.75, 7.75, 2], "texture": "#0"},
				"up": {"uv": [7.5, 1.75, 7.75, 2], "texture": "#0"},
				"down": {"uv": [7.5, 1.75, 7.75, 2], "texture": "#0"}
			}
		}
	],
	"gui_light": "front",
	"display": {
		"thirdperson_righthand": {
			"rotation": [0, -90, 0],
			"translation": [0, 2.5, 1.5],
			"scale": [0.9, 0.9, 0.9]
		},
		"thirdperson_lefthand": {
			"rotation": [0, -90, 0],
			"translation": [0, 2.5, 1.5],
			"scale": [0.9, 0.9, 0.9]
		},
		"firstperson_righthand": {
			"rotation": [0, -90, 0],
			"translation": [0.25, -0.5, 2],
			"scale": [0.9, 0.9, 0.9]
		},
		"firstperson_lefthand": {
			"rotation": [0, -90, 0],
			"translation": [0.25, -0.5, 2],
			"scale": [0.9, 0.9, 0.9]
		},
		"ground": {
			"rotation": [45, 0, 0],
			"translation": [0, 4, 0],
			"scale": [0.7, 0.7, 0.7]
		},
		"gui": {
			"rotation": [-180, 0, -136],
			"translation": [-1.75, -1.75, 0],
			"scale": [0.6, 0.6, 0.6]
		},
		"fixed": {
			"translation": [0, -1.5, -1.5]
		}
	},
	"groups": [
		{
			"name": "group",
			"origin": [8, 12.5, 7],
			"color": 0,
			"children": [0, 1, 2, 3, 4]
		},
		{
			"name": "group",
			"origin": [8, 8, 8],
			"color": 0,
			"children": [
				{
					"name": "group",
					"origin": [8, 11, 5.75],
					"color": 0,
					"children": [5, 6, 7, 8]
				},
				{
					"name": "group",
					"origin": [8, 11, 5.75],
					"color": 0,
					"children": [9, 10, 11, 12]
				}
			]
		},
		{
			"name": "group",
			"origin": [4.07612, 8.61732, 8],
			"color": 0,
			"children": [13, 14, 15, 16]
		},
		{
			"name": "group",
			"origin": [8, 12.5, 7],
			"color": 0,
			"children": [17, 18]
		}
	]
}