{"credit":"MadewithBlockbench","texture_size":[64,64],"textures":{"1":"minehammer:item/cosmetics/angel_wings"},"elements":[{"name":"body","from":[6.92648,-1.26667,11.00896],"to":[30.32648,23.93333,11.00896],"rotation":{"angle":-22.5,"axis":"y","origin":[8,11.33333,15.41059]},"faces":{"north":{"uv":[13.25,0,6.75,7],"texture":"#1"},"east":{"uv":[5.5,7.75,5.5,14.75],"texture":"#1"},"south":{"uv":[6.75,0,13.25,7],"texture":"#1"},"west":{"uv":[5.75,7.75,5.75,14.75],"texture":"#1"},"up":{"uv":[12.5,7.75,6,7.75],"texture":"#1"},"down":{"uv":[12.5,8,6,8],"texture":"#1"}}},{"name":"body","from":[-14.32648,-1.26667,11.00896],"to":[9.07352,23.93333,11.00896],"rotation":{"angle":22.5,"axis":"y","origin":[8,11.33333,15.41059]},"faces":{"north":{"uv":[6.75,0,13.25,7],"texture":"#1"},"east":{"uv":[5.75,7.75,5.75,14.75],"texture":"#1"},"south":{"uv":[13.25,0,6.75,7],"texture":"#1"},"west":{"uv":[5.5,7.75,5.5,14.75],"texture":"#1"},"up":{"uv":[6,7.75,12.5,7.75],"texture":"#1"},"down":{"uv":[6,8,12.5,8],"texture":"#1"}}}],"gui_light":"front","display":{"thirdperson_righthand":{"translation":[0,-1.75,-2.75]},"thirdperson_lefthand":{"translation":[0,-1.75,-2.75]},"gui":{"translation":[0,-1.25,-1.75],"scale":[0.35,0.35,0.35]},"head":{"translation":[0,-54,-2.5],"scale":[1.9,1.9,1.9]},"fixed":{"rotation":[0,-180,0],"translation":[0,-3.25,2.75]}}}