{"credit":"MadewithBlockbench","texture_size":[64,64],"textures":{"2":"minehammer:item/cosmetics/dragon_wings_red","particle":"minehammer:item/cosmetics/dragon_wings_red"},"elements":[{"name":"body","from":[7.43695,9.53658,9.97966],"to":[13.99695,11.17658,11.61966],"rotation":{"angle":22.5,"axis":"z","origin":[8,14.22678,10.79054]},"faces":{"north":{"uv":[7,0,9,0.5],"texture":"#2"},"east":{"uv":[2.5,8.5,3,9],"texture":"#2"},"south":{"uv":[7,0.75,9,1.25],"texture":"#2"},"west":{"uv":[3.25,8.5,3.75,9],"texture":"#2"},"up":{"uv":[9,2,7,1.5],"texture":"#2"},"down":{"uv":[9,2.25,7,2.75],"texture":"#2"}}},{"name":"body","from":[7.8912,5.95091,10.79966],"to":[30.0312,19.07091,10.79966],"rotation":{"angle":0,"axis":"y","origin":[8,14.22678,10.79054]},"faces":{"north":{"uv":[6.75,4.25,0,8.25],"texture":"#2"},"east":{"uv":[6,9,6,13],"texture":"#2"},"south":{"uv":[0,4.25,6.75,8.25],"texture":"#2"},"west":{"uv":[6.25,9,6.25,13],"texture":"#2"},"up":{"uv":[15.75,8,9,8],"texture":"#2"},"down":{"uv":[15.75,8.25,9,8.25],"texture":"#2"}}},{"name":"body","from":[15.04144,11.12114,10.38966],"to":[15.86144,16.86114,11.20966],"rotation":{"angle":-22.5,"axis":"z","origin":[8,14.22678,10.79054]},"faces":{"north":{"uv":[0.5,8.5,0.75,10.25],"texture":"#2"},"east":{"uv":[1,8.5,1.25,10.25],"texture":"#2"},"south":{"uv":[1.5,8.5,1.75,10.25],"texture":"#2"},"west":{"uv":[2,8.5,2.25,10.25],"texture":"#2"},"up":{"uv":[8.75,8.75,8.5,8.5],"texture":"#2"},"down":{"uv":[5.75,9,5.5,9.25],"texture":"#2"}}},{"name":"body","from":[19.3915,9.33944,10.38966],"to":[20.2115,16.71944,11.20966],"rotation":{"angle":0,"axis":"y","origin":[8,14.22678,10.79054]},"faces":{"north":{"uv":[7,8,7.25,10.25],"texture":"#2"},"east":{"uv":[7.5,8,7.75,10.25],"texture":"#2"},"south":{"uv":[8,8,8.25,10.25],"texture":"#2"},"west":{"uv":[0,8.5,0.25,10.75],"texture":"#2"},"up":{"uv":[6.75,8.75,6.5,8.5],"texture":"#2"},"down":{"uv":[8.75,8,8.5,8.25],"texture":"#2"}}},{"name":"body","from":[11.7456,7.59866,10.00016],"to":[18.3056,9.23866,11.59916],"rotation":{"angle":45,"axis":"z","origin":[8,14.22678,10.79054]},"faces":{"north":{"uv":[7,3,9,3.5],"texture":"#2"},"east":{"uv":[4,8.5,4.5,9],"texture":"#2"},"south":{"uv":[7,3.75,9,4.25],"texture":"#2"},"west":{"uv":[4.75,8.5,5.25,9],"texture":"#2"},"up":{"uv":[9,5,7,4.5],"texture":"#2"},"down":{"uv":[9,5.25,7,5.75],"texture":"#2"}}},{"name":"body","from":[20.44125,17.56305,10.47166],"to":[22.08125,18.17805,11.08666],"rotation":{"angle":0,"axis":"y","origin":[8,14.22678,10.79054]},"faces":{"north":{"uv":[10.75,11.75,11.25,12],"texture":"#2"},"east":{"uv":[10.75,11.75,11.25,12],"texture":"#2"},"south":{"uv":[10.75,11.75,11.25,12],"texture":"#2"},"west":{"uv":[10.75,11.75,11.25,12],"texture":"#2"},"up":{"uv":[10.75,11.75,11.25,12],"texture":"#2"},"down":{"uv":[10.75,11.75,11.25,12],"texture":"#2"}}},{"name":"body","from":[19.38233,12.27431,10.26666],"to":[21.02233,13.29931,11.29166],"rotation":{"angle":22.5,"axis":"z","origin":[8,14.22678,10.79054]},"faces":{"north":{"uv":[10.75,11.75,11.25,12],"texture":"#2"},"east":{"uv":[10.75,11.75,11.25,12],"texture":"#2"},"south":{"uv":[10.75,11.75,11.25,12],"texture":"#2"},"west":{"uv":[10.75,11.75,11.25,12],"texture":"#2"},"up":{"uv":[10.75,11.75,11.25,12],"texture":"#2"},"down":{"uv":[10.75,11.75,11.25,12],"texture":"#2"}}},{"name":"body","from":[21.3806,-1.42134,10.45116],"to":[21.9956,0.21866,11.06616],"rotation":{"angle":45,"axis":"z","origin":[8,14.22678,10.79054]},"faces":{"north":{"uv":[10.75,11.75,11.25,12],"rotation":90,"texture":"#2"},"east":{"uv":[10.75,11.75,11.25,12],"rotation":270,"texture":"#2"},"south":{"uv":[10.75,11.75,11.25,12],"rotation":270,"texture":"#2"},"west":{"uv":[10.75,11.75,11.25,12],"rotation":270,"texture":"#2"},"up":{"uv":[10.75,11.75,11.25,12],"rotation":270,"texture":"#2"},"down":{"uv":[10.75,11.75,11.25,12],"rotation":270,"texture":"#2"}}},{"name":"body","from":[16.54663,20.89483,10.38966],"to":[26.38663,21.91983,11.20966],"rotation":{"angle":-22.5,"axis":"z","origin":[8,14.22678,10.79054]},"faces":{"north":{"uv":[7,6,10,6.25],"texture":"#2"},"east":{"uv":[5.5,8.5,5.75,8.75],"texture":"#2"},"south":{"uv":[7,6.5,10,6.75],"texture":"#2"},"west":{"uv":[6,8.5,6.25,8.75],"texture":"#2"},"up":{"uv":[10,7.25,7,7],"texture":"#2"},"down":{"uv":[10,7.5,7,7.75],"texture":"#2"}}},{"name":"body","from":[2.00305,9.53658,9.97966],"to":[8.56305,11.17658,11.61966],"rotation":{"angle":-22.5,"axis":"z","origin":[8,14.22678,10.79054]},"faces":{"north":{"uv":[9,0,7,0.5],"texture":"#2"},"east":{"uv":[3.75,8.5,3.25,9],"texture":"#2"},"south":{"uv":[9,0.75,7,1.25],"texture":"#2"},"west":{"uv":[3,8.5,2.5,9],"texture":"#2"},"up":{"uv":[7,2,9,1.5],"texture":"#2"},"down":{"uv":[7,2.25,9,2.75],"texture":"#2"}}},{"name":"body","from":[-14.0312,5.95091,10.79966],"to":[8.1088,19.07091,10.79966],"rotation":{"angle":0,"axis":"y","origin":[8,14.22678,10.79054]},"faces":{"north":{"uv":[0,4.25,6.75,8.25],"texture":"#2"},"east":{"uv":[6.25,9,6.25,13],"texture":"#2"},"south":{"uv":[6.75,4.25,0,8.25],"texture":"#2"},"west":{"uv":[6,9,6,13],"texture":"#2"},"up":{"uv":[9,8,15.75,8],"texture":"#2"},"down":{"uv":[9,8.25,15.75,8.25],"texture":"#2"}}},{"name":"body","from":[0.13856,11.12114,10.38966],"to":[0.95856,16.86114,11.20966],"rotation":{"angle":22.5,"axis":"z","origin":[8,14.22678,10.79054]},"faces":{"north":{"uv":[0.75,8.5,0.5,10.25],"texture":"#2"},"east":{"uv":[2.25,8.5,2,10.25],"texture":"#2"},"south":{"uv":[1.75,8.5,1.5,10.25],"texture":"#2"},"west":{"uv":[1.25,8.5,1,10.25],"texture":"#2"},"up":{"uv":[8.5,8.75,8.75,8.5],"texture":"#2"},"down":{"uv":[5.5,9,5.75,9.25],"texture":"#2"}}},{"name":"body","from":[-4.2115,9.33944,10.38966],"to":[-3.3915,16.71944,11.20966],"rotation":{"angle":0,"axis":"y","origin":[8,14.22678,10.79054]},"faces":{"north":{"uv":[7.25,8,7,10.25],"texture":"#2"},"east":{"uv":[0.25,8.5,0,10.75],"texture":"#2"},"south":{"uv":[8.25,8,8,10.25],"texture":"#2"},"west":{"uv":[7.75,8,7.5,10.25],"texture":"#2"},"up":{"uv":[6.5,8.75,6.75,8.5],"texture":"#2"},"down":{"uv":[8.5,8,8.75,8.25],"texture":"#2"}}},{"name":"body","from":[-2.3056,7.59866,10.00016],"to":[4.2544,9.23866,11.59916],"rotation":{"angle":-45,"axis":"z","origin":[8,14.22678,10.79054]},"faces":{"north":{"uv":[9,3,7,3.5],"texture":"#2"},"east":{"uv":[5.25,8.5,4.75,9],"texture":"#2"},"south":{"uv":[9,3.75,7,4.25],"texture":"#2"},"west":{"uv":[4.5,8.5,4,9],"texture":"#2"},"up":{"uv":[7,5,9,4.5],"texture":"#2"},"down":{"uv":[7,5.25,9,5.75],"texture":"#2"}}},{"name":"body","from":[-6.08125,17.56305,10.47166],"to":[-4.44125,18.17805,11.08666],"rotation":{"angle":0,"axis":"y","origin":[8,14.22678,10.79054]},"faces":{"north":{"uv":[11.25,11.75,10.75,12],"texture":"#2"},"east":{"uv":[11.25,11.75,10.75,12],"texture":"#2"},"south":{"uv":[11.25,11.75,10.75,12],"texture":"#2"},"west":{"uv":[11.25,11.75,10.75,12],"texture":"#2"},"up":{"uv":[11.25,11.75,10.75,12],"texture":"#2"},"down":{"uv":[11.25,11.75,10.75,12],"texture":"#2"}}},{"name":"body","from":[-5.02233,12.27431,10.26666],"to":[-3.38233,13.29931,11.29166],"rotation":{"angle":-22.5,"axis":"z","origin":[8,14.22678,10.79054]},"faces":{"north":{"uv":[11.25,11.75,10.75,12],"texture":"#2"},"east":{"uv":[11.25,11.75,10.75,12],"texture":"#2"},"south":{"uv":[11.25,11.75,10.75,12],"texture":"#2"},"west":{"uv":[11.25,11.75,10.75,12],"texture":"#2"},"up":{"uv":[11.25,11.75,10.75,12],"texture":"#2"},"down":{"uv":[11.25,11.75,10.75,12],"texture":"#2"}}},{"name":"body","from":[-5.9956,-1.42134,10.45116],"to":[-5.3806,0.21866,11.06616],"rotation":{"angle":-45,"axis":"z","origin":[8,14.22678,10.79054]},"faces":{"north":{"uv":[10.75,12,11.25,11.75],"rotation":90,"texture":"#2"},"east":{"uv":[10.75,12,11.25,11.75],"rotation":270,"texture":"#2"},"south":{"uv":[10.75,12,11.25,11.75],"rotation":270,"texture":"#2"},"west":{"uv":[10.75,12,11.25,11.75],"rotation":270,"texture":"#2"},"up":{"uv":[10.75,12,11.25,11.75],"rotation":270,"texture":"#2"},"down":{"uv":[10.75,12,11.25,11.75],"rotation":270,"texture":"#2"}}},{"name":"body","from":[-10.38663,20.89483,10.38966],"to":[-0.54663,21.91983,11.20966],"rotation":{"angle":22.5,"axis":"z","origin":[8,14.22678,10.79054]},"faces":{"north":{"uv":[10,6,7,6.25],"texture":"#2"},"east":{"uv":[6.25,8.5,6,8.75],"texture":"#2"},"south":{"uv":[10,6.5,7,6.75],"texture":"#2"},"west":{"uv":[5.75,8.5,5.5,8.75],"texture":"#2"},"up":{"uv":[7,7.25,10,7],"texture":"#2"},"down":{"uv":[7,7.5,10,7.75],"texture":"#2"}}}],"gui_light":"front","display":{"thirdperson_righthand":{"translation":[0,-1.75,0]},"thirdperson_lefthand":{"translation":[0,-1.75,0]},"gui":{"translation":[0,-1.75,0],"scale":[0.5,0.5,0.5]},"head":{"translation":[0,-51,-0.75],"scale":[2,2,2]},"fixed":{"translation":[0,-3.25,-4.25]}}}