{
	"credit": "Made For MegaCraft",
	"texture_size": [32, 32],
	"textures": {
		"0": "minehammer:item/cosmetics/heartballoon",
		"particle": "minehammer:item/cosmetics/heartballoon"
	},
	"elements": [
		{
			"from": [8, 13, 6],
			"to": [14, 25, 12],
			"rotation": {"angle": -45, "axis": "z", "origin": [8, 19, 9]},
			"faces": {
				"north": {"uv": [0, 0, 3, 6], "texture": "#0"},
				"east": {"uv": [3, 0, 6, 6], "texture": "#0"},
				"south": {"uv": [0, 6, 3, 12], "texture": "#0"},
				"west": {"uv": [6, 0, 9, 6], "texture": "#0"},
				"up": {"uv": [6, 9, 3, 6], "texture": "#0"},
				"down": {"uv": [9, 6, 6, 9], "texture": "#0"}
			}
		},
		{
			"from": [2, 13, 6],
			"to": [8, 19, 12],
			"rotation": {"angle": -45, "axis": "z", "origin": [8, 19, 9]},
			"faces": {
				"north": {"uv": [9, 0, 12, 3], "texture": "#0"},
				"east": {"uv": [3, 9, 6, 12], "texture": "#0"},
				"south": {"uv": [9, 3, 12, 6], "texture": "#0"},
				"west": {"uv": [6, 9, 9, 12], "texture": "#0"},
				"up": {"uv": [12, 9, 9, 6], "texture": "#0"},
				"down": {"uv": [12, 9, 9, 12], "texture": "#0"}
			}
		},
		{
			"from": [7, 9, 8],
			"to": [9, 12, 10],
			"rotation": {"angle": 0, "axis": "y", "origin": [-2, 5, 1]},
			"faces": {
				"north": {"uv": [2, 12, 3, 13.5], "texture": "#0"},
				"east": {"uv": [12, 2, 13, 3.5], "texture": "#0"},
				"south": {"uv": [3, 12, 4, 13.5], "texture": "#0"},
				"west": {"uv": [12, 3.5, 13, 5], "texture": "#0"},
				"up": {"uv": [5, 13, 4, 12], "texture": "#0"},
				"down": {"uv": [6, 12, 5, 13], "texture": "#0"}
			}
		},
		{
			"from": [6, 8, 7],
			"to": [10, 9, 11],
			"rotation": {"angle": 0, "axis": "y", "origin": [-2, 5, 1]},
			"faces": {
				"north": {"uv": [12, 5, 14, 5.5], "texture": "#0"},
				"east": {"uv": [12, 5.5, 14, 6], "texture": "#0"},
				"south": {"uv": [6, 12, 8, 12.5], "texture": "#0"},
				"west": {"uv": [12, 6, 14, 6.5], "texture": "#0"},
				"up": {"uv": [2, 14, 0, 12], "texture": "#0"},
				"down": {"uv": [14, 0, 12, 2], "texture": "#0"}
			}
		}
	],
	"display": {
		"firstperson_righthand": {
			"rotation": [0, -19, 0],
			"translation": [5.25, 0, -11.25]
		},
		"firstperson_lefthand": {
			"rotation": [0, -19, 0],
			"translation": [5.25, 0, -11.25]
		},
		"gui": {
			"translation": [0, -7.75, 0]
		},
		"head": {
			"translation": [0, -4.75, -1.75],
			"scale": [2, 2, 2]
		},
		"fixed": {
			"translation": [0, -7.25, 0]
		}
	},
	"groups": [
		{
			"name": "group",
			"origin": [0, 0, 0],
			"color": 0,
			"nbt": "{}",
			"armAnimationEnabled": false,
			"children": [0, 1, 2, 3]
		}
	]
}