{"textures":{"0":"minehammer:item/cosmetics/newyear_balloon"},"elements":[{"from":[13.157672,5.026455,6.857143],"to":[18.30053,6.740741,9.142858],"rotation":{"angle":0.0,"axis":"y","origin":[10.3005295,5.026455,9.142858]},"faces":{"east":{"uv":[9.75,5.25,10.75,6.0],"rotation":0,"texture":"#0","tintindex":0},"south":{"uv":[6.75,5.0,9.0,5.75],"rotation":0,"texture":"#0","tintindex":0},"north":{"uv":[6.75,4.25,9.0,5.0],"rotation":0,"texture":"#0","tintindex":0},"west":{"uv":[9.75,6.0,10.75,6.75],"rotation":0,"texture":"#0","tintindex":0},"up":{"uv":[2.25,1.0,0.0,0.0],"rotation":0,"texture":"#0","tintindex":0},"down":{"uv":[2.25,1.0,0.0,2.0],"rotation":0,"texture":"#0","tintindex":0}}},{"from":[13.157672,11.883598,6.857143],"to":[18.30053,13.597883,9.142858],"rotation":{"angle":0.0,"axis":"y","origin":[10.3005295,5.026455,9.142858]},"faces":{"east":{"uv":[9.75,6.75,10.75,7.5],"rotation":0,"texture":"#0","tintindex":0},"south":{"uv":[2.25,7.0,4.5,7.75],"rotation":0,"texture":"#0","tintindex":0},"north":{"uv":[0.0,7.0,2.25,7.75],"rotation":0,"texture":"#0","tintindex":0},"west":{"uv":[9.75,7.5,10.75,8.25],"rotation":0,"texture":"#0","tintindex":0},"up":{"uv":[2.25,3.0,0.0,2.0],"rotation":0,"texture":"#0","tintindex":0},"down":{"uv":[4.5,0.0,2.25,1.0],"rotation":0,"texture":"#0","tintindex":0}}},{"from":[13.157672,10.1693125,6.857143],"to":[14.871958,11.883598,9.142858],"rotation":{"angle":0.0,"axis":"y","origin":[10.3005295,5.026455,9.142858]},"faces":{"east":{"uv":[9.75,8.25,10.75,9.0],"rotation":0,"texture":"#0","tintindex":0},"south":{"uv":[1.5,11.75,2.25,12.5],"rotation":0,"texture":"#0","tintindex":0},"north":{"uv":[11.75,0.75,12.5,1.5],"rotation":0,"texture":"#0","tintindex":0},"west":{"uv":[9.75,9.0,10.75,9.75],"rotation":0,"texture":"#0","tintindex":0},"up":{"uv":[4.5,10.25,3.75,9.25],"rotation":0,"texture":"#0","tintindex":0},"down":{"uv":[10.5,9.75,9.75,10.75],"rotation":0,"texture":"#0","tintindex":0}}},{"from":[16.586243,6.740741,6.857143],"to":[18.30053,8.455027,9.142858],"rotation":{"angle":0.0,"axis":"y","origin":[10.3005295,5.026455,9.142858]},"faces":{"east":{"uv":[0.0,10.0,1.0,10.75],"rotation":0,"texture":"#0","tintindex":0},"south":{"uv":[2.25,11.75,3.0,12.5],"rotation":0,"texture":"#0","tintindex":0},"north":{"uv":[11.75,1.5,12.5,2.25],"rotation":0,"texture":"#0","tintindex":0},"west":{"uv":[10.0,0.0,11.0,0.75],"rotation":0,"texture":"#0","tintindex":0},"up":{"uv":[10.75,1.75,10.0,0.75],"rotation":0,"texture":"#0","tintindex":0},"down":{"uv":[1.75,10.0,1.0,11.0],"rotation":0,"texture":"#0","tintindex":0}}},{"from":[13.157672,8.455027,6.857143],"to":[18.30053,10.1693125,9.142858],"rotation":{"angle":0.0,"axis":"y","origin":[10.3005295,5.026455,9.142858]},"faces":{"east":{"uv":[1.75,10.25,2.75,11.0],"rotation":0,"texture":"#0","tintindex":0},"south":{"uv":[7.5,6.5,9.75,7.25],"rotation":0,"texture":"#0","tintindex":0},"north":{"uv":[7.5,5.75,9.75,6.5],"rotation":0,"texture":"#0","tintindex":0},"west":{"uv":[2.75,10.25,3.75,11.0],"rotation":0,"texture":"#0","tintindex":0},"up":{"uv":[4.5,2.0,2.25,1.0],"rotation":0,"texture":"#0","tintindex":0},"down":{"uv":[4.5,2.0,2.25,3.0],"rotation":0,"texture":"#0","tintindex":0}}},{"from":[11.443386,6.740741,6.857143],"to":[13.157672,11.883598,9.142858],"rotation":{"angle":0.0,"axis":"y","origin":[10.3005295,5.026455,9.142858]},"faces":{"east":{"uv":[6.5,6.0,7.5,8.25],"rotation":0,"texture":"#0","tintindex":0},"south":{"uv":[9.0,8.75,9.75,11.0],"rotation":0,"texture":"#0","tintindex":0},"north":{"uv":[6.0,9.0,6.75,11.25],"rotation":0,"texture":"#0","tintindex":0},"west":{"uv":[6.75,0.0,7.75,2.25],"rotation":0,"texture":"#0","tintindex":0},"up":{"uv":[0.75,12.75,0.0,11.75],"rotation":0,"texture":"#0","tintindex":0},"down":{"uv":[1.5,11.75,0.75,12.75],"rotation":0,"texture":"#0","tintindex":0}}},{"from":[8.014814,6.740741,6.857143],"to":[9.7291,11.883598,9.142858],"rotation":{"angle":0.0,"axis":"y","origin":[10.3005295,5.026455,9.142858]},"faces":{"east":{"uv":[4.5,6.0,5.5,8.25],"rotation":0,"texture":"#0","tintindex":0},"south":{"uv":[5.25,9.0,6.0,11.25],"rotation":0,"texture":"#0","tintindex":0},"north":{"uv":[4.5,9.0,5.25,11.25],"rotation":0,"texture":"#0","tintindex":0},"west":{"uv":[5.5,6.0,6.5,8.25],"rotation":0,"texture":"#0","tintindex":0},"up":{"uv":[12.25,11.25,11.5,10.25],"rotation":0,"texture":"#0","tintindex":0},"down":{"uv":[12.25,11.25,11.5,12.25],"rotation":0,"texture":"#0","tintindex":0}}},{"from":[8.014814,11.883598,6.857143],"to":[13.157672,13.597883,9.142858],"rotation":{"angle":0.0,"axis":"y","origin":[10.3005295,5.026455,9.142858]},"faces":{"east":{"uv":[11.5,5.25,12.5,6.0],"rotation":0,"texture":"#0","tintindex":0},"south":{"uv":[9.0,3.75,11.25,4.5],"rotation":0,"texture":"#0","tintindex":0},"north":{"uv":[6.75,8.75,9.0,9.5],"rotation":0,"texture":"#0","tintindex":0},"west":{"uv":[11.5,9.5,12.5,10.25],"rotation":0,"texture":"#0","tintindex":0},"up":{"uv":[2.25,7.0,0.0,6.0],"rotation":0,"texture":"#0","tintindex":0},"down":{"uv":[4.5,6.0,2.25,7.0],"rotation":0,"texture":"#0","tintindex":0}}},{"from":[8.014814,5.026455,6.857143],"to":[13.157672,6.740741,9.142858],"rotation":{"angle":0.0,"axis":"y","origin":[10.3005295,5.026455,9.142858]},"faces":{"east":{"uv":[10.5,11.25,11.5,12.0],"rotation":0,"texture":"#0","tintindex":0},"south":{"uv":[8.5,3.0,10.75,3.75],"rotation":0,"texture":"#0","tintindex":0},"north":{"uv":[8.5,2.25,10.75,3.0],"rotation":0,"texture":"#0","tintindex":0},"west":{"uv":[11.5,4.5,12.5,5.25],"rotation":0,"texture":"#0","tintindex":0},"up":{"uv":[4.5,6.0,2.25,5.0],"rotation":0,"texture":"#0","tintindex":0},"down":{"uv":[6.75,5.0,4.5,6.0],"rotation":0,"texture":"#0","tintindex":0}}},{"from":[2.8719573,8.455027,6.857143],"to":[8.014814,10.1693125,9.142858],"rotation":{"angle":0.0,"axis":"y","origin":[10.3005295,5.026455,9.142858]},"faces":{"east":{"uv":[6.75,10.5,7.75,11.25],"rotation":0,"texture":"#0","tintindex":0},"south":{"uv":[0.0,7.75,2.25,8.5],"rotation":0,"texture":"#0","tintindex":0},"north":{"uv":[7.5,7.25,9.75,8.0],"rotation":0,"texture":"#0","tintindex":0},"west":{"uv":[7.75,10.5,8.75,11.25],"rotation":0,"texture":"#0","tintindex":0},"up":{"uv":[2.25,4.0,0.0,3.0],"rotation":0,"texture":"#0","tintindex":0},"down":{"uv":[4.5,3.0,2.25,4.0],"rotation":0,"texture":"#0","tintindex":0}}},{"from":[6.300529,6.740741,6.857143],"to":[8.014814,8.455027,9.142858],"rotation":{"angle":0.0,"axis":"y","origin":[10.3005295,5.026455,9.142858]},"faces":{"east":{"uv":[10.5,9.75,11.5,10.5],"rotation":0,"texture":"#0","tintindex":0},"south":{"uv":[3.0,11.75,3.75,12.5],"rotation":0,"texture":"#0","tintindex":0},"north":{"uv":[11.75,2.25,12.5,3.0],"rotation":0,"texture":"#0","tintindex":0},"west":{"uv":[10.5,10.5,11.5,11.25],"rotation":0,"texture":"#0","tintindex":0},"up":{"uv":[4.5,11.25,3.75,10.25],"rotation":0,"texture":"#0","tintindex":0},"down":{"uv":[0.75,10.75,0.0,11.75],"rotation":0,"texture":"#0","tintindex":0}}},{"from":[2.8719573,5.026455,6.857143],"to":[8.014814,6.740741,9.142858],"rotation":{"angle":0.0,"axis":"y","origin":[10.3005295,5.026455,9.142858]},"faces":{"east":{"uv":[10.75,0.75,11.75,1.5],"rotation":0,"texture":"#0","tintindex":0},"south":{"uv":[7.75,0.75,10.0,1.5],"rotation":0,"texture":"#0","tintindex":0},"north":{"uv":[7.75,0.0,10.0,0.75],"rotation":0,"texture":"#0","tintindex":0},"west":{"uv":[10.75,1.5,11.75,2.25],"rotation":0,"texture":"#0","tintindex":0},"up":{"uv":[2.25,5.0,0.0,4.0],"rotation":0,"texture":"#0","tintindex":0},"down":{"uv":[4.5,4.0,2.25,5.0],"rotation":0,"texture":"#0","tintindex":0}}},{"from":[2.8719573,10.1693125,6.857143],"to":[4.5862436,11.883598,9.142858],"rotation":{"angle":0.0,"axis":"y","origin":[10.3005295,5.026455,9.142858]},"faces":{"east":{"uv":[10.75,2.25,11.75,3.0],"rotation":0,"texture":"#0","tintindex":0},"south":{"uv":[11.75,6.0,12.5,6.75],"rotation":0,"texture":"#0","tintindex":0},"north":{"uv":[11.75,3.0,12.5,3.75],"rotation":0,"texture":"#0","tintindex":0},"west":{"uv":[10.75,3.0,11.75,3.75],"rotation":0,"texture":"#0","tintindex":0},"up":{"uv":[11.5,5.5,10.75,4.5],"rotation":0,"texture":"#0","tintindex":0},"down":{"uv":[11.5,5.5,10.75,6.5],"rotation":0,"texture":"#0","tintindex":0}}},{"from":[2.8719573,11.883598,6.857143],"to":[8.014814,13.597883,9.142858],"rotation":{"angle":0.0,"axis":"y","origin":[10.3005295,5.026455,9.142858]},"faces":{"east":{"uv":[10.75,6.5,11.75,7.25],"rotation":0,"texture":"#0","tintindex":0},"south":{"uv":[2.25,7.75,4.5,8.5],"rotation":0,"texture":"#0","tintindex":0},"north":{"uv":[7.75,1.5,10.0,2.25],"rotation":0,"texture":"#0","tintindex":0},"west":{"uv":[10.75,7.25,11.75,8.0],"rotation":0,"texture":"#0","tintindex":0},"up":{"uv":[6.75,1.0,4.5,0.0],"rotation":0,"texture":"#0","tintindex":0},"down":{"uv":[6.75,1.0,4.5,2.0],"rotation":0,"texture":"#0","tintindex":0}}},{"from":[-2.2708998,5.026455,6.857143],"to":[2.8719573,6.740741,9.142858],"rotation":{"angle":0.0,"axis":"y","origin":[10.3005295,5.026455,9.142858]},"faces":{"east":{"uv":[10.75,8.0,11.75,8.75],"rotation":0,"texture":"#0","tintindex":0},"south":{"uv":[4.5,8.25,6.75,9.0],"rotation":0,"texture":"#0","tintindex":0},"north":{"uv":[7.5,8.0,9.75,8.75],"rotation":0,"texture":"#0","tintindex":0},"west":{"uv":[10.75,8.75,11.75,9.5],"rotation":0,"texture":"#0","tintindex":0},"up":{"uv":[6.75,3.0,4.5,2.0],"rotation":0,"texture":"#0","tintindex":0},"down":{"uv":[6.75,3.0,4.5,4.0],"rotation":0,"texture":"#0","tintindex":0}}},{"from":[-2.2708998,11.883598,6.857143],"to":[2.8719573,13.597883,9.142858],"rotation":{"angle":0.0,"axis":"y","origin":[10.3005295,5.026455,9.142858]},"faces":{"east":{"uv":[11.0,0.0,12.0,0.75],"rotation":0,"texture":"#0","tintindex":0},"south":{"uv":[2.25,8.5,4.5,9.25],"rotation":0,"texture":"#0","tintindex":0},"north":{"uv":[0.0,8.5,2.25,9.25],"rotation":0,"texture":"#0","tintindex":0},"west":{"uv":[0.75,11.0,1.75,11.75],"rotation":0,"texture":"#0","tintindex":0},"up":{"uv":[6.75,5.0,4.5,4.0],"rotation":0,"texture":"#0","tintindex":0},"down":{"uv":[2.25,5.0,0.0,6.0],"rotation":0,"texture":"#0","tintindex":0}}},{"from":[-2.2708998,10.1693125,6.857143],"to":[-0.5566139,11.883598,9.142858],"rotation":{"angle":0.0,"axis":"y","origin":[10.3005295,5.026455,9.142858]},"faces":{"east":{"uv":[1.75,11.0,2.75,11.75],"rotation":0,"texture":"#0","tintindex":0},"south":{"uv":[11.75,7.5,12.5,8.25],"rotation":0,"texture":"#0","tintindex":0},"north":{"uv":[11.75,6.75,12.5,7.5],"rotation":0,"texture":"#0","tintindex":0},"west":{"uv":[2.75,11.0,3.75,11.75],"rotation":0,"texture":"#0","tintindex":0},"up":{"uv":[10.5,11.75,9.75,10.75],"rotation":0,"texture":"#0","tintindex":0},"down":{"uv":[9.5,11.0,8.75,12.0],"rotation":0,"texture":"#0","tintindex":0}}},{"from":[-2.2708998,6.740741,6.857143],"to":[-0.5566139,8.455027,9.142858],"rotation":{"angle":0.0,"axis":"y","origin":[10.3005295,5.026455,9.142858]},"faces":{"east":{"uv":[3.75,11.25,4.75,12.0],"rotation":0,"texture":"#0","tintindex":0},"south":{"uv":[9.5,11.75,10.25,12.5],"rotation":0,"texture":"#0","tintindex":0},"north":{"uv":[11.75,8.25,12.5,9.0],"rotation":0,"texture":"#0","tintindex":0},"west":{"uv":[11.25,3.75,12.25,4.5],"rotation":0,"texture":"#0","tintindex":0},"up":{"uv":[5.5,12.25,4.75,11.25],"rotation":0,"texture":"#0","tintindex":0},"down":{"uv":[6.25,11.25,5.5,12.25],"rotation":0,"texture":"#0","tintindex":0}}},{"from":[-2.2708998,8.455027,6.857143],"to":[1.7291002,10.1693125,9.142858],"rotation":{"angle":0.0,"axis":"y","origin":[10.3005295,5.026455,9.142858]},"faces":{"east":{"uv":[6.25,11.25,7.25,12.0],"rotation":0,"texture":"#0","tintindex":0},"south":{"uv":[0.0,9.25,1.75,10.0],"rotation":0,"texture":"#0","tintindex":0},"north":{"uv":[9.0,4.5,10.75,5.25],"rotation":0,"texture":"#0","tintindex":0},"west":{"uv":[7.25,11.25,8.25,12.0],"rotation":0,"texture":"#0","tintindex":0},"up":{"uv":[8.5,3.25,6.75,2.25],"rotation":0,"texture":"#0","tintindex":0},"down":{"uv":[8.5,3.25,6.75,4.25],"rotation":0,"texture":"#0","tintindex":0}}},{"from":[6.871958,3.8835974,9.142858],"to":[9.157672,4.455026,9.142858],"rotation":{"angle":0.0,"axis":"y","origin":[8.014814,5.026455,9.142858]},"faces":{"east":{"uv":[0.0,0.0,0.0,0.25],"rotation":0,"texture":"#0","tintindex":0},"south":{"uv":[11.75,9.25,12.75,9.5],"rotation":0,"texture":"#0","tintindex":0},"north":{"uv":[11.75,9.0,12.75,9.25],"rotation":0,"texture":"#0","tintindex":0},"west":{"uv":[0.0,0.0,0.0,0.25],"rotation":0,"texture":"#0","tintindex":0},"up":{"uv":[1.0,0.0,0.0,0.0],"rotation":0,"texture":"#0","tintindex":0},"down":{"uv":[1.0,0.0,0.0,0.0],"rotation":0,"texture":"#0","tintindex":0}}},{"from":[7.443386,4.455026,7.428571],"to":[8.586244,5.026455,8.571428],"rotation":{"angle":0.0,"axis":"y","origin":[8.014814,5.026455,9.142858]},"faces":{"east":{"uv":[9.0,5.25,9.5,5.5],"rotation":0,"texture":"#0","tintindex":0},"south":{"uv":[9.0,5.5,9.5,5.75],"rotation":0,"texture":"#0","tintindex":0},"north":{"uv":[6.75,5.75,7.25,6.0],"rotation":0,"texture":"#0","tintindex":0},"west":{"uv":[10.0,1.75,10.5,2.0],"rotation":0,"texture":"#0","tintindex":0},"up":{"uv":[7.25,8.75,6.75,8.25],"rotation":0,"texture":"#0","tintindex":0},"down":{"uv":[9.0,3.75,8.5,4.25],"rotation":0,"texture":"#0","tintindex":0}}},{"from":[6.871958,3.8835974,6.857143],"to":[9.157672,3.8835974,9.142858],"rotation":{"angle":0.0,"axis":"y","origin":[8.014814,5.026455,9.142858]},"faces":{"east":{"uv":[0.0,0.0,1.0,0.0],"rotation":0,"texture":"#0","tintindex":0},"south":{"uv":[0.0,0.0,1.0,0.0],"rotation":0,"texture":"#0","tintindex":0},"north":{"uv":[0.0,0.0,1.0,0.0],"rotation":0,"texture":"#0","tintindex":0},"west":{"uv":[0.0,0.0,1.0,0.0],"rotation":0,"texture":"#0","tintindex":0},"up":{"uv":[2.75,10.25,1.75,9.25],"rotation":0,"texture":"#0","tintindex":0},"down":{"uv":[3.75,9.25,2.75,10.25],"rotation":0,"texture":"#0","tintindex":0}}},{"from":[6.871958,3.8835974,6.857143],"to":[6.871958,4.455026,9.142858],"rotation":{"angle":0.0,"axis":"y","origin":[8.014814,5.026455,9.142858]},"faces":{"east":{"uv":[12.0,0.0,13.0,0.25],"rotation":0,"texture":"#0","tintindex":0},"south":{"uv":[0.0,0.0,0.0,0.25],"rotation":0,"texture":"#0","tintindex":0},"north":{"uv":[0.0,0.0,0.0,0.25],"rotation":0,"texture":"#0","tintindex":0},"west":{"uv":[12.0,0.25,13.0,0.5],"rotation":0,"texture":"#0","tintindex":0},"up":{"uv":[0.0,1.0,0.0,0.0],"rotation":0,"texture":"#0","tintindex":0},"down":{"uv":[0.0,0.0,0.0,1.0],"rotation":0,"texture":"#0","tintindex":0}}},{"from":[6.871958,4.455026,6.857143],"to":[9.157672,4.455026,9.142858],"rotation":{"angle":0.0,"axis":"y","origin":[8.014814,5.026455,9.142858]},"faces":{"east":{"uv":[0.0,0.0,1.0,0.0],"rotation":0,"texture":"#0","tintindex":0},"south":{"uv":[0.0,0.0,1.0,0.0],"rotation":0,"texture":"#0","tintindex":0},"north":{"uv":[0.0,0.0,1.0,0.0],"rotation":0,"texture":"#0","tintindex":0},"west":{"uv":[0.0,0.0,1.0,0.0],"rotation":0,"texture":"#0","tintindex":0},"up":{"uv":[7.75,10.5,6.75,9.5],"rotation":0,"texture":"#0","tintindex":0},"down":{"uv":[8.75,9.5,7.75,10.5],"rotation":0,"texture":"#0","tintindex":0}}},{"from":[9.157672,3.8835974,6.857143],"to":[9.157672,4.455026,9.142858],"rotation":{"angle":0.0,"axis":"y","origin":[8.014814,5.026455,9.142858]},"faces":{"east":{"uv":[12.0,0.5,13.0,0.75],"rotation":0,"texture":"#0","tintindex":0},"south":{"uv":[0.0,0.0,0.0,0.25],"rotation":0,"texture":"#0","tintindex":0},"north":{"uv":[0.0,0.0,0.0,0.25],"rotation":0,"texture":"#0","tintindex":0},"west":{"uv":[3.75,12.0,4.75,12.25],"rotation":0,"texture":"#0","tintindex":0},"up":{"uv":[0.0,1.0,0.0,0.0],"rotation":0,"texture":"#0","tintindex":0},"down":{"uv":[0.0,0.0,0.0,1.0],"rotation":0,"texture":"#0","tintindex":0}}},{"from":[6.871958,3.8835974,6.857143],"to":[9.157672,4.455026,6.857143],"rotation":{"angle":0.0,"axis":"y","origin":[8.014814,5.026455,9.142858]},"faces":{"east":{"uv":[0.0,0.0,0.0,0.25],"rotation":0,"texture":"#0","tintindex":0},"south":{"uv":[7.25,12.0,8.25,12.25],"rotation":0,"texture":"#0","tintindex":0},"north":{"uv":[6.25,12.0,7.25,12.25],"rotation":0,"texture":"#0","tintindex":0},"west":{"uv":[0.0,0.0,0.0,0.25],"rotation":0,"texture":"#0","tintindex":0},"up":{"uv":[1.0,0.0,0.0,0.0],"rotation":0,"texture":"#0","tintindex":0},"down":{"uv":[1.0,0.0,0.0,0.0],"rotation":0,"texture":"#0","tintindex":0}}}],"display":{"head":{"translation":[0.0,-6.4,0.0],"scale":[4.0,4.0,4.0]}}}