{
  "parent": "item/generated",
  "textures": {
    "layer0": "item/leather_helmet",
    "layer1": "item/leather_helmet_overlay"
  },
  "overrides": [
    {
      "predicate": {
        "custom_model_data": 10000
      },
      "model": "saintpatricksset:ia_auto_gen/saintpatrickhelmet"
    },
    {
      "predicate": {
        "custom_model_data": 10003
      },
      "model": "valentines:ia_auto_gen/my_armor_helmet"
    },
    {
      "predicate": {
        "custom_model_data": 10004
      },
      "model": "minehammer:item/nitro/ia_auto_gen/discordnitro_helmet_icon"
    },
    {
      "predicate": {
        "custom_model_data": 10005
      },
      "model": "item/leather_helmet"
    }
  ]
}