{
	"parent": "minecraft:block/stone",
	"overrides": [
		{
			"predicate": {
				"custom_model_data": 10000
			},
			"model": "medieval_pack:anchor_stone"
		},
		{
			"predicate": {
				"custom_model_data": 10001
			},
			"model": "medieval_pack:stone_wall_bottom"
		},
		{
			"predicate": {
				"custom_model_data": 10002
			},
			"model": "medieval_pack:stone_wall_top"
		},
		{
			"predicate": {
				"custom_model_data": 10003
			},
			"model": "medieval_pack:stone_wall_bottom_transition"
		},
		{
			"predicate": {
				"custom_model_data": 10004
			},
			"model": "medieval_pack:stone_wall_top_transition"
		},
		{
			"predicate": {
				"custom_model_data": 10005
			},
			"model": "medieval_pack:spruce_window_1x3_open"
		},
		{
			"predicate": {
				"custom_model_data": 10006
			},
			"model": "medieval_pack:spruce_window_1x3_close"
		},
		{
			"predicate": {
				"custom_model_data": 10007
			},
			"model": "medieval_pack:spruce_stand_1x1"
		},
		{
			"predicate": {
				"custom_model_data": 10008
			},
			"model": "medieval_pack:spruce_stand_2x1"
		},
		{
			"predicate": {
				"custom_model_data": 10009
			},
			"model": "medieval_pack:spruce_flag"
		},
		{
			"predicate": {
				"custom_model_data": 10010
			},
			"model": "medieval_pack:spruce_stand_transition"
		},
		{
			"predicate": {
				"custom_model_data": 10011
			},
			"model": "medieval_pack:spruce_stand_bottom"
		},
		{
			"predicate": {
				"custom_model_data": 10012
			},
			"model": "medieval_pack:spruce_table_1x3"
		},
		{
			"predicate": {
				"custom_model_data": 10013
			},
			"model": "medieval_pack:one_block_spruce_fence"
		},
		{
			"predicate": {
				"custom_model_data": 10014
			},
			"model": "medieval_pack:one_block_spruce_fence_transition"
		},
		{
			"predicate": {
				"custom_model_data": 10015
			},
			"model": "medieval_pack:birch_window_1x3_open"
		},
		{
			"predicate": {
				"custom_model_data": 10016
			},
			"model": "medieval_pack:birch_window_1x3_close"
		},
		{
			"predicate": {
				"custom_model_data": 10017
			},
			"model": "medieval_pack:birch_stand_1x1"
		},
		{
			"predicate": {
				"custom_model_data": 10018
			},
			"model": "medieval_pack:birch_stand_2x1"
		},
		{
			"predicate": {
				"custom_model_data": 10019
			},
			"model": "medieval_pack:birch_flag"
		},
		{
			"predicate": {
				"custom_model_data": 10020
			},
			"model": "medieval_pack:birch_stand_transition"
		},
		{
			"predicate": {
				"custom_model_data": 10021
			},
			"model": "medieval_pack:birch_stand_bottom"
		},
		{
			"predicate": {
				"custom_model_data": 10022
			},
			"model": "medieval_pack:birch_table_1x3"
		},
		{
			"predicate": {
				"custom_model_data": 10023
			},
			"model": "medieval_pack:one_block_birch_fence"
		},
		{
			"predicate": {
				"custom_model_data": 10024
			},
			"model": "medieval_pack:one_block_birch_fence_transition"
		},
		{
			"predicate": {
				"custom_model_data": 10025
			},
			"model": "medieval_pack:oak_window_1x3_open"
		},
		{
			"predicate": {
				"custom_model_data": 10026
			},
			"model": "medieval_pack:oak_window_1x3_close"
		},
		{
			"predicate": {
				"custom_model_data": 10027
			},
			"model": "medieval_pack:oak_stand_1x1"
		},
		{
			"predicate": {
				"custom_model_data": 10028
			},
			"model": "medieval_pack:oak_stand_2x1"
		},
		{
			"predicate": {
				"custom_model_data": 10029
			},
			"model": "medieval_pack:oak_flag"
		},
		{
			"predicate": {
				"custom_model_data": 10030
			},
			"model": "medieval_pack:oak_stand_transition"
		},
		{
			"predicate": {
				"custom_model_data": 10031
			},
			"model": "medieval_pack:oak_stand_bottom"
		},
		{
			"predicate": {
				"custom_model_data": 10032
			},
			"model": "medieval_pack:oak_table_1x3"
		},
		{
			"predicate": {
				"custom_model_data": 10033
			},
			"model": "medieval_pack:one_block_oak_fence"
		},
		{
			"predicate": {
				"custom_model_data": 10034
			},
			"model": "medieval_pack:one_block_oak_fence_transition"
		},
		{
			"predicate": {
				"custom_model_data": 10035
			},
			"model": "medieval_pack:jungle_window_1x3_open"
		},
		{
			"predicate": {
				"custom_model_data": 10036
			},
			"model": "medieval_pack:jungle_window_1x3_close"
		},
		{
			"predicate": {
				"custom_model_data": 10037
			},
			"model": "medieval_pack:jungle_stand_1x1"
		},
		{
			"predicate": {
				"custom_model_data": 10038
			},
			"model": "medieval_pack:jungle_stand_2x1"
		},
		{
			"predicate": {
				"custom_model_data": 10039
			},
			"model": "medieval_pack:jungle_flag"
		},
		{
			"predicate": {
				"custom_model_data": 10040
			},
			"model": "medieval_pack:jungle_stand_transition"
		},
		{
			"predicate": {
				"custom_model_data": 10041
			},
			"model": "medieval_pack:jungle_stand_bottom"
		},
		{
			"predicate": {
				"custom_model_data": 10042
			},
			"model": "medieval_pack:jungle_table_1x3"
		},
		{
			"predicate": {
				"custom_model_data": 10043
			},
			"model": "medieval_pack:one_block_jungle_fence"
		},
		{
			"predicate": {
				"custom_model_data": 10044
			},
			"model": "medieval_pack:one_block_jungle_fence_transition"
		},
		{
			"predicate": {
				"custom_model_data": 10045
			},
			"model": "medieval_pack:acacia_window_1x3_open"
		},
		{
			"predicate": {
				"custom_model_data": 10046
			},
			"model": "medieval_pack:acacia_window_1x3_close"
		},
		{
			"predicate": {
				"custom_model_data": 10047
			},
			"model": "medieval_pack:acacia_stand_1x1"
		},
		{
			"predicate": {
				"custom_model_data": 10048
			},
			"model": "medieval_pack:acacia_stand_2x1"
		},
		{
			"predicate": {
				"custom_model_data": 10049
			},
			"model": "medieval_pack:acacia_flag"
		},
		{
			"predicate": {
				"custom_model_data": 10050
			},
			"model": "medieval_pack:acacia_stand_transition"
		},
		{
			"predicate": {
				"custom_model_data": 10051
			},
			"model": "medieval_pack:acacia_stand_bottom"
		},
		{
			"predicate": {
				"custom_model_data": 10052
			},
			"model": "medieval_pack:acacia_table_1x3"
		},
		{
			"predicate": {
				"custom_model_data": 10053
			},
			"model": "medieval_pack:one_block_acacia_fence"
		},
		{
			"predicate": {
				"custom_model_data": 10054
			},
			"model": "medieval_pack:one_block_acacia_fence_transition"
		},
		{
			"predicate": {
				"custom_model_data": 10055
			},
			"model": "medieval_pack:dark_oak_window_1x3_open"
		},
		{
			"predicate": {
				"custom_model_data": 10056
			},
			"model": "medieval_pack:dark_oak_window_1x3_close"
		},
		{
			"predicate": {
				"custom_model_data": 10057
			},
			"model": "medieval_pack:dark_oak_stand_1x1"
		},
		{
			"predicate": {
				"custom_model_data": 10058
			},
			"model": "medieval_pack:dark_oak_stand_2x1"
		},
		{
			"predicate": {
				"custom_model_data": 10059
			},
			"model": "medieval_pack:dark_oak_flag"
		},
		{
			"predicate": {
				"custom_model_data": 10060
			},
			"model": "medieval_pack:dark_oak_stand_transition"
		},
		{
			"predicate": {
				"custom_model_data": 10061
			},
			"model": "medieval_pack:dark_oak_stand_bottom"
		},
		{
			"predicate": {
				"custom_model_data": 10062
			},
			"model": "medieval_pack:dark_oak_table_1x3"
		},
		{
			"predicate": {
				"custom_model_data": 10063
			},
			"model": "medieval_pack:one_block_dark_oak_fence"
		},
		{
			"predicate": {
				"custom_model_data": 10064
			},
			"model": "medieval_pack:one_block_dark_oak_fence_transition"
		},
		{
			"predicate": {
				"custom_model_data": 10065
			},
			"model": "medieval_pack:ceramics_1"
		},
		{
			"predicate": {
				"custom_model_data": 10066
			},
			"model": "medieval_pack:ceramics_2"
		},
		{
			"predicate": {
				"custom_model_data": 10067
			},
			"model": "medieval_pack:ceramics_3"
		},
		{
			"predicate": {
				"custom_model_data": 10068
			},
			"model": "medieval_pack:ceramics_4"
		},
		{
			"predicate": {
				"custom_model_data": 10069
			},
			"model": "medieval_pack:ceramics_5"
		},
		{
			"predicate": {
				"custom_model_data": 10070
			},
			"model": "medieval_pack:books_1"
		},
		{
			"predicate": {
				"custom_model_data": 10071
			},
			"model": "medieval_pack:books_2"
		},
		{
			"predicate": {
				"custom_model_data": 10072
			},
			"model": "medieval_pack:blue_book"
		},
		{
			"predicate": {
				"custom_model_data": 10073
			},
			"model": "medieval_pack:blue_book_open"
		},
		{
			"predicate": {
				"custom_model_data": 10074
			},
			"model": "medieval_pack:brown_book"
		},
		{
			"predicate": {
				"custom_model_data": 10075
			},
			"model": "medieval_pack:brown_book_open"
		},
		{
			"predicate": {
				"custom_model_data": 10076
			},
			"model": "medieval_pack:enchant_book"
		},
		{
			"predicate": {
				"custom_model_data": 10077
			},
			"model": "medieval_pack:enchant_book_open"
		},
		{
			"predicate": {
				"custom_model_data": 10078
			},
			"model": "medieval_pack:green_book"
		},
		{
			"predicate": {
				"custom_model_data": 10079
			},
			"model": "medieval_pack:green_book_open"
		},
		{
			"predicate": {
				"custom_model_data": 10080
			},
			"model": "medieval_pack:purple_book"
		},
		{
			"predicate": {
				"custom_model_data": 10081
			},
			"model": "medieval_pack:purple_book_open"
		},
		{
			"predicate": {
				"custom_model_data": 10082
			},
			"model": "medieval_pack:red_book"
		},
		{
			"predicate": {
				"custom_model_data": 10083
			},
			"model": "medieval_pack:red_book_open"
		},
		{
			"predicate": {
				"custom_model_data": 10084
			},
			"model": "medieval_pack:oak_wheel"
		},
		{
			"predicate": {
				"custom_model_data": 10085
			},
			"model": "medieval_pack:acacia_wheel"
		},
		{
			"predicate": {
				"custom_model_data": 10086
			},
			"model": "medieval_pack:birch_wheel"
		},
		{
			"predicate": {
				"custom_model_data": 10087
			},
			"model": "medieval_pack:dark_oak_wheel"
		},
		{
			"predicate": {
				"custom_model_data": 10088
			},
			"model": "medieval_pack:jungle_wheel"
		},
		{
			"predicate": {
				"custom_model_data": 10089
			},
			"model": "medieval_pack:spruce_wheel"
		},
		{
			"predicate": {
				"custom_model_data": 10090
			},
			"model": "medieval_pack:oak_bucket"
		},
		{
			"predicate": {
				"custom_model_data": 10091
			},
			"model": "medieval_pack:dark_oak_bucket"
		},
		{
			"predicate": {
				"custom_model_data": 10092
			},
			"model": "medieval_pack:jungle_bucket"
		},
		{
			"predicate": {
				"custom_model_data": 10093
			},
			"model": "medieval_pack:spruce_bucket"
		},
		{
			"predicate": {
				"custom_model_data": 10094
			},
			"model": "medieval_pack:acacia_bucket"
		},
		{
			"predicate": {
				"custom_model_data": 10095
			},
			"model": "medieval_pack:birch_bucket"
		},
		{
			"predicate": {
				"custom_model_data": 10096
			},
			"model": "medieval_pack:flag_blue"
		},
		{
			"predicate": {
				"custom_model_data": 10097
			},
			"model": "medieval_pack:flag_green"
		},
		{
			"predicate": {
				"custom_model_data": 10098
			},
			"model": "medieval_pack:flag_light_blue"
		},
		{
			"predicate": {
				"custom_model_data": 10099
			},
			"model": "medieval_pack:flag_lime"
		},
		{
			"predicate": {
				"custom_model_data": 10100
			},
			"model": "medieval_pack:flag_magenta"
		},
		{
			"predicate": {
				"custom_model_data": 10101
			},
			"model": "medieval_pack:flag_orange"
		},
		{
			"predicate": {
				"custom_model_data": 10102
			},
			"model": "medieval_pack:flag_pink"
		},
		{
			"predicate": {
				"custom_model_data": 10103
			},
			"model": "medieval_pack:flag_purple"
		},
		{
			"predicate": {
				"custom_model_data": 10104
			},
			"model": "medieval_pack:flag_red"
		},
		{
			"predicate": {
				"custom_model_data": 10105
			},
			"model": "medieval_pack:flag_white"
		},
		{
			"predicate": {
				"custom_model_data": 10106
			},
			"model": "medieval_pack:flag_yellow"
		},
		{
			"predicate": {
				"custom_model_data": 10107
			},
			"model": "medieval_pack:acacia_figure"
		},
		{
			"predicate": {
				"custom_model_data": 10108
			},
			"model": "medieval_pack:ancient_sword"
		},
		{
			"predicate": {
				"custom_model_data": 10109
			},
			"model": "medieval_pack:birch_figure"
		},
		{
			"predicate": {
				"custom_model_data": 10110
			},
			"model": "medieval_pack:black_backpack"
		},
		{
			"predicate": {
				"custom_model_data": 10111
			},
			"model": "medieval_pack:brown_backpack"
		},
		{
			"predicate": {
				"custom_model_data": 10112
			},
			"model": "medieval_pack:crimson_figure"
		},
		{
			"predicate": {
				"custom_model_data": 10113
			},
			"model": "medieval_pack:cyan_backpack"
		},
		{
			"predicate": {
				"custom_model_data": 10114
			},
			"model": "medieval_pack:dark_oak_figure"
		},
		{
			"predicate": {
				"custom_model_data": 10115
			},
			"model": "medieval_pack:diamond_chalice_1"
		},
		{
			"predicate": {
				"custom_model_data": 10116
			},
			"model": "medieval_pack:diamond_chalice_2"
		},
		{
			"predicate": {
				"custom_model_data": 10117
			},
			"model": "medieval_pack:emerald_chalice_1"
		},
		{
			"predicate": {
				"custom_model_data": 10118
			},
			"model": "medieval_pack:emerald_chalice_2"
		},
		{
			"predicate": {
				"custom_model_data": 10119
			},
			"model": "medieval_pack:gold_chalice_1"
		},
		{
			"predicate": {
				"custom_model_data": 10120
			},
			"model": "medieval_pack:gold_chalice_2"
		},
		{
			"predicate": {
				"custom_model_data": 10121
			},
			"model": "medieval_pack:gray_backpack"
		},
		{
			"predicate": {
				"custom_model_data": 10122
			},
			"model": "medieval_pack:green_backpack"
		},
		{
			"predicate": {
				"custom_model_data": 10123
			},
			"model": "medieval_pack:jungle_figure"
		},
		{
			"predicate": {
				"custom_model_data": 10124
			},
			"model": "medieval_pack:light_blue_backpack"
		},
		{
			"predicate": {
				"custom_model_data": 10125
			},
			"model": "medieval_pack:light_gray_backpack"
		},
		{
			"predicate": {
				"custom_model_data": 10126
			},
			"model": "medieval_pack:lime_backpack"
		},
		{
			"predicate": {
				"custom_model_data": 10127
			},
			"model": "medieval_pack:magenta_backpack"
		},
		{
			"predicate": {
				"custom_model_data": 10128
			},
			"model": "medieval_pack:oak_figure"
		},
		{
			"predicate": {
				"custom_model_data": 10129
			},
			"model": "medieval_pack:orange_backpack"
		},
		{
			"predicate": {
				"custom_model_data": 10130
			},
			"model": "medieval_pack:pink_backpack"
		},
		{
			"predicate": {
				"custom_model_data": 10131
			},
			"model": "medieval_pack:purple_backpack"
		},
		{
			"predicate": {
				"custom_model_data": 10132
			},
			"model": "medieval_pack:red_backpack"
		},
		{
			"predicate": {
				"custom_model_data": 10133
			},
			"model": "medieval_pack:rock_1"
		},
		{
			"predicate": {
				"custom_model_data": 10134
			},
			"model": "medieval_pack:rock_2"
		},
		{
			"predicate": {
				"custom_model_data": 10135
			},
			"model": "medieval_pack:rock_3"
		},
		{
			"predicate": {
				"custom_model_data": 10136
			},
			"model": "medieval_pack:rock_4"
		},
		{
			"predicate": {
				"custom_model_data": 10137
			},
			"model": "medieval_pack:rock_5"
		},
		{
			"predicate": {
				"custom_model_data": 10138
			},
			"model": "medieval_pack:rock_6"
		},
		{
			"predicate": {
				"custom_model_data": 10139
			},
			"model": "medieval_pack:silver_chalice_1"
		},
		{
			"predicate": {
				"custom_model_data": 10140
			},
			"model": "medieval_pack:silver_chalice_2"
		},
		{
			"predicate": {
				"custom_model_data": 10141
			},
			"model": "medieval_pack:small_ceramics_1"
		},
		{
			"predicate": {
				"custom_model_data": 10142
			},
			"model": "medieval_pack:small_ceramics_2"
		},
		{
			"predicate": {
				"custom_model_data": 10143
			},
			"model": "medieval_pack:small_ceramics_3"
		},
		{
			"predicate": {
				"custom_model_data": 10144
			},
			"model": "medieval_pack:small_ceramics_4"
		},
		{
			"predicate": {
				"custom_model_data": 10145
			},
			"model": "medieval_pack:small_ceramics_5"
		},
		{
			"predicate": {
				"custom_model_data": 10146
			},
			"model": "medieval_pack:spruce_figure"
		},
		{
			"predicate": {
				"custom_model_data": 10147
			},
			"model": "medieval_pack:warped_figure"
		},
		{
			"predicate": {
				"custom_model_data": 10148
			},
			"model": "medieval_pack:white_backpack"
		},
		{
			"predicate": {
				"custom_model_data": 10149
			},
			"model": "medieval_pack:yellow_backpack"
		},
		{
			"predicate": {
				"custom_model_data": 10150
			},
			"model": "medieval_pack:acacia_blood_bucket"
		},
		{
			"predicate": {
				"custom_model_data": 10151
			},
			"model": "medieval_pack:acacia_chair"
		},
		{
			"predicate": {
				"custom_model_data": 10152
			},
			"model": "medieval_pack:acacia_chair_2"
		},
		{
			"predicate": {
				"custom_model_data": 10153
			},
			"model": "medieval_pack:acacia_chair_3"
		},
		{
			"predicate": {
				"custom_model_data": 10154
			},
			"model": "medieval_pack:acacia_table"
		},
		{
			"predicate": {
				"custom_model_data": 10155
			},
			"model": "medieval_pack:acacia_table_1x2"
		},
		{
			"predicate": {
				"custom_model_data": 10156
			},
			"model": "medieval_pack:acacia_target"
		},
		{
			"predicate": {
				"custom_model_data": 10157
			},
			"model": "medieval_pack:birch_blood_bucket"
		},
		{
			"predicate": {
				"custom_model_data": 10158
			},
			"model": "medieval_pack:birch_chair"
		},
		{
			"predicate": {
				"custom_model_data": 10159
			},
			"model": "medieval_pack:birch_chair_2"
		},
		{
			"predicate": {
				"custom_model_data": 10160
			},
			"model": "medieval_pack:birch_chair_3"
		},
		{
			"predicate": {
				"custom_model_data": 10161
			},
			"model": "medieval_pack:birch_table"
		},
		{
			"predicate": {
				"custom_model_data": 10162
			},
			"model": "medieval_pack:birch_table_1x2"
		},
		{
			"predicate": {
				"custom_model_data": 10163
			},
			"model": "medieval_pack:birch_target"
		},
		{
			"predicate": {
				"custom_model_data": 10164
			},
			"model": "medieval_pack:crimson_blood_bucket"
		},
		{
			"predicate": {
				"custom_model_data": 10165
			},
			"model": "medieval_pack:crimson_chair"
		},
		{
			"predicate": {
				"custom_model_data": 10166
			},
			"model": "medieval_pack:crimson_chair_2"
		},
		{
			"predicate": {
				"custom_model_data": 10167
			},
			"model": "medieval_pack:crimson_chair_3"
		},
		{
			"predicate": {
				"custom_model_data": 10168
			},
			"model": "medieval_pack:crimson_table"
		},
		{
			"predicate": {
				"custom_model_data": 10169
			},
			"model": "medieval_pack:crimson_table_1x2"
		},
		{
			"predicate": {
				"custom_model_data": 10170
			},
			"model": "medieval_pack:crimson_target"
		},
		{
			"predicate": {
				"custom_model_data": 10171
			},
			"model": "medieval_pack:dark_oak_blood_bucket"
		},
		{
			"predicate": {
				"custom_model_data": 10172
			},
			"model": "medieval_pack:dark_oak_chair"
		},
		{
			"predicate": {
				"custom_model_data": 10173
			},
			"model": "medieval_pack:dark_oak_chair_2"
		},
		{
			"predicate": {
				"custom_model_data": 10174
			},
			"model": "medieval_pack:dark_oak_chair_3"
		},
		{
			"predicate": {
				"custom_model_data": 10175
			},
			"model": "medieval_pack:dark_oak_table"
		},
		{
			"predicate": {
				"custom_model_data": 10176
			},
			"model": "medieval_pack:dark_oak_table_1x2"
		},
		{
			"predicate": {
				"custom_model_data": 10177
			},
			"model": "medieval_pack:dark_oak_target"
		},
		{
			"predicate": {
				"custom_model_data": 10178
			},
			"model": "medieval_pack:jungle_blood_bucket"
		},
		{
			"predicate": {
				"custom_model_data": 10179
			},
			"model": "medieval_pack:jungle_chair"
		},
		{
			"predicate": {
				"custom_model_data": 10180
			},
			"model": "medieval_pack:jungle_chair_2"
		},
		{
			"predicate": {
				"custom_model_data": 10181
			},
			"model": "medieval_pack:jungle_chair_3"
		},
		{
			"predicate": {
				"custom_model_data": 10182
			},
			"model": "medieval_pack:jungle_table"
		},
		{
			"predicate": {
				"custom_model_data": 10183
			},
			"model": "medieval_pack:jungle_table_1x2"
		},
		{
			"predicate": {
				"custom_model_data": 10184
			},
			"model": "medieval_pack:jungle_target"
		},
		{
			"predicate": {
				"custom_model_data": 10185
			},
			"model": "medieval_pack:oak_blood_bucket"
		},
		{
			"predicate": {
				"custom_model_data": 10186
			},
			"model": "medieval_pack:oak_chair"
		},
		{
			"predicate": {
				"custom_model_data": 10187
			},
			"model": "medieval_pack:oak_chair_2"
		},
		{
			"predicate": {
				"custom_model_data": 10188
			},
			"model": "medieval_pack:oak_chair_3"
		},
		{
			"predicate": {
				"custom_model_data": 10189
			},
			"model": "medieval_pack:oak_table"
		},
		{
			"predicate": {
				"custom_model_data": 10190
			},
			"model": "medieval_pack:oak_table_1x2"
		},
		{
			"predicate": {
				"custom_model_data": 10191
			},
			"model": "medieval_pack:oak_target"
		},
		{
			"predicate": {
				"custom_model_data": 10192
			},
			"model": "medieval_pack:spruce_blood_bucket"
		},
		{
			"predicate": {
				"custom_model_data": 10193
			},
			"model": "medieval_pack:spruce_chair"
		},
		{
			"predicate": {
				"custom_model_data": 10194
			},
			"model": "medieval_pack:spruce_chair_2"
		},
		{
			"predicate": {
				"custom_model_data": 10195
			},
			"model": "medieval_pack:spruce_chair_3"
		},
		{
			"predicate": {
				"custom_model_data": 10196
			},
			"model": "medieval_pack:spruce_table"
		},
		{
			"predicate": {
				"custom_model_data": 10197
			},
			"model": "medieval_pack:spruce_table_1x2"
		},
		{
			"predicate": {
				"custom_model_data": 10198
			},
			"model": "medieval_pack:spruce_target"
		},
		{
			"predicate": {
				"custom_model_data": 10199
			},
			"model": "medieval_pack:warped_blood_bucket"
		},
		{
			"predicate": {
				"custom_model_data": 10200
			},
			"model": "medieval_pack:warped_chair"
		},
		{
			"predicate": {
				"custom_model_data": 10201
			},
			"model": "medieval_pack:warped_chair_2"
		},
		{
			"predicate": {
				"custom_model_data": 10202
			},
			"model": "medieval_pack:warped_chair_3"
		},
		{
			"predicate": {
				"custom_model_data": 10203
			},
			"model": "medieval_pack:warped_table"
		},
		{
			"predicate": {
				"custom_model_data": 10204
			},
			"model": "medieval_pack:warped_table_1x2"
		},
		{
			"predicate": {
				"custom_model_data": 10205
			},
			"model": "medieval_pack:warped_target"
		},
		{
			"predicate": {
				"custom_model_data": 10206
			},
			"model": "item/stone"
		}
	]
}