{
	"credit": "Made with Blockbench",
	"texture_size": [32, 32],
	"textures": {
		"0": "littlebunny_set:babybunny",
		"particle": "littlebunny_set:babybunny"
	},
	"elements": [
		{
			"from": [4, 0, 8.5],
			"to": [12, 11, 13.5],
			"rotation": {"angle": 0, "axis": "y", "origin": [12, 8, 16]},
			"faces": {
				"north": {"uv": [0, 7, 4, 12.5], "texture": "#0", "tintindex": 1},
				"east": {"uv": [10.5, 6.5, 8, 12], "texture": "#0", "tintindex": 1},
				"south": {"uv": [4, 6, 8, 11.5], "texture": "#0", "tintindex": 1},
				"west": {"uv": [8, 6.5, 10.5, 12], "texture": "#0", "tintindex": 1},
				"up": {"uv": [1.5, 11, 2.5, 12], "texture": "#0", "tintindex": 1},
				"down": {"uv": [1.5, 11, 2.5, 12], "texture": "#0", "tintindex": 1}
			}
		},
		{
			"from": [4, 11, 7],
			"to": [12, 18, 15],
			"rotation": {"angle": 0, "axis": "z", "origin": [8, 11.75, 11.125]},
			"faces": {
				"north": {"uv": [0, 0, 4, 3.5], "texture": "#0", "tintindex": 1},
				"east": {"uv": [4, 3.5, 0, 7], "texture": "#0", "tintindex": 1},
				"south": {"uv": [0, 12.5, 4, 16], "texture": "#0", "tintindex": 1},
				"west": {"uv": [0, 3.5, 4, 7], "texture": "#0", "tintindex": 1},
				"up": {"uv": [8, 11.5, 4, 15.5], "texture": "#0", "tintindex": 1},
				"down": {"uv": [1.5, 11, 2.5, 12], "texture": "#0", "tintindex": 1}
			}
		},
		{
			"from": [8, 0, 1],
			"to": [12, 4, 9],
			"rotation": {"angle": -22.5, "axis": "y", "origin": [10, 2, 9]},
			"faces": {
				"north": {"uv": [6, 0, 8, 2], "texture": "#0", "tintindex": 1},
				"east": {"uv": [8, 2, 6, 6], "rotation": 270, "texture": "#0", "tintindex": 1},
				"south": {"uv": [1.5, 11, 2.5, 12], "texture": "#0", "tintindex": 1},
				"west": {"uv": [6, 2, 8, 6], "rotation": 90, "texture": "#0", "tintindex": 1},
				"up": {"uv": [4, 2, 6, 6], "rotation": 180, "texture": "#0", "tintindex": 1},
				"down": {"uv": [6, 2, 4, 6], "texture": "#0", "tintindex": 1}
			}
		},
		{
			"from": [4, 0, 1],
			"to": [8, 4, 9],
			"rotation": {"angle": 22.5, "axis": "y", "origin": [6, 2, 9]},
			"faces": {
				"north": {"uv": [6, 0, 8, 2], "texture": "#0", "tintindex": 1},
				"east": {"uv": [8, 2, 6, 6], "rotation": 270, "texture": "#0", "tintindex": 1},
				"south": {"uv": [1.5, 11, 2.5, 12], "texture": "#0", "tintindex": 1},
				"west": {"uv": [6, 2, 8, 6], "rotation": 90, "texture": "#0", "tintindex": 1},
				"up": {"uv": [6, 2, 4, 6], "rotation": 180, "texture": "#0", "tintindex": 1},
				"down": {"uv": [4, 2, 6, 6], "texture": "#0", "tintindex": 1}
			}
		},
		{
			"from": [2, 2, 9],
			"to": [5, 11, 13],
			"rotation": {"angle": 45, "axis": "x", "origin": [4.5, 9.5, 11]},
			"faces": {
				"north": {"uv": [8, 2, 9.5, 6.5], "texture": "#0", "tintindex": 1},
				"east": {"uv": [9.5, 2, 11.5, 6.5], "texture": "#0", "tintindex": 1},
				"south": {"uv": [9.5, 2, 8, 6.5], "texture": "#0", "tintindex": 1},
				"west": {"uv": [9.5, 2, 11.5, 6.5], "texture": "#0", "tintindex": 1},
				"up": {"uv": [9.5, 0, 11, 2], "rotation": 180, "texture": "#0", "tintindex": 1},
				"down": {"uv": [8, 0, 9.5, 2], "rotation": 180, "texture": "#0", "tintindex": 1}
			}
		},
		{
			"from": [11, 2, 9],
			"to": [14, 11, 13],
			"rotation": {"angle": 45, "axis": "x", "origin": [11.5, 9.5, 11]},
			"faces": {
				"north": {"uv": [9.5, 2, 8, 6.5], "texture": "#0", "tintindex": 1},
				"east": {"uv": [9.5, 2, 11.5, 6.5], "texture": "#0", "tintindex": 1},
				"south": {"uv": [8, 2, 9.5, 6.5], "texture": "#0", "tintindex": 1},
				"west": {"uv": [9.5, 2, 11.5, 6.5], "texture": "#0", "tintindex": 1},
				"up": {"uv": [9.5, 0, 11, 2], "rotation": 180, "texture": "#0", "tintindex": 1},
				"down": {"uv": [9.5, 0, 8, 2], "rotation": 180, "texture": "#0", "tintindex": 1}
			}
		},
		{
			"from": [4, 18, 10],
			"to": [7, 27, 11],
			"rotation": {"angle": -22.5, "axis": "x", "origin": [5.5, 18, 10.5]},
			"faces": {
				"north": {"uv": [14, 6.5, 12.5, 11], "texture": "#0", "tintindex": 1},
				"east": {"uv": [13.5, 6.5, 14, 11], "texture": "#0", "tintindex": 1},
				"south": {"uv": [14, 6.5, 15.5, 11], "texture": "#0", "tintindex": 1},
				"west": {"uv": [12.5, 6.5, 13, 11], "texture": "#0", "tintindex": 1},
				"up": {"uv": [0.5, 0, 2, 0.5], "texture": "#0", "tintindex": 1},
				"down": {"uv": [12.5, 10.5, 13, 11], "texture": "#0", "tintindex": 1}
			}
		},
		{
			"from": [9, 18, 10],
			"to": [12, 27, 11],
			"rotation": {"angle": -22.5, "axis": "x", "origin": [10.5, 18, 10.5]},
			"faces": {
				"north": {"uv": [12.5, 6.5, 14, 11], "texture": "#0", "tintindex": 1},
				"east": {"uv": [13.5, 6.5, 14, 11], "texture": "#0", "tintindex": 1},
				"south": {"uv": [15.5, 6.5, 14, 11], "texture": "#0", "tintindex": 1},
				"west": {"uv": [12.5, 6.5, 13, 11], "texture": "#0", "tintindex": 1},
				"up": {"uv": [0.5, 0, 2, 0.5], "texture": "#0", "tintindex": 1},
				"down": {"uv": [12.5, 10.5, 13, 11], "texture": "#0", "tintindex": 1}
			}
		},
		{
			"from": [3.9, -0.1, 0.9],
			"to": [8.1, 4.1, 9.1],
			"rotation": {"angle": 22.5, "axis": "y", "origin": [6, 2, 9]},
			"faces": {
				"north": {"uv": [8, 13.5, 10, 15.5], "texture": "#0"}
			}
		},
		{
			"from": [7.9, -0.1, 0.9],
			"to": [12.1, 4.1, 9.1],
			"rotation": {"angle": -22.5, "axis": "y", "origin": [10, 2, 9]},
			"faces": {
				"north": {"uv": [8, 13.5, 10, 15.5], "texture": "#0"}
			}
		},
		{
			"from": [10.9, 1.9, 8.9],
			"to": [14.1, 11.1, 13.1],
			"rotation": {"angle": 45, "axis": "x", "origin": [11.5, 9.5, 11]},
			"faces": {
				"down": {"uv": [9.5, 12, 8, 14], "rotation": 180, "texture": "#0"}
			}
		},
		{
			"from": [1.9, 1.9, 8.9],
			"to": [5.1, 11.1, 13.1],
			"rotation": {"angle": 45, "axis": "x", "origin": [4.5, 9.5, 11]},
			"faces": {
				"down": {"uv": [8, 12, 9.5, 14], "rotation": 180, "texture": "#0"}
			}
		},
		{
			"from": [3.9, 10.9, 6.9],
			"to": [12.1, 18.1, 8.1],
			"rotation": {"angle": 0, "axis": "z", "origin": [8, 11.75, 11.125]},
			"faces": {
				"north": {"uv": [11, 12.5, 15, 16], "texture": "#0"},
				"east": {"uv": [15, 12.5, 15.5, 16], "texture": "#0"},
				"west": {"uv": [15, 12.5, 15.5, 16], "texture": "#0"}
			}
		},
		{
			"from": [3.9, 17.9, 9.9],
			"to": [7.1, 27.1, 11.1],
			"rotation": {"angle": -22.5, "axis": "x", "origin": [5.5, 18, 10.5]},
			"faces": {
				"north": {"uv": [12, 8.5, 10.5, 13], "texture": "#0"}
			}
		},
		{
			"from": [8.9, 17.9, 9.9],
			"to": [12.1, 27.1, 11.1],
			"rotation": {"angle": -22.5, "axis": "x", "origin": [10.5, 18, 10.5]},
			"faces": {
				"north": {"uv": [12, 8.5, 10.5, 13], "texture": "#0"}
			}
		},
		{
			"from": [5.9, 10.9, 5.9],
			"to": [10.1, 14.1, 7.1],
			"rotation": {"angle": 0, "axis": "z", "origin": [8, 11.75, 11.125]},
			"faces": {
				"north": {"uv": [4, 0, 6, 1.5], "texture": "#0"},
				"up": {"uv": [4, 0, 6, 0.5], "rotation": 180, "texture": "#0"}
			}
		},
		{
			"from": [6, 11, 6],
			"to": [10, 14, 7],
			"rotation": {"angle": 0, "axis": "z", "origin": [8, 11.75, 11.125]},
			"faces": {
				"north": {"uv": [1, 2, 3, 3.5], "texture": "#0"},
				"east": {"uv": [1, 2, 1.5, 3.5], "texture": "#0"},
				"west": {"uv": [1, 2, 1.5, 3.5], "texture": "#0"},
				"up": {"uv": [1, 2, 3, 2.5], "rotation": 180, "texture": "#0"},
				"down": {"uv": [1, 3, 3, 3.5], "rotation": 180, "texture": "#0"}
			}
		},
		{
			"from": [4, 7, 7.8],
			"to": [12, 11, 7.8],
			"rotation": {"angle": -22.5, "axis": "x", "origin": [8, 9, 8]},
			"faces": {
				"north": {"uv": [11.5, 1, 15.5, 3], "texture": "#0"},
				"south": {"uv": [11.5, 1, 15.5, 3], "texture": "#0"}
			}
		},
		{
			"from": [3.9, 8.9, 8.4],
			"to": [12.1, 11.1, 13.6],
			"rotation": {"angle": 0, "axis": "y", "origin": [12, 17, 17]},
			"faces": {
				"north": {"uv": [12, 2.5, 15, 3], "texture": "#0"},
				"east": {"uv": [15.5, 1, 13, 0], "texture": "#0"},
				"south": {"uv": [11.5, 5.5, 15.5, 6.5], "rotation": 180, "texture": "#0"},
				"west": {"uv": [15.5, 0, 13, 1], "rotation": 180, "texture": "#0"},
				"up": {"uv": [11.5, 3, 15.5, 5.5], "rotation": 180, "texture": "#0"}
			}
		},
		{
			"from": [7, 0, 13.5],
			"to": [9, 2, 15.5],
			"rotation": {"angle": 0, "axis": "y", "origin": [15, 8, 38]},
			"faces": {
				"east": {"uv": [12, 0, 13, 1], "texture": "#0"},
				"south": {"uv": [12, 0, 11, 1], "texture": "#0"},
				"west": {"uv": [13, 0, 12, 1], "texture": "#0"},
				"up": {"uv": [12, 0, 11, 1], "rotation": 180, "texture": "#0"},
				"down": {"uv": [12, 0, 11, 1], "texture": "#0"}
			}
		}
	],
	"display": {
		"thirdperson_righthand": {
			"rotation": [49, 38, 0],
			"translation": [0, 2, 0],
			"scale": [0.39, 0.39, 0.39]
		},
		"thirdperson_lefthand": {
			"rotation": [49, 38, 0],
			"translation": [0, 2, 0],
			"scale": [0.39, 0.39, 0.39]
		},
		"firstperson_righthand": {
			"rotation": [0, 112, 0],
			"translation": [10.5, -4.5, -9]
		},
		"firstperson_lefthand": {
			"rotation": [0, 112, 0],
			"translation": [10.5, -4.5, -9]
		},
		"ground": {
			"translation": [0, 4.5, 0],
			"scale": [0.39, 0.39, 0.39]
		},
		"gui": {
			"rotation": [30, 135, 0],
			"translation": [0.25, -1.75, 0],
			"scale": [0.57, 0.57, 0.57]
		},
		"head": {
			"rotation": [0, -180, 0],
			"translation": [0, -30.15, 3.25],
			"scale": [1.61, 1.61, 1.61]
		},
		"fixed": {
			"rotation": [-90, 0, 0],
			"translation": [0, 0, -16],
			"scale": [2, 2, 2]
		}
	},
	"groups": [
		{
			"name": "group",
			"origin": [12, 8, 8],
			"color": 0,
			"children": [
				0,
				{
					"name": "group",
					"origin": [12, 8, 8],
					"color": 0,
					"children": [1]
				},
				2,
				3,
				4,
				5
			]
		},
		{
			"name": "group",
			"origin": [5.5, 18, 10.5],
			"color": 0,
			"children": [6]
		},
		{
			"name": "group",
			"origin": [10.5, 18, 10.5],
			"color": 0,
			"children": [7]
		},
		{
			"name": "group",
			"origin": [10.5, 18, 10.5],
			"color": 0,
			"children": [8, 9, 10, 11, 12, 13, 14, 15, 16, 17, 18, 19]
		}
	]
}