{
  "credit": "Made by PolygonMC",
  "textures": {
    "0": "littlebunny_set:little_bunny",
    "particle": "littlebunny_set:little_bunny"
  },
  "elements": [
    {
      "from": [
        6.5,
        6.25,
        7.5125
      ],
      "to": [
        9.5,
        9.25,
        11.5125
      ],
      "rotation": {
        "angle": 0,
        "axis": "y",
        "origin": [
          5.5,
          6.25,
          6.5125
        ]
      },
      "faces": {
        "north": {
          "uv": [
            0,
            6,
            3,
            9
          ],
          "texture": "#0"
        },
        "east": {
          "uv": [
            0,
            0,
            4,
            3
          ],
          "texture": "#0"
        },
        "south": {
          "uv": [
            7,
            0,
            10,
            3
          ],
          "texture": "#0"
        },
        "west": {
          "uv": [
            0,
            3,
            4,
            6
          ],
          "texture": "#0"
        },
        "up": {
          "uv": [
            7,
            4,
            4,
            0
          ],
          "texture": "#0"
        },
        "down": {
          "uv": [
            7,
            4,
            4,
            8
          ],
          "texture": "#0"
        }
      }
    },
    {
      "from": [
        6.75,
        6.5,
        5.0125
      ],
      "to": [
        9.25,
        9,
        7.5125
      ],
      "rotation": {
        "angle": 0,
        "axis": "y",
        "origin": [
          5.5,
          6.25,
          2.5125
        ]
      },
      "faces": {
        "north": {
          "uv": [
            7,
            3,
            9.5,
            5.5
          ],
          "texture": "#0"
        },
        "east": {
          "uv": [
            7,
            6,
            9.5,
            8.5
          ],
          "texture": "#0"
        },
        "south": {
          "uv": [
            3,
            8,
            5.5,
            10.5
          ],
          "texture": "#0"
        },
        "west": {
          "uv": [
            0,
            9,
            2.5,
            11.5
          ],
          "texture": "#0"
        },
        "up": {
          "uv": [
            8.5,
            11.5,
            6,
            9
          ],
          "texture": "#0"
        },
        "down": {
          "uv": [
            11.5,
            9,
            9,
            11.5
          ],
          "texture": "#0"
        }
      }
    },
    {
      "from": [
        7,
        6.5,
        4.0125
      ],
      "to": [
        9,
        8,
        5.0125
      ],
      "rotation": {
        "angle": 0,
        "axis": "y",
        "origin": [
          5.5,
          6.25,
          0.0125
        ]
      },
      "faces": {
        "north": {
          "uv": [
            10,
            0,
            12,
            1.5
          ],
          "texture": "#0"
        },
        "east": {
          "uv": [
            12,
            4,
            13,
            5.5
          ],
          "texture": "#0"
        },
        "west": {
          "uv": [
            6,
            12,
            7,
            13.5
          ],
          "texture": "#0"
        },
        "up": {
          "uv": [
            12,
            9,
            10,
            8
          ],
          "texture": "#0"
        },
        "down": {
          "uv": [
            2,
            12,
            0,
            13
          ],
          "texture": "#0"
        }
      }
    },
    {
      "from": [
        5.75,
        6.25,
        9.7625
      ],
      "to": [
        6.75,
        7.75,
        11.2625
      ],
      "rotation": {
        "angle": 0,
        "axis": "y",
        "origin": [
          5.75,
          6.25,
          9.2625
        ]
      },
      "faces": {
        "north": {
          "uv": [
            12,
            0,
            13,
            1.5
          ],
          "texture": "#0"
        },
        "east": {
          "uv": [
            10,
            2,
            11.5,
            3.5
          ],
          "texture": "#0"
        },
        "south": {
          "uv": [
            2,
            12,
            3,
            13.5
          ],
          "texture": "#0"
        },
        "west": {
          "uv": [
            10,
            4,
            11.5,
            5.5
          ],
          "texture": "#0"
        },
        "up": {
          "uv": [
            13,
            3.5,
            12,
            2
          ],
          "texture": "#0"
        }
      }
    },
    {
      "from": [
        5.75,
        5.75,
        9.2625
      ],
      "to": [
        6.75,
        6.25,
        11.2625
      ],
      "rotation": {
        "angle": 0,
        "axis": "y",
        "origin": [
          5.75,
          5.75,
          9.2625
        ]
      },
      "faces": {
        "north": {
          "uv": [
            13,
            1,
            14,
            1.5
          ],
          "texture": "#0"
        },
        "east": {
          "uv": [
            12,
            8,
            14,
            8.5
          ],
          "texture": "#0"
        },
        "south": {
          "uv": [
            13,
            2,
            14,
            2.5
          ],
          "texture": "#0"
        },
        "west": {
          "uv": [
            9,
            12,
            11,
            12.5
          ],
          "texture": "#0"
        },
        "up": {
          "uv": [
            4,
            13,
            3,
            11
          ],
          "texture": "#0"
        },
        "down": {
          "uv": [
            5,
            11,
            4,
            13
          ],
          "texture": "#0"
        }
      }
    },
    {
      "from": [
        6,
        5.75,
        6.5125
      ],
      "to": [
        7,
        6.25,
        8.5125
      ],
      "rotation": {
        "angle": 22.5,
        "axis": "y",
        "origin": [
          6.5,
          6,
          7.5125
        ]
      },
      "faces": {
        "north": {
          "uv": [
            3,
            13,
            4,
            13.5
          ],
          "texture": "#0"
        },
        "east": {
          "uv": [
            12,
            9,
            14,
            9.5
          ],
          "texture": "#0"
        },
        "south": {
          "uv": [
            13,
            3,
            14,
            3.5
          ],
          "texture": "#0"
        },
        "west": {
          "uv": [
            12,
            10,
            14,
            10.5
          ],
          "texture": "#0"
        },
        "up": {
          "uv": [
            6,
            13,
            5,
            11
          ],
          "texture": "#0"
        },
        "down": {
          "uv": [
            12,
            6,
            11,
            8
          ],
          "texture": "#0"
        }
      }
    },
    {
      "from": [
        9,
        5.75,
        6.5125
      ],
      "to": [
        10,
        6.25,
        8.5125
      ],
      "rotation": {
        "angle": -22.5,
        "axis": "y",
        "origin": [
          9.5,
          6,
          7.5125
        ]
      },
      "faces": {
        "north": {
          "uv": [
            4,
            13,
            3,
            13.5
          ],
          "texture": "#0"
        },
        "east": {
          "uv": [
            14,
            10,
            12,
            10.5
          ],
          "texture": "#0"
        },
        "south": {
          "uv": [
            14,
            3,
            13,
            3.5
          ],
          "texture": "#0"
        },
        "west": {
          "uv": [
            14,
            9,
            12,
            9.5
          ],
          "texture": "#0"
        },
        "up": {
          "uv": [
            5,
            13,
            6,
            11
          ],
          "texture": "#0"
        },
        "down": {
          "uv": [
            11,
            6,
            12,
            8
          ],
          "texture": "#0"
        }
      }
    },
    {
      "from": [
        9.25,
        6.25,
        9.7625
      ],
      "to": [
        10.25,
        7.75,
        11.2625
      ],
      "rotation": {
        "angle": 0,
        "axis": "y",
        "origin": [
          10.25,
          6.25,
          9.2625
        ]
      },
      "faces": {
        "north": {
          "uv": [
            13,
            0,
            12,
            1.5
          ],
          "texture": "#0"
        },
        "east": {
          "uv": [
            11.5,
            4,
            10,
            5.5
          ],
          "texture": "#0"
        },
        "south": {
          "uv": [
            3,
            12,
            2,
            13.5
          ],
          "texture": "#0"
        },
        "west": {
          "uv": [
            11.5,
            2,
            10,
            3.5
          ],
          "texture": "#0"
        },
        "up": {
          "uv": [
            12,
            3.5,
            13,
            2
          ],
          "texture": "#0"
        }
      }
    },
    {
      "from": [
        9.25,
        5.75,
        9.2625
      ],
      "to": [
        10.25,
        6.25,
        11.2625
      ],
      "rotation": {
        "angle": 0,
        "axis": "y",
        "origin": [
          10.25,
          5.75,
          9.2625
        ]
      },
      "faces": {
        "north": {
          "uv": [
            14,
            1,
            13,
            1.5
          ],
          "texture": "#0"
        },
        "east": {
          "uv": [
            11,
            12,
            9,
            12.5
          ],
          "texture": "#0"
        },
        "south": {
          "uv": [
            14,
            2,
            13,
            2.5
          ],
          "texture": "#0"
        },
        "west": {
          "uv": [
            14,
            8,
            12,
            8.5
          ],
          "texture": "#0"
        },
        "up": {
          "uv": [
            3,
            13,
            4,
            11
          ],
          "texture": "#0"
        },
        "down": {
          "uv": [
            4,
            11,
            5,
            13
          ],
          "texture": "#0"
        }
      }
    },
    {
      "from": [
        7.5,
        7,
        11.2125
      ],
      "to": [
        8.5,
        8,
        12.2125
      ],
      "rotation": {
        "angle": -22.5,
        "axis": "x",
        "origin": [
          8,
          7.5,
          11.7125
        ]
      },
      "faces": {
        "north": {
          "uv": [
            6,
            8,
            7,
            9
          ],
          "texture": "#0"
        },
        "east": {
          "uv": [
            11,
            12,
            12,
            13
          ],
          "texture": "#0"
        },
        "south": {
          "uv": [
            12,
            11,
            13,
            12
          ],
          "texture": "#0"
        },
        "west": {
          "uv": [
            12,
            12,
            13,
            13
          ],
          "texture": "#0"
        },
        "up": {
          "uv": [
            1,
            14,
            0,
            13
          ],
          "texture": "#0"
        },
        "down": {
          "uv": [
            14,
            0,
            13,
            1
          ],
          "texture": "#0"
        }
      }
    },
    {
      "from": [
        6.88582,
        9,
        6.58653
      ],
      "to": [
        7.88582,
        11,
        7.08653
      ],
      "rotation": {
        "angle": -22.5,
        "axis": "y",
        "origin": [
          7.88582,
          9,
          6.58653
        ]
      },
      "faces": {
        "north": {
          "uv": [
            3,
            6,
            4,
            8
          ],
          "texture": "#0"
        },
        "east": {
          "uv": [
            7,
            12,
            7.5,
            14
          ],
          "texture": "#0"
        },
        "south": {
          "uv": [
            10,
            6,
            11,
            8
          ],
          "texture": "#0"
        },
        "west": {
          "uv": [
            8,
            12,
            8.5,
            14
          ],
          "texture": "#0"
        },
        "up": {
          "uv": [
            2,
            13.5,
            1,
            13
          ],
          "texture": "#0"
        }
      }
    },
    {
      "from": [
        8.11418,
        9,
        6.58653
      ],
      "to": [
        9.11418,
        11,
        7.08653
      ],
      "rotation": {
        "angle": 22.5,
        "axis": "y",
        "origin": [
          8.11418,
          9,
          6.58653
        ]
      },
      "faces": {
        "north": {
          "uv": [
            4,
            6,
            3,
            8
          ],
          "texture": "#0"
        },
        "east": {
          "uv": [
            8.5,
            12,
            8,
            14
          ],
          "texture": "#0"
        },
        "south": {
          "uv": [
            11,
            6,
            10,
            8
          ],
          "texture": "#0"
        },
        "west": {
          "uv": [
            7.5,
            12,
            7,
            14
          ],
          "texture": "#0"
        },
        "up": {
          "uv": [
            1,
            13.5,
            2,
            13
          ],
          "texture": "#0"
        }
      }
    },
    {
      "from": [
        7.45,
        6,
        4.2625
      ],
      "to": [
        8.55,
        6.5,
        4.3125
      ],
      "rotation": {
        "angle": 0,
        "axis": "y",
        "origin": [
          7.25,
          5.5,
          4.2625
        ]
      },
      "faces": {
        "north": {
          "uv": [
            4,
            13,
            5,
            13.5
          ],
          "texture": "#0"
        },
        "south": {
          "uv": [
            4,
            13,
            5,
            13.5
          ],
          "texture": "#0"
        }
      }
    },
    {
      "from": [
        8.65,
        6.675,
        4.5125
      ],
      "to": [
        9.65,
        8.175,
        4.5625
      ],
      "rotation": {
        "angle": 22.5,
        "axis": "z",
        "origin": [
          9.15,
          7.425,
          4.5375
        ]
      },
      "faces": {
        "north": {
          "uv": [
            13,
            6,
            12,
            7.5
          ],
          "texture": "#0"
        },
        "south": {
          "uv": [
            12,
            6,
            13,
            7.5
          ],
          "texture": "#0"
        }
      }
    },
    {
      "from": [
        6.35,
        6.675,
        4.5125
      ],
      "to": [
        7.35,
        8.175,
        4.5625
      ],
      "rotation": {
        "angle": -22.5,
        "axis": "z",
        "origin": [
          6.85,
          7.425,
          4.5375
        ]
      },
      "faces": {
        "north": {
          "uv": [
            12,
            6,
            13,
            7.5
          ],
          "texture": "#0"
        },
        "south": {
          "uv": [
            13,
            6,
            12,
            7.5
          ],
          "texture": "#0"
        }
      }
    }
  ],
  "gui_light": "front",
  "display": {
    "thirdperson_righthand": {
      "rotation": [
        0,
        180,
        0
      ],
      "translation": [
        0,
        2,
        2.75
      ]
    },
    "thirdperson_lefthand": {
      "rotation": [
        76.25,
        0,
        0
      ],
      "translation": [
        0.25,
        -0.25,
        12.75
      ]
    },
    "firstperson_righthand": {
      "rotation": [
        137.75,
        0,
        -180
      ],
      "translation": [
        -1.75,
        2.5,
        0.75
      ],
      "scale": [
        1.07422,
        1.07422,
        1.07422
      ]
    },
    "firstperson_lefthand": {
      "scale": [
        0,
        0,
        0
      ]
    },
    "ground": {
      "translation": [
        0,
        5.5,
        0
      ],
      "scale": [
        1.81836,
        1.81836,
        1.81836
      ]
    },
    "gui": {
      "rotation": [
        0,
        135,
        0
      ],
      "translation": [
        0,
        -0.5,
        0
      ],
      "scale": [
        2.08398,
        2.08398,
        2.08398
      ]
    },
    "head": {
      "translation": [
        0,
        12,
        -2
      ],
      "scale": [
        2.62305,
        2.62305,
        2.62305
      ]
    },
    "fixed": {
      "rotation": [
        -90,
        0,
        0
      ],
      "translation": [
        0,
        0,
        -7
      ],
      "scale": [
        3.25,
        3.25,
        3.25
      ]
    }
  }
}