{
  "credit": "Made by PolygonMC",
  "texture_size": [
    24,
    24
  ],
  "textures": {
    "2": "littlebunny_set:sword",
    "particle": "littlebunny_set:sword"
  },
  "elements": [
    {
      "from": [
        7.5,
        0.75,
        7.5
      ],
      "to": [
        8.5,
        1.75,
        8.5
      ],
      "rotation": {
        "angle": 0,
        "axis": "y",
        "origin": [
          7.5,
          0,
          6.5
        ]
      },
      "faces": {
        "north": {
          "uv": [
            8,
            9.33333,
            8.66667,
            10
          ],
          "texture": "#2"
        },
        "east": {
          "uv": [
            8.66667,
            9.33333,
            9.33333,
            10
          ],
          "texture": "#2"
        },
        "south": {
          "uv": [
            9.33333,
            8.66667,
            10,
            9.33333
          ],
          "texture": "#2"
        },
        "west": {
          "uv": [
            9.33333,
            9.33333,
            10,
            10
          ],
          "texture": "#2"
        },
        "up": {
          "uv": [
            4,
            10.66667,
            3.33333,
            10
          ],
          "texture": "#2"
        },
        "down": {
          "uv": [
            4.66667,
            10,
            4,
            10.66667
          ],
          "texture": "#2"
        }
      }
    },
    {
      "from": [
        7.5,
        2.65,
        7.5
      ],
      "to": [
        8.5,
        3.25,
        8.5
      ],
      "rotation": {
        "angle": 0,
        "axis": "y",
        "origin": [
          7.5,
          -0.25,
          6.5
        ]
      },
      "faces": {
        "north": {
          "uv": [
            10.66667,
            7.33333,
            11.33333,
            7.66667
          ],
          "texture": "#2"
        },
        "east": {
          "uv": [
            8,
            10.66667,
            8.66667,
            11
          ],
          "texture": "#2"
        },
        "south": {
          "uv": [
            10.66667,
            8,
            11.33333,
            8.33333
          ],
          "texture": "#2"
        },
        "west": {
          "uv": [
            8.66667,
            10.66667,
            9.33333,
            11
          ],
          "texture": "#2"
        },
        "up": {
          "uv": [
            10.66667,
            5.33333,
            10,
            4.66667
          ],
          "texture": "#2"
        },
        "down": {
          "uv": [
            10.66667,
            5.33333,
            10,
            6
          ],
          "texture": "#2"
        }
      }
    },
    {
      "from": [
        7.5,
        4.15,
        7.5
      ],
      "to": [
        8.5,
        5.15,
        8.5
      ],
      "rotation": {
        "angle": 0,
        "axis": "y",
        "origin": [
          7.5,
          -0.5,
          6.5
        ]
      },
      "faces": {
        "north": {
          "uv": [
            10,
            6,
            10.66667,
            6.66667
          ],
          "texture": "#2"
        },
        "east": {
          "uv": [
            6.66667,
            10,
            7.33333,
            10.66667
          ],
          "texture": "#2"
        },
        "south": {
          "uv": [
            10,
            6.66667,
            10.66667,
            7.33333
          ],
          "texture": "#2"
        },
        "west": {
          "uv": [
            7.33333,
            10,
            8,
            10.66667
          ],
          "texture": "#2"
        },
        "up": {
          "uv": [
            10.66667,
            8,
            10,
            7.33333
          ],
          "texture": "#2"
        },
        "down": {
          "uv": [
            8.66667,
            10,
            8,
            10.66667
          ],
          "texture": "#2"
        }
      }
    },
    {
      "from": [
        7.6,
        1.75,
        7.6
      ],
      "to": [
        8.4,
        2.65,
        8.4
      ],
      "rotation": {
        "angle": 0,
        "axis": "y",
        "origin": [
          7.5,
          0,
          6.5
        ]
      },
      "faces": {
        "north": {
          "uv": [
            10,
            8,
            10.66667,
            8.66667
          ],
          "texture": "#2"
        },
        "east": {
          "uv": [
            8.66667,
            10,
            9.33333,
            10.66667
          ],
          "texture": "#2"
        },
        "south": {
          "uv": [
            10,
            8.66667,
            10.66667,
            9.33333
          ],
          "texture": "#2"
        },
        "west": {
          "uv": [
            9.33333,
            10,
            10,
            10.66667
          ],
          "texture": "#2"
        }
      }
    },
    {
      "from": [
        7.6,
        3.25,
        7.6
      ],
      "to": [
        8.4,
        4.15,
        8.4
      ],
      "rotation": {
        "angle": 0,
        "axis": "y",
        "origin": [
          7.5,
          -0.25,
          6.5
        ]
      },
      "faces": {
        "north": {
          "uv": [
            10,
            9.33333,
            10.66667,
            10
          ],
          "texture": "#2"
        },
        "east": {
          "uv": [
            10,
            10,
            10.66667,
            10.66667
          ],
          "texture": "#2"
        },
        "south": {
          "uv": [
            10.66667,
            0,
            11.33333,
            0.66667
          ],
          "texture": "#2"
        },
        "west": {
          "uv": [
            10.66667,
            0.66667,
            11.33333,
            1.33333
          ],
          "texture": "#2"
        }
      }
    },
    {
      "from": [
        7.41,
        -0.09,
        7.41
      ],
      "to": [
        8.59,
        1.09,
        8.59
      ],
      "rotation": {
        "angle": -45,
        "axis": "x",
        "origin": [
          8,
          0.5,
          8
        ]
      },
      "faces": {
        "north": {
          "uv": [
            10.66667,
            1.33333,
            11.33333,
            2
          ],
          "texture": "#2"
        },
        "east": {
          "uv": [
            10.66667,
            2,
            11.33333,
            2.66667
          ],
          "texture": "#2"
        },
        "south": {
          "uv": [
            10.66667,
            2.66667,
            11.33333,
            3.33333
          ],
          "texture": "#2"
        },
        "west": {
          "uv": [
            3.33333,
            10.66667,
            4,
            11.33333
          ],
          "texture": "#2"
        },
        "up": {
          "uv": [
            11.33333,
            4,
            10.66667,
            3.33333
          ],
          "texture": "#2"
        },
        "down": {
          "uv": [
            4.66667,
            10.66667,
            4,
            11.33333
          ],
          "texture": "#2"
        }
      }
    },
    {
      "from": [
        7.975,
        -3.75,
        6.125
      ],
      "to": [
        8.025,
        0.75,
        9.875
      ],
      "rotation": {
        "angle": 0,
        "axis": "y",
        "origin": [
          7.95,
          -1.75,
          8
        ]
      },
      "faces": {
        "east": {
          "uv": [
            8,
            0,
            5.33333,
            3
          ],
          "texture": "#2"
        },
        "west": {
          "uv": [
            5.33333,
            0,
            8,
            3
          ],
          "texture": "#2"
        }
      }
    },
    {
      "from": [
        7.4,
        5.15,
        6.9
      ],
      "to": [
        8.6,
        6.15,
        9.1
      ],
      "rotation": {
        "angle": 0,
        "axis": "y",
        "origin": [
          7.5,
          5.15,
          7
        ]
      },
      "faces": {
        "north": {
          "uv": [
            10.66667,
            4,
            11.33333,
            4.66667
          ],
          "texture": "#2"
        },
        "east": {
          "uv": [
            3.33333,
            9.33333,
            4.66667,
            10
          ],
          "texture": "#2"
        },
        "south": {
          "uv": [
            4.66667,
            10.66667,
            5.33333,
            11.33333
          ],
          "texture": "#2"
        },
        "west": {
          "uv": [
            9.33333,
            4,
            10.66667,
            4.66667
          ],
          "texture": "#2"
        },
        "down": {
          "uv": [
            5.33333,
            8,
            4.66667,
            9.33333
          ],
          "texture": "#2"
        }
      }
    },
    {
      "from": [
        7.3,
        5.45,
        7
      ],
      "to": [
        8.7,
        7.45,
        9
      ],
      "rotation": {
        "angle": -45,
        "axis": "x",
        "origin": [
          8,
          6.45,
          8
        ]
      },
      "faces": {
        "north": {
          "uv": [
            8,
            0,
            9,
            1.33333
          ],
          "texture": "#2"
        },
        "east": {
          "uv": [
            6.66667,
            3.33333,
            8,
            4.66667
          ],
          "texture": "#2"
        },
        "south": {
          "uv": [
            8,
            1.33333,
            9,
            2.66667
          ],
          "texture": "#2"
        },
        "west": {
          "uv": [
            6.66667,
            4.66667,
            8,
            6
          ],
          "texture": "#2"
        },
        "up": {
          "uv": [
            9,
            4,
            8,
            2.66667
          ],
          "texture": "#2"
        },
        "down": {
          "uv": [
            4.33333,
            8,
            3.33333,
            9.33333
          ],
          "texture": "#2"
        }
      }
    },
    {
      "from": [
        7,
        5.75,
        7.3
      ],
      "to": [
        9,
        7.15,
        8.7
      ],
      "rotation": {
        "angle": -45,
        "axis": "x",
        "origin": [
          8,
          6.45,
          8
        ]
      },
      "faces": {
        "north": {
          "uv": [
            8,
            4,
            9.33333,
            5
          ],
          "texture": "#2"
        },
        "east": {
          "uv": [
            6.66667,
            8.66667,
            7.66667,
            9.66667
          ],
          "texture": "#2"
        },
        "south": {
          "uv": [
            8,
            5.33333,
            9.33333,
            6.33333
          ],
          "texture": "#2"
        },
        "west": {
          "uv": [
            9.33333,
            0,
            10.33333,
            1
          ],
          "texture": "#2"
        },
        "up": {
          "uv": [
            9.33333,
            7.66667,
            8,
            6.66667
          ],
          "texture": "#2"
        },
        "down": {
          "uv": [
            9.33333,
            8,
            8,
            9
          ],
          "texture": "#2"
        }
      }
    },
    {
      "from": [
        7.5,
        6.1,
        5.5
      ],
      "to": [
        8.5,
        8.1,
        7.5
      ],
      "rotation": {
        "angle": 22.5,
        "axis": "x",
        "origin": [
          8,
          7,
          5
        ]
      },
      "faces": {
        "north": {
          "uv": [
            4.66667,
            9.33333,
            5.33333,
            10.66667
          ],
          "texture": "#2"
        },
        "east": {
          "uv": [
            6.66667,
            6,
            8,
            7.33333
          ],
          "texture": "#2"
        },
        "south": {
          "uv": [
            9.33333,
            4.66667,
            10,
            6
          ],
          "texture": "#2"
        },
        "west": {
          "uv": [
            6.66667,
            7.33333,
            8,
            8.66667
          ],
          "texture": "#2"
        },
        "up": {
          "uv": [
            10,
            7.33333,
            9.33333,
            6
          ],
          "texture": "#2"
        },
        "down": {
          "uv": [
            10,
            7.33333,
            9.33333,
            8.66667
          ],
          "texture": "#2"
        }
      }
    },
    {
      "from": [
        7.5,
        6.1,
        8.5
      ],
      "to": [
        8.5,
        8.1,
        10.5
      ],
      "rotation": {
        "angle": -22.5,
        "axis": "x",
        "origin": [
          8,
          7,
          11
        ]
      },
      "faces": {
        "north": {
          "uv": [
            10,
            4.66667,
            9.33333,
            6
          ],
          "texture": "#2"
        },
        "east": {
          "uv": [
            8,
            6,
            6.66667,
            7.33333
          ],
          "texture": "#2"
        },
        "south": {
          "uv": [
            5.33333,
            9.33333,
            4.66667,
            10.66667
          ],
          "texture": "#2"
        },
        "west": {
          "uv": [
            8,
            7.33333,
            6.66667,
            8.66667
          ],
          "texture": "#2"
        },
        "up": {
          "uv": [
            10,
            6,
            9.33333,
            7.33333
          ],
          "texture": "#2"
        },
        "down": {
          "uv": [
            10,
            8.66667,
            9.33333,
            7.33333
          ],
          "texture": "#2"
        }
      }
    },
    {
      "from": [
        7.75,
        7.15,
        6.8
      ],
      "to": [
        8.25,
        19.15,
        9.2
      ],
      "rotation": {
        "angle": 0,
        "axis": "y",
        "origin": [
          7.75,
          0,
          7
        ]
      },
      "faces": {
        "north": {
          "uv": [
            5.33333,
            3.33333,
            5.66667,
            11.33333
          ],
          "texture": "#2"
        },
        "east": {
          "uv": [
            5,
            0,
            3.33333,
            8
          ],
          "texture": "#2"
        },
        "south": {
          "uv": [
            6,
            3.33333,
            6.33333,
            11.33333
          ],
          "texture": "#2"
        },
        "west": {
          "uv": [
            3.33333,
            0,
            5,
            8
          ],
          "texture": "#2"
        }
      }
    },
    {
      "from": [
        7.745,
        17.94792,
        8
      ],
      "to": [
        8.255,
        19.64792,
        9.7
      ],
      "rotation": {
        "angle": -45,
        "axis": "x",
        "origin": [
          7.745,
          17.94792,
          8
        ]
      },
      "faces": {
        "north": {
          "uv": [
            10.66667,
            4.66667,
            11,
            5.66667
          ],
          "texture": "#2"
        },
        "east": {
          "uv": [
            9.33333,
            1.33333,
            10.33333,
            2.33333
          ],
          "texture": "#2"
        },
        "south": {
          "uv": [
            10.66667,
            6,
            11,
            7
          ],
          "texture": "#2"
        },
        "west": {
          "uv": [
            9.33333,
            2.66667,
            10.33333,
            3.66667
          ],
          "texture": "#2"
        },
        "up": {
          "uv": [
            7,
            11.66667,
            6.66667,
            10.66667
          ],
          "texture": "#2"
        },
        "down": {
          "uv": [
            7.66667,
            10.66667,
            7.33333,
            11.66667
          ],
          "texture": "#2"
        }
      }
    },
    {
      "from": [
        7.975,
        7.15,
        5.75
      ],
      "to": [
        8.025,
        24.15,
        10.25
      ],
      "rotation": {
        "angle": 0,
        "axis": "y",
        "origin": [
          7.975,
          -0.1,
          5.75
        ]
      },
      "faces": {
        "east": {
          "uv": [
            3,
            0,
            0,
            11.33333
          ],
          "texture": "#2"
        },
        "west": {
          "uv": [
            0,
            0,
            3,
            11.33333
          ],
          "texture": "#2"
        }
      }
    }
  ],
  "gui_light": "front",
  "display": {
    "thirdperson_righthand": {
      "translation": [
        0,
        3,
        0.75
      ]
    },
    "thirdperson_lefthand": {
      "translation": [
        0,
        3,
        0.75
      ]
    },
    "firstperson_righthand": {
      "rotation": [
        -10,
        0,
        0
      ],
      "translation": [
        0,
        3.5,
        0
      ]
    },
    "firstperson_lefthand": {
      "rotation": [
        -10,
        0,
        0
      ],
      "translation": [
        0,
        3.5,
        0
      ]
    },
    "ground": {
      "rotation": [
        40,
        0,
        0
      ],
      "translation": [
        0,
        12.25,
        0
      ]
    },
    "gui": {
      "rotation": [
        90,
        -45,
        90
      ],
      "translation": [
        1.25,
        -1.25,
        0
      ],
      "scale": [
        0.82617,
        0.82617,
        0.82617
      ]
    },
    "head": {
      "scale": [
        0,
        0,
        0
      ]
    },
    "fixed": {
      "rotation": [
        0,
        90,
        0
      ],
      "translation": [
        0,
        -6.75,
        -1.5
      ],
      "scale": [
        2,
        2,
        2
      ]
    }
  }
}