{
	"credit": "Made with Blockbench",
	"texture_size": [128, 128],
	"textures": {
		"0": "minehammer:item/valentines/valentines_cosmetics",
		"particle": "minehammer:item/valentines/valentines_cosmetics"
	},
	"elements": [
		{
			"from": [8, 0, 14],
			"to": [9, 1, 15],
			"faces": {
				"north": {"uv": [14.375, 1.75, 14.5, 1.875], "texture": "#0"},
				"east": {"uv": [14.375, 1.75, 14.5, 1.875], "texture": "#0"},
				"south": {"uv": [14.375, 1.75, 14.5, 1.875], "texture": "#0"},
				"west": {"uv": [14.5, 1.75, 14.375, 1.875], "texture": "#0"},
				"up": {"uv": [15.3125, 0.75, 15.4375, 0.875], "texture": "#0"},
				"down": {"uv": [14.5, 1.75, 14.375, 1.875], "texture": "#0"}
			}
		},
		{
			"from": [8, 1, 13],
			"to": [9, 2, 16],
			"faces": {
				"north": {"uv": [14.5, 1.625, 14.625, 1.75], "texture": "#0"},
				"east": {"uv": [14.25, 1.625, 14.625, 1.75], "texture": "#0"},
				"south": {"uv": [14.25, 1.625, 14.375, 1.75], "texture": "#0"},
				"west": {"uv": [14.625, 1.625, 14.25, 1.75], "texture": "#0"},
				"up": {"uv": [15.3125, 0.75, 15.4375, 1.125], "texture": "#0"},
				"down": {"uv": [14.25, 1.625, 14.625, 1.75], "rotation": 90, "texture": "#0"}
			}
		},
		{
			"from": [8, 2, 12],
			"to": [9, 3, 16],
			"faces": {
				"north": {"uv": [14.625, 1.5, 14.75, 1.625], "texture": "#0"},
				"east": {"uv": [14.25, 1.5, 14.75, 1.625], "texture": "#0"},
				"south": {"uv": [14.25, 1.5, 14.375, 1.625], "texture": "#0"},
				"west": {"uv": [14.75, 1.5, 14.25, 1.625], "texture": "#0"},
				"up": {"uv": [14.75, 1.5, 14.25, 1.625], "rotation": 90, "texture": "#0"},
				"down": {"uv": [14.25, 1.5, 14.75, 1.625], "rotation": 90, "texture": "#0"}
			}
		},
		{
			"from": [8, 3, 12],
			"to": [9, 4, 15],
			"faces": {
				"north": {"uv": [15.125, 0.875, 15.25, 1], "texture": "#0"},
				"east": {"uv": [14.375, 1.375, 14.75, 1.5], "texture": "#0"},
				"south": {"uv": [14.375, 1.375, 14.5, 1.5], "texture": "#0"},
				"west": {"uv": [14.75, 1.375, 14.375, 1.5], "texture": "#0"},
				"up": {"uv": [14.75, 1.375, 14.375, 1.5], "rotation": 90, "texture": "#0"},
				"down": {"uv": [0, 0.1875, 0.125, 0.5625], "texture": "#0"}
			}
		},
		{
			"from": [8, 5, 10],
			"to": [9, 6, 12],
			"faces": {
				"north": {"uv": [15.125, 0.875, 15.25, 1], "texture": "#0"},
				"east": {"uv": [15, 0.875, 15.25, 1], "texture": "#0"},
				"south": {"uv": [15, 0.875, 15.125, 1], "texture": "#0"},
				"west": {"uv": [15.125, 1, 14.875, 1.125], "texture": "#0"},
				"up": {"uv": [15.375, 0.75, 15.125, 0.875], "rotation": 90, "texture": "#0"},
				"down": {"uv": [14.875, 1, 15.125, 1.125], "rotation": 90, "texture": "#0"}
			}
		},
		{
			"from": [8, 4, 11],
			"to": [9, 5, 13],
			"faces": {
				"north": {"uv": [15.125, 0.875, 15.25, 1], "texture": "#0"},
				"east": {"uv": [15, 0.875, 15.25, 1], "texture": "#0"},
				"south": {"uv": [15, 0.875, 15.125, 1], "texture": "#0"},
				"west": {"uv": [15.125, 1, 14.875, 1.125], "texture": "#0"},
				"up": {"uv": [15.375, 0.75, 15.125, 0.875], "rotation": 90, "texture": "#0"},
				"down": {"uv": [14.875, 1, 15.125, 1.125], "rotation": 90, "texture": "#0"}
			}
		},
		{
			"from": [8, 6, 9],
			"to": [9, 7, 11],
			"faces": {
				"north": {"uv": [15.125, 0.875, 15.25, 1], "texture": "#0"},
				"east": {"uv": [15, 0.875, 15.25, 1], "texture": "#0"},
				"south": {"uv": [15, 0.875, 15.125, 1], "texture": "#0"},
				"west": {"uv": [15.125, 1, 14.875, 1.125], "texture": "#0"},
				"up": {"uv": [15.375, 0.75, 15.125, 0.875], "rotation": 90, "texture": "#0"},
				"down": {"uv": [14.875, 1, 15.125, 1.125], "rotation": 90, "texture": "#0"}
			}
		},
		{
			"from": [8, 7, 8],
			"to": [9, 8, 10],
			"faces": {
				"north": {"uv": [15.125, 0.875, 15.25, 1], "texture": "#0"},
				"east": {"uv": [15.125, 0.75, 15.375, 0.875], "texture": "#0"},
				"south": {"uv": [15, 0.875, 15.125, 1], "texture": "#0"},
				"west": {"uv": [15.25, 0.875, 15, 1], "texture": "#0"},
				"up": {"uv": [15.375, 0.75, 15.125, 0.875], "rotation": 90, "texture": "#0"},
				"down": {"uv": [14.875, 1, 15.125, 1.125], "rotation": 90, "texture": "#0"}
			}
		},
		{
			"from": [8, 8, 7],
			"to": [9, 9, 9],
			"faces": {
				"north": {"uv": [15.125, 0.875, 15.25, 1], "texture": "#0"},
				"east": {"uv": [15.125, 0.75, 15.375, 0.875], "texture": "#0"},
				"south": {"uv": [15, 0.875, 15.125, 1], "texture": "#0"},
				"west": {"uv": [15.375, 0.75, 15.125, 0.875], "texture": "#0"},
				"up": {"uv": [15.375, 0.75, 15.125, 0.875], "rotation": 90, "texture": "#0"},
				"down": {"uv": [14.875, 1, 15.125, 1.125], "rotation": 90, "texture": "#0"}
			}
		},
		{
			"from": [8, 9, 6],
			"to": [9, 10, 8],
			"faces": {
				"north": {"uv": [15.125, 0.875, 15.25, 1], "texture": "#0"},
				"east": {"uv": [15.125, 0.75, 15.375, 0.875], "texture": "#0"},
				"south": {"uv": [15, 0.875, 15.125, 1], "texture": "#0"},
				"west": {"uv": [15.375, 0.75, 15.125, 0.875], "texture": "#0"},
				"up": {"uv": [15.375, 0.75, 15.125, 0.875], "rotation": 90, "texture": "#0"},
				"down": {"uv": [14.875, 1, 15.125, 1.125], "rotation": 90, "texture": "#0"}
			}
		},
		{
			"from": [8, 10, 5],
			"to": [9, 11, 7],
			"faces": {
				"north": {"uv": [15.125, 0.875, 15.25, 1], "texture": "#0"},
				"east": {"uv": [15.125, 0.75, 15.375, 0.875], "texture": "#0"},
				"south": {"uv": [15, 0.875, 15.125, 1], "texture": "#0"},
				"west": {"uv": [15.375, 0.75, 15.125, 0.875], "texture": "#0"},
				"up": {"uv": [15.375, 0.75, 15.125, 0.875], "rotation": 90, "texture": "#0"},
				"down": {"uv": [14.875, 1, 15.125, 1.125], "rotation": 90, "texture": "#0"}
			}
		},
		{
			"from": [8, 11, 4],
			"to": [9, 12, 6],
			"faces": {
				"north": {"uv": [15.125, 0.875, 15.25, 1], "texture": "#0"},
				"east": {"uv": [15.125, 0.75, 15.375, 0.875], "texture": "#0"},
				"south": {"uv": [15, 0.875, 15.125, 1], "texture": "#0"},
				"west": {"uv": [15.375, 0.75, 15.125, 0.875], "texture": "#0"},
				"up": {"uv": [15.375, 0.75, 15.125, 0.875], "rotation": 90, "texture": "#0"},
				"down": {"uv": [14.875, 1, 15.125, 1.125], "rotation": 90, "texture": "#0"}
			}
		},
		{
			"from": [8, 12, 0],
			"to": [9, 13, 5],
			"faces": {
				"north": {"uv": [15.75, 0.5, 15.875, 0.625], "texture": "#0"},
				"east": {"uv": [15.25, 0.625, 15.875, 0.75], "texture": "#0"},
				"south": {"uv": [15.25, 0.625, 15.375, 0.75], "texture": "#0"},
				"west": {"uv": [15.875, 0.625, 15.25, 0.75], "texture": "#0"},
				"up": {"uv": [15.3125, 0.75, 15.4375, 1.375], "texture": "#0"},
				"down": {"uv": [15.25, 0.5, 15.875, 0.625], "rotation": 90, "texture": "#0"}
			}
		},
		{
			"from": [8, 11, 1],
			"to": [9, 12, 3],
			"faces": {
				"north": {"uv": [15.75, 0.5625, 15.875, 0.6875], "texture": "#0"},
				"east": {"uv": [15.5, 0.75, 15.75, 0.875], "texture": "#0"},
				"south": {"uv": [15.5, 0.75, 15.625, 0.875], "texture": "#0"},
				"west": {"uv": [15.75, 0.75, 15.5, 0.875], "texture": "#0"},
				"up": {"uv": [15.3125, 0.75, 15.4375, 1], "texture": "#0"},
				"down": {"uv": [15.5, 0.75, 15.75, 0.875], "rotation": 90, "texture": "#0"}
			}
		},
		{
			"from": [8, 14, 0],
			"to": [9, 16, 6],
			"faces": {
				"north": {"uv": [15.75, 0.3125, 15.875, 0.5625], "texture": "#0"},
				"east": {"uv": [15.125, 0.25, 15.875, 0.5], "texture": "#0"},
				"south": {"uv": [15.125, 0.25, 15.25, 0.5], "texture": "#0"},
				"west": {"uv": [15.875, 0.25, 15.125, 0.5], "texture": "#0"},
				"up": {"uv": [15.875, 0.3125, 15.125, 0.4375], "rotation": 90, "texture": "#0"},
				"down": {"uv": [15.125, 0.375, 15.875, 0.5], "rotation": 90, "texture": "#0"}
			}
		},
		{
			"from": [8, 13, 0],
			"to": [9, 14, 5],
			"faces": {
				"north": {"uv": [15.75, 0.4375, 15.875, 0.5625], "texture": "#0"},
				"east": {"uv": [15.25, 0.5, 15.875, 0.625], "texture": "#0"},
				"south": {"uv": [15.25, 0.5, 15.375, 0.625], "texture": "#0"},
				"west": {"uv": [15.875, 0.5, 15.25, 0.625], "texture": "#0"},
				"up": {"uv": [15.875, 0.4375, 15.25, 0.5625], "rotation": 90, "texture": "#0"},
				"down": {"uv": [15.25, 0.4375, 15.875, 0.5625], "rotation": 90, "texture": "#0"}
			}
		},
		{
			"from": [8, 16, 0],
			"to": [9, 17, 5],
			"faces": {
				"north": {"uv": [15.75, 0.125, 15.875, 0.25], "texture": "#0"},
				"east": {"uv": [15.25, 0.125, 15.875, 0.25], "texture": "#0"},
				"south": {"uv": [15.25, 0.125, 15.375, 0.25], "texture": "#0"},
				"west": {"uv": [15.875, 0.125, 15.25, 0.25], "texture": "#0"},
				"up": {"uv": [15.875, 0.125, 15.25, 0.25], "rotation": 90, "texture": "#0"},
				"down": {"uv": [0, 0.1875, 0.125, 0.8125], "texture": "#0"}
			}
		}
	],
	"display": {
		"head": {
			"rotation": [-90, -57, -90],
			"translation": [0.5, 0.5, -1],
			"scale": [1.45, 1.45, 1.45]
		}
	}
}