{
	"texture_size": [64, 64],
	"textures": {
		"1": "blossom/blossom_axe",
		"particle": "blossom/blossom_axe"
	},
	"elements": [
		{
			"from": [7.5, 0.625, 7.5],
			"to": [8.5, 16.625, 8.5],
			"rotation": {"angle": 0, "axis": "y", "origin": [8, 8, 8]},
			"faces": {
				"north": {"uv": [2.5, 2.75, 2.75, 6.75], "texture": "#1"},
				"east": {"uv": [2.75, 2.75, 3, 6.75], "texture": "#1"},
				"south": {"uv": [3, 2.75, 3.25, 6.75], "texture": "#1"},
				"west": {"uv": [3.25, 2.75, 3.5, 6.75], "texture": "#1"},
				"up": {"uv": [4.25, 1.25, 4, 1], "texture": "#1"},
				"down": {"uv": [4.25, 6.5, 4, 6.75], "texture": "#1"}
			}
		},
		{
			"from": [7.375, 1.125, 7.375],
			"to": [8.625, 3.625, 8.625],
			"rotation": {"angle": 0, "axis": "y", "origin": [8, 9, 8.125]},
			"faces": {
				"north": {"uv": [5.25, 6.5, 5.625, 7.125], "texture": "#1"},
				"east": {"uv": [5.75, 6.75, 6.125, 7.375], "texture": "#1"},
				"south": {"uv": [6.25, 6.75, 6.625, 7.375], "texture": "#1"},
				"west": {"uv": [6.75, 6.75, 7.125, 7.375], "texture": "#1"},
				"up": {"uv": [7.375, 4.875, 7, 4.5], "texture": "#1"},
				"down": {"uv": [7.375, 5, 7, 5.375], "texture": "#1"}
			}
		},
		{
			"from": [7.375, 4.125, 7.375],
			"to": [8.625, 14.625, 8.625],
			"rotation": {"angle": 0, "axis": "y", "origin": [8, 15, 8.125]},
			"faces": {
				"north": {"uv": [3.5, 2.75, 3.875, 5.375], "texture": "#1"},
				"east": {"uv": [4, 2.75, 4.375, 5.375], "texture": "#1"},
				"south": {"uv": [0, 4.5, 0.375, 7.125], "texture": "#1"},
				"west": {"uv": [4.5, 0, 4.875, 2.625], "texture": "#1"},
				"up": {"uv": [7.375, 6.125, 7, 5.75], "texture": "#1"},
				"down": {"uv": [7.375, 6.25, 7, 6.625], "texture": "#1"}
			}
		},
		{
			"from": [6.60355, -0.14645, 7.25],
			"to": [8.60355, 1.85355, 8.75],
			"rotation": {"angle": 45, "axis": "z", "origin": [8.35355, 1.10355, 8]},
			"faces": {
				"north": {"uv": [6.5, 1, 7, 1.5], "texture": "#1"},
				"east": {"uv": [2.5, 7, 2.875, 7.5], "texture": "#1"},
				"south": {"uv": [6.5, 1.5, 7, 2], "texture": "#1"},
				"west": {"uv": [3, 7, 3.375, 7.5], "texture": "#1"},
				"up": {"uv": [4.5, 7.375, 4, 7], "texture": "#1"},
				"down": {"uv": [5, 7, 4.5, 7.375], "texture": "#1"}
			}
		},
		{
			"from": [6.5, 15.625, 6.5],
			"to": [9.5, 18.625, 9.5],
			"rotation": {"angle": 45, "axis": "z", "origin": [8, 17.125, 8]},
			"faces": {
				"north": {"uv": [4.5, 2.75, 5.25, 3.5], "texture": "#1"},
				"east": {"uv": [4.5, 3.5, 5.25, 4.25], "texture": "#1"},
				"south": {"uv": [4.5, 4.25, 5.25, 5], "texture": "#1"},
				"west": {"uv": [5, 0, 5.75, 0.75], "texture": "#1"},
				"up": {"uv": [5.75, 1.5, 5, 0.75], "texture": "#1"},
				"down": {"uv": [5.75, 1.5, 5, 2.25], "texture": "#1"}
			}
		},
		{
			"from": [6.66667, 16.7848, 10.169],
			"to": [9.16667, 20.0848, 10.189],
			"rotation": {"angle": 22.5, "axis": "x", "origin": [7.91667, 18.4348, 10.179]},
			"faces": {
				"north": {"uv": [5.25, 5.5, 5.875, 6.375], "texture": "#1"},
				"east": {"uv": [2, 7.25, 2.125, 8.125], "texture": "#1"},
				"south": {"uv": [5.75, 0, 6.375, 0.875], "texture": "#1"},
				"west": {"uv": [2.25, 7.25, 2.375, 8.125], "texture": "#1"},
				"up": {"uv": [8.125, 5.125, 7.5, 5], "texture": "#1"},
				"down": {"uv": [8.125, 5.25, 7.5, 5.375], "texture": "#1"}
			}
		},
		{
			"from": [6.66667, 13.93002, 9.23648],
			"to": [9.16667, 17.23002, 9.25648],
			"rotation": {"angle": -22.5, "axis": "x", "origin": [7.91667, 17.91667, 9.75]},
			"faces": {
				"north": {"uv": [5.75, 1, 6.375, 1.875], "texture": "#1"},
				"east": {"uv": [5.25, 7.25, 5.375, 8.125], "texture": "#1"},
				"south": {"uv": [1.25, 6, 1.875, 6.875], "texture": "#1"},
				"west": {"uv": [5.5, 7.25, 5.625, 8.125], "texture": "#1"},
				"up": {"uv": [6.375, 7.625, 5.75, 7.5], "texture": "#1"},
				"down": {"uv": [8.125, 5.75, 7.5, 5.875], "texture": "#1"}
			}
		},
		{
			"from": [4.94109, 15.75, 9.61993],
			"to": [8.24109, 18.25, 9.63993],
			"rotation": {"angle": 22.5, "axis": "y", "origin": [7.91667, 17, 10.179]},
			"faces": {
				"north": {"uv": [4.25, 6, 5.125, 6.625], "texture": "#1"},
				"east": {"uv": [3, 7.5, 3.125, 8.125], "texture": "#1"},
				"south": {"uv": [6, 4.5, 6.875, 5.125], "texture": "#1"},
				"west": {"uv": [3.25, 7.5, 3.375, 8.125], "texture": "#1"},
				"up": {"uv": [8.125, 6.875, 7.25, 6.75], "texture": "#1"},
				"down": {"uv": [8.125, 7, 7.25, 7.125], "texture": "#1"}
			}
		},
		{
			"from": [7.59225, 15.75, 9.61993],
			"to": [10.89225, 18.25, 9.63993],
			"rotation": {"angle": -22.5, "axis": "y", "origin": [7.91667, 17, 10.179]},
			"faces": {
				"north": {"uv": [6, 5.25, 6.875, 5.875], "texture": "#1"},
				"east": {"uv": [4.5, 7.5, 4.625, 8.125], "texture": "#1"},
				"south": {"uv": [6, 6, 6.875, 6.625], "texture": "#1"},
				"west": {"uv": [4.75, 7.5, 4.875, 8.125], "texture": "#1"},
				"up": {"uv": [8.125, 7.375, 7.25, 7.25], "texture": "#1"},
				"down": {"uv": [8.375, 0, 7.5, 0.125], "texture": "#1"}
			}
		},
		{
			"from": [6.66667, 16.7848, 5.811],
			"to": [9.16667, 20.0848, 5.831],
			"rotation": {"angle": -22.5, "axis": "x", "origin": [7.91667, 18.4348, 5.821]},
			"faces": {
				"north": {"uv": [5.25, 4.5, 5.875, 5.375], "texture": "#1"},
				"east": {"uv": [0, 7.25, 0.125, 8.125], "texture": "#1"},
				"south": {"uv": [3.5, 5.5, 4.125, 6.375], "texture": "#1"},
				"west": {"uv": [0.25, 7.25, 0.375, 8.125], "texture": "#1"},
				"up": {"uv": [8.125, 3.375, 7.5, 3.25], "texture": "#1"},
				"down": {"uv": [4.375, 7.5, 3.75, 7.625], "texture": "#1"}
			}
		},
		{
			"from": [6.66667, 13.93002, 6.74352],
			"to": [9.16667, 17.23002, 6.76352],
			"rotation": {"angle": 22.5, "axis": "x", "origin": [7.91667, 17.91667, 6.25]},
			"faces": {
				"north": {"uv": [4.5, 5, 5.125, 5.875], "texture": "#1"},
				"east": {"uv": [5, 6.75, 5.125, 7.625], "texture": "#1"},
				"south": {"uv": [0.5, 5.25, 1.125, 6.125], "texture": "#1"},
				"west": {"uv": [1.75, 7, 1.875, 7.875], "texture": "#1"},
				"up": {"uv": [8.125, 1.625, 7.5, 1.5], "texture": "#1"},
				"down": {"uv": [8.125, 2, 7.5, 2.125], "texture": "#1"}
			}
		},
		{
			"from": [4.94109, 15.75, 6.36007],
			"to": [8.24109, 18.25, 6.38007],
			"rotation": {"angle": -22.5, "axis": "y", "origin": [7.91667, 17, 5.821]},
			"faces": {
				"north": {"uv": [5.25, 3, 6.125, 3.625], "texture": "#1"},
				"east": {"uv": [7.5, 2.5, 7.625, 3.125], "texture": "#1"},
				"south": {"uv": [5.25, 3.75, 6.125, 4.375], "texture": "#1"},
				"west": {"uv": [2.75, 7.5, 2.875, 8.125], "texture": "#1"},
				"up": {"uv": [8.125, 4.125, 7.25, 4], "texture": "#1"},
				"down": {"uv": [8.125, 4.25, 7.25, 4.375], "texture": "#1"}
			}
		},
		{
			"from": [7.59225, 15.75, 6.36007],
			"to": [10.89225, 18.25, 6.38007],
			"rotation": {"angle": 22.5, "axis": "y", "origin": [7.91667, 17, 5.821]},
			"faces": {
				"north": {"uv": [1.25, 5.25, 2.125, 5.875], "texture": "#1"},
				"east": {"uv": [0.75, 7.5, 0.875, 8.125], "texture": "#1"},
				"south": {"uv": [5.25, 2.25, 6.125, 2.875], "texture": "#1"},
				"west": {"uv": [2.5, 7.5, 2.625, 8.125], "texture": "#1"},
				"up": {"uv": [8.125, 3.625, 7.25, 3.5], "texture": "#1"},
				"down": {"uv": [8.125, 3.75, 7.25, 3.875], "texture": "#1"}
			}
		},
		{
			"from": [9.77717, 15.00033, 6.55284],
			"to": [11.05292, 16.68432, 6.56305],
			"rotation": {"angle": -22.5, "axis": "x", "origin": [10.41505, 15.84233, 6.55795]},
			"faces": {
				"north": {"uv": [5.25, 4.5, 5.875, 5.375], "texture": "#1"},
				"east": {"uv": [0, 7.25, 0.125, 8.125], "texture": "#1"},
				"south": {"uv": [3.5, 5.5, 4.125, 6.375], "texture": "#1"},
				"west": {"uv": [0.25, 7.25, 0.375, 8.125], "texture": "#1"},
				"up": {"uv": [8.125, 3.375, 7.5, 3.25], "texture": "#1"},
				"down": {"uv": [4.375, 7.5, 3.75, 7.625], "texture": "#1"}
			}
		},
		{
			"from": [9.77717, 13.54354, 7.02871],
			"to": [11.05292, 15.22753, 7.03892],
			"rotation": {"angle": 22.5, "axis": "x", "origin": [10.41505, 15.57792, 6.77687]},
			"faces": {
				"north": {"uv": [4.5, 5, 5.125, 5.875], "texture": "#1"},
				"east": {"uv": [5, 6.75, 5.125, 7.625], "texture": "#1"},
				"south": {"uv": [0.5, 5.25, 1.125, 6.125], "texture": "#1"},
				"west": {"uv": [1.75, 7, 1.875, 7.875], "texture": "#1"},
				"up": {"uv": [8.125, 1.625, 7.5, 1.5], "texture": "#1"},
				"down": {"uv": [8.125, 2, 7.5, 2.125], "texture": "#1"}
			}
		},
		{
			"from": [8.89661, 14.47227, 6.83304],
			"to": [10.5806, 15.74802, 6.84324],
			"rotation": {"angle": -22.5, "axis": "y", "origin": [10.41505, 15.11015, 6.55795]},
			"faces": {
				"north": {"uv": [5.25, 3, 6.125, 3.625], "texture": "#1"},
				"east": {"uv": [7.5, 2.5, 7.625, 3.125], "texture": "#1"},
				"south": {"uv": [5.25, 3.75, 6.125, 4.375], "texture": "#1"},
				"west": {"uv": [2.75, 7.5, 2.875, 8.125], "texture": "#1"},
				"up": {"uv": [8.125, 4.125, 7.25, 4], "texture": "#1"},
				"down": {"uv": [8.125, 4.25, 7.25, 4.375], "texture": "#1"}
			}
		},
		{
			"from": [10.2495, 14.47227, 6.83304],
			"to": [11.93349, 15.74802, 6.84324],
			"rotation": {"angle": 22.5, "axis": "y", "origin": [10.41505, 15.11015, 6.55795]},
			"faces": {
				"north": {"uv": [1.25, 5.25, 2.125, 5.875], "texture": "#1"},
				"east": {"uv": [0.75, 7.5, 0.875, 8.125], "texture": "#1"},
				"south": {"uv": [5.25, 2.25, 6.125, 2.875], "texture": "#1"},
				"west": {"uv": [2.5, 7.5, 2.625, 8.125], "texture": "#1"},
				"up": {"uv": [8.125, 3.625, 7.25, 3.5], "texture": "#1"},
				"down": {"uv": [8.125, 3.75, 7.25, 3.875], "texture": "#1"}
			}
		},
		{
			"from": [9.25, 7.5, 7.99],
			"to": [11.75, 16.5, 8.01],
			"rotation": {"angle": 22.5, "axis": "z", "origin": [10.5, 12, 8]},
			"faces": {
				"north": {"uv": [0, 2.25, 0.625, 4.5], "texture": "#1"},
				"east": {"uv": [1, 6.25, 1.125, 8.5], "texture": "#1"},
				"south": {"uv": [0.75, 2.25, 1.375, 4.5], "texture": "#1"},
				"west": {"uv": [3.5, 6.5, 3.625, 8.75], "texture": "#1"},
				"up": {"uv": [8.125, 4.625, 7.5, 4.5], "texture": "#1"},
				"down": {"uv": [8.125, 4.75, 7.5, 4.875], "texture": "#1"}
			}
		},
		{
			"from": [9.75, 14.25, 7.99],
			"to": [14.25, 15.75, 8.01],
			"rotation": {"angle": -22.5, "axis": "z", "origin": [12, 15, 8]},
			"faces": {
				"north": {"uv": [6.25, 2.5, 7.375, 2.875], "texture": "#1"},
				"east": {"uv": [7.5, 6, 7.625, 6.375], "texture": "#1"},
				"south": {"uv": [6.25, 3, 7.375, 3.375], "texture": "#1"},
				"west": {"uv": [6.5, 7.5, 6.625, 7.875], "texture": "#1"},
				"up": {"uv": [8.125, 1.875, 7, 1.75], "texture": "#1"},
				"down": {"uv": [8.125, 5.5, 7, 5.625], "texture": "#1"}
			}
		},
		{
			"from": [0.99883, 14.06595, 7.24215],
			"to": [4.99883, 18.86595, 8.81715],
			"rotation": {"angle": 0, "axis": "y", "origin": [6.59732, 13.82127, 8.02965]},
			"faces": {
				"north": {"uv": [1.5, 2.25, 2.5, 3.5], "texture": "#1"},
				"east": {"uv": [2, 6, 2.375, 7.25], "texture": "#1"},
				"south": {"uv": [2.5, 2.25, 1.5, 3.5], "texture": "#1"},
				"west": {"uv": [0.5, 6.25, 0.875, 7.5], "texture": "#1"},
				"up": {"uv": [7.25, 3.875, 6.25, 3.5], "texture": "#1"},
				"down": {"uv": [7.25, 4, 6.25, 4.375], "texture": "#1"}
			}
		},
		{
			"from": [2.50319, 12.59241, 7.62965],
			"to": [6.50319, 16.59241, 8.42965],
			"rotation": {"angle": 22.5, "axis": "z", "origin": [8.10168, 11.54772, 8.02965]},
			"faces": {
				"north": {"uv": [3.5, 0, 4.5, 1], "texture": "#1"},
				"east": {"uv": [4.25, 1, 4.5, 2], "texture": "#1"},
				"south": {"uv": [4.5, 0, 3.5, 1], "texture": "#1"},
				"west": {"uv": [3.75, 6.5, 4, 7.5], "texture": "#1"},
				"up": {"uv": [3.5, 7, 2.5, 6.75], "texture": "#1"},
				"down": {"uv": [5, 6.75, 4, 7], "texture": "#1"}
			}
		},
		{
			"from": [5.96132, 14.04185, 8.02965],
			"to": [10.76132, 22.84185, 8.02965],
			"rotation": {"angle": 22.5, "axis": "z", "origin": [8.35981, 11.79716, 8.02965]},
			"faces": {
				"north": {"uv": [0, 0, 1.25, 2.25], "texture": "#1"},
				"east": {"uv": [0, 0, 0, 2.25], "texture": "#1"},
				"south": {"uv": [1.25, 0, 0, 2.25], "texture": "#1"},
				"west": {"uv": [0, 0, 0, 2.25], "texture": "#1"},
				"up": {"uv": [1.25, 0, 0, 0], "texture": "#1"},
				"down": {"uv": [1.25, 0, 0, 0], "texture": "#1"}
			}
		},
		{
			"from": [-0.19743, 15.32559, 7.65465],
			"to": [7.00257, 17.72559, 8.42965],
			"rotation": {"angle": -22.5, "axis": "z", "origin": [9.3, 14.08876, 8.04215]},
			"faces": {
				"north": {"uv": [2.5, 1.25, 4.25, 1.875], "texture": "#1"},
				"east": {"uv": [4.25, 2, 4.5, 2.625], "texture": "#1"},
				"south": {"uv": [4.25, 1.25, 2.5, 1.875], "texture": "#1"},
				"west": {"uv": [2.25, 5.25, 2.5, 5.875], "texture": "#1"},
				"up": {"uv": [7.5, 2.25, 5.75, 2], "texture": "#1"},
				"down": {"uv": [8, 2.25, 6.25, 2.5], "texture": "#1"}
			}
		},
		{
			"from": [3.00257, 15.31309, 7.22965],
			"to": [7.00257, 17.73809, 8.82965],
			"rotation": {"angle": -22.5, "axis": "z", "origin": [9.3, 14.08876, 8.04215]},
			"faces": {
				"north": {"uv": [0.5, 4.5, 1.5, 5.125], "texture": "#1"},
				"east": {"uv": [7, 1, 7.375, 1.625], "texture": "#1"},
				"south": {"uv": [1.5, 4.5, 0.5, 5.125], "texture": "#1"},
				"west": {"uv": [1.25, 7, 1.625, 7.625], "texture": "#1"},
				"up": {"uv": [7.5, 0.375, 6.5, 0], "texture": "#1"},
				"down": {"uv": [7.5, 0.5, 6.5, 0.875], "texture": "#1"}
			}
		}
	],
	"gui_light": "front",
	"display": {
		"thirdperson_righthand": {
			"rotation": [0, -90, 0],
			"translation": [0.25, -1.25, 2],
			"scale": [0.9, 0.9, 0.9]
		},
		"thirdperson_lefthand": {
			"rotation": [0, 90, 0],
			"translation": [0.25, -1.25, 2],
			"scale": [0.9, 0.9, 0.9]
		},
		"firstperson_righthand": {
			"rotation": [0, -90, 0],
			"translation": [0.25, -0.5, 2],
			"scale": [0.9, 0.9, 0.9]
		},
		"firstperson_lefthand": {
			"rotation": [0, -90, 0],
			"translation": [0.25, -0.5, 2],
			"scale": [0.9, 0.9, 0.9]
		},
		"ground": {
			"rotation": [-45, 0, 0],
			"translation": [0, 4, 0],
			"scale": [0.7, 0.7, 0.7]
		},
		"gui": {
			"rotation": [-180, 0, -140],
			"translation": [-2, -1.75, 0],
			"scale": [0.7, 0.7, 0.7]
		},
		"fixed": {
			"translation": [0, -1.5, -1.5]
		}
	},
	"groups": [
		{
			"name": "group",
			"origin": [8, 8, 8],
			"color": 0,
			"children": [
				{
					"name": "group",
					"origin": [8, 8, 8],
					"color": 0,
					"children": [0, 1, 2, 3, 4]
				},
				{
					"name": "group",
					"origin": [8, 8, 8],
					"color": 0,
					"children": [
						{
							"name": "group",
							"origin": [10.75, 8.25, 15.875],
							"color": 0,
							"children": [5, 6, 7, 8]
						},
						{
							"name": "group",
							"origin": [10.75, 8.25, 15.875],
							"color": 0,
							"children": [9, 10, 11, 12]
						},
						{
							"name": "group",
							"origin": [10.75, 8.25, 15.875],
							"color": 0,
							"children": [13, 14, 15, 16]
						}
					]
				},
				{
					"name": "group",
					"origin": [10.5, 12, 8],
					"color": 0,
					"children": [17, 18]
				},
				{
					"name": "group",
					"origin": [8, 24.41421, 13.53553],
					"color": 0,
					"children": [19, 20, 21, 22, 23]
				}
			]
		}
	]
}