{"credit":"MadewithBlockbench","texture_size":[256,256],"textures":{"1":"minehammer:item/cosmetics/hotdog"},"elements":[{"from":[1.5,26,1],"to":[14.5,29,15],"faces":{"north":{"uv":[6.75,6.4375,7.5625,6.625],"texture":"#1"},"east":{"uv":[6.75,5.9375,7.625,6.125],"texture":"#1"},"south":{"uv":[6.75,6.6875,7.5625,6.875],"texture":"#1"},"west":{"uv":[6.75,6.1875,7.625,6.375],"texture":"#1"},"up":{"uv":[2.5,5.25,1.6875,4.375],"texture":"#1"},"down":{"uv":[5.375,2.3125,4.5625,3.1875],"texture":"#1"}}},{"from":[1.5,-14,1],"to":[14.5,17.5,15],"faces":{"north":{"uv":[1.875,2.3125,2.6875,4.3125],"texture":"#1"},"east":{"uv":[0,2.3125,0.875,4.3125],"texture":"#1"},"south":{"uv":[2.375,0,3.1875,2],"texture":"#1"},"west":{"uv":[0.9375,2.3125,1.8125,4.3125],"texture":"#1"},"up":{"uv":[5.375,4.125,4.5625,3.25],"texture":"#1"},"down":{"uv":[5.375,4.1875,4.5625,5.0625],"texture":"#1"}}},{"from":[1.5,17.5,1],"to":[3.5,26,15],"faces":{"north":{"uv":[5.25,1.625,5.375,2.1875],"texture":"#1"},"east":{"uv":[3.25,5.4375,4.125,6],"texture":"#1"},"south":{"uv":[6.125,0.625,6.25,1.1875],"texture":"#1"},"west":{"uv":[5.4375,3.8125,6.3125,4.375],"texture":"#1"},"up":{"uv":[7.4375,4.1875,7.3125,3.3125],"texture":"#1"},"down":{"uv":[7.625,3.3125,7.5,4.1875],"texture":"#1"}}},{"from":[3.5,17.5,10],"to":[12.5,26,15],"faces":{"north":{"uv":[4.625,1.625,5.1875,2.1875],"texture":"#1"},"east":{"uv":[6.625,3.3125,6.9375,3.875],"texture":"#1"},"south":{"uv":[5.75,3.0625,6.3125,3.625],"texture":"#1"},"west":{"uv":[6.625,3.9375,6.9375,4.5],"texture":"#1"},"up":{"uv":[0.5625,7,0,6.6875],"texture":"#1"},"down":{"uv":[1.1875,6.6875,0.625,7],"texture":"#1"}}},{"from":[12.5,17.5,1],"to":[14.5,26,15],"faces":{"north":{"uv":[7.4375,2.1875,7.5625,2.75],"texture":"#1"},"east":{"uv":[5.4375,4.4375,6.3125,5],"texture":"#1"},"south":{"uv":[7.625,2.0625,7.75,2.625],"texture":"#1"},"west":{"uv":[5.5,0,6.375,0.5625],"texture":"#1"},"up":{"uv":[7.625,5.125,7.5,4.25],"texture":"#1"},"down":{"uv":[2.0625,7.625,1.9375,8.5],"texture":"#1"}}},{"from":[3.5,31,4],"to":[12.5,32,12],"faces":{"north":{"uv":[5.75,3.6875,6.3125,3.75],"texture":"#1"},"east":{"uv":[6.625,4.5625,7.125,4.625],"texture":"#1"},"south":{"uv":[7.75,5.4375,8.3125,5.5],"texture":"#1"},"west":{"uv":[7.8125,2,8.3125,2.0625],"texture":"#1"},"up":{"uv":[7,0.5,6.4375,0],"texture":"#1"},"down":{"uv":[7.125,4.75,6.5625,5.25],"texture":"#1"}}},{"from":[1.5,-15,2],"to":[14.5,-14,14],"faces":{"north":{"uv":[2.125,7.625,2.9375,7.6875],"texture":"#1"},"east":{"uv":[2.5625,4.375,3.3125,4.4375],"texture":"#1"},"south":{"uv":[7.625,6.4375,8.4375,6.5],"texture":"#1"},"west":{"uv":[2.5625,4.5,3.3125,4.5625],"texture":"#1"},"up":{"uv":[5.4375,0.75,4.625,0],"texture":"#1"},"down":{"uv":[5.4375,0.8125,4.625,1.5625],"texture":"#1"}}},{"from":[2.5,29,1],"to":[13.5,30,2],"faces":{"north":{"uv":[7.6875,3.4375,8.375,3.5],"texture":"#1"},"east":{"uv":[6.1875,5.75,6.25,5.8125],"texture":"#1"},"south":{"uv":[7.6875,3.5625,8.375,3.625],"texture":"#1"},"west":{"uv":[4.125,8.25,4.1875,8.3125],"texture":"#1"},"up":{"uv":[8.375,3.75,7.6875,3.6875],"texture":"#1"},"down":{"uv":[8.375,3.8125,7.6875,3.875],"texture":"#1"}}},{"from":[2.5,-15,1],"to":[13.5,-14,2],"faces":{"north":{"uv":[7.6875,3.9375,8.375,4],"texture":"#1"},"east":{"uv":[8.625,0.5,8.6875,0.5625],"texture":"#1"},"south":{"uv":[7.6875,4.0625,8.375,4.125],"texture":"#1"},"west":{"uv":[8.625,0.875,8.6875,0.9375],"texture":"#1"},"up":{"uv":[8.375,4.25,7.6875,4.1875],"texture":"#1"},"down":{"uv":[8.375,4.3125,7.6875,4.375],"texture":"#1"}}},{"from":[2.5,-15,14],"to":[13.5,-14,15],"faces":{"north":{"uv":[7.6875,4.4375,8.375,4.5],"texture":"#1"},"east":{"uv":[8.625,1,8.6875,1.0625],"texture":"#1"},"south":{"uv":[7.6875,4.5625,8.375,4.625],"texture":"#1"},"west":{"uv":[8.625,1.125,8.6875,1.1875],"texture":"#1"},"up":{"uv":[8.375,4.75,7.6875,4.6875],"texture":"#1"},"down":{"uv":[8.375,4.8125,7.6875,4.875],"texture":"#1"}}},{"from":[2.5,29,14],"to":[13.5,30,15],"faces":{"north":{"uv":[7.6875,4.9375,8.375,5],"texture":"#1"},"east":{"uv":[8.625,1.25,8.6875,1.3125],"texture":"#1"},"south":{"uv":[7.6875,5.0625,8.375,5.125],"texture":"#1"},"west":{"uv":[8.625,1.375,8.6875,1.4375],"texture":"#1"},"up":{"uv":[8.375,6,7.6875,5.9375],"texture":"#1"},"down":{"uv":[8.375,6.0625,7.6875,6.125],"texture":"#1"}}},{"from":[-2,-9,15],"to":[-1,25,19],"faces":{"north":{"uv":[0.25,7.0625,0.3125,9.1875],"texture":"#1"},"east":{"uv":[5.4375,1.625,5.6875,3.75],"texture":"#1"},"south":{"uv":[0.375,7.0625,0.4375,9.1875],"texture":"#1"},"west":{"uv":[2.3125,5.4375,2.5625,7.5625],"texture":"#1"},"up":{"uv":[6.4375,5,6.375,4.75],"texture":"#1"},"down":{"uv":[3.0625,7.9375,3,8.1875],"texture":"#1"}}},{"from":[-2,22,15],"to":[-1,26,18],"faces":{"north":{"uv":[3.125,7.9375,3.1875,8.1875],"texture":"#1"},"east":{"uv":[4.3125,4.625,4.5,4.875],"texture":"#1"},"south":{"uv":[6.0625,7.9375,6.125,8.1875],"texture":"#1"},"west":{"uv":[6.8125,2.4375,7,2.6875],"texture":"#1"},"up":{"uv":[2.6875,2.25,2.625,2.0625],"texture":"#1"},"down":{"uv":[8.0625,1.25,8,1.4375],"texture":"#1"}}},{"from":[17,22,15],"to":[18,26,18],"faces":{"north":{"uv":[6.1875,7.9375,6.25,8.1875],"texture":"#1"},"east":{"uv":[3,7.625,3.1875,7.875],"texture":"#1"},"south":{"uv":[8,0,8.0625,0.25],"texture":"#1"},"west":{"uv":[7.625,6.8125,7.8125,7.0625],"texture":"#1"},"up":{"uv":[2.9375,8.1875,2.875,8],"texture":"#1"},"down":{"uv":[7.6875,8,7.625,8.1875],"texture":"#1"}}},{"from":[-2,-10,15],"to":[-1,-7,18],"faces":{"north":{"uv":[7.75,8,7.8125,8.1875],"texture":"#1"},"east":{"uv":[2.375,2.0625,2.5625,2.25],"texture":"#1"},"south":{"uv":[7.875,8,7.9375,8.1875],"texture":"#1"},"west":{"uv":[2.75,7.75,2.9375,7.9375],"texture":"#1"},"up":{"uv":[8.0625,8.1875,8,8],"texture":"#1"},"down":{"uv":[5.5625,8.0625,5.5,8.25],"texture":"#1"}}},{"from":[17,-10,15],"to":[18,-9,18],"faces":{"north":{"uv":[8.625,1.9375,8.6875,2],"texture":"#1"},"east":{"uv":[4.3125,4.9375,4.5,5],"texture":"#1"},"south":{"uv":[2.625,8.625,2.6875,8.6875],"texture":"#1"},"west":{"uv":[2.3125,5.3125,2.5,5.375],"texture":"#1"},"up":{"uv":[5.6875,8.25,5.625,8.0625],"texture":"#1"},"down":{"uv":[5.8125,8.0625,5.75,8.25],"texture":"#1"}}},{"from":[17,-9,15],"to":[18,25,19],"faces":{"north":{"uv":[0.5,7.0625,0.5625,9.1875],"texture":"#1"},"east":{"uv":[2.625,5.4375,2.875,7.5625],"texture":"#1"},"south":{"uv":[0.625,7.0625,0.6875,9.1875],"texture":"#1"},"west":{"uv":[2.9375,5.4375,3.1875,7.5625],"texture":"#1"},"up":{"uv":[8.0625,1.1875,8,0.9375],"texture":"#1"},"down":{"uv":[2.8125,8,2.75,8.25],"texture":"#1"}}},{"from":[-1,-9,15],"to":[17,26,19],"faces":{"north":{"uv":[0,0,1.125,2.25],"texture":"#1"},"east":{"uv":[4.3125,5.125,4.5625,7.375],"texture":"#1"},"south":{"uv":[1.1875,0,2.3125,2.25],"texture":"#1"},"west":{"uv":[4.625,5.125,4.875,7.375],"texture":"#1"},"up":{"uv":[7.6875,5.5625,6.5625,5.3125],"texture":"#1"},"down":{"uv":[7.6875,5.625,6.5625,5.875],"texture":"#1"}}},{"from":[-1,-10,15],"to":[17,-9,18],"faces":{"north":{"uv":[0,0,1.125,2.25],"texture":"#1"},"east":{"uv":[4.3125,5.125,4.5625,7.375],"texture":"#1"},"south":{"uv":[1.1875,0,2.3125,2.25],"texture":"#1"},"west":{"uv":[4.625,5.125,4.875,7.375],"texture":"#1"},"up":{"uv":[7.6875,5.5625,6.5625,5.3125],"texture":"#1"},"down":{"uv":[7.6875,5.625,6.5625,5.875],"texture":"#1"}}},{"from":[-2,-10,6],"to":[2,26,15],"faces":{"north":{"uv":[4.9375,5.125,5.1875,7.375],"texture":"#1"},"east":{"uv":[2.75,2.0625,3.3125,4.3125],"texture":"#1"},"south":{"uv":[5.25,5.125,5.5,7.375],"texture":"#1"},"west":{"uv":[3.375,0,3.9375,2.25],"texture":"#1"},"up":{"uv":[1.5,7.25,1.25,6.6875],"texture":"#1"},"down":{"uv":[7.0625,0.5625,6.8125,1.125],"texture":"#1"}}},{"from":[14,-10,6],"to":[18,26,15],"faces":{"north":{"uv":[1.6875,5.3125,1.9375,7.5625],"texture":"#1"},"east":{"uv":[3.375,2.3125,3.9375,4.5625],"texture":"#1"},"south":{"uv":[2,5.3125,2.25,7.5625],"texture":"#1"},"west":{"uv":[4,0,4.5625,2.25],"texture":"#1"},"up":{"uv":[7.0625,1.75,6.8125,1.1875],"texture":"#1"},"down":{"uv":[7.0625,1.8125,6.8125,2.375],"texture":"#1"}}},{"from":[18,-9,15],"to":[19,25,18],"faces":{"north":{"uv":[0.75,7.0625,0.8125,9.1875],"texture":"#1"},"east":{"uv":[5.5625,5.875,5.75,8],"texture":"#1"},"south":{"uv":[0.875,7.0625,0.9375,9.1875],"texture":"#1"},"west":{"uv":[5.8125,5.875,6,8],"texture":"#1"},"up":{"uv":[5.9375,8.25,5.875,8.0625],"texture":"#1"},"down":{"uv":[8.1875,0,8.125,0.1875],"texture":"#1"}}},{"from":[18,-10,15],"to":[19,-9,17],"faces":{"north":{"uv":[2.75,8.625,2.8125,8.6875],"texture":"#1"},"east":{"uv":[7,4.4375,7.125,4.5],"texture":"#1"},"south":{"uv":[8.625,2.8125,8.6875,2.875],"texture":"#1"},"west":{"uv":[7.3125,4.25,7.4375,4.3125],"texture":"#1"},"up":{"uv":[6.625,8.3125,6.5625,8.1875],"texture":"#1"},"down":{"uv":[6.625,8.375,6.5625,8.5],"texture":"#1"}}},{"from":[-3,-10,15],"to":[-2,25,17],"faces":{"north":{"uv":[0,7.0625,0.0625,9.25],"texture":"#1"},"east":{"uv":[6.5625,5.9375,6.6875,8.125],"texture":"#1"},"south":{"uv":[0.125,7.0625,0.1875,9.25],"texture":"#1"},"west":{"uv":[6.625,0.5625,6.75,2.75],"texture":"#1"},"up":{"uv":[4.1875,8.625,4.125,8.5],"texture":"#1"},"down":{"uv":[8.5625,7.6875,8.5,7.8125],"texture":"#1"}}},{"from":[18,25,15],"to":[19,26,17],"faces":{"north":{"uv":[2.875,8.625,2.9375,8.6875],"texture":"#1"},"east":{"uv":[7.875,8.5,8,8.5625],"texture":"#1"},"south":{"uv":[8.625,2.9375,8.6875,3],"texture":"#1"},"west":{"uv":[8.0625,8.5,8.1875,8.5625],"texture":"#1"},"up":{"uv":[8.3125,8.625,8.25,8.5],"texture":"#1"},"down":{"uv":[8.4375,8.5,8.375,8.625],"texture":"#1"}}},{"from":[-3,25,15],"to":[-2,26,17],"faces":{"north":{"uv":[3,8.625,3.0625,8.6875],"texture":"#1"},"east":{"uv":[8.5,8.5,8.625,8.5625],"texture":"#1"},"south":{"uv":[8.625,3.0625,8.6875,3.125],"texture":"#1"},"west":{"uv":[8.5625,0.25,8.6875,0.3125],"texture":"#1"},"up":{"uv":[2,8.6875,1.9375,8.5625],"texture":"#1"},"down":{"uv":[2.125,8.5625,2.0625,8.6875],"texture":"#1"}}},{"from":[-2,-9,5],"to":[-1,25,6],"faces":{"north":{"uv":[1,7.0625,1.0625,9.1875],"texture":"#1"},"east":{"uv":[1.125,7.0625,1.1875,9.1875],"texture":"#1"},"south":{"uv":[7.125,0,7.1875,2.125],"texture":"#1"},"west":{"uv":[6.3125,7.125,6.375,9.25],"texture":"#1"},"up":{"uv":[3.1875,8.6875,3.125,8.625],"texture":"#1"},"down":{"uv":[8.6875,3.1875,8.625,3.25],"texture":"#1"}}},{"from":[17,-9,5],"to":[18,25,6],"faces":{"north":{"uv":[6.4375,7.125,6.5,9.25],"texture":"#1"},"east":{"uv":[7.125,6.9375,7.1875,9.0625],"texture":"#1"},"south":{"uv":[7.25,0,7.3125,2.125],"texture":"#1"},"west":{"uv":[7.25,6.9375,7.3125,9.0625],"texture":"#1"},"up":{"uv":[3.3125,8.6875,3.25,8.625],"texture":"#1"},"down":{"uv":[3.4375,8.625,3.375,8.6875],"texture":"#1"}}},{"from":[-1,-9,5],"to":[2,25,6],"faces":{"north":{"uv":[3.25,6.0625,3.4375,8.1875],"texture":"#1"},"east":{"uv":[1.25,7.3125,1.3125,9.4375],"texture":"#1"},"south":{"uv":[3.5,6.0625,3.6875,8.1875],"texture":"#1"},"west":{"uv":[1.375,7.3125,1.4375,9.4375],"texture":"#1"},"up":{"uv":[5.6875,1.5,5.5,1.4375],"texture":"#1"},"down":{"uv":[6.3125,1.25,6.125,1.3125],"texture":"#1"}}},{"from":[14,-9,5],"to":[17,25,6],"faces":{"north":{"uv":[3.75,6.0625,3.9375,8.1875],"texture":"#1"},"east":{"uv":[7.375,0,7.4375,2.125],"texture":"#1"},"south":{"uv":[4,6.0625,4.1875,8.1875],"texture":"#1"},"west":{"uv":[7.375,6.9375,7.4375,9.0625],"texture":"#1"},"up":{"uv":[8.3125,1,8.125,0.9375],"texture":"#1"},"down":{"uv":[8.3125,1.0625,8.125,1.125],"texture":"#1"}}},{"from":[-3,-10,7],"to":[-2,26,15],"faces":{"north":{"uv":[1.5625,6.6875,1.625,8.9375],"texture":"#1"},"east":{"uv":[4,2.3125,4.5,4.5625],"texture":"#1"},"south":{"uv":[6.75,6.9375,6.8125,9.1875],"texture":"#1"},"west":{"uv":[0,4.375,0.5,6.625],"texture":"#1"},"up":{"uv":[4.25,5.9375,4.1875,5.4375],"texture":"#1"},"down":{"uv":[7.875,2.125,7.8125,2.625],"texture":"#1"}}},{"from":[18,-10,7],"to":[19,26,15],"faces":{"north":{"uv":[6.875,6.9375,6.9375,9.1875],"texture":"#1"},"east":{"uv":[0.5625,4.375,1.0625,6.625],"texture":"#1"},"south":{"uv":[7,6.9375,7.0625,9.1875],"texture":"#1"},"west":{"uv":[1.125,4.375,1.625,6.625],"texture":"#1"},"up":{"uv":[7.9375,0.5,7.875,0],"texture":"#1"},"down":{"uv":[7.9375,0.9375,7.875,1.4375],"texture":"#1"}}},{"from":[-3,-9,6],"to":[-2,25,7],"faces":{"north":{"uv":[4.25,7.4375,4.3125,9.5625],"texture":"#1"},"east":{"uv":[4.375,7.4375,4.4375,9.5625],"texture":"#1"},"south":{"uv":[4.5,7.4375,4.5625,9.5625],"texture":"#1"},"west":{"uv":[4.625,7.4375,4.6875,9.5625],"texture":"#1"},"up":{"uv":[3.5625,8.6875,3.5,8.625],"texture":"#1"},"down":{"uv":[3.6875,8.625,3.625,8.6875],"texture":"#1"}}},{"from":[18,-9,6],"to":[19,25,7],"faces":{"north":{"uv":[4.75,7.4375,4.8125,9.5625],"texture":"#1"},"east":{"uv":[4.875,7.4375,4.9375,9.5625],"texture":"#1"},"south":{"uv":[5,7.4375,5.0625,9.5625],"texture":"#1"},"west":{"uv":[5.125,7.4375,5.1875,9.5625],"texture":"#1"},"up":{"uv":[3.8125,8.6875,3.75,8.625],"texture":"#1"},"down":{"uv":[3.9375,8.625,3.875,8.6875],"texture":"#1"}}},{"from":[-3,-9,17],"to":[-2,25,18],"faces":{"north":{"uv":[5.25,7.4375,5.3125,9.5625],"texture":"#1"},"east":{"uv":[5.375,7.4375,5.4375,9.5625],"texture":"#1"},"south":{"uv":[7.5,0,7.5625,2.125],"texture":"#1"},"west":{"uv":[7.5,6.9375,7.5625,9.0625],"texture":"#1"},"up":{"uv":[4.0625,8.6875,4,8.625],"texture":"#1"},"down":{"uv":[8.6875,5.1875,8.625,5.25],"texture":"#1"}}},{"from":[8,13,0.5],"to":[11,14,1.5],"faces":{"north":{"uv":[8.125,1.1875,8.3125,1.25],"texture":"#1"},"east":{"uv":[8.625,5.4375,8.6875,5.5],"texture":"#1"},"south":{"uv":[8.125,1.3125,8.3125,1.375],"texture":"#1"},"west":{"uv":[8.625,5.5625,8.6875,5.625],"texture":"#1"},"up":{"uv":[8.3125,7.9375,8.125,7.875],"texture":"#1"},"down":{"uv":[8.3125,8,8.125,8.0625],"texture":"#1"}}},{"from":[7,12,0.5],"to":[10,13,1.5],"faces":{"north":{"uv":[8.125,8.125,8.3125,8.1875],"texture":"#1"},"east":{"uv":[8.625,5.6875,8.6875,5.75],"texture":"#1"},"south":{"uv":[8.25,0,8.4375,0.0625],"texture":"#1"},"west":{"uv":[8.625,5.8125,8.6875,5.875],"texture":"#1"},"up":{"uv":[8.4375,0.1875,8.25,0.125],"texture":"#1"},"down":{"uv":[8.4375,2.5,8.25,2.5625],"texture":"#1"}}},{"from":[6,11,0.5],"to":[9,12,1.5],"faces":{"north":{"uv":[2.875,8.25,3.0625,8.3125],"texture":"#1"},"east":{"uv":[6,8.625,6.0625,8.6875],"texture":"#1"},"south":{"uv":[3.125,8.25,3.3125,8.3125],"texture":"#1"},"west":{"uv":[6.125,8.625,6.1875,8.6875],"texture":"#1"},"up":{"uv":[3.5625,8.3125,3.375,8.25],"texture":"#1"},"down":{"uv":[3.8125,8.25,3.625,8.3125],"texture":"#1"}}},{"from":[5,10,0.5],"to":[8,11,1.5],"faces":{"north":{"uv":[3.875,8.25,4.0625,8.3125],"texture":"#1"},"east":{"uv":[8.625,6.1875,8.6875,6.25],"texture":"#1"},"south":{"uv":[6,8.25,6.1875,8.3125],"texture":"#1"},"west":{"uv":[8.625,6.3125,8.6875,6.375],"texture":"#1"},"up":{"uv":[7.8125,8.3125,7.625,8.25],"texture":"#1"},"down":{"uv":[8.4375,7.75,8.25,7.8125],"texture":"#1"}}},{"from":[6,9,0.5],"to":[9,10,1.5],"faces":{"north":{"uv":[7.875,8.25,8.0625,8.3125],"texture":"#1"},"east":{"uv":[8.625,6.8125,8.6875,6.875],"texture":"#1"},"south":{"uv":[8.125,8.25,8.3125,8.3125],"texture":"#1"},"west":{"uv":[8.625,6.9375,8.6875,7],"texture":"#1"},"up":{"uv":[8.5,0.3125,8.3125,0.25],"texture":"#1"},"down":{"uv":[8.5,0.375,8.3125,0.4375],"texture":"#1"}}},{"from":[7,8,0.5],"to":[10,9,1.5],"faces":{"north":{"uv":[5.5,8.3125,5.6875,8.375],"texture":"#1"},"east":{"uv":[7.625,8.625,7.6875,8.6875],"texture":"#1"},"south":{"uv":[5.75,8.3125,5.9375,8.375],"texture":"#1"},"west":{"uv":[8.625,7.6875,8.6875,7.75],"texture":"#1"},"up":{"uv":[8.5625,0.5625,8.375,0.5],"texture":"#1"},"down":{"uv":[8.5625,0.9375,8.375,1],"texture":"#1"}}},{"from":[8,7,0.5],"to":[11,8,1.5],"faces":{"north":{"uv":[8.375,1.0625,8.5625,1.125],"texture":"#1"},"east":{"uv":[7.75,8.625,7.8125,8.6875],"texture":"#1"},"south":{"uv":[8.375,1.1875,8.5625,1.25],"texture":"#1"},"west":{"uv":[8.625,7.8125,8.6875,7.875],"texture":"#1"},"up":{"uv":[8.5625,1.375,8.375,1.3125],"texture":"#1"},"down":{"uv":[8.5625,1.4375,8.375,1.5],"texture":"#1"}}},{"from":[7,6,0.5],"to":[10,7,1.5],"faces":{"north":{"uv":[8.375,2,8.5625,2.0625],"texture":"#1"},"east":{"uv":[7.875,8.625,7.9375,8.6875],"texture":"#1"},"south":{"uv":[2.75,8.375,2.9375,8.4375],"texture":"#1"},"west":{"uv":[8.625,7.9375,8.6875,8],"texture":"#1"},"up":{"uv":[8.5625,2.875,8.375,2.8125],"texture":"#1"},"down":{"uv":[8.5625,2.9375,8.375,3],"texture":"#1"}}},{"from":[6,5,0.5],"to":[9,6,1.5],"faces":{"north":{"uv":[3,8.375,3.1875,8.4375],"texture":"#1"},"east":{"uv":[8,8.625,8.0625,8.6875],"texture":"#1"},"south":{"uv":[8.375,3.0625,8.5625,3.125],"texture":"#1"},"west":{"uv":[8.625,8.0625,8.6875,8.125],"texture":"#1"},"up":{"uv":[8.5625,3.25,8.375,3.1875],"texture":"#1"},"down":{"uv":[3.4375,8.375,3.25,8.4375],"texture":"#1"}}},{"from":[5,4,0.5],"to":[8,5,1.5],"faces":{"north":{"uv":[3.5,8.375,3.6875,8.4375],"texture":"#1"},"east":{"uv":[8.125,8.625,8.1875,8.6875],"texture":"#1"},"south":{"uv":[3.75,8.375,3.9375,8.4375],"texture":"#1"},"west":{"uv":[8.625,8.1875,8.6875,8.25],"texture":"#1"},"up":{"uv":[4.1875,8.4375,4,8.375],"texture":"#1"},"down":{"uv":[8.5625,5.1875,8.375,5.25],"texture":"#1"}}},{"from":[6,3,0.5],"to":[9,4,1.5],"faces":{"north":{"uv":[8.375,5.4375,8.5625,5.5],"texture":"#1"},"east":{"uv":[8.625,8.3125,8.6875,8.375],"texture":"#1"},"south":{"uv":[8.375,5.5625,8.5625,5.625],"texture":"#1"},"west":{"uv":[8.5,8.625,8.5625,8.6875],"texture":"#1"},"up":{"uv":[8.5625,5.75,8.375,5.6875],"texture":"#1"},"down":{"uv":[8.5625,5.8125,8.375,5.875],"texture":"#1"}}},{"from":[7,2,0.5],"to":[10,3,1.5],"faces":{"north":{"uv":[6,8.375,6.1875,8.4375],"texture":"#1"},"east":{"uv":[8.625,8.625,8.6875,8.6875],"texture":"#1"},"south":{"uv":[8.375,6.1875,8.5625,6.25],"texture":"#1"},"west":{"uv":[8.6875,0.625,8.75,0.6875],"texture":"#1"},"up":{"uv":[8.5625,6.375,8.375,6.3125],"texture":"#1"},"down":{"uv":[8.5625,6.8125,8.375,6.875],"texture":"#1"}}},{"from":[8,1,0.5],"to":[11,2,1.5],"faces":{"north":{"uv":[8.375,6.9375,8.5625,7],"texture":"#1"},"east":{"uv":[8.6875,0.75,8.75,0.8125],"texture":"#1"},"south":{"uv":[7.625,8.375,7.8125,8.4375],"texture":"#1"},"west":{"uv":[8.6875,1.5,8.75,1.5625],"texture":"#1"},"up":{"uv":[8.0625,8.4375,7.875,8.375],"texture":"#1"},"down":{"uv":[8.5625,7.875,8.375,7.9375],"texture":"#1"}}},{"from":[7,0,0.5],"to":[10,1,1.5],"faces":{"north":{"uv":[8.375,8,8.5625,8.0625],"texture":"#1"},"east":{"uv":[8.6875,1.625,8.75,1.6875],"texture":"#1"},"south":{"uv":[8.125,8.375,8.3125,8.4375],"texture":"#1"},"west":{"uv":[8.6875,1.75,8.75,1.8125],"texture":"#1"},"up":{"uv":[8.5625,8.1875,8.375,8.125],"texture":"#1"},"down":{"uv":[8.5625,8.25,8.375,8.3125],"texture":"#1"}}},{"from":[6,-1,0.5],"to":[9,0,1.5],"faces":{"north":{"uv":[8.375,8.375,8.5625,8.4375],"texture":"#1"},"east":{"uv":[8.6875,2.0625,8.75,2.125],"texture":"#1"},"south":{"uv":[8.4375,0.625,8.625,0.6875],"texture":"#1"},"west":{"uv":[2.1875,8.6875,2.25,8.75],"texture":"#1"},"up":{"uv":[8.625,0.8125,8.4375,0.75],"texture":"#1"},"down":{"uv":[8.625,1.5625,8.4375,1.625],"texture":"#1"}}},{"from":[5,-2,0.5],"to":[8,-1,1.5],"faces":{"north":{"uv":[8.4375,1.6875,8.625,1.75],"texture":"#1"},"east":{"uv":[8.6875,2.1875,8.75,2.25],"texture":"#1"},"south":{"uv":[8.4375,1.8125,8.625,1.875],"texture":"#1"},"west":{"uv":[8.6875,2.3125,8.75,2.375],"texture":"#1"},"up":{"uv":[2.3125,8.5,2.125,8.4375],"texture":"#1"},"down":{"uv":[8.625,2.125,8.4375,2.1875],"texture":"#1"}}},{"from":[6,-3,0.5],"to":[9,-2,1.5],"faces":{"north":{"uv":[8.4375,2.25,8.625,2.3125],"texture":"#1"},"east":{"uv":[8.6875,3.4375,8.75,3.5],"texture":"#1"},"south":{"uv":[2.375,8.4375,2.5625,8.5],"texture":"#1"},"west":{"uv":[8.6875,3.5625,8.75,3.625],"texture":"#1"},"up":{"uv":[8.625,2.4375,8.4375,2.375],"texture":"#1"},"down":{"uv":[8.625,3.4375,8.4375,3.5],"texture":"#1"}}},{"from":[7,-4,0.5],"to":[10,-3,1.5],"faces":{"north":{"uv":[8.4375,3.5625,8.625,3.625],"texture":"#1"},"east":{"uv":[8.6875,3.6875,8.75,3.75],"texture":"#1"},"south":{"uv":[8.4375,3.6875,8.625,3.75],"texture":"#1"},"west":{"uv":[8.6875,3.8125,8.75,3.875],"texture":"#1"},"up":{"uv":[8.625,3.875,8.4375,3.8125],"texture":"#1"},"down":{"uv":[8.625,3.9375,8.4375,4],"texture":"#1"}}},{"from":[8,-5,0.5],"to":[11,-4,1.5],"faces":{"north":{"uv":[8.4375,4.0625,8.625,4.125],"texture":"#1"},"east":{"uv":[8.6875,3.9375,8.75,4],"texture":"#1"},"south":{"uv":[8.4375,4.1875,8.625,4.25],"texture":"#1"},"west":{"uv":[8.6875,4.0625,8.75,4.125],"texture":"#1"},"up":{"uv":[8.625,4.375,8.4375,4.3125],"texture":"#1"},"down":{"uv":[8.625,4.4375,8.4375,4.5],"texture":"#1"}}},{"from":[7,-6,0.5],"to":[10,-5,1.5],"faces":{"north":{"uv":[8.4375,4.5625,8.625,4.625],"texture":"#1"},"east":{"uv":[4.125,8.6875,4.1875,8.75],"texture":"#1"},"south":{"uv":[8.4375,4.6875,8.625,4.75],"texture":"#1"},"west":{"uv":[8.6875,4.1875,8.75,4.25],"texture":"#1"},"up":{"uv":[8.625,4.875,8.4375,4.8125],"texture":"#1"},"down":{"uv":[8.625,4.9375,8.4375,5],"texture":"#1"}}},{"from":[6,-7,0.5],"to":[9,-6,1.5],"faces":{"north":{"uv":[8.4375,5.0625,8.625,5.125],"texture":"#1"},"east":{"uv":[8.6875,4.3125,8.75,4.375],"texture":"#1"},"south":{"uv":[8.4375,5.3125,8.625,5.375],"texture":"#1"},"west":{"uv":[8.6875,4.4375,8.75,4.5],"texture":"#1"},"up":{"uv":[5.6875,8.5,5.5,8.4375],"texture":"#1"},"down":{"uv":[5.9375,8.4375,5.75,8.5],"texture":"#1"}}},{"from":[5,-8,0.5],"to":[8,-7,1.5],"faces":{"north":{"uv":[8.4375,5.9375,8.625,6],"texture":"#1"},"east":{"uv":[8.6875,4.5625,8.75,4.625],"texture":"#1"},"south":{"uv":[8.4375,6.0625,8.625,6.125],"texture":"#1"},"west":{"uv":[8.6875,4.6875,8.75,4.75],"texture":"#1"},"up":{"uv":[8.625,7.125,8.4375,7.0625],"texture":"#1"},"down":{"uv":[8.625,7.1875,8.4375,7.25],"texture":"#1"}}},{"from":[6,-9,0.5],"to":[9,-8,1.5],"faces":{"north":{"uv":[8.4375,7.3125,8.625,7.375],"texture":"#1"},"east":{"uv":[8.6875,4.8125,8.75,4.875],"texture":"#1"},"south":{"uv":[8.4375,7.4375,8.625,7.5],"texture":"#1"},"west":{"uv":[8.6875,4.9375,8.75,5],"texture":"#1"},"up":{"uv":[8.625,7.625,8.4375,7.5625],"texture":"#1"},"down":{"uv":[8.6875,0,8.5,0.0625],"texture":"#1"}}},{"from":[7,-10,0.5],"to":[10,-9,1.5],"faces":{"north":{"uv":[8.5,0.125,8.6875,0.1875],"texture":"#1"},"east":{"uv":[8.6875,5.0625,8.75,5.125],"texture":"#1"},"south":{"uv":[8.5,2.5,8.6875,2.5625],"texture":"#1"},"west":{"uv":[8.6875,5.3125,8.75,5.375],"texture":"#1"},"up":{"uv":[2.8125,8.5625,2.625,8.5],"texture":"#1"},"down":{"uv":[3.0625,8.5,2.875,8.5625],"texture":"#1"}}},{"from":[8,-11,0.5],"to":[11,-10,1.5],"faces":{"north":{"uv":[3.125,8.5,3.3125,8.5625],"texture":"#1"},"east":{"uv":[5.5,8.6875,5.5625,8.75],"texture":"#1"},"south":{"uv":[8.5,3.3125,8.6875,3.375],"texture":"#1"},"west":{"uv":[5.625,8.6875,5.6875,8.75],"texture":"#1"},"up":{"uv":[3.5625,8.5625,3.375,8.5],"texture":"#1"},"down":{"uv":[3.8125,8.5,3.625,8.5625],"texture":"#1"}}},{"from":[1.5,29,2],"to":[14.5,30,14],"faces":{"north":{"uv":[7.625,6.5625,8.4375,6.625],"texture":"#1"},"east":{"uv":[7.625,7.125,8.375,7.1875],"texture":"#1"},"south":{"uv":[7.625,6.6875,8.4375,6.75],"texture":"#1"},"west":{"uv":[7.625,7.25,8.375,7.3125],"texture":"#1"},"up":{"uv":[3.375,5.375,2.5625,4.625],"texture":"#1"},"down":{"uv":[4.25,4.625,3.4375,5.375],"texture":"#1"}}},{"from":[12.5,30,3],"to":[13.5,31,13],"faces":{"north":{"uv":[5.75,8.6875,5.8125,8.75],"texture":"#1"},"east":{"uv":[7.6875,6.1875,8.3125,6.25],"texture":"#1"},"south":{"uv":[8.6875,5.9375,8.75,6],"texture":"#1"},"west":{"uv":[7.6875,6.3125,8.3125,6.375],"texture":"#1"},"up":{"uv":[6.25,5.6875,6.1875,5.0625],"texture":"#1"},"down":{"uv":[7.8125,0,7.75,0.625],"texture":"#1"}}},{"from":[2.5,30,3],"to":[3.5,31,13],"faces":{"north":{"uv":[8.6875,6.0625,8.75,6.125],"texture":"#1"},"east":{"uv":[7.75,0.6875,8.375,0.75],"texture":"#1"},"south":{"uv":[8.6875,7.0625,8.75,7.125],"texture":"#1"},"west":{"uv":[7.75,0.8125,8.375,0.875],"texture":"#1"},"up":{"uv":[7.8125,1.5625,7.75,0.9375],"texture":"#1"},"down":{"uv":[2.1875,7.75,2.125,8.375],"texture":"#1"}}},{"from":[3.5,30,2],"to":[12.5,31,14],"faces":{"north":{"uv":[7.75,5.5625,8.3125,5.625],"texture":"#1"},"east":{"uv":[7.625,7.375,8.375,7.4375],"texture":"#1"},"south":{"uv":[7.75,5.6875,8.3125,5.75],"texture":"#1"},"west":{"uv":[7.625,7.5,8.375,7.5625],"texture":"#1"},"up":{"uv":[6.0625,1.375,5.5,0.625],"texture":"#1"},"down":{"uv":[6.125,5.0625,5.5625,5.8125],"texture":"#1"}}},{"from":[4.5,31,3],"to":[11.5,32,4],"faces":{"north":{"uv":[7.875,0.5625,8.3125,0.625],"texture":"#1"},"east":{"uv":[8.6875,7.1875,8.75,7.25],"texture":"#1"},"south":{"uv":[7.875,1.5,8.3125,1.5625],"texture":"#1"},"west":{"uv":[8.6875,7.3125,8.75,7.375],"texture":"#1"},"up":{"uv":[8.3125,6.875,7.875,6.8125],"texture":"#1"},"down":{"uv":[8.3125,6.9375,7.875,7],"texture":"#1"}}},{"from":[4.5,31,12],"to":[11.5,32,13],"faces":{"north":{"uv":[7.625,7.875,8.0625,7.9375],"texture":"#1"},"east":{"uv":[8.6875,7.4375,8.75,7.5],"texture":"#1"},"south":{"uv":[7.9375,2.125,8.375,2.1875],"texture":"#1"},"west":{"uv":[8.6875,7.5625,8.75,7.625],"texture":"#1"},"up":{"uv":[8.375,2.3125,7.9375,2.25],"texture":"#1"},"down":{"uv":[8.375,2.375,7.9375,2.4375],"texture":"#1"}}},{"from":[12.5,-16,3],"to":[13.5,-15,13],"faces":{"north":{"uv":[8.25,8.6875,8.3125,8.75],"texture":"#1"},"east":{"uv":[7.75,1.625,8.375,1.6875],"texture":"#1"},"south":{"uv":[8.375,8.6875,8.4375,8.75],"texture":"#1"},"west":{"uv":[7.75,1.75,8.375,1.8125],"texture":"#1"},"up":{"uv":[2.3125,8.375,2.25,7.75],"texture":"#1"},"down":{"uv":[2.4375,7.75,2.375,8.375],"texture":"#1"}}},{"from":[2.5,-16,3],"to":[3.5,-15,13],"faces":{"north":{"uv":[8.6875,8.4375,8.75,8.5],"texture":"#1"},"east":{"uv":[7.75,1.875,8.375,1.9375],"texture":"#1"},"south":{"uv":[8.75,0,8.8125,0.0625],"texture":"#1"},"west":{"uv":[7.75,5.3125,8.375,5.375],"texture":"#1"},"up":{"uv":[2.5625,8.375,2.5,7.75],"texture":"#1"},"down":{"uv":[2.6875,7.75,2.625,8.375],"texture":"#1"}}},{"from":[3.5,-16,2],"to":[12.5,-15,14],"faces":{"north":{"uv":[7.75,5.8125,8.3125,5.875],"texture":"#1"},"east":{"uv":[7.625,7.625,8.375,7.6875],"texture":"#1"},"south":{"uv":[7.625,7.75,8.1875,7.8125],"texture":"#1"},"west":{"uv":[7.6875,3.3125,8.4375,3.375],"texture":"#1"},"up":{"uv":[6.3125,2.1875,5.75,1.4375],"texture":"#1"},"down":{"uv":[6.3125,2.25,5.75,3],"texture":"#1"}}},{"from":[-2,26,7],"to":[2,26.5,15],"faces":{"north":{"uv":[7.1875,5,7.4375,5.0625],"texture":"#1"},"east":{"uv":[7.8125,2.8125,8.3125,2.875],"texture":"#1"},"south":{"uv":[7.9375,2.5,8.1875,2.5625],"texture":"#1"},"west":{"uv":[7.8125,2.9375,8.3125,3],"texture":"#1"},"up":{"uv":[7.25,3.8125,7,3.3125],"texture":"#1"},"down":{"uv":[7.25,3.875,7,4.375],"texture":"#1"}}},{"from":[-1,26,15],"to":[17,26.5,18],"faces":{"north":{"uv":[7.1875,5.1875,8.3125,5.25],"texture":"#1"},"east":{"uv":[3.875,8.5,4.0625,8.5625],"texture":"#1"},"south":{"uv":[7.625,2.6875,8.75,2.75],"texture":"#1"},"west":{"uv":[6,8.5,6.1875,8.5625],"texture":"#1"},"up":{"uv":[7.75,3,6.625,2.8125],"texture":"#1"},"down":{"uv":[7.75,3.0625,6.625,3.25],"texture":"#1"}}},{"from":[-2,26,15],"to":[-1,26.5,17],"faces":{"north":{"uv":[8.75,0.125,8.8125,0.1875],"texture":"#1"},"east":{"uv":[8.5625,0.375,8.6875,0.4375],"texture":"#1"},"south":{"uv":[8.75,0.25,8.8125,0.3125],"texture":"#1"},"west":{"uv":[2.1875,8.5625,2.3125,8.625],"texture":"#1"},"up":{"uv":[2.4375,8.6875,2.375,8.5625],"texture":"#1"},"down":{"uv":[2.5625,8.5625,2.5,8.6875],"texture":"#1"}}},{"from":[17,26,15],"to":[18,26.5,17],"faces":{"north":{"uv":[8.75,0.375,8.8125,0.4375],"texture":"#1"},"east":{"uv":[5.5,8.5625,5.625,8.625],"texture":"#1"},"south":{"uv":[8.75,0.5,8.8125,0.5625],"texture":"#1"},"west":{"uv":[5.6875,8.5625,5.8125,8.625],"texture":"#1"},"up":{"uv":[5.9375,8.6875,5.875,8.5625],"texture":"#1"},"down":{"uv":[6.625,8.5625,6.5625,8.6875],"texture":"#1"}}},{"from":[14,26,7],"to":[18,26.5,15],"faces":{"north":{"uv":[8,0.3125,8.25,0.375],"texture":"#1"},"east":{"uv":[7.8125,3.0625,8.3125,3.125],"texture":"#1"},"south":{"uv":[8,0.4375,8.25,0.5],"texture":"#1"},"west":{"uv":[7.8125,3.1875,8.3125,3.25],"texture":"#1"},"up":{"uv":[7.375,2.6875,7.125,2.1875],"texture":"#1"},"down":{"uv":[7.4375,4.4375,7.1875,4.9375],"texture":"#1"}}},{"from":[14,-8,4.5],"to":[17,24,5.5],"faces":{"north":{"uv":[6.0625,5.875,6.25,7.875],"texture":"#1"},"east":{"uv":[3.25,0,3.3125,2],"texture":"#1"},"south":{"uv":[6.3125,5.0625,6.5,7.0625],"texture":"#1"},"west":{"uv":[7.625,0,7.6875,2],"texture":"#1"},"up":{"uv":[8.6875,6.5,8.5,6.4375],"texture":"#1"},"down":{"uv":[8.6875,6.5625,8.5,6.625],"texture":"#1"}}},{"from":[-1,-8,4.5],"to":[2,24,5.5],"faces":{"north":{"uv":[6.375,0.625,6.5625,2.625],"texture":"#1"},"east":{"uv":[1.6875,7.625,1.75,9.625],"texture":"#1"},"south":{"uv":[6.375,2.6875,6.5625,4.6875],"texture":"#1"},"west":{"uv":[1.8125,7.625,1.875,9.625],"texture":"#1"},"up":{"uv":[8.6875,6.75,8.5,6.6875],"texture":"#1"},"down":{"uv":[7.8125,8.5,7.625,8.5625],"texture":"#1"}}}],"display":{"thirdperson_righthand":{"rotation":[75,45,0],"translation":[0,1.5,0],"scale":[0.2,0.2,0.2]},"thirdperson_lefthand":{"rotation":[75,45,0],"translation":[0,2.5,0],"scale":[0.2,0.2,0.2]},"firstperson_righthand":{"rotation":[0,45,0],"scale":[0.4,0.4,0.4]},"firstperson_lefthand":{"rotation":[0,225,0],"scale":[0.4,0.4,0.4]},"ground":{"translation":[0,3,0],"scale":[0.25,0.25,0.25]},"gui":{"rotation":[30,225,0],"translation":[0.25,0,0],"scale":[0.33,0.33,0.33]},"head":{"translation":[0,-14.25,0],"scale":[1.13086,0.96484,1.05664]},"fixed":{"scale":[0.5,0.5,0.5]}},"groups":[{"name":"group","origin":[0,0,0],"color":0,"children":[0,1,2,3,4,5,6,7,8,9,10,11,12,13,14,15,16,17,18,19,20,21,22,23,24,25,26,27,28,29,30,31,32,33,34,35,36,37,38,39,40,41,42,43,44,45,46,47,48,49,50,51,52,53,54,55,56,57,58,59,60,61,62,63,64,65,66,67,68,69,70,71,72,73,74,75]}]}