{
	"credit": "MadewithBlockbench",
	"texture_size": [128, 128],
	"textures": {
		"0": "elitecreatures:industrial_kitchen_v1/ik_table_with_cupboard_2",
		"particle": "elitecreatures:industrial_kitchen_v1/ik_table_with_cupboard_2"
	},
	"elements": [
		{
			"from": [0, 1, 0],
			"to": [16, 2, 32],
			"faces": {
				"north": {"uv": [4, 9.5, 6, 9.625], "texture": "#0"},
				"east": {"uv": [7.875, 3, 11.875, 3.125], "texture": "#0"},
				"south": {"uv": [4, 9.5, 6, 9.625], "texture": "#0"},
				"west": {"uv": [7.875, 3.125, 11.875, 3.25], "texture": "#0"},
				"up": {"uv": [2, 8, 0, 4], "texture": "#0"},
				"down": {"uv": [4, 4, 2, 8], "texture": "#0"}
			}
		},
		{
			"from": [14, 0, 0],
			"to": [16, 1, 2],
			"faces": {
				"north": {"uv": [6.75, 8, 7, 8.125], "texture": "#0"},
				"east": {"uv": [7, 8, 7.25, 8.125], "texture": "#0"},
				"south": {"uv": [7.25, 8, 7.5, 8.125], "texture": "#0"},
				"west": {"uv": [6.75, 8.125, 7, 8.25], "texture": "#0"},
				"up": {"uv": [6.5, 4, 6.25, 3.75], "texture": "#0"},
				"down": {"uv": [6.75, 3.75, 6.5, 4], "texture": "#0"}
			}
		},
		{
			"from": [0, 0, 30],
			"to": [2, 1, 32],
			"faces": {
				"north": {"uv": [6.75, 8, 7, 8.125], "texture": "#0"},
				"east": {"uv": [7, 8, 7.25, 8.125], "texture": "#0"},
				"south": {"uv": [7.25, 8, 7.5, 8.125], "texture": "#0"},
				"west": {"uv": [6.75, 8.125, 7, 8.25], "texture": "#0"},
				"up": {"uv": [6.5, 4, 6.25, 3.75], "texture": "#0"},
				"down": {"uv": [6.75, 3.75, 6.5, 4], "texture": "#0"}
			}
		},
		{
			"from": [14, 0, 30],
			"to": [16, 1, 32],
			"faces": {
				"north": {"uv": [6.75, 8, 7, 8.125], "texture": "#0"},
				"east": {"uv": [7, 8, 7.25, 8.125], "texture": "#0"},
				"south": {"uv": [7.25, 8, 7.5, 8.125], "texture": "#0"},
				"west": {"uv": [6.75, 8.125, 7, 8.25], "texture": "#0"},
				"up": {"uv": [6.5, 4, 6.25, 3.75], "texture": "#0"},
				"down": {"uv": [6.75, 3.75, 6.5, 4], "texture": "#0"}
			}
		},
		{
			"from": [0, 0, 0],
			"to": [2, 1, 2],
			"faces": {
				"north": {"uv": [6.75, 8, 7, 8.125], "texture": "#0"},
				"east": {"uv": [7, 8, 7.25, 8.125], "texture": "#0"},
				"south": {"uv": [7.25, 8, 7.5, 8.125], "texture": "#0"},
				"west": {"uv": [6.75, 8.125, 7, 8.25], "texture": "#0"},
				"up": {"uv": [6.5, 4, 6.25, 3.75], "texture": "#0"},
				"down": {"uv": [6.75, 3.75, 6.5, 4], "texture": "#0"}
			}
		},
		{
			"from": [2.5, 8, 1],
			"to": [15, 9, 31],
			"faces": {
				"north": {"uv": [6, 7.75, 7.5625, 7.875], "texture": "#0"},
				"east": {"uv": [0.25, 9.5, 4, 9.625], "texture": "#0"},
				"south": {"uv": [6, 7.875, 7.5625, 8], "texture": "#0"},
				"west": {"uv": [0.25, 9.625, 4, 9.75], "texture": "#0"},
				"up": {"uv": [7.5625, 7.75, 6, 4], "texture": "#0"},
				"down": {"uv": [7.8125, 0, 6.25, 3.75], "texture": "#0"}
			}
		},
		{
			"from": [0.5, 2, 16],
			"to": [1.5, 14, 31],
			"faces": {
				"north": {"uv": [1, 9.75, 1.125, 11.25], "texture": "#0"},
				"east": {"uv": [7.625, 6.75, 9.625, 8.25], "texture": "#0"},
				"south": {"uv": [1.125, 9.75, 1.25, 11.25], "texture": "#0"},
				"west": {"uv": [7.875, 0, 9.875, 1.5], "texture": "#0"},
				"up": {"uv": [0.375, 11.75, 0.25, 9.75], "texture": "#0"},
				"down": {"uv": [0.5, 9.75, 0.375, 11.75], "texture": "#0"}
			}
		},
		{
			"from": [0.5, 2, 1],
			"to": [1.5, 14, 16],
			"faces": {
				"north": {"uv": [1.25, 9.75, 1.375, 11.25], "texture": "#0"},
				"east": {"uv": [6, 8.25, 7.875, 9.75], "texture": "#0"},
				"south": {"uv": [1.375, 9.75, 1.5, 11.25], "texture": "#0"},
				"west": {"uv": [7.875, 8.25, 9.75, 9.75], "texture": "#0"},
				"up": {"uv": [0.625, 11.625, 0.5, 9.75], "texture": "#0"},
				"down": {"uv": [0.75, 9.75, 0.625, 11.625], "texture": "#0"}
			}
		},
		{
			"from": [-1, 15, 0],
			"to": [16, 16, 32],
			"faces": {
				"north": {"uv": [9.625, 6.75, 11.75, 6.875], "texture": "#0"},
				"east": {"uv": [7.875, 3.25, 11.875, 3.375], "texture": "#0"},
				"south": {"uv": [9.625, 6.875, 11.75, 7], "texture": "#0"},
				"west": {"uv": [7.875, 3.375, 11.875, 3.5], "texture": "#0"},
				"up": {"uv": [2.125, 4, 0, 0], "texture": "#0"},
				"down": {"uv": [4.25, 0, 2.125, 4], "texture": "#0"}
			}
		},
		{
			"from": [0, 14, 0],
			"to": [16, 15, 32],
			"faces": {
				"north": {"uv": [9.625, 7, 11.625, 7.125], "texture": "#0"},
				"east": {"uv": [7.875, 3.5, 11.875, 3.625], "texture": "#0"},
				"south": {"uv": [9.625, 7, 11.625, 7.125], "texture": "#0"},
				"west": {"uv": [7.875, 3.625, 11.875, 3.75], "texture": "#0"},
				"up": {"uv": [6, 8, 4, 4], "texture": "#0"},
				"down": {"uv": [6.25, 0, 4.25, 4], "texture": "#0"}
			}
		},
		{
			"from": [0, 2, 0],
			"to": [16, 14, 1],
			"faces": {
				"north": {"uv": [7.875, 1.5, 9.875, 3], "texture": "#0"},
				"east": {"uv": [1.5, 9.75, 1.625, 11.25], "texture": "#0"},
				"south": {"uv": [0, 8, 2, 9.5], "texture": "#0"},
				"west": {"uv": [1.625, 9.75, 1.75, 11.25], "texture": "#0"},
				"up": {"uv": [11.625, 7.375, 9.625, 7.25], "texture": "#0"},
				"down": {"uv": [11.625, 7.375, 9.625, 7.5], "texture": "#0"}
			}
		},
		{
			"from": [0, 2, 31],
			"to": [16, 14, 32],
			"faces": {
				"north": {"uv": [2, 8, 4, 9.5], "texture": "#0"},
				"east": {"uv": [1.75, 9.75, 1.875, 11.25], "texture": "#0"},
				"south": {"uv": [7.875, 1.5, 9.875, 3], "texture": "#0"},
				"west": {"uv": [1.875, 9.75, 2, 11.25], "texture": "#0"},
				"up": {"uv": [11.625, 7.625, 9.625, 7.5], "texture": "#0"},
				"down": {"uv": [11.625, 7.625, 9.625, 7.75], "texture": "#0"}
			}
		},
		{
			"from": [15, 2, 1],
			"to": [16, 14, 31],
			"faces": {
				"north": {"uv": [0.75, 9.75, 0.875, 11.25], "texture": "#0"},
				"east": {"uv": [7.625, 3.75, 11.375, 5.25], "texture": "#0"},
				"south": {"uv": [0.875, 9.75, 1, 11.25], "texture": "#0"},
				"west": {"uv": [7.625, 5.25, 11.375, 6.75], "texture": "#0"},
				"up": {"uv": [0.125, 13.25, 0, 9.5], "texture": "#0"},
				"down": {"uv": [0.25, 9.5, 0.125, 13.25], "texture": "#0"}
			}
		},
		{
			"from": [0, 7, 14],
			"to": [1, 8, 15],
			"faces": {
				"north": {"uv": [9.875, 0, 10, 0.125], "texture": "#0"},
				"east": {"uv": [9.875, 0, 10, 0.125], "texture": "#0"},
				"south": {"uv": [9.875, 0, 10, 0.125], "texture": "#0"},
				"west": {"uv": [9.875, 0, 10, 0.125], "texture": "#0"},
				"up": {"uv": [9.875, 0, 10, 0.125], "texture": "#0"},
				"down": {"uv": [9.875, 0, 10, 0.125], "texture": "#0"}
			}
		},
		{
			"from": [0, 7, 17],
			"to": [1, 8, 18],
			"faces": {
				"north": {"uv": [9.875, 0, 10, 0.125], "texture": "#0"},
				"east": {"uv": [9.875, 0, 10, 0.125], "texture": "#0"},
				"south": {"uv": [9.875, 0, 10, 0.125], "texture": "#0"},
				"west": {"uv": [9.875, 0, 10, 0.125], "texture": "#0"},
				"up": {"uv": [9.875, 0, 10, 0.125], "texture": "#0"},
				"down": {"uv": [9.875, 0, 10, 0.125], "texture": "#0"}
			}
		}
	],
	"gui_light": "front",
	"display": {
		"thirdperson_righthand": {
			"rotation": [-14.13, -86.44, 11.48],
			"translation": [2.25, 0, 0.5],
			"scale": [0.26, 0.26, 0.26]
		},
		"thirdperson_lefthand": {
			"rotation": [-14.13, -86.44, 11.48],
			"translation": [2.25, 0, 0.5],
			"scale": [0.26, 0.26, 0.26]
		},
		"firstperson_righthand": {
			"rotation": [-14.13, -86.44, 11.48],
			"translation": [2.25, 1.25, 0.5],
			"scale": [0.26, 0.26, 0.26]
		},
		"firstperson_lefthand": {
			"rotation": [-14.13, -86.44, 11.48],
			"translation": [2.25, 1.25, 0.5],
			"scale": [0.26, 0.26, 0.26]
		},
		"ground": {
			"rotation": [-57.5, -61.9, -84.74],
			"translation": [2.25, 1.25, 0.5],
			"scale": [0.26, 0.26, 0.26]
		},
		"gui": {
			"rotation": [-156.04, 152, 179.9],
			"translation": [-1, 0, 0.5],
			"scale": [0.34, 0.34, 0.34]
		},
		"head": {
			"rotation": [-180, 90, -180],
			"translation": [-12.5, -30.25, 0],
			"scale": [1.6, 1.6, 1.6]
		},
		"fixed": {
			"rotation": [12.87, -86.44, 11.48],
			"translation": [4.75, 1.25, 0.5],
			"scale": [0.6, 0.6, 0.6]
		}
	}
}