{
	"credit": "MadewithBlockbench",
	"texture_size": [128, 128],
	"textures": {
		"0": "elitecreatures:industrial_kitchen_v1/ik_table_fireplace",
		"particle": "elitecreatures:industrial_kitchen_v1/ik_table_fireplace"
	},
	"elements": [
		{
			"from": [-8, 0, 2],
			"to": [16, 16, 14],
			"rotation": {"angle": 0, "axis": "y", "origin": [0, 0, 16]},
			"faces": {
				"north": {"uv": [3, 2, 0, 4], "texture": "#0"},
				"east": {"uv": [2.5, 4.25, 4, 6.25], "texture": "#0"},
				"south": {"uv": [3, 0, 0, 2], "texture": "#0"},
				"west": {"uv": [4, 4.25, 2.5, 6.25], "texture": "#0"},
				"up": {"uv": [6, 0, 3, 1.5], "texture": "#0"},
				"down": {"uv": [6, 3, 3, 1.5], "texture": "#0"}
			}
		},
		{
			"from": [-6, 2, 1],
			"to": [14, 12, 2],
			"rotation": {"angle": 0, "axis": "y", "origin": [0, 0, 16]},
			"faces": {
				"north": {"uv": [2.5, 4, 0, 5.25], "texture": "#0"},
				"east": {"uv": [5.625, 3.75, 5.5, 5], "texture": "#0"},
				"south": {"uv": [5.5, 3, 3, 4.25], "texture": "#0"},
				"west": {"uv": [5.625, 5, 5.5, 6.25], "texture": "#0"},
				"up": {"uv": [8, 3.5, 5.5, 3.625], "texture": "#0"},
				"down": {"uv": [8, 3.75, 5.5, 3.625], "texture": "#0"}
			}
		},
		{
			"from": [1, 10, 0.5],
			"to": [7, 11, 1],
			"rotation": {"angle": 0, "axis": "y", "origin": [0, 0, 16]},
			"faces": {
				"north": {"uv": [6.375, 3.875, 5.625, 4], "texture": "#0"},
				"east": {"uv": [5.8125, 5.625, 5.75, 5.75], "texture": "#0"},
				"south": {"uv": [6.375, 3.75, 5.625, 3.875], "texture": "#0"},
				"west": {"uv": [5.8125, 5.75, 5.75, 5.875], "texture": "#0"},
				"up": {"uv": [6.375, 4, 5.625, 4.0625], "texture": "#0"},
				"down": {"uv": [6.375, 4.1875, 5.625, 4.125], "texture": "#0"}
			}
		},
		{
			"from": [-6, 13, 1.5],
			"to": [-5, 14, 2],
			"rotation": {"angle": 0, "axis": "y", "origin": [0, 0, 16]},
			"faces": {
				"north": {"uv": [2.75, 4, 2.625, 4.125], "texture": "#0"},
				"east": {"uv": [0.0625, 5.875, 0, 6], "texture": "#0"},
				"south": {"uv": [2.625, 4, 2.5, 4.125], "texture": "#0"},
				"west": {"uv": [0.1875, 5.875, 0.125, 6], "texture": "#0"},
				"up": {"uv": [0.375, 5.875, 0.25, 5.9375], "texture": "#0"},
				"down": {"uv": [0.5, 5.9375, 0.375, 5.875], "texture": "#0"}
			}
		},
		{
			"from": [13, 13, 1.5],
			"to": [14, 14, 2],
			"rotation": {"angle": 0, "axis": "y", "origin": [0, 0, 16]},
			"faces": {
				"north": {"uv": [3, 4, 2.875, 4.125], "texture": "#0"},
				"east": {"uv": [0.5625, 5.875, 0.5, 6], "texture": "#0"},
				"south": {"uv": [2.875, 4, 2.75, 4.125], "texture": "#0"},
				"west": {"uv": [0.6875, 5.875, 0.625, 6], "texture": "#0"},
				"up": {"uv": [0.875, 5.875, 0.75, 5.9375], "texture": "#0"},
				"down": {"uv": [1, 5.9375, 0.875, 5.875], "texture": "#0"}
			}
		},
		{
			"from": [11, 13, 1.5],
			"to": [12, 14, 2],
			"rotation": {"angle": 0, "axis": "y", "origin": [0, 0, 16]},
			"faces": {
				"north": {"uv": [2.75, 4.125, 2.625, 4.25], "texture": "#0"},
				"east": {"uv": [1.0625, 5.875, 1, 6], "texture": "#0"},
				"south": {"uv": [2.625, 4.125, 2.5, 4.25], "texture": "#0"},
				"west": {"uv": [1.1875, 5.875, 1.125, 6], "texture": "#0"},
				"up": {"uv": [1.375, 5.875, 1.25, 5.9375], "texture": "#0"},
				"down": {"uv": [1.5, 5.9375, 1.375, 5.875], "texture": "#0"}
			}
		},
		{
			"from": [9, 13, 1.5],
			"to": [10, 14, 2],
			"rotation": {"angle": 0, "axis": "y", "origin": [0, 0, 16]},
			"faces": {
				"north": {"uv": [3, 4.125, 2.875, 4.25], "texture": "#0"},
				"east": {"uv": [1.5625, 5.875, 1.5, 6], "texture": "#0"},
				"south": {"uv": [2.875, 4.125, 2.75, 4.25], "texture": "#0"},
				"west": {"uv": [1.6875, 5.875, 1.625, 6], "texture": "#0"},
				"up": {"uv": [1.875, 5.875, 1.75, 5.9375], "texture": "#0"},
				"down": {"uv": [2, 5.9375, 1.875, 5.875], "texture": "#0"}
			}
		},
		{
			"from": [7, 13, 1.5],
			"to": [8, 14, 2],
			"rotation": {"angle": 0, "axis": "y", "origin": [0, 0, 16]},
			"faces": {
				"north": {"uv": [5.75, 5.375, 5.625, 5.5], "texture": "#0"},
				"east": {"uv": [2.0625, 5.875, 2, 6], "texture": "#0"},
				"south": {"uv": [5.75, 5.25, 5.625, 5.375], "texture": "#0"},
				"west": {"uv": [2.1875, 5.875, 2.125, 6], "texture": "#0"},
				"up": {"uv": [2.375, 5.875, 2.25, 5.9375], "texture": "#0"},
				"down": {"uv": [2.5, 5.9375, 2.375, 5.875], "texture": "#0"}
			}
		},
		{
			"from": [-8, 16, 13],
			"to": [16, 17, 14],
			"rotation": {"angle": 0, "axis": "y", "origin": [0, 0, 16]},
			"faces": {
				"north": {"uv": [8.5, 3.125, 5.5, 3.25], "texture": "#0"},
				"east": {"uv": [5.75, 5.5, 5.625, 5.625], "texture": "#0"},
				"south": {"uv": [8.5, 3, 5.5, 3.125], "texture": "#0"},
				"west": {"uv": [5.75, 5.625, 5.625, 5.75], "texture": "#0"},
				"up": {"uv": [8.5, 3.25, 5.5, 3.375], "texture": "#0"},
				"down": {"uv": [8.5, 3.5, 5.5, 3.375], "texture": "#0"}
			}
		},
		{
			"from": [-4, 16, 5],
			"to": [1, 16.5, 10],
			"rotation": {"angle": 0, "axis": "y", "origin": [0, 0, 16]},
			"faces": {
				"north": {"uv": [6.25, 4.5, 5.625, 4.5625], "texture": "#0"},
				"east": {"uv": [6.25, 4.375, 5.625, 4.4375], "texture": "#0"},
				"south": {"uv": [6.25, 4.25, 5.625, 4.3125], "texture": "#0"},
				"west": {"uv": [6.25, 4.625, 5.625, 4.6875], "texture": "#0"},
				"up": {"uv": [0.625, 5.25, 0, 5.875], "texture": "#0"},
				"down": {"uv": [1.25, 5.875, 0.625, 5.25], "texture": "#0"}
			}
		},
		{
			"from": [7, 16, 5],
			"to": [12, 16.5, 10],
			"rotation": {"angle": 0, "axis": "y", "origin": [0, 0, 16]},
			"faces": {
				"north": {"uv": [6.25, 4.5, 5.625, 4.5625], "texture": "#0"},
				"east": {"uv": [6.25, 4.375, 5.625, 4.4375], "texture": "#0"},
				"south": {"uv": [6.25, 4.25, 5.625, 4.3125], "texture": "#0"},
				"west": {"uv": [6.25, 4.625, 5.625, 4.6875], "texture": "#0"},
				"up": {"uv": [0.625, 5.25, 0, 5.875], "texture": "#0"},
				"down": {"uv": [1.25, 5.875, 0.625, 5.25], "texture": "#0"}
			}
		},
		{
			"from": [-2, 16, 3],
			"to": [-1, 16.5, 4],
			"rotation": {"angle": 0, "axis": "y", "origin": [0, 0, 16]},
			"faces": {
				"north": {"uv": [6, 5.5, 5.875, 5.5625], "texture": "#0"},
				"east": {"uv": [6, 5.375, 5.875, 5.4375], "texture": "#0"},
				"south": {"uv": [6, 5.25, 5.875, 5.3125], "texture": "#0"},
				"west": {"uv": [5.75, 5.875, 5.625, 5.9375], "texture": "#0"},
				"up": {"uv": [5.875, 5.25, 5.75, 5.375], "texture": "#0"},
				"down": {"uv": [5.875, 5.5, 5.75, 5.375], "texture": "#0"}
			}
		},
		{
			"from": [9, 16, 3],
			"to": [10, 16.5, 4],
			"rotation": {"angle": 0, "axis": "y", "origin": [0, 0, 16]},
			"faces": {
				"north": {"uv": [6, 5.75, 5.875, 5.8125], "texture": "#0"},
				"east": {"uv": [5.875, 5.875, 5.75, 5.9375], "texture": "#0"},
				"south": {"uv": [6, 5.625, 5.875, 5.6875], "texture": "#0"},
				"west": {"uv": [6, 5.875, 5.875, 5.9375], "texture": "#0"},
				"up": {"uv": [5.875, 5.5, 5.75, 5.625], "texture": "#0"},
				"down": {"uv": [5.75, 5.875, 5.625, 5.75], "texture": "#0"}
			}
		}
	],
	"gui_light": "front",
	"display": {
		"gui": {
			"rotation": [-156.04, 50, 179.9],
			"translation": [-0.75, 0.25, 0.5],
			"scale": [0.47, 0.47, 0.47]
		},
		"head": {
			"rotation": [-180, 0, -180],
			"translation": [-6.75, -30.75, 0],
			"scale": [1.605, 1.605, 1.605]
		}
	}
}