{
  "credit": "magic_store_official",
  "texture_size": [
    32,
    32
  ],
  "textures": {
    "0": "magic_store:furnitures/bank_pack/bank_computer",
    "particle": "magic_store:furnitures/bank_pack/bank_computer"
  },
  "elements": [
    {
      "from": [
        1,
        3,
        9
      ],
      "to": [
        15,
        14,
        12
      ],
      "faces": {
        "north": {
          "uv": [
            0,
            0,
            7,
            5.5
          ],
          "texture": "#0"
        },
        "east": {
          "uv": [
            8.5,
            10,
            7,
            15.5
          ],
          "texture": "#0"
        },
        "south": {
          "uv": [
            0,
            5.5,
            7,
            11
          ],
          "texture": "#0"
        },
        "west": {
          "uv": [
            7,
            10,
            8.5,
            15.5
          ],
          "texture": "#0"
        },
        "up": {
          "uv": [
            16,
            7,
            14.5,
            0
          ],
          "rotation": 90,
          "texture": "#0"
        },
        "down": {
          "uv": [
            7,
            12,
            0,
            13.5
          ],
          "texture": "#0"
        }
      }
    },
    {
      "from": [
        4,
        0,
        10
      ],
      "to": [
        12,
        1,
        14
      ],
      "faces": {
        "north": {
          "uv": [
            10,
            10,
            14,
            10.5
          ],
          "texture": "#0"
        },
        "east": {
          "uv": [
            11,
            1,
            13,
            1.5
          ],
          "texture": "#0"
        },
        "south": {
          "uv": [
            10,
            10,
            14,
            10.5
          ],
          "texture": "#0"
        },
        "west": {
          "uv": [
            11,
            1,
            13,
            1.5
          ],
          "texture": "#0"
        },
        "up": {
          "uv": [
            11,
            2,
            7,
            0
          ],
          "texture": "#0"
        },
        "down": {
          "uv": [
            11,
            2,
            7,
            4
          ],
          "texture": "#0"
        }
      }
    },
    {
      "from": [
        6.5,
        1,
        12
      ],
      "to": [
        9.5,
        11,
        14
      ],
      "faces": {
        "north": {
          "uv": [
            7,
            4,
            8.5,
            9
          ],
          "texture": "#0"
        },
        "east": {
          "uv": [
            9,
            10,
            10,
            15
          ],
          "texture": "#0"
        },
        "south": {
          "uv": [
            8.5,
            4,
            10,
            9
          ],
          "texture": "#0"
        },
        "west": {
          "uv": [
            10,
            10,
            9,
            15
          ],
          "texture": "#0"
        },
        "up": {
          "uv": [
            1.5,
            12,
            0,
            11
          ],
          "texture": "#0"
        }
      }
    },
    {
      "from": [
        1.5,
        0,
        3
      ],
      "to": [
        14.5,
        1,
        8
      ],
      "faces": {
        "north": {
          "uv": [
            0,
            13.5,
            6.5,
            14
          ],
          "texture": "#0"
        },
        "east": {
          "uv": [
            0,
            13.5,
            0.5,
            16
          ],
          "rotation": 90,
          "texture": "#0"
        },
        "south": {
          "uv": [
            0,
            15.5,
            6.5,
            16
          ],
          "texture": "#0"
        },
        "west": {
          "uv": [
            0.5,
            16,
            0,
            13.5
          ],
          "rotation": 90,
          "texture": "#0"
        },
        "up": {
          "uv": [
            0,
            13.5,
            6.5,
            16
          ],
          "texture": "#0"
        },
        "down": {
          "uv": [
            11,
            1.5,
            13.5,
            8
          ],
          "rotation": 90,
          "texture": "#0"
        }
      }
    }
  ],
  "display": {
    "thirdperson_righthand": {
      "rotation": [
        49,
        36,
        0
      ],
      "translation": [
        -0.5,
        3,
        0.5
      ],
      "scale": [
        0.35,
        0.35,
        0.35
      ]
    },
    "thirdperson_lefthand": {
      "rotation": [
        49,
        36,
        0
      ],
      "translation": [
        -0.5,
        3,
        0.5
      ],
      "scale": [
        0.35,
        0.35,
        0.35
      ]
    },
    "firstperson_righthand": {
      "rotation": [
        -180,
        65,
        -180
      ],
      "translation": [
        9.75,
        0.25,
        -9.25
      ],
      "scale": [
        0.85,
        0.85,
        0.85
      ]
    },
    "firstperson_lefthand": {
      "rotation": [
        -180,
        65,
        -180
      ],
      "translation": [
        9.75,
        0.25,
        -9.25
      ],
      "scale": [
        0.85,
        0.85,
        0.85
      ]
    },
    "ground": {
      "translation": [
        0,
        5.5,
        0
      ],
      "scale": [
        0.4,
        0.4,
        0.4
      ]
    },
    "gui": {
      "rotation": [
        30,
        145.5,
        0
      ],
      "translation": [
        -0.25,
        0,
        0
      ],
      "scale": [
        0.7,
        0.7,
        0.7
      ]
    },
    "head": {
      "rotation": [
        0,
        180,
        0
      ],
      "translation": [
        0,
        -30.5,
        0
      ],
      "scale": [
        1.6,
        1.6,
        1.6
      ]
    },
    "fixed": {
      "rotation": [
        -90,
        0,
        0
      ],
      "translation": [
        0,
        -3,
        -16
      ],
      "scale": [
        2,
        2,
        2
      ]
    }
  },
  "groups": [
    {
      "name": "group",
      "origin": [
        0,
        0,
        0
      ],
      "color": 0,
      "children": [
        0,
        1,
        2
      ]
    },
    3
  ]
}