{
  "credit": "magic_store_official",
  "texture_size": [
    128,
    128
  ],
  "textures": {
    "0": "magic_store:furnitures/bank_pack/bank_atm",
    "particle": "magic_store:furnitures/bank_pack/bank_atm"
  },
  "elements": [
    {
      "from": [
        1,
        0,
        3
      ],
      "to": [
        15,
        13,
        16
      ],
      "rotation": {
        "angle": 0,
        "axis": "y",
        "origin": [
          0,
          0,
          -1
        ]
      },
      "faces": {
        "north": {
          "uv": [
            5.125,
            3.5,
            6.875,
            5.125
          ],
          "texture": "#0"
        },
        "east": {
          "uv": [
            6.625,
            0,
            8.25,
            1.625
          ],
          "texture": "#0"
        },
        "south": {
          "uv": [
            5.125,
            3.5,
            6.875,
            5.125
          ],
          "texture": "#0"
        },
        "west": {
          "uv": [
            6.625,
            0,
            8.25,
            1.625
          ],
          "texture": "#0"
        },
        "down": {
          "uv": [
            5.125,
            5.75,
            3.375,
            7.375
          ],
          "texture": "#0"
        }
      }
    },
    {
      "from": [
        1,
        15.4864,
        2.49999
      ],
      "to": [
        15,
        20.4864,
        14.49999
      ],
      "rotation": {
        "angle": -22.5,
        "axis": "x",
        "origin": [
          8,
          17.9864,
          8.49999
        ]
      },
      "faces": {
        "east": {
          "uv": [
            5.125,
            7.25,
            6.625,
            6.625
          ],
          "texture": "#0"
        },
        "west": {
          "uv": [
            6.625,
            7.25,
            5.125,
            6.625
          ],
          "texture": "#0"
        },
        "up": {
          "uv": [
            6.875,
            8.25,
            5.125,
            6.75
          ],
          "texture": "#0"
        }
      }
    },
    {
      "from": [
        1,
        13,
        2
      ],
      "to": [
        15,
        18,
        16
      ],
      "rotation": {
        "angle": 0,
        "axis": "y",
        "origin": [
          0,
          0,
          -1
        ]
      },
      "faces": {
        "north": {
          "uv": [
            3.375,
            7.375,
            5.125,
            8
          ],
          "texture": "#0"
        },
        "east": {
          "uv": [
            7.75,
            3.875,
            9.5,
            4.5
          ],
          "texture": "#0"
        },
        "south": {
          "uv": [
            3.375,
            7.375,
            5.125,
            8
          ],
          "texture": "#0"
        },
        "west": {
          "uv": [
            7.75,
            3.875,
            9.5,
            4.5
          ],
          "texture": "#0"
        },
        "down": {
          "uv": [
            6.625,
            1.75,
            4.875,
            3.5
          ],
          "texture": "#0"
        }
      }
    },
    {
      "from": [
        1,
        18,
        9
      ],
      "to": [
        15,
        32,
        16
      ],
      "rotation": {
        "angle": 0,
        "axis": "y",
        "origin": [
          0,
          0,
          -1
        ]
      },
      "faces": {
        "north": {
          "uv": [
            1.625,
            4,
            3.375,
            5.75
          ],
          "texture": "#0"
        },
        "east": {
          "uv": [
            7.75,
            5,
            6.875,
            6.75
          ],
          "texture": "#0"
        },
        "south": {
          "uv": [
            3.375,
            4,
            5.125,
            5.75
          ],
          "texture": "#0"
        },
        "west": {
          "uv": [
            6.875,
            5,
            7.75,
            6.75
          ],
          "texture": "#0"
        },
        "up": {
          "uv": [
            8.625,
            7.625,
            6.875,
            6.75
          ],
          "texture": "#0"
        },
        "down": {
          "uv": [
            3.375,
            7.375,
            1.625,
            8.25
          ],
          "texture": "#0"
        }
      }
    },
    {
      "from": [
        0.9,
        0,
        3
      ],
      "to": [
        0.9,
        32,
        16
      ],
      "faces": {
        "north": {
          "uv": [
            0,
            0,
            0,
            4
          ],
          "texture": "#0"
        },
        "east": {
          "uv": [
            1.625,
            4,
            0,
            8
          ],
          "texture": "#0"
        },
        "south": {
          "uv": [
            0,
            0,
            0,
            4
          ],
          "texture": "#0"
        },
        "west": {
          "uv": [
            0,
            4,
            1.625,
            8
          ],
          "texture": "#0"
        },
        "up": {
          "uv": [
            0,
            1.625,
            0,
            0
          ],
          "texture": "#0"
        },
        "down": {
          "uv": [
            0,
            0,
            0,
            1.625
          ],
          "texture": "#0"
        }
      }
    },
    {
      "from": [
        15.1,
        0,
        3
      ],
      "to": [
        15.1,
        32,
        16
      ],
      "rotation": {
        "angle": 0,
        "axis": "y",
        "origin": [
          16,
          0,
          0
        ]
      },
      "faces": {
        "north": {
          "uv": [
            0,
            0,
            0,
            4
          ],
          "texture": "#0"
        },
        "east": {
          "uv": [
            1.625,
            4,
            0,
            8
          ],
          "texture": "#0"
        },
        "south": {
          "uv": [
            0,
            0,
            0,
            4
          ],
          "texture": "#0"
        },
        "west": {
          "uv": [
            0,
            4,
            1.625,
            8
          ],
          "texture": "#0"
        },
        "up": {
          "uv": [
            0,
            1.625,
            0,
            0
          ],
          "texture": "#0"
        },
        "down": {
          "uv": [
            0,
            0,
            0,
            1.625
          ],
          "texture": "#0"
        }
      }
    }
  ],
  "display": {
    "thirdperson_righthand": {
      "rotation": [
        49,
        36,
        0
      ],
      "translation": [
        0.25,
        3,
        -0.75
      ],
      "scale": [
        0.4,
        0.4,
        0.4
      ]
    },
    "thirdperson_lefthand": {
      "rotation": [
        49,
        36,
        0
      ],
      "translation": [
        0.25,
        3,
        -0.75
      ],
      "scale": [
        0.4,
        0.4,
        0.4
      ]
    },
    "firstperson_righthand": {
      "rotation": [
        -180,
        65,
        -180
      ],
      "translation": [
        9.75,
        -9,
        -9.25
      ]
    },
    "firstperson_lefthand": {
      "rotation": [
        -180,
        65,
        -180
      ],
      "translation": [
        9.75,
        -9,
        -9.25
      ]
    },
    "ground": {
      "translation": [
        0,
        4.5,
        0
      ],
      "scale": [
        0.4,
        0.4,
        0.4
      ]
    },
    "gui": {
      "rotation": [
        30,
        145.5,
        0
      ],
      "translation": [
        -0.5,
        -3,
        0
      ],
      "scale": [
        0.4,
        0.4,
        0.4
      ]
    },
    "head": {
      "rotation": [
        0,
        180,
        0
      ],
      "translation": [
        0,
        -30.5,
        0
      ],
      "scale": [
        1.6,
        1.6,
        1.6
      ]
    },
    "fixed": {
      "rotation": [
        -90,
        0,
        0
      ],
      "translation": [
        0,
        -3,
        -16
      ],
      "scale": [
        2,
        2,
        2
      ]
    }
  },
  "groups": [
    {
      "name": "group",
      "origin": [
        16,
        0,
        0
      ],
      "color": 0,
      "children": [
        0,
        1,
        2,
        3,
        4,
        5
      ]
    }
  ]
}