{"credit":"Made with Blockbench","textures":{"0":"medieval_pack:ceramics_3","particle":"medieval_pack:ceramics_3"},"elements":[{"from":[4,0,4],"to":[12,2,12],"faces":{"north":{"uv":[2,1.875,3,2.125],"texture":"#0"},"east":{"uv":[2,1.875,3,2.125],"texture":"#0"},"south":{"uv":[2,1.875,3,2.125],"texture":"#0"},"west":{"uv":[2,1.875,3,2.125],"texture":"#0"},"up":{"uv":[2.125,2,3.125,3],"texture":"#0"},"down":{"uv":[2.125,2,3.125,3],"texture":"#0"}}},{"from":[5,10,5],"to":[11,11,11],"faces":{"north":{"uv":[2.125,2,2.875,2.125],"texture":"#0"},"east":{"uv":[2.125,2,2.875,2.125],"texture":"#0"},"south":{"uv":[2.125,2,2.875,2.125],"texture":"#0"},"west":{"uv":[2.125,2,2.875,2.125],"texture":"#0"},"up":{"uv":[2.25,2,3,2.75],"texture":"#0"},"down":{"uv":[2.25,2,3,2.75],"texture":"#0"}}},{"from":[4,11,4],"to":[12,12,12],"faces":{"north":{"uv":[2,2,3,2.125],"texture":"#0"},"east":{"uv":[2,2,3,2.125],"texture":"#0"},"south":{"uv":[2,2,3,2.125],"texture":"#0"},"west":{"uv":[2,2,3,2.125],"texture":"#0"},"up":{"uv":[1.75,3.5,2.75,4.5],"texture":"#0"},"down":{"uv":[2.125,1.875,3.125,2.875],"texture":"#0"}}},{"from":[3,2,3],"to":[13,10,13],"faces":{"north":{"uv":[2.125,2,3.375,3],"texture":"#0"},"east":{"uv":[2.125,2,3.375,3],"texture":"#0"},"south":{"uv":[2.125,2,3.375,3],"texture":"#0"},"west":{"uv":[2.125,2,3.375,3],"texture":"#0"},"up":{"uv":[2,1.75,3.25,3],"texture":"#0"},"down":{"uv":[2,1.75,3.25,3],"texture":"#0"}}},{"from":[13,2,8],"to":[19,10,8],"faces":{"north":{"uv":[0,3.25,0.75,4.25],"texture":"#0"},"east":{"uv":[0,0,0,8],"texture":"#missing"},"south":{"uv":[0,0,0.75,1],"texture":"#0"},"west":{"uv":[0,0,0,8],"texture":"#missing"},"up":{"uv":[0,0,6,0],"texture":"#missing"},"down":{"uv":[0,0,6,0],"texture":"#missing"}}},{"from":[-3,2,8],"to":[3,10,8],"rotation":{"angle":0,"axis":"y","origin":[16,0,0]},"faces":{"north":{"uv":[0.75,3.25,0,4.25],"texture":"#0"},"east":{"uv":[0,0,0,8],"texture":"#missing"},"south":{"uv":[0.75,0,0,1],"texture":"#0"},"west":{"uv":[0,0,0,8],"texture":"#missing"},"up":{"uv":[6,0,0,0],"texture":"#missing"},"down":{"uv":[6,0,0,0],"texture":"#missing"}}}],"display":{"thirdperson_righthand":{"translation":[0,3,0],"scale":[0.5,0.5,0.5]},"thirdperson_lefthand":{"translation":[0,3,0],"scale":[0.5,0.5,0.5]},"firstperson_righthand":{"translation":[0,4,0],"scale":[0.5,0.5,0.5]},"firstperson_lefthand":{"translation":[0,4,0],"scale":[0.5,0.5,0.5]},"ground":{"translation":[0,1,0],"scale":[0.5,0.5,0.5]},"gui":{"rotation":[45,70,0],"translation":[0,1,0],"scale":[0.5,0.5,0.5]},"head":{"rotation":[0,-180,0],"translation":[0,-14.65,0],"scale":[2.2855,2.2855,2.2855]}}}