{
	"textures": {
		"0": "block/stripped_oak_log",
		"1": "block/red_mushroom_block",
		"particle": "block/stripped_oak_log"
	},
	"elements": [
		{
			"from": [12.5, 13.5, 7.5],
			"to": [13.5, 24.5, 8.5],
			"rotation": {"angle": -22.5, "axis": "z", "origin": [13, 16.5, 8]},
			"faces": {
				"north": {"uv": [0, 0, 1, 11], "texture": "#0"},
				"east": {"uv": [0, 0, 1, 11], "texture": "#0"},
				"south": {"uv": [0, 0, 1, 11], "texture": "#0"},
				"west": {"uv": [0, 0, 1, 11], "texture": "#0"},
				"up": {"uv": [0, 0, 1, 1], "texture": "#0"},
				"down": {"uv": [0, 0, 1, 1], "texture": "#0"}
			}
		},
		{
			"from": [12.37612, 17.52487, 1.43979],
			"to": [13.37612, 20.52487, 2.43979],
			"rotation": {"angle": -22.5, "axis": "x", "origin": [12.87612, 20.27487, 1.68979]},
			"faces": {
				"north": {"uv": [0, 0, 1, 3], "texture": "#0"},
				"east": {"uv": [0, 0, 1, 3], "texture": "#0"},
				"south": {"uv": [0, 0, 1, 3], "texture": "#0"},
				"west": {"uv": [0, 0, 1, 3], "texture": "#0"},
				"up": {"uv": [0, 0, 1, 1], "rotation": 90, "texture": "#0"},
				"down": {"uv": [0, 0, 1, 1], "rotation": 270, "texture": "#0"}
			}
		},
		{
			"from": [12.37612, 16.11564, 2.49477],
			"to": [13.37612, 17.11564, 9.49477],
			"rotation": {"angle": 22.5, "axis": "x", "origin": [12.87612, 18.61564, 8.99477]},
			"faces": {
				"north": {"uv": [0, 0, 1, 1], "rotation": 270, "texture": "#0"},
				"east": {"uv": [0, 0, 1, 7], "rotation": 90, "texture": "#0"},
				"south": {"uv": [0, 0, 1, 1], "rotation": 270, "texture": "#0"},
				"west": {"uv": [0, 0, 1, 7], "rotation": 270, "texture": "#0"},
				"up": {"uv": [0, 0, 1, 7], "texture": "#0"},
				"down": {"uv": [0, 0, 1, 7], "rotation": 180, "texture": "#0"}
			}
		},
		{
			"from": [15.52341, 24.23774, 5.20494],
			"to": [16.52341, 27.23774, 6.20494],
			"rotation": {"angle": -22.5, "axis": "x", "origin": [13.02341, 29.73774, 8.70494]},
			"faces": {
				"north": {"uv": [0, 0, 1, 3], "texture": "#0"},
				"east": {"uv": [0, 0, 1, 3], "texture": "#0"},
				"south": {"uv": [0, 0, 1, 3], "texture": "#0"},
				"west": {"uv": [0, 0, 1, 3], "texture": "#0"},
				"up": {"uv": [0, 0, 1, 1], "texture": "#0"},
				"down": {"uv": [0, 0, 1, 1], "texture": "#0"}
			}
		},
		{
			"from": [15.52341, 24.32088, 5.69584],
			"to": [16.52341, 30.32088, 6.69584],
			"rotation": {"angle": 45, "axis": "x", "origin": [16.02341, 24.32088, 8.19584]},
			"faces": {
				"north": {"uv": [0, 0, 1, 6], "texture": "#0"},
				"east": {"uv": [0, 0, 1, 6], "texture": "#0"},
				"south": {"uv": [0, 0, 1, 6], "texture": "#0"},
				"west": {"uv": [0, 0, 1, 6], "texture": "#0"},
				"up": {"uv": [0, 0, 1, 1], "texture": "#0"},
				"down": {"uv": [0, 0, 1, 1], "texture": "#0"}
			}
		},
		{
			"from": [15.52341, 29.06279, 11.32086],
			"to": [16.52341, 30.06279, 17.32086],
			"rotation": {"angle": -22.5, "axis": "x", "origin": [16.02341, 28.56279, 10.32086]},
			"faces": {
				"north": {"uv": [0, 0, 1, 1], "rotation": 180, "texture": "#0"},
				"east": {"uv": [0, 0, 1, 6], "rotation": 270, "texture": "#0"},
				"south": {"uv": [0, 0, 1, 1], "texture": "#0"},
				"west": {"uv": [0, 0, 1, 6], "rotation": 90, "texture": "#0"},
				"up": {"uv": [0, 0, 1, 6], "rotation": 180, "texture": "#0"},
				"down": {"uv": [0, 0, 1, 6], "texture": "#0"}
			}
		},
		{
			"from": [13.2, 16, 6.91421],
			"to": [19, 17, 7.91421],
			"rotation": {"angle": 22.5, "axis": "z", "origin": [13, 16.5, 7.41421]},
			"faces": {
				"north": {"uv": [0, 0, 1, 5.8], "rotation": 270, "texture": "#0"},
				"east": {"uv": [0, 0, 1, 1], "rotation": 90, "texture": "#0"},
				"south": {"uv": [0, 0, 1, 5.8], "rotation": 90, "texture": "#0"},
				"west": {"uv": [0, 0, 1, 1], "rotation": 90, "texture": "#0"},
				"up": {"uv": [0, 0, 1, 5.8], "rotation": 90, "texture": "#0"},
				"down": {"uv": [0, 0, 1, 5.8], "rotation": 90, "texture": "#0"}
			}
		},
		{
			"from": [12.5136, 19.49999, 7.5],
			"to": [13.5136, 24.49999, 8.5],
			"rotation": {"angle": 22.5, "axis": "z", "origin": [13.0136, 22.99999, 8]},
			"faces": {
				"north": {"uv": [0, 0, 1, 5], "rotation": 180, "texture": "#0"},
				"east": {"uv": [0, 0, 1, 5], "rotation": 180, "texture": "#0"},
				"south": {"uv": [0, 0, 1, 5], "rotation": 180, "texture": "#0"},
				"west": {"uv": [0, 0, 1, 5], "rotation": 180, "texture": "#0"},
				"up": {"uv": [0, 0, 1, 1], "rotation": 180, "texture": "#0"},
				"down": {"uv": [0, 0, 1, 1], "rotation": 180, "texture": "#0"}
			}
		},
		{
			"from": [11.97763, 23.69446, 7.70711],
			"to": [12.97763, 28.69446, 8.70711],
			"rotation": {"angle": 45, "axis": "x", "origin": [12.47763, 24.19446, 8.20711]},
			"faces": {
				"north": {"uv": [0, 0, 1, 5], "rotation": 180, "texture": "#0"},
				"east": {"uv": [0, 0, 1, 5], "rotation": 180, "texture": "#0"},
				"south": {"uv": [0, 0, 1, 5], "rotation": 180, "texture": "#0"},
				"west": {"uv": [0, 0, 1, 5], "rotation": 180, "texture": "#0"},
				"up": {"uv": [0, 0, 1, 1], "rotation": 180, "texture": "#0"},
				"down": {"uv": [0, 0, 1, 1], "rotation": 180, "texture": "#0"}
			}
		},
		{
			"from": [17.73462, 18.41132, 8.11209],
			"to": [18.73462, 23.41132, 9.11209],
			"rotation": {"angle": 22.5, "axis": "x", "origin": [21.23462, 19.91132, 8.61209]},
			"faces": {
				"north": {"uv": [0, 0, 1, 5], "texture": "#0"},
				"east": {"uv": [0, 0, 1, 5], "texture": "#0"},
				"south": {"uv": [0, 0, 1, 5], "texture": "#0"},
				"west": {"uv": [0, 0, 1, 5], "texture": "#0"},
				"up": {"uv": [0, 0, 1, 1], "texture": "#0"},
				"down": {"uv": [0, 0, 1, 1], "texture": "#0"}
			}
		},
		{
			"from": [2.5, 13.5, 7.5],
			"to": [3.5, 24.5, 8.5],
			"rotation": {"angle": 22.5, "axis": "z", "origin": [3, 16.5, 8]},
			"faces": {
				"north": {"uv": [1, 0, 2, 11], "texture": "#0"},
				"east": {"uv": [1, 0, 2, 11], "texture": "#0"},
				"south": {"uv": [1, 0, 2, 11], "texture": "#0"},
				"west": {"uv": [1, 0, 2, 11], "texture": "#0"},
				"up": {"uv": [1, 0, 2, 1], "texture": "#0"},
				"down": {"uv": [1, 0, 2, 1], "texture": "#0"}
			}
		},
		{
			"from": [2.62388, 17.52487, 1.43979],
			"to": [3.62388, 20.52487, 2.43979],
			"rotation": {"angle": -22.5, "axis": "x", "origin": [3.12388, 20.27487, 1.68979]},
			"faces": {
				"north": {"uv": [1, 0, 2, 3], "texture": "#0"},
				"east": {"uv": [1, 0, 2, 3], "texture": "#0"},
				"south": {"uv": [1, 0, 2, 3], "texture": "#0"},
				"west": {"uv": [1, 0, 2, 3], "texture": "#0"},
				"up": {"uv": [0, 1, 1, 2], "rotation": 90, "texture": "#0"},
				"down": {"uv": [0, 1, 1, 2], "rotation": 270, "texture": "#0"}
			}
		},
		{
			"from": [2.62388, 16.11564, 2.49477],
			"to": [3.62388, 17.11564, 9.49477],
			"rotation": {"angle": 22.5, "axis": "x", "origin": [3.12388, 18.61564, 8.99477]},
			"faces": {
				"north": {"uv": [0, 1, 1, 2], "rotation": 270, "texture": "#0"},
				"east": {"uv": [0, 7, 1, 14], "rotation": 270, "texture": "#0"},
				"south": {"uv": [0, 1, 1, 2], "rotation": 270, "texture": "#0"},
				"west": {"uv": [0, 7, 1, 14], "rotation": 90, "texture": "#0"},
				"up": {"uv": [1, 0, 2, 7], "texture": "#0"},
				"down": {"uv": [1, 0, 2, 7], "rotation": 180, "texture": "#0"}
			}
		},
		{
			"from": [-0.52341, 24.23774, 5.20494],
			"to": [0.47659, 27.23774, 6.20494],
			"rotation": {"angle": -22.5, "axis": "x", "origin": [2.97659, 29.73774, 8.70494]},
			"faces": {
				"north": {"uv": [1, 0, 2, 3], "texture": "#0"},
				"east": {"uv": [1, 0, 2, 3], "texture": "#0"},
				"south": {"uv": [1, 0, 2, 3], "texture": "#0"},
				"west": {"uv": [1, 0, 2, 3], "texture": "#0"},
				"up": {"uv": [1, 0, 2, 1], "texture": "#0"},
				"down": {"uv": [1, 0, 2, 1], "texture": "#0"}
			}
		},
		{
			"from": [-0.52341, 24.32088, 5.69584],
			"to": [0.47659, 30.32088, 6.69584],
			"rotation": {"angle": 45, "axis": "x", "origin": [-0.02341, 24.32088, 8.19584]},
			"faces": {
				"north": {"uv": [1, 0, 2, 6], "texture": "#0"},
				"east": {"uv": [1, 0, 2, 6], "texture": "#0"},
				"south": {"uv": [1, 0, 2, 6], "texture": "#0"},
				"west": {"uv": [1, 0, 2, 6], "texture": "#0"},
				"up": {"uv": [1, 0, 2, 1], "texture": "#0"},
				"down": {"uv": [1, 0, 2, 1], "texture": "#0"}
			}
		},
		{
			"from": [-0.52341, 29.06279, 11.32086],
			"to": [0.47659, 30.06279, 17.32086],
			"rotation": {"angle": -22.5, "axis": "x", "origin": [-0.02341, 28.56279, 10.32086]},
			"faces": {
				"north": {"uv": [1, 0, 2, 1], "rotation": 180, "texture": "#0"},
				"east": {"uv": [0, 6, 1, 12], "rotation": 90, "texture": "#0"},
				"south": {"uv": [1, 0, 2, 1], "texture": "#0"},
				"west": {"uv": [0, 6, 1, 12], "rotation": 270, "texture": "#0"},
				"up": {"uv": [1, 0, 2, 6], "rotation": 180, "texture": "#0"},
				"down": {"uv": [1, 0, 2, 6], "texture": "#0"}
			}
		},
		{
			"from": [-3, 16, 7.5],
			"to": [2.8, 17, 8.5],
			"rotation": {"angle": -22.5, "axis": "z", "origin": [3, 16.5, 8]},
			"faces": {
				"north": {"uv": [0, 5.8, 1, 11.6], "rotation": 270, "texture": "#0"},
				"east": {"uv": [0, 1, 1, 2], "rotation": 90, "texture": "#0"},
				"south": {"uv": [0, 5.8, 1, 11.6], "rotation": 90, "texture": "#0"},
				"west": {"uv": [0, 1, 1, 2], "rotation": 90, "texture": "#0"},
				"up": {"uv": [0, 5.8, 1, 11.6], "rotation": 90, "texture": "#0"},
				"down": {"uv": [0, 5.8, 1, 11.6], "rotation": 90, "texture": "#0"}
			}
		},
		{
			"from": [2.4864, 19.49999, 7.5],
			"to": [3.4864, 24.49999, 8.5],
			"rotation": {"angle": -22.5, "axis": "z", "origin": [2.9864, 22.99999, 8]},
			"faces": {
				"north": {"uv": [1, 0, 2, 5], "rotation": 180, "texture": "#0"},
				"east": {"uv": [1, 0, 2, 5], "rotation": 180, "texture": "#0"},
				"south": {"uv": [1, 0, 2, 5], "rotation": 180, "texture": "#0"},
				"west": {"uv": [1, 0, 2, 5], "rotation": 180, "texture": "#0"},
				"up": {"uv": [1, 0, 2, 1], "rotation": 180, "texture": "#0"},
				"down": {"uv": [1, 0, 2, 1], "rotation": 180, "texture": "#0"}
			}
		},
		{
			"from": [3.02237, 23.69446, 7.70711],
			"to": [4.02237, 28.69446, 8.70711],
			"rotation": {"angle": 45, "axis": "x", "origin": [3.52237, 24.19446, 8.20711]},
			"faces": {
				"north": {"uv": [1, 0, 2, 5], "rotation": 180, "texture": "#0"},
				"east": {"uv": [1, 0, 2, 5], "rotation": 180, "texture": "#0"},
				"south": {"uv": [1, 0, 2, 5], "rotation": 180, "texture": "#0"},
				"west": {"uv": [1, 0, 2, 5], "rotation": 180, "texture": "#0"},
				"up": {"uv": [1, 0, 2, 1], "rotation": 180, "texture": "#0"},
				"down": {"uv": [1, 0, 2, 1], "rotation": 180, "texture": "#0"}
			}
		},
		{
			"from": [-2.73462, 18.41132, 8.11209],
			"to": [-1.73462, 23.41132, 9.11209],
			"rotation": {"angle": 22.5, "axis": "x", "origin": [-5.23462, 19.91132, 8.61209]},
			"faces": {
				"north": {"uv": [1, 0, 2, 5], "texture": "#0"},
				"east": {"uv": [1, 0, 2, 5], "texture": "#0"},
				"south": {"uv": [1, 0, 2, 5], "texture": "#0"},
				"west": {"uv": [1, 0, 2, 5], "texture": "#0"},
				"up": {"uv": [1, 0, 2, 1], "texture": "#0"},
				"down": {"uv": [1, 0, 2, 1], "texture": "#0"}
			}
		},
		{
			"from": [7.35, 5.35, -1.56924],
			"to": [8.65, 6.65, -0.26924],
			"rotation": {"angle": 0, "axis": "y", "origin": [8, 6, 0]},
			"faces": {
				"north": {"uv": [0, 0, 1, 1], "texture": "#1"},
				"east": {"uv": [0, 0, 1, 1], "texture": "#1"},
				"south": {"uv": [0, 0, 1, 1], "texture": "#1"},
				"west": {"uv": [0, 0, 1, 1], "texture": "#1"},
				"up": {"uv": [0, 0, 1, 1], "texture": "#1"},
				"down": {"uv": [0, 0, 1, 1], "texture": "#1"}
			}
		},
		{
			"from": [8.26924, 5.35, -0.65],
			"to": [9.56924, 6.65, 0.65],
			"rotation": {"angle": 0, "axis": "y", "origin": [8, 6, 0]},
			"faces": {
				"north": {"uv": [0, 0, 1, 1], "texture": "#1"},
				"east": {"uv": [0, 0, 1, 1], "texture": "#1"},
				"south": {"uv": [0, 0, 1, 1], "texture": "#1"},
				"west": {"uv": [0, 0, 1, 1], "texture": "#1"},
				"up": {"uv": [0, 0, 1, 1], "texture": "#1"},
				"down": {"uv": [0, 0, 1, 1], "texture": "#1"}
			}
		},
		{
			"from": [7.35, 4.43076, -0.65],
			"to": [8.65, 5.73076, 0.65],
			"rotation": {"angle": 0, "axis": "y", "origin": [8, 6, 0]},
			"faces": {
				"north": {"uv": [0, 0, 1, 1], "texture": "#1"},
				"east": {"uv": [0, 0, 1, 1], "texture": "#1"},
				"south": {"uv": [0, 0, 1, 1], "texture": "#1"},
				"west": {"uv": [0, 0, 1, 1], "texture": "#1"},
				"up": {"uv": [0, 0, 1, 1], "texture": "#1"},
				"down": {"uv": [0, 0, 1, 1], "texture": "#1"}
			}
		},
		{
			"from": [7.35, 6.26924, -0.65],
			"to": [8.65, 7.56924, 0.65],
			"rotation": {"angle": 0, "axis": "y", "origin": [8, 6, 0]},
			"faces": {
				"north": {"uv": [0, 0, 1, 1], "texture": "#1"},
				"east": {"uv": [0, 0, 1, 1], "texture": "#1"},
				"south": {"uv": [0, 0, 1, 1], "texture": "#1"},
				"west": {"uv": [0, 0, 1, 1], "texture": "#1"},
				"up": {"uv": [0, 0, 1, 1], "texture": "#1"},
				"down": {"uv": [0, 0, 1, 1], "texture": "#1"}
			}
		},
		{
			"from": [6.43076, 5.35, -0.65],
			"to": [7.73076, 6.65, 0.65],
			"rotation": {"angle": 45, "axis": "z", "origin": [8, 6, 0]},
			"faces": {
				"north": {"uv": [0, 0, 1, 1], "texture": "#1"},
				"east": {"uv": [0, 0, 1, 1], "texture": "#1"},
				"south": {"uv": [0, 0, 1, 1], "texture": "#1"},
				"west": {"uv": [0, 0, 1, 1], "texture": "#1"},
				"up": {"uv": [0, 0, 1, 1], "texture": "#1"},
				"down": {"uv": [0, 0, 1, 1], "texture": "#1"}
			}
		},
		{
			"from": [7.35, 4.43076, -0.65],
			"to": [8.65, 5.73076, 0.65],
			"rotation": {"angle": 45, "axis": "z", "origin": [8, 6, 0]},
			"faces": {
				"north": {"uv": [0, 0, 1, 1], "texture": "#1"},
				"east": {"uv": [0, 0, 1, 1], "texture": "#1"},
				"south": {"uv": [0, 0, 1, 1], "texture": "#1"},
				"west": {"uv": [0, 0, 1, 1], "texture": "#1"},
				"up": {"uv": [0, 0, 1, 1], "texture": "#1"},
				"down": {"uv": [0, 0, 1, 1], "texture": "#1"}
			}
		},
		{
			"from": [7.35, 6.26924, -0.65],
			"to": [8.65, 7.56924, 0.65],
			"rotation": {"angle": 45, "axis": "z", "origin": [8, 6, 0]},
			"faces": {
				"north": {"uv": [0, 0, 1, 1], "texture": "#1"},
				"east": {"uv": [0, 0, 1, 1], "texture": "#1"},
				"south": {"uv": [0, 0, 1, 1], "texture": "#1"},
				"west": {"uv": [0, 0, 1, 1], "texture": "#1"},
				"up": {"uv": [0, 0, 1, 1], "texture": "#1"},
				"down": {"uv": [0, 0, 1, 1], "texture": "#1"}
			}
		},
		{
			"from": [8.26924, 5.35, -0.65],
			"to": [9.56924, 6.65, 0.65],
			"rotation": {"angle": 45, "axis": "z", "origin": [8, 6, 0]},
			"faces": {
				"north": {"uv": [0, 0, 1, 1], "texture": "#1"},
				"east": {"uv": [0, 0, 1, 1], "texture": "#1"},
				"south": {"uv": [0, 0, 1, 1], "texture": "#1"},
				"west": {"uv": [0, 0, 1, 1], "texture": "#1"},
				"up": {"uv": [0, 0, 1, 1], "texture": "#1"},
				"down": {"uv": [0, 0, 1, 1], "texture": "#1"}
			}
		},
		{
			"from": [6.43076, 5.35, -0.65],
			"to": [7.73076, 6.65, 0.65],
			"rotation": {"angle": 0, "axis": "y", "origin": [8, 6, 0]},
			"faces": {
				"north": {"uv": [0, 0, 1, 1], "texture": "#1"},
				"east": {"uv": [0, 0, 1, 1], "texture": "#1"},
				"south": {"uv": [0, 0, 1, 1], "texture": "#1"},
				"west": {"uv": [0, 0, 1, 1], "texture": "#1"},
				"up": {"uv": [0, 0, 1, 1], "texture": "#1"},
				"down": {"uv": [0, 0, 1, 1], "texture": "#1"}
			}
		},
		{
			"from": [8.26924, 5.35, -0.65],
			"to": [9.56924, 6.65, 0.65],
			"rotation": {"angle": 45, "axis": "y", "origin": [8, 6, 0]},
			"faces": {
				"north": {"uv": [0, 0, 1, 1], "texture": "#1"},
				"east": {"uv": [0, 0, 1, 1], "texture": "#1"},
				"south": {"uv": [0, 0, 1, 1], "texture": "#1"},
				"west": {"uv": [0, 0, 1, 1], "texture": "#1"},
				"up": {"uv": [0, 0, 1, 1], "texture": "#1"},
				"down": {"uv": [0, 0, 1, 1], "texture": "#1"}
			}
		},
		{
			"from": [7.35, 5.35, -1.56924],
			"to": [8.65, 6.65, -0.26924],
			"rotation": {"angle": 45, "axis": "x", "origin": [8, 6, 0]},
			"faces": {
				"north": {"uv": [0, 0, 1, 1], "texture": "#1"},
				"east": {"uv": [0, 0, 1, 1], "texture": "#1"},
				"south": {"uv": [0, 0, 1, 1], "texture": "#1"},
				"west": {"uv": [0, 0, 1, 1], "texture": "#1"},
				"up": {"uv": [0, 0, 1, 1], "texture": "#1"},
				"down": {"uv": [0, 0, 1, 1], "texture": "#1"}
			}
		},
		{
			"from": [7.35, 4.43076, -0.65],
			"to": [8.65, 5.73076, 0.65],
			"rotation": {"angle": 45, "axis": "x", "origin": [8, 6, 0]},
			"faces": {
				"north": {"uv": [0, 1, 1, 2], "rotation": 270, "texture": "#1"},
				"east": {"uv": [0, 1, 1, 2], "rotation": 90, "texture": "#1"},
				"south": {"uv": [0, 1, 1, 2], "rotation": 90, "texture": "#1"},
				"west": {"uv": [0, 1, 1, 2], "rotation": 90, "texture": "#1"},
				"up": {"uv": [0, 1, 1, 2], "rotation": 90, "texture": "#1"},
				"down": {"uv": [0, 1, 1, 2], "rotation": 90, "texture": "#1"}
			}
		},
		{
			"from": [7.35, 5.35, -1.56924],
			"to": [8.65, 6.65, -0.26924],
			"rotation": {"angle": 45, "axis": "y", "origin": [8, 6, 0]},
			"faces": {
				"north": {"uv": [0, 1, 1, 2], "rotation": 270, "texture": "#1"},
				"east": {"uv": [0, 1, 1, 2], "rotation": 90, "texture": "#1"},
				"south": {"uv": [0, 1, 1, 2], "rotation": 90, "texture": "#1"},
				"west": {"uv": [0, 1, 1, 2], "rotation": 90, "texture": "#1"},
				"up": {"uv": [0, 1, 1, 2], "rotation": 90, "texture": "#1"},
				"down": {"uv": [0, 1, 1, 2], "rotation": 90, "texture": "#1"}
			}
		},
		{
			"from": [7.35, 5.35, 0.26924],
			"to": [8.65, 6.65, 1.56924],
			"rotation": {"angle": 0, "axis": "y", "origin": [8, 6, 0]},
			"faces": {
				"north": {"uv": [1, 0, 2, 1], "texture": "#1"},
				"east": {"uv": [1, 0, 2, 1], "texture": "#1"},
				"south": {"uv": [1, 0, 2, 1], "texture": "#1"},
				"west": {"uv": [1, 0, 2, 1], "texture": "#1"},
				"up": {"uv": [0, 1, 1, 2], "texture": "#1"},
				"down": {"uv": [0, 1, 1, 2], "texture": "#1"}
			}
		},
		{
			"from": [7.35, 5.35, 0.26924],
			"to": [8.65, 6.65, 1.56924],
			"rotation": {"angle": -45, "axis": "x", "origin": [8, 6, 0]},
			"faces": {
				"north": {"uv": [1, 0, 2, 1], "texture": "#1"},
				"east": {"uv": [1, 0, 2, 1], "texture": "#1"},
				"south": {"uv": [1, 0, 2, 1], "texture": "#1"},
				"west": {"uv": [1, 0, 2, 1], "texture": "#1"},
				"up": {"uv": [0, 1, 1, 2], "texture": "#1"},
				"down": {"uv": [0, 1, 1, 2], "texture": "#1"}
			}
		},
		{
			"from": [8.26924, 5.35, -0.65],
			"to": [9.56924, 6.65, 0.65],
			"rotation": {"angle": -45, "axis": "y", "origin": [8, 6, 0]},
			"faces": {
				"north": {"uv": [1, 0, 2, 1], "texture": "#1"},
				"east": {"uv": [1, 0, 2, 1], "texture": "#1"},
				"south": {"uv": [1, 0, 2, 1], "texture": "#1"},
				"west": {"uv": [1, 0, 2, 1], "texture": "#1"},
				"up": {"uv": [0, 1, 1, 2], "texture": "#1"},
				"down": {"uv": [0, 1, 1, 2], "texture": "#1"}
			}
		},
		{
			"from": [7.35, 5.35, 0.26924],
			"to": [8.65, 6.65, 1.56924],
			"rotation": {"angle": -45, "axis": "y", "origin": [8, 6, 0]},
			"faces": {
				"north": {"uv": [0, 2, 1, 3], "rotation": 90, "texture": "#1"},
				"east": {"uv": [0, 2, 1, 3], "rotation": 90, "texture": "#1"},
				"south": {"uv": [0, 2, 1, 3], "rotation": 270, "texture": "#1"},
				"west": {"uv": [0, 2, 1, 3], "rotation": 90, "texture": "#1"},
				"up": {"uv": [1, 1, 2, 2], "rotation": 90, "texture": "#1"},
				"down": {"uv": [1, 1, 2, 2], "rotation": 90, "texture": "#1"}
			}
		},
		{
			"from": [7.35, 4.43076, -0.65],
			"to": [8.65, 5.73076, 0.65],
			"rotation": {"angle": -45, "axis": "x", "origin": [8, 6, 0]},
			"faces": {
				"north": {"uv": [0, 2, 1, 3], "rotation": 90, "texture": "#1"},
				"east": {"uv": [0, 2, 1, 3], "rotation": 90, "texture": "#1"},
				"south": {"uv": [0, 2, 1, 3], "rotation": 270, "texture": "#1"},
				"west": {"uv": [0, 2, 1, 3], "rotation": 90, "texture": "#1"},
				"up": {"uv": [1, 1, 2, 2], "rotation": 90, "texture": "#1"},
				"down": {"uv": [1, 1, 2, 2], "rotation": 90, "texture": "#1"}
			}
		}
	],
	"display": {
		"thirdperson_righthand": {
			"scale": [0.3, 0.3, 0.3]
		},
		"thirdperson_lefthand": {
			"scale": [0.3, 0.3, 0.3]
		},
		"firstperson_righthand": {
			"translation": [0, 0, 3],
			"scale": [0.3, 0.3, 0.3]
		},
		"firstperson_lefthand": {
			"translation": [0, 0, 3],
			"scale": [0.3, 0.3, 0.3]
		},
		"ground": {
			"scale": [0.5, 0.5, 0.5]
		},
		"gui": {
			"rotation": [0, 45.5, 0],
			"translation": [0, -5, 0],
			"scale": [0.5, 0.5, 0.5]
		},
		"head": {
			"translation": [0, 0.5, 0]
		},
		"fixed": {
			"rotation": [-90, 0, 0],
			"translation": [0, 0, 6.5]
		}
	}
}