{
	"credit": "MadewithBlockbench",
	"texture_size": [128, 128],
	"textures": {
		"0": "elitecreatures:industrial_kitchen_v1/ik_fridge",
		"particle": "elitecreatures:industrial_kitchen_v1/ik_fridge"
	},
	"elements": [
		{
			"from": [-11, 4, 2.5],
			"to": [11, 11, 14.5],
			"rotation": {"angle": 0, "axis": "y", "origin": [0, 12.75, 8.75]},
			"faces": {
				"north": {"uv": [7, 0.875, 9.75, 1.75], "texture": "#0"},
				"east": {"uv": [7, 3.625, 8.5, 4.5], "texture": "#0"},
				"south": {"uv": [7, 0, 9.75, 0.875], "texture": "#0"},
				"west": {"uv": [7, 2.75, 8.5, 3.625], "texture": "#0"},
				"up": {"uv": [2.75, 1.5, 0, 0], "rotation": 180, "texture": "#0"},
				"down": {"uv": [2.75, 1.5, 0, 3], "rotation": 180, "texture": "#0"}
			}
		},
		{
			"from": [-11, 11, 13.5],
			"to": [11, 23, 14.5],
			"rotation": {"angle": 0, "axis": "y", "origin": [0, 12.75, 8.75]},
			"faces": {
				"north": {"uv": [2.75, 1.5, 5.5, 3], "texture": "#0"},
				"east": {"uv": [3.375, 8.125, 3.5, 9.625], "texture": "#0"},
				"south": {"uv": [2.75, 0, 5.5, 1.5], "texture": "#0"},
				"west": {"uv": [3.25, 8.125, 3.375, 9.625], "texture": "#0"},
				"up": {"uv": [2.75, 8.125, 0, 8], "rotation": 180, "texture": "#0"},
				"down": {"uv": [5.5, 8, 2.75, 8.125], "rotation": 180, "texture": "#0"}
			}
		},
		{
			"from": [-11, 0, 6.5],
			"to": [11, 4, 14.5],
			"rotation": {"angle": 0, "axis": "y", "origin": [0, 12.75, 8.75]},
			"faces": {
				"north": {"uv": [7, 2.25, 9.75, 2.75], "texture": "#0"},
				"east": {"uv": [7, 7.5, 8, 8], "texture": "#0"},
				"south": {"uv": [7, 1.75, 9.75, 2.25], "texture": "#0"},
				"west": {"uv": [3.75, 7.5, 4.75, 8], "texture": "#0"},
				"up": {"uv": [2.75, 7.5, 0, 6.5], "rotation": 180, "texture": "#0"},
				"down": {"uv": [5.5, 6.5, 2.75, 7.5], "rotation": 180, "texture": "#0"}
			}
		},
		{
			"from": [11, 0, 2.5],
			"to": [12, 16, 14.5],
			"rotation": {"angle": 0, "axis": "y", "origin": [0, 12.75, 8.75]},
			"faces": {
				"north": {"uv": [2.875, 8.125, 3, 10.125], "texture": "#0"},
				"east": {"uv": [5.5, 2, 7, 4], "texture": "#0"},
				"south": {"uv": [2.75, 8.125, 2.875, 10.125], "texture": "#0"},
				"west": {"uv": [5.5, 0, 7, 2], "texture": "#0"},
				"up": {"uv": [3.625, 9.625, 3.5, 8.125], "rotation": 180, "texture": "#0"},
				"down": {"uv": [3.75, 8.125, 3.625, 9.625], "rotation": 180, "texture": "#0"}
			}
		},
		{
			"from": [-11, 23, 4.5],
			"to": [11, 24, 14.5],
			"rotation": {"angle": 0, "axis": "y", "origin": [0, 12.75, 8.75]},
			"faces": {
				"north": {"uv": [8, 7.5, 10.75, 7.625], "texture": "#0"},
				"east": {"uv": [6, 8.125, 7.25, 8.25], "texture": "#0"},
				"south": {"uv": [5.5, 8, 8.25, 8.125], "texture": "#0"},
				"west": {"uv": [4.75, 8.125, 6, 8.25], "texture": "#0"},
				"up": {"uv": [2.75, 4.25, 0, 3], "rotation": 180, "texture": "#0"},
				"down": {"uv": [5.5, 3, 2.75, 4.25], "rotation": 180, "texture": "#0"}
			}
		},
		{
			"from": [11, 20, 4.5],
			"to": [12, 24, 14.5],
			"rotation": {"angle": 0, "axis": "y", "origin": [0, 12.75, 8.75]},
			"faces": {
				"north": {"uv": [5.375, 7.5, 5.5, 8], "texture": "#0"},
				"east": {"uv": [2.5, 7.5, 3.75, 8], "texture": "#0"},
				"south": {"uv": [5.25, 7.5, 5.375, 8], "texture": "#0"},
				"west": {"uv": [1.25, 7.5, 2.5, 8], "texture": "#0"},
				"up": {"uv": [7.375, 9.375, 7.25, 8.125], "rotation": 180, "texture": "#0"},
				"down": {"uv": [7.5, 8.125, 7.375, 9.375], "rotation": 180, "texture": "#0"}
			}
		},
		{
			"from": [-11, 14, 3.5],
			"to": [11, 15, 12.5],
			"rotation": {"angle": 0, "axis": "y", "origin": [0, 12.75, 8.75]},
			"faces": {
				"north": {"uv": [0, 8.125, 2.75, 8.25], "texture": "#0"},
				"east": {"uv": [4.75, 8.25, 5.875, 8.375], "texture": "#0"},
				"south": {"uv": [8, 7.875, 10.75, 8], "texture": "#0"},
				"west": {"uv": [1.125, 8.25, 2.25, 8.375], "texture": "#0"},
				"up": {"uv": [2.75, 6.5, 0, 5.375], "rotation": 180, "texture": "#0"},
				"down": {"uv": [5.5, 5.375, 2.75, 6.5], "rotation": 180, "texture": "#0"}
			}
		},
		{
			"from": [-11, 18, 4.5],
			"to": [11, 19, 13.5],
			"rotation": {"angle": 0, "axis": "y", "origin": [0, 12.75, 8.75]},
			"faces": {
				"north": {"uv": [0, 8.125, 2.75, 8.25], "texture": "#0"},
				"east": {"uv": [4.75, 8.25, 5.875, 8.375], "texture": "#0"},
				"south": {"uv": [8, 7.875, 10.75, 8], "texture": "#0"},
				"west": {"uv": [1.125, 8.25, 2.25, 8.375], "texture": "#0"},
				"up": {"uv": [2.75, 6.5, 0, 5.375], "rotation": 180, "texture": "#0"},
				"down": {"uv": [5.5, 5.375, 2.75, 6.5], "rotation": 180, "texture": "#0"}
			}
		},
		{
			"from": [11, 16, 3.5],
			"to": [12, 20, 14.5],
			"rotation": {"angle": 0, "axis": "y", "origin": [0, 12.75, 8.75]},
			"faces": {
				"north": {"uv": [2.375, 8.25, 2.5, 8.75], "texture": "#0"},
				"east": {"uv": [7, 6, 8.375, 6.5], "texture": "#0"},
				"south": {"uv": [2.25, 8.25, 2.375, 8.75], "texture": "#0"},
				"west": {"uv": [7, 5.5, 8.375, 6], "texture": "#0"},
				"up": {"uv": [4.375, 9.5, 4.25, 8.125], "rotation": 180, "texture": "#0"},
				"down": {"uv": [4.5, 8.125, 4.375, 9.5], "rotation": 180, "texture": "#0"}
			}
		},
		{
			"from": [-12, 20, 4.5],
			"to": [-11, 24, 14.5],
			"rotation": {"angle": 0, "axis": "y", "origin": [0, 12.75, 8.75]},
			"faces": {
				"north": {"uv": [5.5, 7.5, 5.375, 8], "texture": "#0"},
				"east": {"uv": [2.5, 7.5, 1.25, 8], "texture": "#0"},
				"south": {"uv": [5.375, 7.5, 5.25, 8], "texture": "#0"},
				"west": {"uv": [3.75, 7.5, 2.5, 8], "texture": "#0"},
				"up": {"uv": [7.25, 9.375, 7.375, 8.125], "rotation": 180, "texture": "#0"},
				"down": {"uv": [7.375, 8.125, 7.5, 9.375], "rotation": 180, "texture": "#0"}
			}
		},
		{
			"from": [-12, 0, 2.5],
			"to": [-11, 16, 14.5],
			"rotation": {"angle": 0, "axis": "y", "origin": [0, 12.75, 8.75]},
			"faces": {
				"north": {"uv": [3, 8.125, 2.875, 10.125], "texture": "#0"},
				"east": {"uv": [7, 0, 5.5, 2], "texture": "#0"},
				"south": {"uv": [2.875, 8.125, 2.75, 10.125], "texture": "#0"},
				"west": {"uv": [7, 2, 5.5, 4], "texture": "#0"},
				"up": {"uv": [3.5, 9.625, 3.625, 8.125], "rotation": 180, "texture": "#0"},
				"down": {"uv": [3.625, 8.125, 3.75, 9.625], "rotation": 180, "texture": "#0"}
			}
		},
		{
			"from": [-12, 16, 3.5],
			"to": [-11, 20, 14.5],
			"rotation": {"angle": 0, "axis": "y", "origin": [0, 12.75, 8.75]},
			"faces": {
				"north": {"uv": [2.5, 8.25, 2.375, 8.75], "texture": "#0"},
				"east": {"uv": [8.375, 5.5, 7, 6], "texture": "#0"},
				"south": {"uv": [2.375, 8.25, 2.25, 8.75], "texture": "#0"},
				"west": {"uv": [8.375, 6, 7, 6.5], "texture": "#0"},
				"up": {"uv": [4.25, 9.5, 4.375, 8.125], "rotation": 180, "texture": "#0"},
				"down": {"uv": [4.375, 8.125, 4.5, 9.5], "rotation": 180, "texture": "#0"}
			}
		},
		{
			"from": [-11, 11, 3.5],
			"to": [11, 13, 3.5],
			"rotation": {"angle": 0, "axis": "y", "origin": [0, 12.75, 8.75]},
			"faces": {
				"north": {"uv": [7, 6.75, 9.75, 7], "texture": "#0"},
				"east": {"uv": [0, 0, 0, 0.25], "texture": "#0"},
				"south": {"uv": [7, 6.5, 9.75, 6.75], "texture": "#0"},
				"west": {"uv": [0, 0, 0, 0.25], "texture": "#0"},
				"up": {"uv": [2.75, 0, 0, 0], "rotation": 180, "texture": "#0"},
				"down": {"uv": [2.75, 0, 0, 0], "rotation": 180, "texture": "#0"}
			}
		},
		{
			"from": [-8.18248, 17, 11.49629],
			"to": [-7.18248, 18, 11.49629],
			"rotation": {"angle": -22.5, "axis": "y", "origin": [0, 12.75, 8.75]},
			"faces": {
				"north": {"uv": [8.75, 2.75, 9, 3], "texture": "#0"},
				"east": {"uv": [8.5, 3.25, 8.75, 3.5], "texture": "#0"},
				"south": {"uv": [8.75, 2.75, 9, 3], "texture": "#0"},
				"west": {"uv": [8.5, 3.75, 8.75, 4], "texture": "#0"},
				"up": {"uv": [8.5, 3, 8.75, 3.25], "rotation": 180, "texture": "#0"},
				"down": {"uv": [8.5, 2.75, 8.75, 3], "rotation": 180, "texture": "#0"}
			}
		},
		{
			"from": [-8.10392, 16.75533, 11.59629],
			"to": [-7.10392, 17.75533, 11.59629],
			"rotation": {"angle": -22.5, "axis": "y", "origin": [0, 12.75, 8.75]},
			"faces": {
				"north": {"uv": [8.75, 2.75, 9, 3], "texture": "#0"},
				"east": {"uv": [8.5, 3.25, 8.75, 3.5], "texture": "#0"},
				"south": {"uv": [8.75, 2.75, 9, 3], "texture": "#0"},
				"west": {"uv": [8.5, 3.75, 8.75, 4], "texture": "#0"},
				"up": {"uv": [8.5, 3, 8.75, 3.25], "rotation": 180, "texture": "#0"},
				"down": {"uv": [8.5, 2.75, 8.75, 3], "rotation": 180, "texture": "#0"}
			}
		},
		{
			"from": [-6.4772, 15, 2.70328],
			"to": [-4.4772, 17, 4.70328],
			"rotation": {"angle": 45, "axis": "y", "origin": [0, 12.75, 8.75]},
			"faces": {
				"north": {"uv": [8.5, 3.75, 8.75, 4], "texture": "#0"},
				"east": {"uv": [8.5, 3.5, 8.75, 3.75], "texture": "#0"},
				"south": {"uv": [8.5, 3.25, 8.75, 3.5], "texture": "#0"},
				"west": {"uv": [8.5, 4, 8.75, 4.25], "texture": "#0"},
				"up": {"uv": [8.5, 3, 8.75, 3.25], "rotation": 270, "texture": "#0"},
				"down": {"uv": [8.5, 2.75, 8.75, 3], "rotation": 90, "texture": "#0"}
			}
		},
		{
			"from": [-5.41084, 17, 10.34824],
			"to": [-4.41084, 18, 10.34824],
			"rotation": {"angle": -22.5, "axis": "y", "origin": [0, 12.75, 8.75]},
			"faces": {
				"north": {"uv": [8.75, 2.75, 9, 3], "texture": "#0"},
				"east": {"uv": [8.5, 3.25, 8.75, 3.5], "texture": "#0"},
				"south": {"uv": [8.75, 2.75, 9, 3], "texture": "#0"},
				"west": {"uv": [8.5, 3.75, 8.75, 4], "texture": "#0"},
				"up": {"uv": [8.5, 3, 8.75, 3.25], "rotation": 180, "texture": "#0"},
				"down": {"uv": [8.5, 2.75, 8.75, 3], "rotation": 180, "texture": "#0"}
			}
		},
		{
			"from": [-5.33229, 16.75533, 10.44824],
			"to": [-4.33229, 17.75533, 10.44824],
			"rotation": {"angle": -22.5, "axis": "y", "origin": [0, 12.75, 8.75]},
			"faces": {
				"north": {"uv": [8.75, 2.75, 9, 3], "texture": "#0"},
				"east": {"uv": [8.5, 3.25, 8.75, 3.5], "texture": "#0"},
				"south": {"uv": [8.75, 2.75, 9, 3], "texture": "#0"},
				"west": {"uv": [8.5, 3.75, 8.75, 4], "texture": "#0"},
				"up": {"uv": [8.5, 3, 8.75, 3.25], "rotation": 180, "texture": "#0"},
				"down": {"uv": [8.5, 2.75, 8.75, 3], "rotation": 180, "texture": "#0"}
			}
		},
		{
			"from": [-5.60261, 15, 5.40764],
			"to": [-3.60261, 17, 7.40764],
			"rotation": {"angle": 22.5, "axis": "y", "origin": [0, 12.75, 8.75]},
			"faces": {
				"north": {"uv": [8.5, 3.75, 8.75, 4], "texture": "#0"},
				"east": {"uv": [8.5, 3.5, 8.75, 3.75], "texture": "#0"},
				"south": {"uv": [8.5, 3.25, 8.75, 3.5], "texture": "#0"},
				"west": {"uv": [8.5, 4, 8.75, 4.25], "texture": "#0"},
				"up": {"uv": [8.5, 3, 8.75, 3.25], "rotation": 270, "texture": "#0"},
				"down": {"uv": [8.5, 2.75, 8.75, 3], "rotation": 90, "texture": "#0"}
			}
		},
		{
			"from": [-2.6392, 17, 9.20019],
			"to": [-1.6392, 18, 9.20019],
			"rotation": {"angle": -22.5, "axis": "y", "origin": [0, 12.75, 8.75]},
			"faces": {
				"north": {"uv": [8.75, 2.75, 9, 3], "texture": "#0"},
				"east": {"uv": [8.5, 3.25, 8.75, 3.5], "texture": "#0"},
				"south": {"uv": [8.75, 2.75, 9, 3], "texture": "#0"},
				"west": {"uv": [8.5, 3.75, 8.75, 4], "texture": "#0"},
				"up": {"uv": [8.5, 3, 8.75, 3.25], "rotation": 180, "texture": "#0"},
				"down": {"uv": [8.5, 2.75, 8.75, 3], "rotation": 180, "texture": "#0"}
			}
		},
		{
			"from": [-2.56065, 16.75533, 9.30019],
			"to": [-1.56065, 17.75533, 9.30019],
			"rotation": {"angle": -22.5, "axis": "y", "origin": [0, 12.75, 8.75]},
			"faces": {
				"north": {"uv": [8.75, 2.75, 9, 3], "texture": "#0"},
				"east": {"uv": [8.5, 3.25, 8.75, 3.5], "texture": "#0"},
				"south": {"uv": [8.75, 2.75, 9, 3], "texture": "#0"},
				"west": {"uv": [8.5, 3.75, 8.75, 4], "texture": "#0"},
				"up": {"uv": [8.5, 3, 8.75, 3.25], "rotation": 180, "texture": "#0"},
				"down": {"uv": [8.5, 2.75, 8.75, 3], "rotation": 180, "texture": "#0"}
			}
		},
		{
			"from": [-3.14864, 15, 7.34728],
			"to": [-1.14864, 17, 9.34728],
			"rotation": {"angle": 0, "axis": "y", "origin": [0, 12.75, 8.75]},
			"faces": {
				"north": {"uv": [8.5, 3.5, 8.75, 3.75], "texture": "#0"},
				"east": {"uv": [8.5, 3.25, 8.75, 3.5], "texture": "#0"},
				"south": {"uv": [8.5, 4, 8.75, 4.25], "texture": "#0"},
				"west": {"uv": [8.5, 3.75, 8.75, 4], "texture": "#0"},
				"up": {"uv": [8.5, 3, 8.75, 3.25], "rotation": 180, "texture": "#0"},
				"down": {"uv": [8.5, 2.75, 8.75, 3], "rotation": 180, "texture": "#0"}
			}
		},
		{
			"from": [0.13244, 17, 8.05214],
			"to": [1.13244, 18, 8.05214],
			"rotation": {"angle": -22.5, "axis": "y", "origin": [0, 12.75, 8.75]},
			"faces": {
				"north": {"uv": [8.75, 2.75, 9, 3], "texture": "#0"},
				"east": {"uv": [8.5, 3.25, 8.75, 3.5], "texture": "#0"},
				"south": {"uv": [8.75, 2.75, 9, 3], "texture": "#0"},
				"west": {"uv": [8.5, 3.75, 8.75, 4], "texture": "#0"},
				"up": {"uv": [8.5, 3, 8.75, 3.25], "rotation": 180, "texture": "#0"},
				"down": {"uv": [8.5, 2.75, 8.75, 3], "rotation": 180, "texture": "#0"}
			}
		},
		{
			"from": [0.21099, 16.75533, 8.15214],
			"to": [1.21099, 17.75533, 8.15214],
			"rotation": {"angle": -22.5, "axis": "y", "origin": [0, 12.75, 8.75]},
			"faces": {
				"north": {"uv": [8.75, 2.75, 9, 3], "texture": "#0"},
				"east": {"uv": [8.5, 3.25, 8.75, 3.5], "texture": "#0"},
				"south": {"uv": [8.75, 2.75, 9, 3], "texture": "#0"},
				"west": {"uv": [8.5, 3.75, 8.75, 4], "texture": "#0"},
				"up": {"uv": [8.5, 3, 8.75, 3.25], "rotation": 180, "texture": "#0"},
				"down": {"uv": [8.5, 2.75, 8.75, 3], "rotation": 180, "texture": "#0"}
			}
		},
		{
			"from": [-0.36756, 15, 7.05214],
			"to": [1.63244, 17, 9.05214],
			"rotation": {"angle": -22.5, "axis": "y", "origin": [0, 12.75, 8.75]},
			"faces": {
				"north": {"uv": [8.5, 4, 8.75, 4.25], "texture": "#0"},
				"east": {"uv": [8.5, 3.75, 8.75, 4], "texture": "#0"},
				"south": {"uv": [8.5, 3.5, 8.75, 3.75], "texture": "#0"},
				"west": {"uv": [8.5, 3.25, 8.75, 3.5], "texture": "#0"},
				"up": {"uv": [8.5, 3, 8.75, 3.25], "texture": "#0"},
				"down": {"uv": [8.5, 2.75, 8.75, 3], "texture": "#0"}
			}
		},
		{
			"from": [2.90408, 17, 6.90409],
			"to": [3.90408, 18, 6.90409],
			"rotation": {"angle": -22.5, "axis": "y", "origin": [0, 12.75, 8.75]},
			"faces": {
				"north": {"uv": [8.75, 2.75, 9, 3], "texture": "#0"},
				"east": {"uv": [8.5, 3.25, 8.75, 3.5], "texture": "#0"},
				"south": {"uv": [8.75, 2.75, 9, 3], "texture": "#0"},
				"west": {"uv": [8.5, 3.75, 8.75, 4], "texture": "#0"},
				"up": {"uv": [8.5, 3, 8.75, 3.25], "rotation": 180, "texture": "#0"},
				"down": {"uv": [8.5, 2.75, 8.75, 3], "rotation": 180, "texture": "#0"}
			}
		},
		{
			"from": [2.98263, 16.75533, 7.00409],
			"to": [3.98263, 17.75533, 7.00409],
			"rotation": {"angle": -22.5, "axis": "y", "origin": [0, 12.75, 8.75]},
			"faces": {
				"north": {"uv": [8.75, 2.75, 9, 3], "texture": "#0"},
				"east": {"uv": [8.5, 3.25, 8.75, 3.5], "texture": "#0"},
				"south": {"uv": [8.75, 2.75, 9, 3], "texture": "#0"},
				"west": {"uv": [8.5, 3.75, 8.75, 4], "texture": "#0"},
				"up": {"uv": [8.5, 3, 8.75, 3.25], "rotation": 180, "texture": "#0"},
				"down": {"uv": [8.5, 2.75, 8.75, 3], "rotation": 180, "texture": "#0"}
			}
		},
		{
			"from": [2.85136, 15, 7.34728],
			"to": [4.85136, 17, 9.34728],
			"rotation": {"angle": 0, "axis": "y", "origin": [0, 12.75, 8.75]},
			"faces": {
				"north": {"uv": [8.5, 3.75, 8.75, 4], "texture": "#0"},
				"east": {"uv": [8.5, 3.5, 8.75, 3.75], "texture": "#0"},
				"south": {"uv": [8.5, 3.25, 8.75, 3.5], "texture": "#0"},
				"west": {"uv": [8.5, 4, 8.75, 4.25], "texture": "#0"},
				"up": {"uv": [8.5, 3, 8.75, 3.25], "rotation": 270, "texture": "#0"},
				"down": {"uv": [8.5, 2.75, 8.75, 3], "rotation": 90, "texture": "#0"}
			}
		},
		{
			"from": [5.67571, 17, 5.75604],
			"to": [6.67571, 18, 5.75604],
			"rotation": {"angle": -22.5, "axis": "y", "origin": [0, 12.75, 8.75]},
			"faces": {
				"north": {"uv": [8.75, 2.75, 9, 3], "texture": "#0"},
				"east": {"uv": [8.5, 3.25, 8.75, 3.5], "texture": "#0"},
				"south": {"uv": [8.75, 2.75, 9, 3], "texture": "#0"},
				"west": {"uv": [8.5, 3.75, 8.75, 4], "texture": "#0"},
				"up": {"uv": [8.5, 3, 8.75, 3.25], "rotation": 180, "texture": "#0"},
				"down": {"uv": [8.5, 2.75, 8.75, 3], "rotation": 180, "texture": "#0"}
			}
		},
		{
			"from": [5.75427, 16.75533, 5.85604],
			"to": [6.75427, 17.75533, 5.85604],
			"rotation": {"angle": -22.5, "axis": "y", "origin": [0, 12.75, 8.75]},
			"faces": {
				"north": {"uv": [8.75, 2.75, 9, 3], "texture": "#0"},
				"east": {"uv": [8.5, 3.25, 8.75, 3.5], "texture": "#0"},
				"south": {"uv": [8.75, 2.75, 9, 3], "texture": "#0"},
				"west": {"uv": [8.5, 3.75, 8.75, 4], "texture": "#0"},
				"up": {"uv": [8.5, 3, 8.75, 3.25], "rotation": 180, "texture": "#0"},
				"down": {"uv": [8.5, 2.75, 8.75, 3], "rotation": 180, "texture": "#0"}
			}
		},
		{
			"from": [4.71857, 15, 11.8476],
			"to": [6.71857, 17, 13.8476],
			"rotation": {"angle": 22.5, "axis": "y", "origin": [0, 12.75, 8.75]},
			"faces": {
				"north": {"uv": [8.5, 3.75, 8.75, 4], "texture": "#0"},
				"east": {"uv": [8.5, 3.5, 8.75, 3.75], "texture": "#0"},
				"south": {"uv": [8.5, 3.25, 8.75, 3.5], "texture": "#0"},
				"west": {"uv": [8.5, 4, 8.75, 4.25], "texture": "#0"},
				"up": {"uv": [8.5, 3, 8.75, 3.25], "rotation": 270, "texture": "#0"},
				"down": {"uv": [8.5, 2.75, 8.75, 3], "rotation": 90, "texture": "#0"}
			}
		},
		{
			"from": [-9.87172, 17, 10.03122],
			"to": [-8.87172, 18, 10.03122],
			"rotation": {"angle": -22.5, "axis": "y", "origin": [0, 12.75, 8.75]},
			"faces": {
				"north": {"uv": [8.75, 2.75, 9, 3], "texture": "#0"},
				"east": {"uv": [8.5, 3.25, 8.75, 3.5], "texture": "#0"},
				"south": {"uv": [8.75, 2.75, 9, 3], "texture": "#0"},
				"west": {"uv": [8.5, 3.75, 8.75, 4], "texture": "#0"},
				"up": {"uv": [8.5, 3, 8.75, 3.25], "rotation": 180, "texture": "#0"},
				"down": {"uv": [8.5, 2.75, 8.75, 3], "rotation": 180, "texture": "#0"}
			}
		},
		{
			"from": [-9.79317, 16.75533, 10.13122],
			"to": [-8.79317, 17.75533, 10.13122],
			"rotation": {"angle": -22.5, "axis": "y", "origin": [0, 12.75, 8.75]},
			"faces": {
				"north": {"uv": [8.75, 2.75, 9, 3], "texture": "#0"},
				"east": {"uv": [8.5, 3.25, 8.75, 3.5], "texture": "#0"},
				"south": {"uv": [8.75, 2.75, 9, 3], "texture": "#0"},
				"west": {"uv": [8.5, 3.75, 8.75, 4], "texture": "#0"},
				"up": {"uv": [8.5, 3, 8.75, 3.25], "rotation": 180, "texture": "#0"},
				"down": {"uv": [8.5, 2.75, 8.75, 3], "rotation": 180, "texture": "#0"}
			}
		},
		{
			"from": [-5.77009, 15, 0.58196],
			"to": [-3.77009, 17, 2.58196],
			"rotation": {"angle": 45, "axis": "y", "origin": [0, 12.75, 8.75]},
			"faces": {
				"north": {"uv": [8.5, 3.75, 8.75, 4], "texture": "#0"},
				"east": {"uv": [8.5, 3.5, 8.75, 3.75], "texture": "#0"},
				"south": {"uv": [8.5, 3.25, 8.75, 3.5], "texture": "#0"},
				"west": {"uv": [8.5, 4, 8.75, 4.25], "texture": "#0"},
				"up": {"uv": [8.5, 3, 8.75, 3.25], "rotation": 270, "texture": "#0"},
				"down": {"uv": [8.5, 2.75, 8.75, 3], "rotation": 90, "texture": "#0"}
			}
		},
		{
			"from": [-4.32845, 17, 7.73511],
			"to": [-3.32845, 18, 7.73511],
			"rotation": {"angle": -22.5, "axis": "y", "origin": [0, 12.75, 8.75]},
			"faces": {
				"north": {"uv": [8.75, 2.75, 9, 3], "texture": "#0"},
				"east": {"uv": [8.5, 3.25, 8.75, 3.5], "texture": "#0"},
				"south": {"uv": [8.75, 2.75, 9, 3], "texture": "#0"},
				"west": {"uv": [8.5, 3.75, 8.75, 4], "texture": "#0"},
				"up": {"uv": [8.5, 3, 8.75, 3.25], "rotation": 180, "texture": "#0"},
				"down": {"uv": [8.5, 2.75, 8.75, 3], "rotation": 180, "texture": "#0"}
			}
		},
		{
			"from": [-4.24989, 16.75533, 7.83511],
			"to": [-3.24989, 17.75533, 7.83511],
			"rotation": {"angle": -22.5, "axis": "y", "origin": [0, 12.75, 8.75]},
			"faces": {
				"north": {"uv": [8.75, 2.75, 9, 3], "texture": "#0"},
				"east": {"uv": [8.5, 3.25, 8.75, 3.5], "texture": "#0"},
				"south": {"uv": [8.75, 2.75, 9, 3], "texture": "#0"},
				"west": {"uv": [8.5, 3.75, 8.75, 4], "texture": "#0"},
				"up": {"uv": [8.5, 3, 8.75, 3.25], "rotation": 180, "texture": "#0"},
				"down": {"uv": [8.5, 2.75, 8.75, 3], "rotation": 180, "texture": "#0"}
			}
		},
		{
			"from": [-4.14864, 15, 5.34728],
			"to": [-2.14864, 17, 7.34728],
			"rotation": {"angle": 0, "axis": "y", "origin": [0, 12.75, 8.75]},
			"faces": {
				"north": {"uv": [8.5, 3.5, 8.75, 3.75], "texture": "#0"},
				"east": {"uv": [8.5, 3.25, 8.75, 3.5], "texture": "#0"},
				"south": {"uv": [8.5, 4, 8.75, 4.25], "texture": "#0"},
				"west": {"uv": [8.5, 3.75, 8.75, 4], "texture": "#0"},
				"up": {"uv": [8.5, 3, 8.75, 3.25], "rotation": 180, "texture": "#0"},
				"down": {"uv": [8.5, 2.75, 8.75, 3], "rotation": 180, "texture": "#0"}
			}
		},
		{
			"from": [3.98647, 17, 4.29096],
			"to": [4.98647, 18, 4.29096],
			"rotation": {"angle": -22.5, "axis": "y", "origin": [0, 12.75, 8.75]},
			"faces": {
				"north": {"uv": [8.75, 2.75, 9, 3], "texture": "#0"},
				"east": {"uv": [8.5, 3.25, 8.75, 3.5], "texture": "#0"},
				"south": {"uv": [8.75, 2.75, 9, 3], "texture": "#0"},
				"west": {"uv": [8.5, 3.75, 8.75, 4], "texture": "#0"},
				"up": {"uv": [8.5, 3, 8.75, 3.25], "rotation": 180, "texture": "#0"},
				"down": {"uv": [8.5, 2.75, 8.75, 3], "rotation": 180, "texture": "#0"}
			}
		},
		{
			"from": [4.06502, 16.75533, 4.39096],
			"to": [5.06502, 17.75533, 4.39096],
			"rotation": {"angle": -22.5, "axis": "y", "origin": [0, 12.75, 8.75]},
			"faces": {
				"north": {"uv": [8.75, 2.75, 9, 3], "texture": "#0"},
				"east": {"uv": [8.5, 3.25, 8.75, 3.5], "texture": "#0"},
				"south": {"uv": [8.75, 2.75, 9, 3], "texture": "#0"},
				"west": {"uv": [8.5, 3.75, 8.75, 4], "texture": "#0"},
				"up": {"uv": [8.5, 3, 8.75, 3.25], "rotation": 180, "texture": "#0"},
				"down": {"uv": [8.5, 2.75, 8.75, 3], "rotation": 180, "texture": "#0"}
			}
		},
		{
			"from": [5.32543, 15, 7.7694],
			"to": [7.32543, 17, 9.7694],
			"rotation": {"angle": 22.5, "axis": "y", "origin": [0, 12.75, 8.75]},
			"faces": {
				"north": {"uv": [8.5, 3.75, 8.75, 4], "texture": "#0"},
				"east": {"uv": [8.5, 3.5, 8.75, 3.75], "texture": "#0"},
				"south": {"uv": [8.5, 3.25, 8.75, 3.5], "texture": "#0"},
				"west": {"uv": [8.5, 4, 8.75, 4.25], "texture": "#0"},
				"up": {"uv": [8.5, 3, 8.75, 3.25], "rotation": 270, "texture": "#0"},
				"down": {"uv": [8.5, 2.75, 8.75, 3], "rotation": 90, "texture": "#0"}
			}
		},
		{
			"from": [-8.18248, 21, 11.49629],
			"to": [-7.18248, 22, 11.49629],
			"rotation": {"angle": -22.5, "axis": "y", "origin": [0, 12.75, 8.75]},
			"faces": {
				"north": {"uv": [8.75, 2.75, 9, 3], "texture": "#0"},
				"east": {"uv": [8.5, 3.25, 8.75, 3.5], "texture": "#0"},
				"south": {"uv": [8.75, 2.75, 9, 3], "texture": "#0"},
				"west": {"uv": [8.5, 3.75, 8.75, 4], "texture": "#0"},
				"up": {"uv": [8.5, 3, 8.75, 3.25], "rotation": 180, "texture": "#0"},
				"down": {"uv": [8.5, 2.75, 8.75, 3], "rotation": 180, "texture": "#0"}
			}
		},
		{
			"from": [-8.10392, 20.75533, 11.59629],
			"to": [-7.10392, 21.75533, 11.59629],
			"rotation": {"angle": -22.5, "axis": "y", "origin": [0, 12.75, 8.75]},
			"faces": {
				"north": {"uv": [8.75, 2.75, 9, 3], "texture": "#0"},
				"east": {"uv": [8.5, 3.25, 8.75, 3.5], "texture": "#0"},
				"south": {"uv": [8.75, 2.75, 9, 3], "texture": "#0"},
				"west": {"uv": [8.5, 3.75, 8.75, 4], "texture": "#0"},
				"up": {"uv": [8.5, 3, 8.75, 3.25], "rotation": 180, "texture": "#0"},
				"down": {"uv": [8.5, 2.75, 8.75, 3], "rotation": 180, "texture": "#0"}
			}
		},
		{
			"from": [-6.4772, 19, 1.70328],
			"to": [-4.4772, 21, 3.70328],
			"rotation": {"angle": 45, "axis": "y", "origin": [0, 12.75, 8.75]},
			"faces": {
				"north": {"uv": [8.9375, 3.75, 9.1875, 4], "texture": "#0"},
				"east": {"uv": [8.9375, 3.5, 9.1875, 3.75], "texture": "#0"},
				"south": {"uv": [8.9375, 3.25, 9.1875, 3.5], "texture": "#0"},
				"west": {"uv": [8.9375, 4, 9.1875, 4.25], "texture": "#0"},
				"up": {"uv": [8.9375, 3, 9.1875, 3.25], "rotation": 270, "texture": "#0"},
				"down": {"uv": [8.9375, 2.75, 9.1875, 3], "rotation": 90, "texture": "#0"}
			}
		},
		{
			"from": [-5.41084, 21, 10.34824],
			"to": [-4.41084, 22, 10.34824],
			"rotation": {"angle": -22.5, "axis": "y", "origin": [0, 12.75, 8.75]},
			"faces": {
				"north": {"uv": [8.75, 2.75, 9, 3], "texture": "#0"},
				"east": {"uv": [8.5, 3.25, 8.75, 3.5], "texture": "#0"},
				"south": {"uv": [8.75, 2.75, 9, 3], "texture": "#0"},
				"west": {"uv": [8.5, 3.75, 8.75, 4], "texture": "#0"},
				"up": {"uv": [8.5, 3, 8.75, 3.25], "rotation": 180, "texture": "#0"},
				"down": {"uv": [8.5, 2.75, 8.75, 3], "rotation": 180, "texture": "#0"}
			}
		},
		{
			"from": [-5.33229, 20.75533, 10.44824],
			"to": [-4.33229, 21.75533, 10.44824],
			"rotation": {"angle": -22.5, "axis": "y", "origin": [0, 12.75, 8.75]},
			"faces": {
				"north": {"uv": [8.75, 2.75, 9, 3], "texture": "#0"},
				"east": {"uv": [8.5, 3.25, 8.75, 3.5], "texture": "#0"},
				"south": {"uv": [8.75, 2.75, 9, 3], "texture": "#0"},
				"west": {"uv": [8.5, 3.75, 8.75, 4], "texture": "#0"},
				"up": {"uv": [8.5, 3, 8.75, 3.25], "rotation": 180, "texture": "#0"},
				"down": {"uv": [8.5, 2.75, 8.75, 3], "rotation": 180, "texture": "#0"}
			}
		},
		{
			"from": [-5.60261, 19, 5.40764],
			"to": [-3.60261, 21, 7.40764],
			"rotation": {"angle": 22.5, "axis": "y", "origin": [0, 12.75, 8.75]},
			"faces": {
				"north": {"uv": [8.9375, 3.75, 9.1875, 4], "texture": "#0"},
				"east": {"uv": [8.9375, 3.5, 9.1875, 3.75], "texture": "#0"},
				"south": {"uv": [8.9375, 3.25, 9.1875, 3.5], "texture": "#0"},
				"west": {"uv": [8.9375, 4, 9.1875, 4.25], "texture": "#0"},
				"up": {"uv": [8.9375, 3, 9.1875, 3.25], "rotation": 270, "texture": "#0"},
				"down": {"uv": [8.9375, 2.75, 9.1875, 3], "rotation": 90, "texture": "#0"}
			}
		},
		{
			"from": [-2.6392, 21, 9.20019],
			"to": [-1.6392, 22, 9.20019],
			"rotation": {"angle": -22.5, "axis": "y", "origin": [0, 12.75, 8.75]},
			"faces": {
				"north": {"uv": [8.75, 2.75, 9, 3], "texture": "#0"},
				"east": {"uv": [8.5, 3.25, 8.75, 3.5], "texture": "#0"},
				"south": {"uv": [8.75, 2.75, 9, 3], "texture": "#0"},
				"west": {"uv": [8.5, 3.75, 8.75, 4], "texture": "#0"},
				"up": {"uv": [8.5, 3, 8.75, 3.25], "rotation": 180, "texture": "#0"},
				"down": {"uv": [8.5, 2.75, 8.75, 3], "rotation": 180, "texture": "#0"}
			}
		},
		{
			"from": [-2.56065, 20.75533, 9.30019],
			"to": [-1.56065, 21.75533, 9.30019],
			"rotation": {"angle": -22.5, "axis": "y", "origin": [0, 12.75, 8.75]},
			"faces": {
				"north": {"uv": [8.75, 2.75, 9, 3], "texture": "#0"},
				"east": {"uv": [8.5, 3.25, 8.75, 3.5], "texture": "#0"},
				"south": {"uv": [8.75, 2.75, 9, 3], "texture": "#0"},
				"west": {"uv": [8.5, 3.75, 8.75, 4], "texture": "#0"},
				"up": {"uv": [8.5, 3, 8.75, 3.25], "rotation": 180, "texture": "#0"},
				"down": {"uv": [8.5, 2.75, 8.75, 3], "rotation": 180, "texture": "#0"}
			}
		},
		{
			"from": [-3.14864, 19, 7.34728],
			"to": [-1.14864, 21, 9.34728],
			"rotation": {"angle": 0, "axis": "y", "origin": [0, 12.75, 8.75]},
			"faces": {
				"north": {"uv": [8.9375, 3.5, 9.1875, 3.75], "texture": "#0"},
				"east": {"uv": [8.9375, 3.25, 9.1875, 3.5], "texture": "#0"},
				"south": {"uv": [8.9375, 4, 9.1875, 4.25], "texture": "#0"},
				"west": {"uv": [8.9375, 3.75, 9.1875, 4], "texture": "#0"},
				"up": {"uv": [8.9375, 3, 9.1875, 3.25], "rotation": 180, "texture": "#0"},
				"down": {"uv": [8.9375, 2.75, 9.1875, 3], "rotation": 180, "texture": "#0"}
			}
		},
		{
			"from": [0.13244, 21, 8.05214],
			"to": [1.13244, 22, 8.05214],
			"rotation": {"angle": -22.5, "axis": "y", "origin": [0, 12.75, 8.75]},
			"faces": {
				"north": {"uv": [8.75, 2.75, 9, 3], "texture": "#0"},
				"east": {"uv": [8.5, 3.25, 8.75, 3.5], "texture": "#0"},
				"south": {"uv": [8.75, 2.75, 9, 3], "texture": "#0"},
				"west": {"uv": [8.5, 3.75, 8.75, 4], "texture": "#0"},
				"up": {"uv": [8.5, 3, 8.75, 3.25], "rotation": 180, "texture": "#0"},
				"down": {"uv": [8.5, 2.75, 8.75, 3], "rotation": 180, "texture": "#0"}
			}
		},
		{
			"from": [0.21099, 20.75533, 8.15214],
			"to": [1.21099, 21.75533, 8.15214],
			"rotation": {"angle": -22.5, "axis": "y", "origin": [0, 12.75, 8.75]},
			"faces": {
				"north": {"uv": [8.75, 2.75, 9, 3], "texture": "#0"},
				"east": {"uv": [8.5, 3.25, 8.75, 3.5], "texture": "#0"},
				"south": {"uv": [8.75, 2.75, 9, 3], "texture": "#0"},
				"west": {"uv": [8.5, 3.75, 8.75, 4], "texture": "#0"},
				"up": {"uv": [8.5, 3, 8.75, 3.25], "rotation": 180, "texture": "#0"},
				"down": {"uv": [8.5, 2.75, 8.75, 3], "rotation": 180, "texture": "#0"}
			}
		},
		{
			"from": [-0.36756, 19, 7.05214],
			"to": [1.63244, 21, 9.05214],
			"rotation": {"angle": -22.5, "axis": "y", "origin": [0, 12.75, 8.75]},
			"faces": {
				"north": {"uv": [8.9375, 4, 9.1875, 4.25], "texture": "#0"},
				"east": {"uv": [8.9375, 3.75, 9.1875, 4], "texture": "#0"},
				"south": {"uv": [8.9375, 3.5, 9.1875, 3.75], "texture": "#0"},
				"west": {"uv": [8.9375, 3.25, 9.1875, 3.5], "texture": "#0"},
				"up": {"uv": [8.9375, 3, 9.1875, 3.25], "texture": "#0"},
				"down": {"uv": [8.9375, 2.75, 9.1875, 3], "texture": "#0"}
			}
		},
		{
			"from": [5.67571, 21, 5.75604],
			"to": [6.67571, 22, 5.75604],
			"rotation": {"angle": -22.5, "axis": "y", "origin": [0, 12.75, 8.75]},
			"faces": {
				"north": {"uv": [8.75, 2.75, 9, 3], "texture": "#0"},
				"east": {"uv": [8.5, 3.25, 8.75, 3.5], "texture": "#0"},
				"south": {"uv": [8.75, 2.75, 9, 3], "texture": "#0"},
				"west": {"uv": [8.5, 3.75, 8.75, 4], "texture": "#0"},
				"up": {"uv": [8.5, 3, 8.75, 3.25], "rotation": 180, "texture": "#0"},
				"down": {"uv": [8.5, 2.75, 8.75, 3], "rotation": 180, "texture": "#0"}
			}
		},
		{
			"from": [5.75427, 20.75533, 5.85604],
			"to": [6.75427, 21.75533, 5.85604],
			"rotation": {"angle": -22.5, "axis": "y", "origin": [0, 12.75, 8.75]},
			"faces": {
				"north": {"uv": [8.75, 2.75, 9, 3], "texture": "#0"},
				"east": {"uv": [8.5, 3.25, 8.75, 3.5], "texture": "#0"},
				"south": {"uv": [8.75, 2.75, 9, 3], "texture": "#0"},
				"west": {"uv": [8.5, 3.75, 8.75, 4], "texture": "#0"},
				"up": {"uv": [8.5, 3, 8.75, 3.25], "rotation": 180, "texture": "#0"},
				"down": {"uv": [8.5, 2.75, 8.75, 3], "rotation": 180, "texture": "#0"}
			}
		},
		{
			"from": [5.48394, 19, 9.99984],
			"to": [7.48394, 21, 11.99984],
			"rotation": {"angle": 22.5, "axis": "y", "origin": [0, 12.75, 8.75]},
			"faces": {
				"north": {"uv": [8.9375, 3.75, 9.1875, 4], "texture": "#0"},
				"east": {"uv": [8.9375, 3.5, 9.1875, 3.75], "texture": "#0"},
				"south": {"uv": [8.9375, 3.25, 9.1875, 3.5], "texture": "#0"},
				"west": {"uv": [8.9375, 4, 9.1875, 4.25], "texture": "#0"},
				"up": {"uv": [8.9375, 3, 9.1875, 3.25], "rotation": 270, "texture": "#0"},
				"down": {"uv": [8.9375, 2.75, 9.1875, 3], "rotation": 90, "texture": "#0"}
			}
		},
		{
			"from": [-7.10009, 21, 8.88316],
			"to": [-6.10009, 22, 8.88316],
			"rotation": {"angle": -22.5, "axis": "y", "origin": [0, 12.75, 8.75]},
			"faces": {
				"north": {"uv": [8.75, 2.75, 9, 3], "texture": "#0"},
				"east": {"uv": [8.5, 3.25, 8.75, 3.5], "texture": "#0"},
				"south": {"uv": [8.75, 2.75, 9, 3], "texture": "#0"},
				"west": {"uv": [8.5, 3.75, 8.75, 4], "texture": "#0"},
				"up": {"uv": [8.5, 3, 8.75, 3.25], "rotation": 180, "texture": "#0"},
				"down": {"uv": [8.5, 2.75, 8.75, 3], "rotation": 180, "texture": "#0"}
			}
		},
		{
			"from": [-7.02153, 20.75533, 8.98316],
			"to": [-6.02153, 21.75533, 8.98316],
			"rotation": {"angle": -22.5, "axis": "y", "origin": [0, 12.75, 8.75]},
			"faces": {
				"north": {"uv": [8.75, 2.75, 9, 3], "texture": "#0"},
				"east": {"uv": [8.5, 3.25, 8.75, 3.5], "texture": "#0"},
				"south": {"uv": [8.75, 2.75, 9, 3], "texture": "#0"},
				"west": {"uv": [8.5, 3.75, 8.75, 4], "texture": "#0"},
				"up": {"uv": [8.5, 3, 8.75, 3.25], "rotation": 180, "texture": "#0"},
				"down": {"uv": [8.5, 2.75, 8.75, 3], "rotation": 180, "texture": "#0"}
			}
		},
		{
			"from": [-5.76113, 19, 3.1772],
			"to": [-3.76113, 21, 5.1772],
			"rotation": {"angle": 22.5, "axis": "y", "origin": [0, 12.75, 8.75]},
			"faces": {
				"north": {"uv": [8.9375, 3.75, 9.1875, 4], "texture": "#0"},
				"east": {"uv": [8.9375, 3.5, 9.1875, 3.75], "texture": "#0"},
				"south": {"uv": [8.9375, 3.25, 9.1875, 3.5], "texture": "#0"},
				"west": {"uv": [8.9375, 4, 9.1875, 4.25], "texture": "#0"},
				"up": {"uv": [8.9375, 3, 9.1875, 3.25], "rotation": 270, "texture": "#0"},
				"down": {"uv": [8.9375, 2.75, 9.1875, 3], "rotation": 90, "texture": "#0"}
			}
		},
		{
			"from": [3.98647, 21, 4.29096],
			"to": [4.98647, 22, 4.29096],
			"rotation": {"angle": -22.5, "axis": "y", "origin": [0, 12.75, 8.75]},
			"faces": {
				"north": {"uv": [8.75, 2.75, 9, 3], "texture": "#0"},
				"east": {"uv": [8.5, 3.25, 8.75, 3.5], "texture": "#0"},
				"south": {"uv": [8.75, 2.75, 9, 3], "texture": "#0"},
				"west": {"uv": [8.5, 3.75, 8.75, 4], "texture": "#0"},
				"up": {"uv": [8.5, 3, 8.75, 3.25], "rotation": 180, "texture": "#0"},
				"down": {"uv": [8.5, 2.75, 8.75, 3], "rotation": 180, "texture": "#0"}
			}
		},
		{
			"from": [4.06502, 20.75533, 4.39096],
			"to": [5.06502, 21.75533, 4.39096],
			"rotation": {"angle": -22.5, "axis": "y", "origin": [0, 12.75, 8.75]},
			"faces": {
				"north": {"uv": [8.75, 2.75, 9, 3], "texture": "#0"},
				"east": {"uv": [8.5, 3.25, 8.75, 3.5], "texture": "#0"},
				"south": {"uv": [8.75, 2.75, 9, 3], "texture": "#0"},
				"west": {"uv": [8.5, 3.75, 8.75, 4], "texture": "#0"},
				"up": {"uv": [8.5, 3, 8.75, 3.25], "rotation": 180, "texture": "#0"},
				"down": {"uv": [8.5, 2.75, 8.75, 3], "rotation": 180, "texture": "#0"}
			}
		},
		{
			"from": [5.32543, 19, 7.7694],
			"to": [7.32543, 21, 9.7694],
			"rotation": {"angle": 22.5, "axis": "y", "origin": [0, 12.75, 8.75]},
			"faces": {
				"north": {"uv": [8.9375, 3.75, 9.1875, 4], "texture": "#0"},
				"east": {"uv": [8.9375, 3.5, 9.1875, 3.75], "texture": "#0"},
				"south": {"uv": [8.9375, 3.25, 9.1875, 3.5], "texture": "#0"},
				"west": {"uv": [8.9375, 4, 9.1875, 4.25], "texture": "#0"},
				"up": {"uv": [8.9375, 3, 9.1875, 3.25], "rotation": 270, "texture": "#0"},
				"down": {"uv": [8.9375, 2.75, 9.1875, 3], "rotation": 90, "texture": "#0"}
			}
		},
		{
			"from": [8.67028, 21, 10.04397],
			"to": [9.67028, 22, 10.04397],
			"rotation": {"angle": 22.5, "axis": "y", "origin": [0, 12.75, 8.75]},
			"faces": {
				"north": {"uv": [8.75, 2.75, 9, 3], "texture": "#0"},
				"east": {"uv": [8.5, 3.25, 8.75, 3.5], "texture": "#0"},
				"south": {"uv": [8.75, 2.75, 9, 3], "texture": "#0"},
				"west": {"uv": [8.5, 3.75, 8.75, 4], "texture": "#0"},
				"up": {"uv": [8.5, 3, 8.75, 3.25], "rotation": 180, "texture": "#0"},
				"down": {"uv": [8.5, 2.75, 8.75, 3], "rotation": 180, "texture": "#0"}
			}
		},
		{
			"from": [8.74883, 20.75533, 10.14397],
			"to": [9.74883, 21.75533, 10.14397],
			"rotation": {"angle": 22.5, "axis": "y", "origin": [0, 12.75, 8.75]},
			"faces": {
				"north": {"uv": [8.75, 2.75, 9, 3], "texture": "#0"},
				"east": {"uv": [8.5, 3.25, 8.75, 3.5], "texture": "#0"},
				"south": {"uv": [8.75, 2.75, 9, 3], "texture": "#0"},
				"west": {"uv": [8.5, 3.75, 8.75, 4], "texture": "#0"},
				"up": {"uv": [8.5, 3, 8.75, 3.25], "rotation": 180, "texture": "#0"},
				"down": {"uv": [8.5, 2.75, 8.75, 3], "rotation": 180, "texture": "#0"}
			}
		},
		{
			"from": [8.17028, 19, 9.04397],
			"to": [10.17028, 21, 11.04397],
			"rotation": {"angle": 22.5, "axis": "y", "origin": [0, 12.75, 8.75]},
			"faces": {
				"north": {"uv": [8.9375, 3.5, 9.1875, 3.75], "texture": "#0"},
				"east": {"uv": [8.9375, 3.25, 9.1875, 3.5], "texture": "#0"},
				"south": {"uv": [8.9375, 4, 9.1875, 4.25], "texture": "#0"},
				"west": {"uv": [8.9375, 3.75, 9.1875, 4], "texture": "#0"},
				"up": {"uv": [8.9375, 3, 9.1875, 3.25], "rotation": 180, "texture": "#0"},
				"down": {"uv": [8.9375, 2.75, 9.1875, 3], "rotation": 180, "texture": "#0"}
			}
		},
		{
			"from": [4.60612, 11, 2.99249],
			"to": [5.60612, 12, 3.99249],
			"rotation": {"angle": -22.5, "axis": "y", "origin": [0, 12.75, 8.75]},
			"faces": {
				"north": {"uv": [9.1875, 3.25, 9.3125, 3.375], "texture": "#0"},
				"east": {"uv": [9.1875, 3.125, 9.3125, 3.25], "texture": "#0"},
				"south": {"uv": [9.1875, 2.75, 9.3125, 2.875], "texture": "#0"},
				"west": {"uv": [9.1875, 3.375, 9.3125, 3.5], "texture": "#0"},
				"up": {"uv": [9.1875, 3, 9.3125, 3.125], "rotation": 180, "texture": "#0"},
				"down": {"uv": [9.1875, 2.875, 9.3125, 3], "rotation": 180, "texture": "#0"}
			}
		},
		{
			"from": [4.98008, 11, 11.60876],
			"to": [5.98008, 12, 12.60876],
			"rotation": {"angle": 45, "axis": "y", "origin": [0, 12.75, 8.75]},
			"faces": {
				"north": {"uv": [9.1875, 2.75, 9.3125, 2.875], "texture": "#0"},
				"east": {"uv": [9.1875, 3.375, 9.3125, 3.5], "texture": "#0"},
				"south": {"uv": [9.1875, 3.25, 9.3125, 3.375], "texture": "#0"},
				"west": {"uv": [9.1875, 3.125, 9.3125, 3.25], "texture": "#0"},
				"up": {"uv": [9.1875, 3, 9.3125, 3.125], "texture": "#0"},
				"down": {"uv": [9.1875, 2.875, 9.3125, 3], "texture": "#0"}
			}
		},
		{
			"from": [5.25, 12, 6.5],
			"to": [6.25, 13, 7.5],
			"rotation": {"angle": 0, "axis": "y", "origin": [0, 12.75, 8.75]},
			"faces": {
				"north": {"uv": [9.1875, 3.375, 9.3125, 3.5], "texture": "#0"},
				"east": {"uv": [9.1875, 3.25, 9.3125, 3.375], "texture": "#0"},
				"south": {"uv": [9.1875, 3.125, 9.3125, 3.25], "texture": "#0"},
				"west": {"uv": [9.1875, 2.75, 9.3125, 2.875], "texture": "#0"},
				"up": {"uv": [9.1875, 3, 9.3125, 3.125], "rotation": 270, "texture": "#0"},
				"down": {"uv": [9.1875, 2.875, 9.3125, 3], "rotation": 90, "texture": "#0"}
			}
		},
		{
			"from": [-3.7088, 11, 6.43664],
			"to": [-2.7088, 12, 7.43664],
			"rotation": {"angle": -22.5, "axis": "y", "origin": [0, 12.75, 8.75]},
			"faces": {
				"north": {"uv": [9.1875, 3.25, 9.3125, 3.375], "texture": "#0"},
				"east": {"uv": [9.1875, 3.125, 9.3125, 3.25], "texture": "#0"},
				"south": {"uv": [9.1875, 2.75, 9.3125, 2.875], "texture": "#0"},
				"west": {"uv": [9.1875, 3.375, 9.3125, 3.5], "texture": "#0"},
				"up": {"uv": [9.1875, 3, 9.3125, 3.125], "rotation": 180, "texture": "#0"},
				"down": {"uv": [9.1875, 2.875, 9.3125, 3], "rotation": 180, "texture": "#0"}
			}
		},
		{
			"from": [-1.38388, 11, 5.2448],
			"to": [-0.38388, 12, 6.2448],
			"rotation": {"angle": 45, "axis": "y", "origin": [0, 12.75, 8.75]},
			"faces": {
				"north": {"uv": [9.1875, 2.75, 9.3125, 2.875], "texture": "#0"},
				"east": {"uv": [9.1875, 3.375, 9.3125, 3.5], "texture": "#0"},
				"south": {"uv": [9.1875, 3.25, 9.3125, 3.375], "texture": "#0"},
				"west": {"uv": [9.1875, 3.125, 9.3125, 3.25], "texture": "#0"},
				"up": {"uv": [9.1875, 3, 9.3125, 3.125], "texture": "#0"},
				"down": {"uv": [9.1875, 2.875, 9.3125, 3], "texture": "#0"}
			}
		},
		{
			"from": [-4.25, 11, 5.75],
			"to": [-3.25, 12, 6.75],
			"rotation": {"angle": 0, "axis": "y", "origin": [0, 12.75, 8.75]},
			"faces": {
				"north": {"uv": [9.1875, 3.375, 9.3125, 3.5], "texture": "#0"},
				"east": {"uv": [9.1875, 3.25, 9.3125, 3.375], "texture": "#0"},
				"south": {"uv": [9.1875, 3.125, 9.3125, 3.25], "texture": "#0"},
				"west": {"uv": [9.1875, 2.75, 9.3125, 2.875], "texture": "#0"},
				"up": {"uv": [9.1875, 3, 9.3125, 3.125], "rotation": 270, "texture": "#0"},
				"down": {"uv": [9.1875, 2.875, 9.3125, 3], "rotation": 90, "texture": "#0"}
			}
		},
		{
			"from": [-3.75, 12, 6.5],
			"to": [-2.75, 13, 7.5],
			"rotation": {"angle": 0, "axis": "y", "origin": [0, 12.75, 8.75]},
			"faces": {
				"north": {"uv": [9.1875, 3.375, 9.3125, 3.5], "texture": "#0"},
				"east": {"uv": [9.1875, 3.25, 9.3125, 3.375], "texture": "#0"},
				"south": {"uv": [9.1875, 3.125, 9.3125, 3.25], "texture": "#0"},
				"west": {"uv": [9.1875, 2.75, 9.3125, 2.875], "texture": "#0"},
				"up": {"uv": [9.1875, 3, 9.3125, 3.125], "rotation": 270, "texture": "#0"},
				"down": {"uv": [9.1875, 2.875, 9.3125, 3], "rotation": 90, "texture": "#0"}
			}
		},
		{
			"from": [-2.65165, 11, 1.91637],
			"to": [-1.65165, 12, 2.91637],
			"rotation": {"angle": 45, "axis": "y", "origin": [0, 12.75, 8.75]},
			"faces": {
				"north": {"uv": [9.1875, 3.375, 9.3125, 3.5], "texture": "#0"},
				"east": {"uv": [9.1875, 3.25, 9.3125, 3.375], "texture": "#0"},
				"south": {"uv": [9.1875, 3.125, 9.3125, 3.25], "texture": "#0"},
				"west": {"uv": [9.1875, 2.75, 9.3125, 2.875], "texture": "#0"},
				"up": {"uv": [9.1875, 3, 9.3125, 3.125], "rotation": 270, "texture": "#0"},
				"down": {"uv": [9.1875, 2.875, 9.3125, 3], "rotation": 90, "texture": "#0"}
			}
		},
		{
			"from": [-6.16216, 11, 4.28107],
			"to": [-5.16216, 12, 5.28107],
			"rotation": {"angle": 22.5, "axis": "y", "origin": [0, 12.75, 8.75]},
			"faces": {
				"north": {"uv": [9.1875, 2.75, 9.3125, 2.875], "texture": "#0"},
				"east": {"uv": [9.1875, 3.375, 9.3125, 3.5], "texture": "#0"},
				"south": {"uv": [9.1875, 3.25, 9.3125, 3.375], "texture": "#0"},
				"west": {"uv": [9.1875, 3.125, 9.3125, 3.25], "texture": "#0"},
				"up": {"uv": [9.1875, 3, 9.3125, 3.125], "texture": "#0"},
				"down": {"uv": [9.1875, 2.875, 9.3125, 3], "texture": "#0"}
			}
		},
		{
			"from": [-8.61677, 11, 8.9061],
			"to": [-7.61677, 12, 9.9061],
			"rotation": {"angle": -22.5, "axis": "y", "origin": [0, 12.75, 8.75]},
			"faces": {
				"north": {"uv": [9.1875, 3.375, 9.3125, 3.5], "texture": "#0"},
				"east": {"uv": [9.1875, 3.25, 9.3125, 3.375], "texture": "#0"},
				"south": {"uv": [9.1875, 3.125, 9.3125, 3.25], "texture": "#0"},
				"west": {"uv": [9.1875, 2.75, 9.3125, 2.875], "texture": "#0"},
				"up": {"uv": [9.1875, 3, 9.3125, 3.125], "rotation": 270, "texture": "#0"},
				"down": {"uv": [9.1875, 2.875, 9.3125, 3], "rotation": 90, "texture": "#0"}
			}
		},
		{
			"from": [-8.11677, 12, 9.6561],
			"to": [-7.11677, 13, 10.6561],
			"rotation": {"angle": -22.5, "axis": "y", "origin": [0, 12.75, 8.75]},
			"faces": {
				"north": {"uv": [9.1875, 3.375, 9.3125, 3.5], "texture": "#0"},
				"east": {"uv": [9.1875, 3.25, 9.3125, 3.375], "texture": "#0"},
				"south": {"uv": [9.1875, 3.125, 9.3125, 3.25], "texture": "#0"},
				"west": {"uv": [9.1875, 2.75, 9.3125, 2.875], "texture": "#0"},
				"up": {"uv": [9.1875, 3, 9.3125, 3.125], "rotation": 270, "texture": "#0"},
				"down": {"uv": [9.1875, 2.875, 9.3125, 3], "rotation": 90, "texture": "#0"}
			}
		},
		{
			"from": [-7.99194, 11, 2.41846],
			"to": [-6.99194, 12, 3.41846],
			"rotation": {"angle": 22.5, "axis": "y", "origin": [0, 12.75, 8.75]},
			"faces": {
				"north": {"uv": [9.1875, 3.25, 9.3125, 3.375], "texture": "#0"},
				"east": {"uv": [9.1875, 3.125, 9.3125, 3.25], "texture": "#0"},
				"south": {"uv": [9.1875, 2.75, 9.3125, 2.875], "texture": "#0"},
				"west": {"uv": [9.1875, 3.375, 9.3125, 3.5], "texture": "#0"},
				"up": {"uv": [9.1875, 3, 9.3125, 3.125], "rotation": 180, "texture": "#0"},
				"down": {"uv": [9.1875, 2.875, 9.3125, 3], "rotation": 180, "texture": "#0"}
			}
		},
		{
			"from": [-9.75, 11, 6.75],
			"to": [-8.75, 12, 7.75],
			"rotation": {"angle": 0, "axis": "y", "origin": [0, 12.75, 8.75]},
			"faces": {
				"north": {"uv": [9.1875, 3.375, 9.3125, 3.5], "texture": "#0"},
				"east": {"uv": [9.1875, 3.25, 9.3125, 3.375], "texture": "#0"},
				"south": {"uv": [9.1875, 3.125, 9.3125, 3.25], "texture": "#0"},
				"west": {"uv": [9.1875, 2.75, 9.3125, 2.875], "texture": "#0"},
				"up": {"uv": [9.1875, 3, 9.3125, 3.125], "rotation": 270, "texture": "#0"},
				"down": {"uv": [9.1875, 2.875, 9.3125, 3], "rotation": 90, "texture": "#0"}
			}
		},
		{
			"from": [-5.98008, 11, -0.76561],
			"to": [-4.98008, 12, 0.23439],
			"rotation": {"angle": 45, "axis": "y", "origin": [0, 12.75, 8.75]},
			"faces": {
				"north": {"uv": [9.1875, 3.375, 9.3125, 3.5], "texture": "#0"},
				"east": {"uv": [9.1875, 3.25, 9.3125, 3.375], "texture": "#0"},
				"south": {"uv": [9.1875, 3.125, 9.3125, 3.25], "texture": "#0"},
				"west": {"uv": [9.1875, 2.75, 9.3125, 2.875], "texture": "#0"},
				"up": {"uv": [9.1875, 3, 9.3125, 3.125], "rotation": 270, "texture": "#0"},
				"down": {"uv": [9.1875, 2.875, 9.3125, 3], "rotation": 90, "texture": "#0"}
			}
		},
		{
			"from": [-5.48008, 12, -0.01561],
			"to": [-4.48008, 13, 0.98439],
			"rotation": {"angle": 45, "axis": "y", "origin": [0, 12.75, 8.75]},
			"faces": {
				"north": {"uv": [9.1875, 3.375, 9.3125, 3.5], "texture": "#0"},
				"east": {"uv": [9.1875, 3.25, 9.3125, 3.375], "texture": "#0"},
				"south": {"uv": [9.1875, 3.125, 9.3125, 3.25], "texture": "#0"},
				"west": {"uv": [9.1875, 2.75, 9.3125, 2.875], "texture": "#0"},
				"up": {"uv": [9.1875, 3, 9.3125, 3.125], "rotation": 270, "texture": "#0"},
				"down": {"uv": [9.1875, 2.875, 9.3125, 3], "rotation": 90, "texture": "#0"}
			}
		},
		{
			"from": [-1.36627, 11, 7.32769],
			"to": [-0.36627, 12, 8.32769],
			"rotation": {"angle": 22.5, "axis": "y", "origin": [0, 12.75, 8.75]},
			"faces": {
				"north": {"uv": [9.1875, 3.25, 9.3125, 3.375], "texture": "#0"},
				"east": {"uv": [9.1875, 3.125, 9.3125, 3.25], "texture": "#0"},
				"south": {"uv": [9.1875, 2.75, 9.3125, 2.875], "texture": "#0"},
				"west": {"uv": [9.1875, 3.375, 9.3125, 3.5], "texture": "#0"},
				"up": {"uv": [9.1875, 3, 9.3125, 3.125], "rotation": 180, "texture": "#0"},
				"down": {"uv": [9.1875, 2.875, 9.3125, 3], "rotation": 180, "texture": "#0"}
			}
		},
		{
			"from": [-1.75, 11, 8.75],
			"to": [-0.75, 12, 9.75],
			"rotation": {"angle": 0, "axis": "y", "origin": [0, 12.75, 8.75]},
			"faces": {
				"north": {"uv": [9.1875, 3.375, 9.3125, 3.5], "texture": "#0"},
				"east": {"uv": [9.1875, 3.25, 9.3125, 3.375], "texture": "#0"},
				"south": {"uv": [9.1875, 3.125, 9.3125, 3.25], "texture": "#0"},
				"west": {"uv": [9.1875, 2.75, 9.3125, 2.875], "texture": "#0"},
				"up": {"uv": [9.1875, 3, 9.3125, 3.125], "rotation": 270, "texture": "#0"},
				"down": {"uv": [9.1875, 2.875, 9.3125, 3], "rotation": 90, "texture": "#0"}
			}
		},
		{
			"from": [-1.73744, 11, 6.30546],
			"to": [-0.73744, 12, 7.30546],
			"rotation": {"angle": 45, "axis": "y", "origin": [0, 12.75, 8.75]},
			"faces": {
				"north": {"uv": [9.1875, 3.375, 9.3125, 3.5], "texture": "#0"},
				"east": {"uv": [9.1875, 3.25, 9.3125, 3.375], "texture": "#0"},
				"south": {"uv": [9.1875, 3.125, 9.3125, 3.25], "texture": "#0"},
				"west": {"uv": [9.1875, 2.75, 9.3125, 2.875], "texture": "#0"},
				"up": {"uv": [9.1875, 3, 9.3125, 3.125], "rotation": 270, "texture": "#0"},
				"down": {"uv": [9.1875, 2.875, 9.3125, 3], "rotation": 90, "texture": "#0"}
			}
		},
		{
			"from": [-1.23744, 12, 7.05546],
			"to": [-0.23744, 13, 8.05546],
			"rotation": {"angle": 45, "axis": "y", "origin": [0, 12.75, 8.75]},
			"faces": {
				"north": {"uv": [9.1875, 3.375, 9.3125, 3.5], "texture": "#0"},
				"east": {"uv": [9.1875, 3.25, 9.3125, 3.375], "texture": "#0"},
				"south": {"uv": [9.1875, 3.125, 9.3125, 3.25], "texture": "#0"},
				"west": {"uv": [9.1875, 2.75, 9.3125, 2.875], "texture": "#0"},
				"up": {"uv": [9.1875, 3, 9.3125, 3.125], "rotation": 270, "texture": "#0"},
				"down": {"uv": [9.1875, 2.875, 9.3125, 3], "rotation": 90, "texture": "#0"}
			}
		},
		{
			"from": [0.94454, 11, 9.34099],
			"to": [1.94454, 12, 10.34099],
			"rotation": {"angle": 45, "axis": "y", "origin": [0, 12.75, 8.75]},
			"faces": {
				"north": {"uv": [9.1875, 3.25, 9.3125, 3.375], "texture": "#0"},
				"east": {"uv": [9.1875, 3.125, 9.3125, 3.25], "texture": "#0"},
				"south": {"uv": [9.1875, 2.75, 9.3125, 2.875], "texture": "#0"},
				"west": {"uv": [9.1875, 3.375, 9.3125, 3.5], "texture": "#0"},
				"up": {"uv": [9.1875, 3, 9.3125, 3.125], "rotation": 180, "texture": "#0"},
				"down": {"uv": [9.1875, 2.875, 9.3125, 3], "rotation": 180, "texture": "#0"}
			}
		},
		{
			"from": [0.92545, 11, 9.38164],
			"to": [1.92545, 12, 10.38164],
			"rotation": {"angle": 22.5, "axis": "y", "origin": [0, 12.75, 8.75]},
			"faces": {
				"north": {"uv": [9.1875, 3.375, 9.3125, 3.5], "texture": "#0"},
				"east": {"uv": [9.1875, 3.25, 9.3125, 3.375], "texture": "#0"},
				"south": {"uv": [9.1875, 3.125, 9.3125, 3.25], "texture": "#0"},
				"west": {"uv": [9.1875, 2.75, 9.3125, 2.875], "texture": "#0"},
				"up": {"uv": [9.1875, 3, 9.3125, 3.125], "rotation": 270, "texture": "#0"},
				"down": {"uv": [9.1875, 2.875, 9.3125, 3], "rotation": 90, "texture": "#0"}
			}
		},
		{
			"from": [0.00157, 11, 7.50105],
			"to": [1.00157, 12, 8.50105],
			"rotation": {"angle": -22.5, "axis": "y", "origin": [0, 12.75, 8.75]},
			"faces": {
				"north": {"uv": [9.1875, 3.25, 9.3125, 3.375], "texture": "#0"},
				"east": {"uv": [9.1875, 3.125, 9.3125, 3.25], "texture": "#0"},
				"south": {"uv": [9.1875, 2.75, 9.3125, 2.875], "texture": "#0"},
				"west": {"uv": [9.1875, 3.375, 9.3125, 3.5], "texture": "#0"},
				"up": {"uv": [9.1875, 3, 9.3125, 3.125], "rotation": 180, "texture": "#0"},
				"down": {"uv": [9.1875, 2.875, 9.3125, 3], "rotation": 180, "texture": "#0"}
			}
		},
		{
			"from": [0.75157, 12, 7.00105],
			"to": [1.75157, 13, 8.00105],
			"rotation": {"angle": -22.5, "axis": "y", "origin": [0, 12.75, 8.75]},
			"faces": {
				"north": {"uv": [9.1875, 3.25, 9.3125, 3.375], "texture": "#0"},
				"east": {"uv": [9.1875, 3.125, 9.3125, 3.25], "texture": "#0"},
				"south": {"uv": [9.1875, 2.75, 9.3125, 2.875], "texture": "#0"},
				"west": {"uv": [9.1875, 3.375, 9.3125, 3.5], "texture": "#0"},
				"up": {"uv": [9.1875, 3, 9.3125, 3.125], "rotation": 180, "texture": "#0"},
				"down": {"uv": [9.1875, 2.875, 9.3125, 3], "rotation": 180, "texture": "#0"}
			}
		},
		{
			"from": [4.5, 11, 7.5],
			"to": [5.5, 12, 8.5],
			"rotation": {"angle": 0, "axis": "y", "origin": [0, 12.75, 8.75]},
			"faces": {
				"north": {"uv": [9.1875, 3.25, 9.3125, 3.375], "texture": "#0"},
				"east": {"uv": [9.1875, 3.125, 9.3125, 3.25], "texture": "#0"},
				"south": {"uv": [9.1875, 2.75, 9.3125, 2.875], "texture": "#0"},
				"west": {"uv": [9.1875, 3.375, 9.3125, 3.5], "texture": "#0"},
				"up": {"uv": [9.1875, 3, 9.3125, 3.125], "rotation": 180, "texture": "#0"},
				"down": {"uv": [9.1875, 2.875, 9.3125, 3], "rotation": 180, "texture": "#0"}
			}
		},
		{
			"from": [4.07977, 11, 6.89419],
			"to": [5.07977, 12, 7.89419],
			"rotation": {"angle": -22.5, "axis": "y", "origin": [0, 12.75, 8.75]},
			"faces": {
				"north": {"uv": [9.1875, 3.375, 9.3125, 3.5], "texture": "#0"},
				"east": {"uv": [9.1875, 3.25, 9.3125, 3.375], "texture": "#0"},
				"south": {"uv": [9.1875, 3.125, 9.3125, 3.25], "texture": "#0"},
				"west": {"uv": [9.1875, 2.75, 9.3125, 2.875], "texture": "#0"},
				"up": {"uv": [9.1875, 3, 9.3125, 3.125], "rotation": 270, "texture": "#0"},
				"down": {"uv": [9.1875, 2.875, 9.3125, 3], "rotation": 90, "texture": "#0"}
			}
		},
		{
			"from": [3.15589, 11, 9.22312],
			"to": [4.15589, 12, 10.22312],
			"rotation": {"angle": 22.5, "axis": "y", "origin": [0, 12.75, 8.75]},
			"faces": {
				"north": {"uv": [9.1875, 3.375, 9.3125, 3.5], "texture": "#0"},
				"east": {"uv": [9.1875, 3.25, 9.3125, 3.375], "texture": "#0"},
				"south": {"uv": [9.1875, 3.125, 9.3125, 3.25], "texture": "#0"},
				"west": {"uv": [9.1875, 2.75, 9.3125, 2.875], "texture": "#0"},
				"up": {"uv": [9.1875, 3, 9.3125, 3.125], "rotation": 270, "texture": "#0"},
				"down": {"uv": [9.1875, 2.875, 9.3125, 3], "rotation": 90, "texture": "#0"}
			}
		},
		{
			"from": [3.65589, 12, 9.97312],
			"to": [4.65589, 13, 10.97312],
			"rotation": {"angle": 22.5, "axis": "y", "origin": [0, 12.75, 8.75]},
			"faces": {
				"north": {"uv": [9.1875, 3.375, 9.3125, 3.5], "texture": "#0"},
				"east": {"uv": [9.1875, 3.25, 9.3125, 3.375], "texture": "#0"},
				"south": {"uv": [9.1875, 3.125, 9.3125, 3.25], "texture": "#0"},
				"west": {"uv": [9.1875, 2.75, 9.3125, 2.875], "texture": "#0"},
				"up": {"uv": [9.1875, 3, 9.3125, 3.125], "rotation": 270, "texture": "#0"},
				"down": {"uv": [9.1875, 2.875, 9.3125, 3], "rotation": 90, "texture": "#0"}
			}
		},
		{
			"from": [7.5, 11, 7.5],
			"to": [8.5, 12, 8.5],
			"rotation": {"angle": 0, "axis": "y", "origin": [0, 12.75, 8.75]},
			"faces": {
				"north": {"uv": [9.1875, 3.25, 9.3125, 3.375], "texture": "#0"},
				"east": {"uv": [9.1875, 3.125, 9.3125, 3.25], "texture": "#0"},
				"south": {"uv": [9.1875, 2.75, 9.3125, 2.875], "texture": "#0"},
				"west": {"uv": [9.1875, 3.375, 9.3125, 3.5], "texture": "#0"},
				"up": {"uv": [9.1875, 3, 9.3125, 3.125], "rotation": 180, "texture": "#0"},
				"down": {"uv": [9.1875, 2.875, 9.3125, 3], "rotation": 180, "texture": "#0"}
			}
		},
		{
			"from": [6.85141, 11, 5.74614],
			"to": [7.85141, 12, 6.74614],
			"rotation": {"angle": -22.5, "axis": "y", "origin": [0, 12.75, 8.75]},
			"faces": {
				"north": {"uv": [9.1875, 3.375, 9.3125, 3.5], "texture": "#0"},
				"east": {"uv": [9.1875, 3.25, 9.3125, 3.375], "texture": "#0"},
				"south": {"uv": [9.1875, 3.125, 9.3125, 3.25], "texture": "#0"},
				"west": {"uv": [9.1875, 2.75, 9.3125, 2.875], "texture": "#0"},
				"up": {"uv": [9.1875, 3, 9.3125, 3.125], "rotation": 270, "texture": "#0"},
				"down": {"uv": [9.1875, 2.875, 9.3125, 3], "rotation": 90, "texture": "#0"}
			}
		},
		{
			"from": [5.92753, 11, 10.37117],
			"to": [6.92753, 12, 11.37117],
			"rotation": {"angle": 22.5, "axis": "y", "origin": [0, 12.75, 8.75]},
			"faces": {
				"north": {"uv": [9.1875, 3.375, 9.3125, 3.5], "texture": "#0"},
				"east": {"uv": [9.1875, 3.25, 9.3125, 3.375], "texture": "#0"},
				"south": {"uv": [9.1875, 3.125, 9.3125, 3.25], "texture": "#0"},
				"west": {"uv": [9.1875, 2.75, 9.3125, 2.875], "texture": "#0"},
				"up": {"uv": [9.1875, 3, 9.3125, 3.125], "rotation": 270, "texture": "#0"},
				"down": {"uv": [9.1875, 2.875, 9.3125, 3], "rotation": 90, "texture": "#0"}
			}
		},
		{
			"from": [6.42753, 12, 11.12117],
			"to": [7.42753, 13, 12.12117],
			"rotation": {"angle": 22.5, "axis": "y", "origin": [0, 12.75, 8.75]},
			"faces": {
				"north": {"uv": [9.1875, 3.375, 9.3125, 3.5], "texture": "#0"},
				"east": {"uv": [9.1875, 3.25, 9.3125, 3.375], "texture": "#0"},
				"south": {"uv": [9.1875, 3.125, 9.3125, 3.25], "texture": "#0"},
				"west": {"uv": [9.1875, 2.75, 9.3125, 2.875], "texture": "#0"},
				"up": {"uv": [9.1875, 3, 9.3125, 3.125], "rotation": 270, "texture": "#0"},
				"down": {"uv": [9.1875, 2.875, 9.3125, 3], "rotation": 90, "texture": "#0"}
			}
		}
	],
	"gui_light": "front",
	"display": {
		"thirdperson_righthand": {
			"rotation": [-175.4, 9.43, 176.56],
			"translation": [-1.5, 0, 0.5],
			"scale": [0.26, 0.26, 0.26]
		},
		"thirdperson_lefthand": {
			"rotation": [-175.4, 9.43, 176.56],
			"translation": [2, 0, 0.5],
			"scale": [0.26, 0.26, 0.26]
		},
		"firstperson_righthand": {
			"rotation": [-175.4, 9.43, 176.56],
			"translation": [-2.5, 0, 0.5],
			"scale": [0.26, 0.26, 0.26]
		},
		"firstperson_lefthand": {
			"rotation": [-175.4, 9.43, 176.56],
			"translation": [2, 0, 0.5],
			"scale": [0.26, 0.26, 0.26]
		},
		"ground": {
			"rotation": [-175.4, 9.43, 176.56],
			"translation": [-1.5, 0, 0.5],
			"scale": [0.26, 0.26, 0.26]
		},
		"gui": {
			"rotation": [-156.04, -53.55, 179.9],
			"translation": [-1.5, -2, 0.5],
			"scale": [0.34, 0.34, 0.34]
		},
		"head": {
			"rotation": [0, -180, 0],
			"translation": [-17.5, -25, 0],
			"scale": [2.15, 2.15, 2.15]
		},
		"fixed": {
			"rotation": [-4.55, 0.24, 0.05],
			"translation": [4.75, -2.25, -2],
			"scale": [0.59, 0.59, 0.59]
		}
	},
	"groups": [
		{
			"name": "group",
			"origin": [0, 0, 0],
			"color": 0,
			"children": [0, 1, 2, 3, 4, 5, 6, 7, 8, 9, 10, 11, 12]
		},
		{
			"name": "group",
			"origin": [8, 8, 8],
			"color": 0,
			"children": [
				{
					"name": "group",
					"origin": [8, 8, 8],
					"color": 0,
					"children": [
						{
							"name": "group",
							"origin": [0, 0, 0],
							"color": 0,
							"children": [13, 14, 15]
						},
						{
							"name": "group",
							"origin": [0, 0, 0],
							"color": 0,
							"children": [16, 17, 18]
						},
						{
							"name": "group",
							"origin": [0, 0, 0],
							"color": 0,
							"children": [19, 20, 21]
						},
						{
							"name": "group",
							"origin": [0, 0, 0],
							"color": 0,
							"children": [22, 23, 24]
						},
						{
							"name": "group",
							"origin": [0, 0, 0],
							"color": 0,
							"children": [25, 26, 27]
						},
						{
							"name": "group",
							"origin": [0, 0, 0],
							"color": 0,
							"children": [28, 29, 30]
						}
					]
				},
				{
					"name": "group",
					"origin": [8, 8, 8],
					"color": 0,
					"children": [
						{
							"name": "group",
							"origin": [0, 0, 0],
							"color": 0,
							"children": [31, 32, 33]
						},
						{
							"name": "group",
							"origin": [0, 0, 0],
							"color": 0,
							"children": [34, 35, 36]
						},
						{
							"name": "group",
							"origin": [0, 0, 0],
							"color": 0,
							"children": [37, 38, 39]
						}
					]
				}
			]
		},
		{
			"name": "group",
			"origin": [8, 8, 8],
			"color": 0,
			"children": [
				{
					"name": "group",
					"origin": [8, 8, 8],
					"color": 0,
					"children": [
						{
							"name": "group",
							"origin": [0, 0, 0],
							"color": 0,
							"children": [40, 41, 42]
						},
						{
							"name": "group",
							"origin": [0, 0, 0],
							"color": 0,
							"children": [43, 44, 45]
						},
						{
							"name": "group",
							"origin": [0, 0, 0],
							"color": 0,
							"children": [46, 47, 48]
						},
						{
							"name": "group",
							"origin": [0, 0, 0],
							"color": 0,
							"children": [49, 50, 51]
						},
						{
							"name": "group",
							"origin": [0, 0, 0],
							"color": 0,
							"children": [52, 53, 54]
						}
					]
				},
				{
					"name": "group",
					"origin": [8, 8, 8],
					"color": 0,
					"children": [
						{
							"name": "group",
							"origin": [0, 0, 0],
							"color": 0,
							"children": [55, 56, 57]
						},
						{
							"name": "group",
							"origin": [0, 0, 0],
							"color": 0,
							"children": [58, 59, 60]
						},
						{
							"name": "group",
							"origin": [0, 0, 0],
							"color": 0,
							"children": [61, 62, 63]
						}
					]
				}
			]
		},
		{
			"name": "group",
			"origin": [0, 0, 0],
			"color": 0,
			"children": [
				{
					"name": "group",
					"origin": [0, 0, 0],
					"color": 0,
					"children": [64, 65, 66]
				},
				{
					"name": "group",
					"origin": [0, 0, 0],
					"color": 0,
					"children": [67, 68, 69, 70]
				},
				{
					"name": "group",
					"origin": [0, 0, 0],
					"color": 0,
					"children": [71, 72, 73, 74]
				},
				{
					"name": "group",
					"origin": [0, 0, 0],
					"color": 0,
					"children": [75, 76, 77, 78]
				},
				{
					"name": "group",
					"origin": [0, 0, 0],
					"color": 0,
					"children": [79, 80, 81, 82]
				},
				{
					"name": "group",
					"origin": [0, 0, 0],
					"color": 0,
					"children": [83, 84, 85, 86]
				},
				{
					"name": "group",
					"origin": [0, 0, 0],
					"color": 0,
					"children": [87, 88, 89, 90]
				},
				{
					"name": "group",
					"origin": [0, 0, 0],
					"color": 0,
					"children": [91, 92, 93, 94]
				}
			]
		}
	]
}