{"credit":"Made with Blockbench","textures":{"0":"block/jungle_log","1":"block/jungle_planks","3":"block/target_top","particle":"block/jungle_log"},"elements":[{"from":[0,0,2],"to":[2,16,4],"rotation":{"angle":22.5,"axis":"x","origin":[1,0,3]},"faces":{"north":{"uv":[0,0,2,16],"texture":"#0"},"east":{"uv":[0,0,2,16],"texture":"#0"},"south":{"uv":[0,0,2,16],"texture":"#0"},"west":{"uv":[0,0,2,16],"texture":"#0"},"up":{"uv":[0,0,2,2],"texture":"#0"},"down":{"uv":[0,0,2,2],"texture":"#0"}}},{"from":[-0.025,-3.36595,6.07823],"to":[1.975,7.63405,8.07823],"rotation":{"angle":-45,"axis":"x","origin":[1,8,7]},"faces":{"north":{"uv":[0,0,2,11],"rotation":180,"texture":"#0"},"east":{"uv":[0,0,11,2],"rotation":270,"texture":"#0"},"south":{"uv":[0,0,2,11],"texture":"#0"},"west":{"uv":[0,0,11,2],"rotation":90,"texture":"#0"},"up":{"uv":[0,0,2,2],"rotation":180,"texture":"#0"},"down":{"uv":[0,0,2,2],"texture":"#0"}}},{"from":[14.025,-3.36595,6.07823],"to":[16.025,7.63405,8.07823],"rotation":{"angle":-45,"axis":"x","origin":[15,8,7]},"faces":{"north":{"uv":[2,0,0,11],"rotation":180,"texture":"#0"},"east":{"uv":[0,2,11,0],"rotation":90,"texture":"#0"},"south":{"uv":[2,0,0,11],"texture":"#0"},"west":{"uv":[0,2,11,0],"rotation":270,"texture":"#0"},"up":{"uv":[2,0,0,2],"rotation":180,"texture":"#0"},"down":{"uv":[2,0,0,2],"texture":"#0"}}},{"from":[14,0,2],"to":[16,16,4],"rotation":{"angle":22.5,"axis":"x","origin":[15,0,3]},"faces":{"north":{"uv":[2,0,0,16],"texture":"#0"},"east":{"uv":[2,0,0,16],"texture":"#0"},"south":{"uv":[2,0,0,16],"texture":"#0"},"west":{"uv":[2,0,0,16],"texture":"#0"},"up":{"uv":[2,0,0,2],"texture":"#0"},"down":{"uv":[2,0,0,2],"texture":"#0"}}},{"from":[1,6,3],"to":[15,20,5],"rotation":{"angle":22.5,"axis":"x","origin":[15,0,3]},"faces":{"north":{"uv":[1,1,15,15],"texture":"#3"},"east":{"uv":[2,1,4,15],"texture":"#3"},"south":{"uv":[1,1,15,15],"texture":"#3"},"west":{"uv":[2,1,4,15],"texture":"#3"},"up":{"uv":[1,2,15,4],"texture":"#3"},"down":{"uv":[1,2,15,4],"texture":"#3"}}},{"from":[2,5,5],"to":[14,19,6],"rotation":{"angle":22.5,"axis":"x","origin":[15,0,3]},"faces":{"north":{"uv":[2,0,14,14],"texture":"#1"},"east":{"uv":[2,0,3,14],"texture":"#1"},"south":{"uv":[2,0,14,14],"texture":"#1"},"west":{"uv":[2,0,3,14],"texture":"#1"},"up":{"uv":[2,0,14,1],"texture":"#1"},"down":{"uv":[2,0,14,1],"texture":"#1"}}},{"from":[1,4,4],"to":[15,6,5],"rotation":{"angle":22.5,"axis":"x","origin":[15,0,3]},"faces":{"north":{"uv":[2,0,16,2],"texture":"#1"},"east":{"uv":[2,0,3,2],"texture":"#1"},"south":{"uv":[2,0,16,2],"texture":"#1"},"west":{"uv":[2,0,3,2],"texture":"#1"},"up":{"uv":[2,0,16,1],"texture":"#1"},"down":{"uv":[2,0,16,1],"texture":"#1"}}}],"display":{"thirdperson_righthand":{"translation":[0,3,0],"scale":[0.5,0.5,0.5]},"thirdperson_lefthand":{"translation":[0,3,0],"scale":[0.5,0.5,0.5]},"firstperson_righthand":{"translation":[0,4,0],"scale":[0.5,0.5,0.5]},"firstperson_lefthand":{"translation":[0,4,0],"scale":[0.5,0.5,0.5]},"ground":{"translation":[0,1,0],"scale":[0.5,0.5,0.5]},"gui":{"rotation":[45,70,0],"translation":[0,1,0],"scale":[0.5,0.5,0.5]},"head":{"rotation":[0,-180,0],"translation":[0,-14.65,0],"scale":[2.2855,2.2855,2.2855]}}}