{
  "credit": "Made by PolygonMC",
  "texture_size": [
    24,
    24
  ],
  "textures": {
    "1": "littlecatset:animations/animations_1",
    "2": "littlecatset:shovel",
    "particle": "littlecatset:shovel"
  },
  "elements": [
    {
      "from": [
        7.5,
        1.5,
        7.5
      ],
      "to": [
        8.5,
        2.5,
        8.5
      ],
      "rotation": {
        "angle": 0,
        "axis": "y",
        "origin": [
          7.5,
          1.5,
          7.5
        ]
      },
      "faces": {
        "north": {
          "uv": [
            5.33333,
            2.66667,
            6,
            3.33333
          ],
          "texture": "#2"
        },
        "east": {
          "uv": [
            9.33333,
            4,
            10,
            4.66667
          ],
          "texture": "#2"
        },
        "south": {
          "uv": [
            7.33333,
            9.33333,
            8,
            10
          ],
          "texture": "#2"
        },
        "west": {
          "uv": [
            9.33333,
            7.33333,
            10,
            8
          ],
          "texture": "#2"
        },
        "up": {
          "uv": [
            8.66667,
            10,
            8,
            9.33333
          ],
          "texture": "#2"
        }
      }
    },
    {
      "from": [
        7.5,
        4,
        7.5
      ],
      "to": [
        8.5,
        5.5,
        8.5
      ],
      "rotation": {
        "angle": 0,
        "axis": "y",
        "origin": [
          7.5,
          4,
          7.5
        ]
      },
      "faces": {
        "north": {
          "uv": [
            6.66667,
            8.66667,
            7.33333,
            9.66667
          ],
          "texture": "#2"
        },
        "east": {
          "uv": [
            8.66667,
            6.66667,
            9.33333,
            7.66667
          ],
          "texture": "#2"
        },
        "south": {
          "uv": [
            8.66667,
            8,
            9.33333,
            9
          ],
          "texture": "#2"
        },
        "west": {
          "uv": [
            9.33333,
            0,
            10,
            1
          ],
          "texture": "#2"
        },
        "up": {
          "uv": [
            10,
            8.66667,
            9.33333,
            8
          ],
          "texture": "#2"
        },
        "down": {
          "uv": [
            9.33333,
            9.33333,
            8.66667,
            10
          ],
          "texture": "#2"
        }
      }
    },
    {
      "from": [
        7.5,
        6,
        7.5
      ],
      "to": [
        8.5,
        6.5,
        8.5
      ],
      "rotation": {
        "angle": 0,
        "axis": "y",
        "origin": [
          7.5,
          6,
          7.5
        ]
      },
      "faces": {
        "north": {
          "uv": [
            10,
            8.66667,
            10.66667,
            9
          ],
          "texture": "#2"
        },
        "east": {
          "uv": [
            9.33333,
            10,
            10,
            10.33333
          ],
          "texture": "#2"
        },
        "south": {
          "uv": [
            10,
            9.33333,
            10.66667,
            9.66667
          ],
          "texture": "#2"
        },
        "west": {
          "uv": [
            10,
            10,
            10.66667,
            10.33333
          ],
          "texture": "#2"
        }
      }
    },
    {
      "from": [
        7.5,
        9.25,
        7.5
      ],
      "to": [
        8.5,
        10.25,
        8.5
      ],
      "rotation": {
        "angle": 0,
        "axis": "y",
        "origin": [
          7.5,
          8.25,
          7.5
        ]
      },
      "faces": {
        "north": {
          "uv": [
            9.33333,
            8.66667,
            10,
            9.33333
          ],
          "texture": "#2"
        },
        "east": {
          "uv": [
            9.33333,
            9.33333,
            10,
            10
          ],
          "texture": "#2"
        },
        "south": {
          "uv": [
            10,
            0,
            10.66667,
            0.66667
          ],
          "texture": "#2"
        },
        "west": {
          "uv": [
            10,
            0.66667,
            10.66667,
            1.33333
          ],
          "texture": "#2"
        }
      }
    },
    {
      "from": [
        7.4,
        6.5,
        7.4
      ],
      "to": [
        8.6,
        9.25,
        8.6
      ],
      "rotation": {
        "angle": 0,
        "axis": "y",
        "origin": [
          7.5,
          9.25,
          7.5
        ]
      },
      "faces": {
        "north": {
          "uv": [
            3.33333,
            4.66667,
            2.66667,
            6.66667
          ],
          "texture": "#2"
        },
        "east": {
          "uv": [
            2.66667,
            4.66667,
            3.33333,
            6.66667
          ],
          "texture": "#2"
        },
        "south": {
          "uv": [
            3.33333,
            4.66667,
            2.66667,
            6.66667
          ],
          "texture": "#2"
        },
        "west": {
          "uv": [
            2.66667,
            4.66667,
            3.33333,
            6.66667
          ],
          "texture": "#2"
        },
        "up": {
          "uv": [
            2.66667,
            10.66667,
            2,
            10
          ],
          "texture": "#2"
        },
        "down": {
          "uv": [
            10.66667,
            2,
            10,
            2.66667
          ],
          "texture": "#2"
        }
      }
    },
    {
      "from": [
        7.5,
        3,
        7.5
      ],
      "to": [
        8.5,
        3.5,
        8.5
      ],
      "rotation": {
        "angle": 0,
        "axis": "y",
        "origin": [
          7.5,
          3,
          7.5
        ]
      },
      "faces": {
        "north": {
          "uv": [
            10.66667,
            0,
            11.33333,
            0.33333
          ],
          "texture": "#2"
        },
        "east": {
          "uv": [
            0.66667,
            10.66667,
            1.33333,
            11
          ],
          "texture": "#2"
        },
        "south": {
          "uv": [
            10.66667,
            0.66667,
            11.33333,
            1
          ],
          "texture": "#2"
        },
        "west": {
          "uv": [
            1.33333,
            10.66667,
            2,
            11
          ],
          "texture": "#2"
        },
        "up": {
          "uv": [
            3.33333,
            10.66667,
            2.66667,
            10
          ],
          "texture": "#2"
        },
        "down": {
          "uv": [
            10.66667,
            2.66667,
            10,
            3.33333
          ],
          "texture": "#2"
        }
      }
    },
    {
      "from": [
        7.4,
        5.5,
        7.4
      ],
      "to": [
        8.6,
        6,
        8.6
      ],
      "rotation": {
        "angle": 0,
        "axis": "y",
        "origin": [
          7.5,
          5.5,
          7.5
        ]
      },
      "faces": {
        "north": {
          "uv": [
            10.66667,
            1.33333,
            11.33333,
            1.66667
          ],
          "texture": "#2"
        },
        "east": {
          "uv": [
            2,
            10.66667,
            2.66667,
            11
          ],
          "texture": "#2"
        },
        "south": {
          "uv": [
            10.66667,
            2,
            11.33333,
            2.33333
          ],
          "texture": "#2"
        },
        "west": {
          "uv": [
            2.66667,
            10.66667,
            3.33333,
            11
          ],
          "texture": "#2"
        },
        "up": {
          "uv": [
            4,
            10.66667,
            3.33333,
            10
          ],
          "texture": "#2"
        },
        "down": {
          "uv": [
            10.66667,
            3.33333,
            10,
            4
          ],
          "texture": "#2"
        }
      }
    },
    {
      "from": [
        7.4,
        1,
        7.4
      ],
      "to": [
        8.6,
        1.5,
        8.6
      ],
      "rotation": {
        "angle": 0,
        "axis": "y",
        "origin": [
          7.5,
          1,
          7.5
        ]
      },
      "faces": {
        "north": {
          "uv": [
            10.66667,
            2.66667,
            11.33333,
            3
          ],
          "texture": "#2"
        },
        "east": {
          "uv": [
            3.33333,
            10.66667,
            4,
            11
          ],
          "texture": "#2"
        },
        "south": {
          "uv": [
            10.66667,
            3.33333,
            11.33333,
            3.66667
          ],
          "texture": "#2"
        },
        "west": {
          "uv": [
            10.66667,
            4,
            11.33333,
            4.33333
          ],
          "texture": "#2"
        },
        "up": {
          "uv": [
            10.66667,
            4.66667,
            10,
            4
          ],
          "texture": "#2"
        },
        "down": {
          "uv": [
            10.66667,
            4.66667,
            10,
            5.33333
          ],
          "texture": "#2"
        }
      }
    },
    {
      "from": [
        7.6,
        2.5,
        7.6
      ],
      "to": [
        8.4,
        3,
        8.4
      ],
      "rotation": {
        "angle": 0,
        "axis": "y",
        "origin": [
          7.5,
          2.5,
          7.5
        ]
      },
      "faces": {
        "north": {
          "uv": [
            10.66667,
            4.66667,
            11.33333,
            5
          ],
          "texture": "#2"
        },
        "east": {
          "uv": [
            5.33333,
            10.66667,
            6,
            11
          ],
          "texture": "#2"
        },
        "south": {
          "uv": [
            10.66667,
            5.33333,
            11.33333,
            5.66667
          ],
          "texture": "#2"
        },
        "west": {
          "uv": [
            6,
            10.66667,
            6.66667,
            11
          ],
          "texture": "#2"
        }
      }
    },
    {
      "from": [
        7.6,
        3.5,
        7.6
      ],
      "to": [
        8.4,
        4,
        8.4
      ],
      "rotation": {
        "angle": 0,
        "axis": "y",
        "origin": [
          7.5,
          3.5,
          7.5
        ]
      },
      "faces": {
        "north": {
          "uv": [
            10.66667,
            6,
            11.33333,
            6.33333
          ],
          "texture": "#2"
        },
        "east": {
          "uv": [
            6.66667,
            10.66667,
            7.33333,
            11
          ],
          "texture": "#2"
        },
        "south": {
          "uv": [
            10.66667,
            6.66667,
            11.33333,
            7
          ],
          "texture": "#2"
        },
        "west": {
          "uv": [
            10.66667,
            7.33333,
            11.33333,
            7.66667
          ],
          "texture": "#2"
        }
      }
    },
    {
      "from": [
        7.37,
        0.17,
        7.37
      ],
      "to": [
        8.63,
        1.43,
        8.63
      ],
      "rotation": {
        "angle": -45,
        "axis": "x",
        "origin": [
          8,
          0.8,
          8
        ]
      },
      "faces": {
        "north": {
          "uv": [
            0,
            7.33333,
            1,
            8.33333
          ],
          "texture": "#2"
        },
        "east": {
          "uv": [
            7.33333,
            0,
            8.33333,
            1
          ],
          "texture": "#2"
        },
        "south": {
          "uv": [
            7.33333,
            2.66667,
            8.33333,
            3.66667
          ],
          "texture": "#2"
        },
        "west": {
          "uv": [
            7.33333,
            4,
            8.33333,
            5
          ],
          "texture": "#2"
        },
        "up": {
          "uv": [
            5.66667,
            8.33333,
            4.66667,
            7.33333
          ],
          "texture": "#2"
        },
        "down": {
          "uv": [
            8.33333,
            6.66667,
            7.33333,
            7.66667
          ],
          "texture": "#2"
        }
      }
    },
    {
      "from": [
        7.3,
        10,
        7
      ],
      "to": [
        8.7,
        12,
        9
      ],
      "rotation": {
        "angle": -45,
        "axis": "x",
        "origin": [
          8,
          11,
          8
        ]
      },
      "faces": {
        "north": {
          "uv": [
            4.66667,
            3.33333,
            5.66667,
            4.66667
          ],
          "texture": "#2"
        },
        "east": {
          "uv": [
            0,
            4.66667,
            1.33333,
            6
          ],
          "texture": "#2"
        },
        "south": {
          "uv": [
            4.66667,
            4.66667,
            5.66667,
            6
          ],
          "texture": "#2"
        },
        "west": {
          "uv": [
            4.66667,
            0,
            6,
            1.33333
          ],
          "texture": "#2"
        },
        "up": {
          "uv": [
            6.33333,
            2.66667,
            5.33333,
            1.33333
          ],
          "texture": "#2"
        },
        "down": {
          "uv": [
            1,
            6,
            0,
            7.33333
          ],
          "texture": "#2"
        }
      }
    },
    {
      "from": [
        7.1,
        10.3,
        7.3
      ],
      "to": [
        8.9,
        11.7,
        8.7
      ],
      "rotation": {
        "angle": -45,
        "axis": "x",
        "origin": [
          8,
          11,
          8
        ]
      },
      "faces": {
        "north": {
          "uv": [
            6,
            0,
            7.33333,
            1
          ],
          "texture": "#2"
        },
        "east": {
          "uv": [
            8,
            5.33333,
            9,
            6.33333
          ],
          "texture": "#2"
        },
        "south": {
          "uv": [
            6,
            2.66667,
            7.33333,
            3.66667
          ],
          "texture": "#2"
        },
        "west": {
          "uv": [
            7.33333,
            8,
            8.33333,
            9
          ],
          "texture": "#2"
        },
        "up": {
          "uv": [
            7.33333,
            5,
            6,
            4
          ],
          "texture": "#2"
        },
        "down": {
          "uv": [
            6,
            6,
            4.66667,
            7
          ],
          "texture": "#2"
        }
      }
    },
    {
      "from": [
        7.5,
        10.5,
        5.5
      ],
      "to": [
        8.5,
        11.5,
        7.5
      ],
      "rotation": {
        "angle": -22.5,
        "axis": "x",
        "origin": [
          8,
          11,
          6.5
        ]
      },
      "faces": {
        "east": {
          "uv": [
            0.66667,
            8.66667,
            2,
            9.33333
          ],
          "texture": "#2"
        },
        "south": {
          "uv": [
            5.33333,
            10,
            6,
            10.66667
          ],
          "texture": "#2"
        },
        "west": {
          "uv": [
            2,
            8.66667,
            3.33333,
            9.33333
          ],
          "texture": "#2"
        },
        "up": {
          "uv": [
            4,
            10,
            3.33333,
            8.66667
          ],
          "texture": "#2"
        },
        "down": {
          "uv": [
            9.33333,
            3.33333,
            8.66667,
            4.66667
          ],
          "texture": "#2"
        }
      }
    },
    {
      "from": [
        7.7,
        10.5,
        4.375
      ],
      "to": [
        8.3,
        11.5,
        6.925
      ],
      "rotation": {
        "angle": 22.5,
        "axis": "x",
        "origin": [
          8,
          11,
          5.375
        ]
      },
      "faces": {
        "east": {
          "uv": [
            6,
            5.33333,
            7.66667,
            6
          ],
          "texture": "#2"
        },
        "south": {
          "uv": [
            10.66667,
            8,
            11,
            8.66667
          ],
          "texture": "#2"
        },
        "west": {
          "uv": [
            6,
            6,
            7.66667,
            6.66667
          ],
          "texture": "#2"
        },
        "up": {
          "uv": [
            9.66667,
            3.66667,
            9.33333,
            2
          ],
          "texture": "#2"
        },
        "down": {
          "uv": [
            4.33333,
            9.33333,
            4,
            11
          ],
          "texture": "#2"
        }
      }
    },
    {
      "from": [
        7.4,
        9.45,
        4.6
      ],
      "to": [
        8.6,
        11.85,
        5.6
      ],
      "rotation": {
        "angle": -45,
        "axis": "x",
        "origin": [
          8,
          10.65,
          5
        ]
      },
      "faces": {
        "north": {
          "uv": [
            3.33333,
            4.66667,
            4,
            6.33333
          ],
          "texture": "#2"
        },
        "east": {
          "uv": [
            1.33333,
            6.66667,
            2,
            8.33333
          ],
          "texture": "#2"
        },
        "south": {
          "uv": [
            2,
            6.66667,
            2.66667,
            8.33333
          ],
          "texture": "#2"
        },
        "west": {
          "uv": [
            2.66667,
            6.66667,
            3.33333,
            8.33333
          ],
          "texture": "#2"
        },
        "up": {
          "uv": [
            10.66667,
            6,
            10,
            5.33333
          ],
          "texture": "#2"
        },
        "down": {
          "uv": [
            6.66667,
            10,
            6,
            10.66667
          ],
          "texture": "#2"
        }
      }
    },
    {
      "from": [
        7.5,
        10.5,
        8.5
      ],
      "to": [
        8.5,
        11.5,
        10.5
      ],
      "rotation": {
        "angle": 22.5,
        "axis": "x",
        "origin": [
          8,
          11,
          9.5
        ]
      },
      "faces": {
        "north": {
          "uv": [
            10,
            6,
            10.66667,
            6.66667
          ],
          "texture": "#2"
        },
        "east": {
          "uv": [
            4,
            8.66667,
            5.33333,
            9.33333
          ],
          "texture": "#2"
        },
        "west": {
          "uv": [
            8.66667,
            4.66667,
            10,
            5.33333
          ],
          "texture": "#2"
        },
        "up": {
          "uv": [
            6,
            10,
            5.33333,
            8.66667
          ],
          "texture": "#2"
        },
        "down": {
          "uv": [
            6.66667,
            8.66667,
            6,
            10
          ],
          "texture": "#2"
        }
      }
    },
    {
      "from": [
        7.7,
        10.5,
        9.075
      ],
      "to": [
        8.3,
        11.5,
        11.625
      ],
      "rotation": {
        "angle": -22.5,
        "axis": "x",
        "origin": [
          8,
          11,
          10.625
        ]
      },
      "faces": {
        "north": {
          "uv": [
            10.66667,
            8.66667,
            11,
            9.33333
          ],
          "texture": "#2"
        },
        "east": {
          "uv": [
            6.66667,
            1.33333,
            8.33333,
            2
          ],
          "texture": "#2"
        },
        "west": {
          "uv": [
            6.66667,
            2,
            8.33333,
            2.66667
          ],
          "texture": "#2"
        },
        "up": {
          "uv": [
            5,
            11,
            4.66667,
            9.33333
          ],
          "texture": "#2"
        },
        "down": {
          "uv": [
            9.66667,
            5.33333,
            9.33333,
            7
          ],
          "texture": "#2"
        }
      }
    },
    {
      "from": [
        7.4,
        9.45,
        10.4
      ],
      "to": [
        8.6,
        11.85,
        11.4
      ],
      "rotation": {
        "angle": 45,
        "axis": "x",
        "origin": [
          8,
          10.65,
          11
        ]
      },
      "faces": {
        "north": {
          "uv": [
            3.33333,
            6.66667,
            4,
            8.33333
          ],
          "texture": "#2"
        },
        "east": {
          "uv": [
            4,
            6.66667,
            4.66667,
            8.33333
          ],
          "texture": "#2"
        },
        "south": {
          "uv": [
            6,
            6.66667,
            6.66667,
            8.33333
          ],
          "texture": "#2"
        },
        "west": {
          "uv": [
            6.66667,
            6.66667,
            7.33333,
            8.33333
          ],
          "texture": "#2"
        },
        "up": {
          "uv": [
            7.33333,
            10.66667,
            6.66667,
            10
          ],
          "texture": "#2"
        },
        "down": {
          "uv": [
            10.66667,
            6.66667,
            10,
            7.33333
          ],
          "texture": "#2"
        }
      }
    },
    {
      "from": [
        7.75,
        10.86475,
        10.10712
      ],
      "to": [
        8.25,
        15.36475,
        11.10712
      ],
      "rotation": {
        "angle": 0,
        "axis": "x",
        "origin": [
          8,
          15.04756,
          10.15468
        ]
      },
      "faces": {
        "north": {
          "uv": [
            0,
            8.66667,
            0.33333,
            11.66667
          ],
          "texture": "#2"
        },
        "east": {
          "uv": [
            4,
            0,
            4.66667,
            3
          ],
          "texture": "#2"
        },
        "south": {
          "uv": [
            8.66667,
            0,
            9,
            3
          ],
          "texture": "#2"
        },
        "west": {
          "uv": [
            4,
            3.33333,
            4.66667,
            6.33333
          ],
          "texture": "#2"
        },
        "up": {
          "uv": [
            9.66667,
            11.33333,
            9.33333,
            10.66667
          ],
          "texture": "#2"
        }
      }
    },
    {
      "from": [
        7.755,
        14.97612,
        10.23101
      ],
      "to": [
        8.245,
        16.47612,
        11.15601
      ],
      "rotation": {
        "angle": -22.5,
        "axis": "x",
        "origin": [
          8,
          15.04756,
          10.15468
        ]
      },
      "faces": {
        "north": {
          "uv": [
            7.33333,
            10,
            7.66667,
            11
          ],
          "texture": "#2"
        },
        "east": {
          "uv": [
            0.66667,
            9.33333,
            1.33333,
            10.33333
          ],
          "texture": "#2"
        },
        "south": {
          "uv": [
            10,
            7.33333,
            10.33333,
            8.33333
          ],
          "texture": "#2"
        },
        "west": {
          "uv": [
            1.33333,
            9.33333,
            2,
            10.33333
          ],
          "texture": "#2"
        },
        "up": {
          "uv": [
            11,
            10,
            10.66667,
            9.33333
          ],
          "texture": "#2"
        }
      }
    },
    {
      "from": [
        7.76,
        15.66935,
        7.71805
      ],
      "to": [
        8.24,
        16.51935,
        9.21805
      ],
      "rotation": {
        "angle": 45,
        "axis": "x",
        "origin": [
          8,
          15.04756,
          10.15468
        ]
      },
      "faces": {
        "north": {
          "uv": [
            10,
            10.66667,
            10.33333,
            11.33333
          ],
          "texture": "#2"
        },
        "east": {
          "uv": [
            9.33333,
            1.33333,
            10.33333,
            2
          ],
          "texture": "#2"
        },
        "west": {
          "uv": [
            2,
            9.33333,
            3,
            10
          ],
          "texture": "#2"
        },
        "up": {
          "uv": [
            8.33333,
            11,
            8,
            10
          ],
          "texture": "#2"
        },
        "down": {
          "uv": [
            9,
            10,
            8.66667,
            11
          ],
          "texture": "#2"
        }
      }
    },
    {
      "from": [
        7.76,
        15.66935,
        6.78195
      ],
      "to": [
        8.24,
        16.51935,
        8.28195
      ],
      "rotation": {
        "angle": -45,
        "axis": "x",
        "origin": [
          8,
          15.04756,
          5.84532
        ]
      },
      "faces": {
        "east": {
          "uv": [
            10.33333,
            1.33333,
            9.33333,
            2
          ],
          "texture": "#2"
        },
        "south": {
          "uv": [
            10.33333,
            10.66667,
            10,
            11.33333
          ],
          "texture": "#2"
        },
        "west": {
          "uv": [
            3,
            9.33333,
            2,
            10
          ],
          "texture": "#2"
        },
        "up": {
          "uv": [
            8.33333,
            10,
            8,
            11
          ],
          "texture": "#2"
        },
        "down": {
          "uv": [
            9,
            11,
            8.66667,
            10
          ],
          "texture": "#2"
        }
      }
    },
    {
      "from": [
        7.755,
        14.97612,
        4.84399
      ],
      "to": [
        8.245,
        16.47612,
        5.76899
      ],
      "rotation": {
        "angle": 22.5,
        "axis": "x",
        "origin": [
          8,
          15.04756,
          5.84532
        ]
      },
      "faces": {
        "north": {
          "uv": [
            10.33333,
            7.33333,
            10,
            8.33333
          ],
          "texture": "#2"
        },
        "east": {
          "uv": [
            1.33333,
            9.33333,
            0.66667,
            10.33333
          ],
          "texture": "#2"
        },
        "south": {
          "uv": [
            7.66667,
            10,
            7.33333,
            11
          ],
          "texture": "#2"
        },
        "west": {
          "uv": [
            2,
            9.33333,
            1.33333,
            10.33333
          ],
          "texture": "#2"
        },
        "up": {
          "uv": [
            11,
            9.33333,
            10.66667,
            10
          ],
          "texture": "#2"
        }
      }
    },
    {
      "from": [
        7.75,
        10.86475,
        4.89288
      ],
      "to": [
        8.25,
        15.36475,
        5.89288
      ],
      "rotation": {
        "angle": 0,
        "axis": "x",
        "origin": [
          8,
          15.04756,
          5.84532
        ]
      },
      "faces": {
        "north": {
          "uv": [
            9,
            0,
            8.66667,
            3
          ],
          "texture": "#2"
        },
        "east": {
          "uv": [
            4.66667,
            0,
            4,
            3
          ],
          "texture": "#2"
        },
        "south": {
          "uv": [
            0.33333,
            8.66667,
            0,
            11.66667
          ],
          "texture": "#2"
        },
        "west": {
          "uv": [
            4.66667,
            3.33333,
            4,
            6.33333
          ],
          "texture": "#2"
        },
        "up": {
          "uv": [
            9.66667,
            10.66667,
            9.33333,
            11.33333
          ],
          "texture": "#2"
        }
      }
    },
    {
      "from": [
        7.975,
        11,
        5
      ],
      "to": [
        8.025,
        17.75,
        11
      ],
      "rotation": {
        "angle": 0,
        "axis": "y",
        "origin": [
          7.975,
          0,
          5
        ]
      },
      "faces": {
        "east": {
          "uv": [
            4,
            0,
            0,
            4.66667
          ],
          "texture": "#2"
        },
        "west": {
          "uv": [
            0,
            0,
            4,
            4.66667
          ],
          "texture": "#2"
        }
      }
    },
    {
      "from": [
        7,
        10,
        4
      ],
      "to": [
        7.05,
        18,
        12
      ],
      "rotation": {
        "angle": 0,
        "axis": "y",
        "origin": [
          7,
          8,
          4
        ]
      },
      "faces": {
        "east": {
          "uv": [
            16,
            0,
            0,
            16
          ],
          "texture": "#1"
        },
        "west": {
          "uv": [
            0,
            0,
            16,
            16
          ],
          "texture": "#1"
        }
      }
    },
    {
      "from": [
        8.95,
        10,
        4
      ],
      "to": [
        9,
        18,
        12
      ],
      "rotation": {
        "angle": 0,
        "axis": "y",
        "origin": [
          9,
          8,
          4
        ]
      },
      "faces": {
        "east": {
          "uv": [
            16,
            0,
            0,
            16
          ],
          "texture": "#1"
        },
        "west": {
          "uv": [
            0,
            0,
            16,
            16
          ],
          "texture": "#1"
        }
      }
    }
  ],
  "gui_light": "front",
  "display": {
    "thirdperson_righthand": {
      "translation": [
        0,
        2.5,
        0.75
      ]
    },
    "thirdperson_lefthand": {
      "translation": [
        0,
        2.5,
        0.75
      ]
    },
    "firstperson_righthand": {
      "rotation": [
        -10,
        0,
        0
      ],
      "translation": [
        0,
        2.5,
        0
      ]
    },
    "firstperson_lefthand": {
      "rotation": [
        -10,
        0,
        0
      ],
      "translation": [
        0,
        2.5,
        0
      ]
    },
    "ground": {
      "rotation": [
        -45,
        0,
        0
      ],
      "translation": [
        0,
        6.5,
        0
      ]
    },
    "gui": {
      "rotation": [
        -90,
        45,
        90
      ],
      "translation": [
        1.25,
        -1.25,
        0
      ],
      "scale": [
        1.1,
        1.1,
        1.1
      ]
    },
    "head": {
      "scale": [
        0,
        0,
        0
      ]
    },
    "fixed": {
      "rotation": [
        0,
        -90,
        0
      ],
      "translation": [
        0,
        -1.25,
        -0.75
      ],
      "scale": [
        2,
        2,
        2
      ]
    }
  }
}