{"credit":"MadewithBlockbench","textures":{"1":"minehammer:item/fallenset/fallen_angel_texrure","2":"minehammer:item/fallenset/fallen_angel_eff01","3":"minehammer:item/fallenset/fallen_angel_eff02","4":"minehammer:item/fallenset/fallen_angel_bow","5":"minehammer:item/fallenset/fallen_angel_eff03","6":"minehammer:item/fallenset/fallen_angel_wings","particle":"minehammer:item/fallenset/fallen_angel_eff03"},"elements":[{"from":[8,-8.70482,-2.156],"to":[8,0.93518,1.244],"rotation":{"angle":-45,"axis":"x","origin":[8,8,8]},"faces":{"north":{"uv":[0,0,9,1],"rotation":90,"texture":"#6"},"east":{"uv":[16,0,0,16],"rotation":90,"texture":"#6"},"south":{"uv":[0,0,9,1],"rotation":90,"texture":"#6"},"west":{"uv":[0,0,16,16],"rotation":270,"texture":"#6"},"up":{"uv":[0,0,1,9],"texture":"#6"},"down":{"uv":[0,0,1,9],"rotation":180,"texture":"#6"}}},{"from":[7.3,16.11258,-0.15077],"to":[8.7,17.11258,1.24923],"rotation":{"angle":45,"axis":"x","origin":[8,8,8]},"faces":{"north":{"uv":[6.54545,10.90909,7.09091,11.27273],"texture":"#4"},"east":{"uv":[7.27273,10.90909,7.81818,11.27273],"texture":"#4"},"south":{"uv":[8,10.90909,8.54545,11.27273],"texture":"#4"},"west":{"uv":[5.81818,10.90909,6.36364,11.27273],"texture":"#4"},"up":{"uv":[3.45455,11.45455,2.90909,10.90909],"rotation":270,"texture":"#4"},"down":{"uv":[4.18182,10.90909,3.63636,11.45455],"rotation":90,"texture":"#4"}}},{"from":[7.4,17.84252,7.43097],"to":[8.6,18.34252,8.63097],"rotation":{"angle":0,"axis":"z","origin":[8,8,8]},"faces":{"north":{"uv":[7.27273,11.27273,7.72727,11.45455],"texture":"#4"},"east":{"uv":[7.27273,11.27273,7.72728,11.45455],"texture":"#4"},"south":{"uv":[8.72727,11.27273,9.18182,11.45455],"texture":"#4"},"west":{"uv":[6.54545,11.27273,7,11.45455],"texture":"#4"},"up":{"uv":[4.81818,11.36364,4.36364,10.90909],"rotation":270,"texture":"#4"},"down":{"uv":[5.54545,10.90909,5.09091,11.36364],"rotation":90,"texture":"#4"}}},{"from":[7.3,17.09252,7.08097],"to":[8.7,17.59252,8.48097],"rotation":{"angle":0,"axis":"z","origin":[8,8,8]},"faces":{"north":{"uv":[10.18182,10.90909,10.72727,11.09091],"texture":"#4"},"east":{"uv":[10.90909,10.90909,11.45455,11.09091],"texture":"#4"},"south":{"uv":[5.81818,11.27273,6.36364,11.45455],"texture":"#4"},"west":{"uv":[9.45455,10.90909,10,11.09091],"texture":"#4"},"up":{"uv":[2,11.45455,1.45455,10.90909],"rotation":270,"texture":"#4"},"down":{"uv":[2.72727,10.90909,2.18182,11.45455],"rotation":90,"texture":"#4"}}},{"from":[7.3,11.57641,3.51749],"to":[8.7,12.07641,4.91749],"rotation":{"angle":22.5,"axis":"x","origin":[8,8,8]},"faces":{"north":{"uv":[10.18182,10.90909,10.72727,11.09091],"texture":"#4"},"east":{"uv":[10.90909,10.90909,11.45455,11.09091],"texture":"#4"},"south":{"uv":[5.81818,11.27273,6.36364,11.45455],"texture":"#4"},"west":{"uv":[9.45455,10.90909,10,11.09091],"texture":"#4"},"up":{"uv":[2,11.45455,1.45455,10.90909],"rotation":270,"texture":"#4"},"down":{"uv":[2.72727,10.90909,2.18182,11.45455],"rotation":90,"texture":"#4"}}},{"from":[7.4,12.32641,3.61749],"to":[8.6,12.82641,4.81749],"rotation":{"angle":22.5,"axis":"x","origin":[8,8,8]},"faces":{"north":{"uv":[7.27273,11.27273,7.72727,11.45455],"texture":"#4"},"east":{"uv":[7.27273,11.27273,7.72728,11.45455],"texture":"#4"},"south":{"uv":[8.72727,11.27273,9.18182,11.45455],"texture":"#4"},"west":{"uv":[6.54545,11.27273,7,11.45455],"texture":"#4"},"up":{"uv":[4.81818,11.36364,4.36364,10.90909],"rotation":270,"texture":"#4"},"down":{"uv":[5.54545,10.90909,5.09091,11.36364],"rotation":90,"texture":"#4"}}},{"from":[7.3,10.5,4.82562],"to":[8.7,11,6.22562],"rotation":{"angle":0,"axis":"y","origin":[8,8,8]},"faces":{"north":{"uv":[5.81818,11.27273,6.36364,11.45455],"rotation":180,"texture":"#4"},"east":{"uv":[10.90909,10.90909,11.45455,11.09091],"rotation":180,"texture":"#4"},"south":{"uv":[10.18182,10.90909,10.72727,11.09091],"rotation":180,"texture":"#4"},"west":{"uv":[9.45455,10.90909,10,11.09091],"rotation":180,"texture":"#4"},"up":{"uv":[2.72727,10.90909,2.18182,11.45455],"rotation":90,"texture":"#4"},"down":{"uv":[2,11.45455,1.45455,10.90909],"rotation":270,"texture":"#4"}}},{"from":[7.4,9.75,4.92562],"to":[8.6,10.25,6.12562],"rotation":{"angle":0,"axis":"y","origin":[8,8,8]},"faces":{"north":{"uv":[8.72727,11.27273,9.18182,11.45455],"rotation":180,"texture":"#4"},"east":{"uv":[7.27273,11.27273,7.72728,11.45455],"rotation":180,"texture":"#4"},"south":{"uv":[7.27273,11.27273,7.72727,11.45455],"rotation":180,"texture":"#4"},"west":{"uv":[6.54545,11.27273,7,11.45455],"rotation":180,"texture":"#4"},"up":{"uv":[5.54545,10.90909,5.09091,11.36364],"rotation":90,"texture":"#4"},"down":{"uv":[4.81818,11.36364,4.36364,10.90909],"rotation":270,"texture":"#4"}}},{"from":[7.3,5,4.82562],"to":[8.7,5.5,6.22562],"rotation":{"angle":0,"axis":"y","origin":[8,8,8]},"faces":{"north":{"uv":[10.18182,10.90909,10.72727,11.09091],"texture":"#4"},"east":{"uv":[10.90909,10.90909,11.45455,11.09091],"texture":"#4"},"south":{"uv":[5.81818,11.27273,6.36364,11.45455],"texture":"#4"},"west":{"uv":[9.45455,10.90909,10,11.09091],"texture":"#4"},"up":{"uv":[2,11.45455,1.45455,10.90909],"rotation":270,"texture":"#4"},"down":{"uv":[2.72727,10.90909,2.18182,11.45455],"rotation":90,"texture":"#4"}}},{"from":[7.4,5.75,4.92562],"to":[8.6,6.25,6.12562],"rotation":{"angle":0,"axis":"y","origin":[8,8,8]},"faces":{"north":{"uv":[7.27273,11.27273,7.72727,11.45455],"texture":"#4"},"east":{"uv":[7.27273,11.27273,7.72728,11.45455],"texture":"#4"},"south":{"uv":[8.72727,11.27273,9.18182,11.45455],"texture":"#4"},"west":{"uv":[6.54545,11.27273,7,11.45455],"texture":"#4"},"up":{"uv":[4.81818,11.36364,4.36364,10.90909],"rotation":270,"texture":"#4"},"down":{"uv":[5.54545,10.90909,5.09091,11.36364],"rotation":90,"texture":"#4"}}},{"from":[7.5,6.75,5.02562],"to":[8.5,7.25,6.02562],"rotation":{"angle":0,"axis":"y","origin":[8,8,8]},"faces":{"north":{"uv":[7.27273,11.27273,7.72727,11.45455],"texture":"#4"},"east":{"uv":[7.27273,11.27273,7.72728,11.45455],"texture":"#4"},"south":{"uv":[8.72727,11.27273,9.18182,11.45455],"texture":"#4"},"west":{"uv":[6.54545,11.27273,7,11.45455],"texture":"#4"},"up":{"uv":[4.81818,11.36364,4.36364,10.90909],"rotation":270,"texture":"#4"},"down":{"uv":[5.54545,10.90909,5.09091,11.36364],"rotation":90,"texture":"#4"}}},{"from":[7.5,7.75,5.02562],"to":[8.5,8.25,6.02562],"rotation":{"angle":0,"axis":"y","origin":[8,8,8]},"faces":{"north":{"uv":[7.27273,11.27273,7.72727,11.45455],"texture":"#4"},"east":{"uv":[7.27273,11.27273,7.72728,11.45455],"texture":"#4"},"south":{"uv":[8.72727,11.27273,9.18182,11.45455],"texture":"#4"},"west":{"uv":[6.54545,11.27273,7,11.45455],"texture":"#4"},"up":{"uv":[4.81818,11.36364,4.36364,10.90909],"rotation":270,"texture":"#4"},"down":{"uv":[5.54545,10.90909,5.09091,11.36364],"rotation":90,"texture":"#4"}}},{"from":[7.5,8.75,5.02562],"to":[8.5,9.25,6.02562],"rotation":{"angle":0,"axis":"y","origin":[8,8,8]},"faces":{"north":{"uv":[7.27273,11.27273,7.72727,11.45455],"texture":"#4"},"east":{"uv":[7.27273,11.27273,7.72728,11.45455],"texture":"#4"},"south":{"uv":[8.72727,11.27273,9.18182,11.45455],"texture":"#4"},"west":{"uv":[6.54545,11.27273,7,11.45455],"texture":"#4"},"up":{"uv":[4.81818,11.36364,4.36364,10.90909],"rotation":270,"texture":"#4"},"down":{"uv":[5.54545,10.90909,5.09091,11.36364],"rotation":90,"texture":"#4"}}},{"from":[7.55,10.57641,3.76749],"to":[8.45,18.57641,4.66749],"rotation":{"angle":22.5,"axis":"x","origin":[8,8,8]},"faces":{"north":{"uv":[0.36364,10.90909,0.72727,13.81818],"texture":"#4"},"east":{"uv":[0.72727,10.90909,1.09091,13.81818],"texture":"#4"},"south":{"uv":[1.09091,10.90909,1.45455,13.81818],"texture":"#4"},"west":{"uv":[0,10.90909,0.36364,13.81818],"texture":"#4"},"up":{"uv":[9.09091,11.27273,8.72727,10.90909],"rotation":270,"texture":"#4"},"down":{"uv":[9.45455,10.90909,9.09091,11.27273],"rotation":90,"texture":"#4"}}},{"from":[7.3,-1.11258,-0.15077],"to":[8.7,-0.11258,1.24923],"rotation":{"angle":-45,"axis":"x","origin":[8,8,8]},"faces":{"north":{"uv":[6.54545,11.27273,7.09091,10.90909],"texture":"#4"},"east":{"uv":[7.27273,11.27273,7.81818,10.90909],"texture":"#4"},"south":{"uv":[8,11.27273,8.54545,10.90909],"texture":"#4"},"west":{"uv":[5.81818,11.27273,6.36364,10.90909],"texture":"#4"},"up":{"uv":[4.18182,11.45455,3.63636,10.90909],"rotation":270,"texture":"#4"},"down":{"uv":[3.45455,10.90909,2.90909,11.45455],"rotation":90,"texture":"#4"}}},{"from":[7.55,-2.57641,3.76749],"to":[8.45,5.42359,4.66749],"rotation":{"angle":-22.5,"axis":"x","origin":[8,8,8]},"faces":{"north":{"uv":[0.36364,13.81818,0.72727,10.90909],"texture":"#4"},"east":{"uv":[0.72727,13.81818,1.09091,10.90909],"texture":"#4"},"south":{"uv":[1.09091,13.81818,1.45455,10.90909],"texture":"#4"},"west":{"uv":[0,13.81818,0.36364,10.90909],"texture":"#4"},"up":{"uv":[9.45455,11.27273,9.09091,10.90909],"rotation":270,"texture":"#4"},"down":{"uv":[9.09091,10.90909,8.72727,11.27273],"rotation":90,"texture":"#4"}}},{"from":[7.3,-1.59252,6.98097],"to":[8.7,-1.09252,8.38097],"rotation":{"angle":0,"axis":"z","origin":[8,8,8]},"faces":{"north":{"uv":[10.18182,11.09091,10.72727,10.90909],"texture":"#4"},"east":{"uv":[10.90909,11.09091,11.45455,10.90909],"texture":"#4"},"south":{"uv":[5.81818,11.45455,6.36364,11.27273],"texture":"#4"},"west":{"uv":[9.45455,11.09091,10,10.90909],"texture":"#4"},"up":{"uv":[2.72727,11.45455,2.18182,10.90909],"rotation":270,"texture":"#4"},"down":{"uv":[2,10.90909,1.45455,11.45455],"rotation":90,"texture":"#4"}}},{"from":[7.4,3.17359,3.61749],"to":[8.6,3.67359,4.81749],"rotation":{"angle":-22.5,"axis":"x","origin":[8,8,8]},"faces":{"north":{"uv":[7.27273,11.45455,7.72727,11.27273],"texture":"#4"},"east":{"uv":[7.27273,11.45455,7.72728,11.27273],"texture":"#4"},"south":{"uv":[8.72727,11.45455,9.18182,11.27273],"texture":"#4"},"west":{"uv":[6.54545,11.45455,7,11.27273],"texture":"#4"},"up":{"uv":[5.54545,11.36364,5.09091,10.90909],"rotation":270,"texture":"#4"},"down":{"uv":[4.81818,10.90909,4.36364,11.36364],"rotation":90,"texture":"#4"}}},{"from":[7.3,3.92359,3.51749],"to":[8.7,4.42359,4.91749],"rotation":{"angle":-22.5,"axis":"x","origin":[8,8,8]},"faces":{"north":{"uv":[10.18182,11.09091,10.72727,10.90909],"texture":"#4"},"east":{"uv":[10.90909,11.09091,11.45455,10.90909],"texture":"#4"},"south":{"uv":[5.81818,11.45455,6.36364,11.27273],"texture":"#4"},"west":{"uv":[9.45455,11.09091,10,10.90909],"texture":"#4"},"up":{"uv":[2.72727,11.45455,2.18182,10.90909],"rotation":270,"texture":"#4"},"down":{"uv":[2,10.90909,1.45455,11.45455],"rotation":90,"texture":"#4"}}},{"from":[7.4,-2.34252,7.43097],"to":[8.6,-1.84252,8.63097],"rotation":{"angle":0,"axis":"z","origin":[8,8,8]},"faces":{"north":{"uv":[7.27273,11.45455,7.72727,11.27273],"texture":"#4"},"east":{"uv":[7.27273,11.45455,7.72728,11.27273],"texture":"#4"},"south":{"uv":[8.72727,11.45455,9.18182,11.27273],"texture":"#4"},"west":{"uv":[6.54545,11.45455,7,11.27273],"texture":"#4"},"up":{"uv":[5.54545,11.36364,5.09091,10.90909],"rotation":270,"texture":"#4"},"down":{"uv":[4.81818,10.90909,4.36364,11.36364],"rotation":90,"texture":"#4"}}},{"from":[7.55,4,5.07562],"to":[8.45,12,5.97562],"rotation":{"angle":0,"axis":"y","origin":[8,8,8]},"faces":{"north":{"uv":[0.36364,10.90909,0.72727,13.81818],"texture":"#4"},"east":{"uv":[0.72727,10.90909,1.09091,13.81818],"texture":"#4"},"south":{"uv":[1.09091,10.90909,1.45455,13.81818],"texture":"#4"},"west":{"uv":[0,10.90909,0.36364,13.81818],"texture":"#4"},"up":{"uv":[9.09091,11.27273,8.72727,10.90909],"rotation":270,"texture":"#4"},"down":{"uv":[9.45455,10.90909,9.09091,11.27273],"rotation":90,"texture":"#4"}}},{"from":[8,-6.75,-2.45],"to":[8,22.75,18.45],"rotation":{"angle":0,"axis":"z","origin":[8,8,8]},"faces":{"north":{"uv":[0,0,0,10.72727],"rotation":180,"texture":"#4"},"east":{"uv":[7.63636,0,15.27273,10.72727],"rotation":180,"texture":"#4"},"south":{"uv":[0,0,0,10.72727],"rotation":180,"texture":"#4"},"west":{"uv":[0,0,7.63636,10.72727],"rotation":180,"texture":"#4"},"up":{"uv":[7.63636,0,0,0],"rotation":90,"texture":"#4"},"down":{"uv":[7.63636,0,0,0],"rotation":270,"texture":"#4"}}},{"from":[8,15.06482,-2.156],"to":[8,24.70482,1.244],"rotation":{"angle":45,"axis":"x","origin":[8,8,8]},"faces":{"north":{"uv":[9,0,0,1],"rotation":90,"texture":"#6"},"east":{"uv":[0,0,16,16],"rotation":90,"texture":"#6"},"south":{"uv":[9,0,0,1],"rotation":90,"texture":"#6"},"west":{"uv":[16,0,0,16],"rotation":270,"texture":"#6"},"up":{"uv":[1,0,0,9],"texture":"#6"},"down":{"uv":[1,0,0,9],"rotation":180,"texture":"#6"}}},{"from":[7.75,12.96716,0.32122],"to":[7.75,18.96716,6.32122],"rotation":{"angle":22.5,"axis":"x","origin":[8,8,8]},"faces":{"north":{"uv":[9,1,0,0],"rotation":90,"texture":"#3"},"east":{"uv":[0,0,16,16],"rotation":90,"texture":"#3"},"south":{"uv":[9,1,0,0],"rotation":90,"texture":"#3"},"west":{"uv":[16,0,0,16],"rotation":270,"texture":"#3"},"up":{"uv":[0,0,1,9],"texture":"#3"},"down":{"uv":[0,0,1,9],"rotation":180,"texture":"#3"}}},{"from":[7.75,7.96716,0.32122],"to":[7.75,13.96716,6.32122],"rotation":{"angle":22.5,"axis":"x","origin":[8,8,8]},"faces":{"north":{"uv":[0,1,9,0],"rotation":270,"texture":"#2"},"east":{"uv":[16,0,0,16],"rotation":270,"texture":"#2"},"south":{"uv":[0,1,9,0],"rotation":270,"texture":"#2"},"west":{"uv":[0,0,16,16],"rotation":90,"texture":"#2"},"up":{"uv":[1,0,0,9],"rotation":180,"texture":"#2"},"down":{"uv":[1,0,0,9],"texture":"#2"}}},{"from":[7.9,18.78338,-1.88338],"to":[7.9,20.78338,1.11662],"rotation":{"angle":45,"axis":"x","origin":[8,8,8]},"faces":{"north":{"uv":[0,1,9,0],"rotation":270,"texture":"#5"},"east":{"uv":[16,16,0,0],"rotation":270,"texture":"#5"},"south":{"uv":[0,1,9,0],"rotation":270,"texture":"#5"},"west":{"uv":[0,16,16,0],"rotation":90,"texture":"#5"},"up":{"uv":[0,9,1,0],"rotation":180,"texture":"#5"},"down":{"uv":[0,9,1,0],"texture":"#5"}}},{"from":[7.75,-2.96716,0.32122],"to":[7.75,3.03284,6.32122],"rotation":{"angle":-22.5,"axis":"x","origin":[8,8,8]},"faces":{"north":{"uv":[0,1,9,0],"rotation":90,"texture":"#3"},"east":{"uv":[16,0,0,16],"rotation":90,"texture":"#3"},"south":{"uv":[0,1,9,0],"rotation":90,"texture":"#3"},"west":{"uv":[0,0,16,16],"rotation":270,"texture":"#3"},"up":{"uv":[1,0,0,9],"texture":"#3"},"down":{"uv":[1,0,0,9],"rotation":180,"texture":"#3"}}},{"from":[7.75,2.03284,0.32122],"to":[7.75,8.03284,6.32122],"rotation":{"angle":-22.5,"axis":"x","origin":[8,8,8]},"faces":{"north":{"uv":[9,1,0,0],"rotation":270,"texture":"#2"},"east":{"uv":[0,0,16,16],"rotation":270,"texture":"#2"},"south":{"uv":[9,1,0,0],"rotation":270,"texture":"#2"},"west":{"uv":[16,0,0,16],"rotation":90,"texture":"#2"},"up":{"uv":[0,0,1,9],"rotation":180,"texture":"#2"},"down":{"uv":[0,0,1,9],"texture":"#2"}}},{"from":[7.9,-4.78338,-1.88338],"to":[7.9,-2.78338,1.11662],"rotation":{"angle":-45,"axis":"x","origin":[8,8,8]},"faces":{"north":{"uv":[9,1,0,0],"rotation":270,"texture":"#5"},"east":{"uv":[0,16,16,0],"rotation":270,"texture":"#5"},"south":{"uv":[9,1,0,0],"rotation":270,"texture":"#5"},"west":{"uv":[16,16,0,0],"rotation":90,"texture":"#5"},"up":{"uv":[1,9,0,0],"rotation":180,"texture":"#5"},"down":{"uv":[1,9,0,0],"texture":"#5"}}},{"from":[8.1,18.78338,-1.88338],"to":[8.1,20.78338,1.11662],"rotation":{"angle":45,"axis":"x","origin":[8,8,8]},"faces":{"north":{"uv":[0,0,9,1],"rotation":270,"texture":"#5"},"east":{"uv":[0,0,16,16],"rotation":90,"texture":"#5"},"south":{"uv":[0,0,9,1],"rotation":270,"texture":"#5"},"west":{"uv":[16,0,0,16],"rotation":270,"texture":"#5"},"up":{"uv":[1,9,0,0],"rotation":180,"texture":"#5"},"down":{"uv":[1,9,0,0],"texture":"#5"}}},{"from":[8.25,12.96716,0.32122],"to":[8.25,18.96716,6.32122],"rotation":{"angle":22.5,"axis":"x","origin":[8,8,8]},"faces":{"north":{"uv":[9,0,0,1],"rotation":90,"texture":"#3"},"east":{"uv":[16,16,0,0],"rotation":270,"texture":"#3"},"south":{"uv":[9,0,0,1],"rotation":90,"texture":"#3"},"west":{"uv":[0,16,16,0],"rotation":90,"texture":"#3"},"up":{"uv":[1,0,0,9],"texture":"#3"},"down":{"uv":[1,0,0,9],"rotation":180,"texture":"#3"}}},{"from":[8.25,7.96716,0.32122],"to":[8.25,13.96716,6.32122],"rotation":{"angle":22.5,"axis":"x","origin":[8,8,8]},"faces":{"north":{"uv":[0,0,9,1],"rotation":270,"texture":"#2"},"east":{"uv":[0,16,16,0],"rotation":90,"texture":"#2"},"south":{"uv":[0,0,9,1],"rotation":270,"texture":"#2"},"west":{"uv":[16,16,0,0],"rotation":270,"texture":"#2"},"up":{"uv":[0,0,1,9],"rotation":180,"texture":"#2"},"down":{"uv":[0,0,1,9],"texture":"#2"}}},{"from":[8.25,2.03284,0.32122],"to":[8.25,8.03284,6.32122],"rotation":{"angle":-22.5,"axis":"x","origin":[8,8,8]},"faces":{"north":{"uv":[9,0,0,1],"rotation":270,"texture":"#2"},"east":{"uv":[16,16,0,0],"rotation":90,"texture":"#2"},"south":{"uv":[9,0,0,1],"rotation":270,"texture":"#2"},"west":{"uv":[0,16,16,0],"rotation":270,"texture":"#2"},"up":{"uv":[1,0,0,9],"rotation":180,"texture":"#2"},"down":{"uv":[1,0,0,9],"texture":"#2"}}},{"from":[8.25,-2.96716,0.32122],"to":[8.25,3.03284,6.32122],"rotation":{"angle":-22.5,"axis":"x","origin":[8,8,8]},"faces":{"north":{"uv":[0,0,9,1],"rotation":90,"texture":"#3"},"east":{"uv":[0,16,16,0],"rotation":270,"texture":"#3"},"south":{"uv":[0,0,9,1],"rotation":90,"texture":"#3"},"west":{"uv":[16,16,0,0],"rotation":90,"texture":"#3"},"up":{"uv":[0,0,1,9],"texture":"#3"},"down":{"uv":[0,0,1,9],"rotation":180,"texture":"#3"}}},{"from":[8.1,-4.78338,-1.88338],"to":[8.1,-2.78338,1.11662],"rotation":{"angle":-45,"axis":"x","origin":[8,8,8]},"faces":{"north":{"uv":[9,0,0,1],"rotation":270,"texture":"#5"},"east":{"uv":[16,0,0,16],"rotation":90,"texture":"#5"},"south":{"uv":[9,0,0,1],"rotation":270,"texture":"#5"},"west":{"uv":[0,0,16,16],"rotation":270,"texture":"#5"},"up":{"uv":[0,9,1,0],"rotation":180,"texture":"#5"},"down":{"uv":[0,9,1,0],"texture":"#5"}}},{"from":[7.72,18.42872,6.74673],"to":[8.28,19.82872,7.30673],"rotation":{"angle":0,"axis":"z","origin":[8,8,8]},"faces":{"north":{"uv":[3.75,7,2,7.75],"rotation":270,"texture":"#1"},"east":{"uv":[7,0,8.75,0.75],"rotation":270,"texture":"#1"},"south":{"uv":[8.75,1.75,7,1],"rotation":270,"texture":"#1"},"west":{"uv":[6,4,7.75,4.75],"rotation":90,"texture":"#1"},"up":{"uv":[6,12,6.75,12.75],"rotation":180,"texture":"#1"},"down":{"uv":[12,6,12.75,6.75],"texture":"#1"}}},{"from":[7.8,13.87223,8.46944],"to":[8.2,15.47223,8.86944],"rotation":{"angle":-22.5,"axis":"x","origin":[8,8,8]},"faces":{"north":{"uv":[11,0,11.5,2],"rotation":180,"texture":"#1"},"east":{"uv":[0,11,0.5,13],"rotation":180,"texture":"#1"},"south":{"uv":[10,9,10.5,11],"rotation":180,"texture":"#1"},"west":{"uv":[9,10,9.5,12],"rotation":180,"texture":"#1"},"up":{"uv":[13.5,13,13,13.5],"rotation":90,"texture":"#1"},"down":{"uv":[13.5,12.5,13,12],"rotation":270,"texture":"#1"}}},{"from":[7.8,14.83574,9.40973],"to":[8.2,16.43574,9.80973],"rotation":{"angle":-22.5,"axis":"x","origin":[8,8,8]},"faces":{"north":{"uv":[11,0,11.5,2],"rotation":180,"texture":"#1"},"east":{"uv":[0,11,0.5,13],"rotation":180,"texture":"#1"},"south":{"uv":[10,9,10.5,11],"rotation":180,"texture":"#1"},"west":{"uv":[9,10,9.5,12],"rotation":180,"texture":"#1"},"up":{"uv":[13.5,13,13,13.5],"rotation":90,"texture":"#1"},"down":{"uv":[13.5,12.5,13,12],"rotation":270,"texture":"#1"}}},{"from":[7.72,12.96166,6.20173],"to":[8.28,14.36166,6.76173],"rotation":{"angle":-22.5,"axis":"x","origin":[8,8,8]},"faces":{"north":{"uv":[2,7.75,3.75,7],"rotation":90,"texture":"#1"},"east":{"uv":[8.75,0.75,7,0],"rotation":90,"texture":"#1"},"south":{"uv":[7,1,8.75,1.75],"rotation":90,"texture":"#1"},"west":{"uv":[7.75,4.75,6,4],"rotation":270,"texture":"#1"},"up":{"uv":[6.75,12.75,6,12],"texture":"#1"},"down":{"uv":[12.75,6.75,12,6],"rotation":180,"texture":"#1"}}},{"from":[7.72,12.96166,6.20173],"to":[8.28,14.36166,6.76173],"rotation":{"angle":-22.5,"axis":"x","origin":[8,8,8]},"faces":{"north":{"uv":[2,7,3.75,7.75],"rotation":90,"texture":"#1"},"east":{"uv":[7.75,4,6,4.75],"rotation":270,"texture":"#1"},"south":{"uv":[7,1.75,8.75,1],"rotation":90,"texture":"#1"},"west":{"uv":[8.75,0,7,0.75],"rotation":90,"texture":"#1"},"up":{"uv":[6,12.75,6.75,12],"texture":"#1"},"down":{"uv":[12,6.75,12.75,6],"rotation":180,"texture":"#1"}}},{"from":[7.8,11.22478,2.2652],"to":[8.2,12.82478,2.6652],"rotation":{"angle":22.5,"axis":"x","origin":[8,8,8]},"faces":{"north":{"uv":[10,9,10.5,11],"texture":"#1"},"east":{"uv":[0,11,0.5,13],"texture":"#1"},"south":{"uv":[11,0,11.5,2],"texture":"#1"},"west":{"uv":[9,10,9.5,12],"texture":"#1"},"up":{"uv":[13.5,12.5,13,12],"rotation":270,"texture":"#1"},"down":{"uv":[13.5,13,13,13.5],"rotation":90,"texture":"#1"}}},{"from":[7.925,7.88649,11.47673],"to":[8.075,20.48649,11.62673],"rotation":{"angle":0,"axis":"z","origin":[8,8,8]},"faces":{"north":{"uv":[15,0,15.25,14.25],"rotation":180,"texture":"#1"},"east":{"uv":[15,0,15.25,14.25],"rotation":180,"texture":"#1"},"south":{"uv":[15,0,15.25,14.25],"rotation":180,"texture":"#1"},"west":{"uv":[15,0,15.25,14.25],"rotation":180,"texture":"#1"},"up":{"uv":[13.5,13,13,13.5],"rotation":90,"texture":"#1"},"down":{"uv":[13.5,12.5,13,12],"rotation":270,"texture":"#1"}}},{"from":[7.925,-4.48649,11.47673],"to":[8.075,8.11351,11.62673],"rotation":{"angle":0,"axis":"z","origin":[8,8,8]},"faces":{"north":{"uv":[15,14.25,15.25,0],"rotation":180,"texture":"#1"},"east":{"uv":[15,14.25,15.25,0],"rotation":180,"texture":"#1"},"south":{"uv":[15,14.25,15.25,0],"rotation":180,"texture":"#1"},"west":{"uv":[15,14.25,15.25,0],"rotation":180,"texture":"#1"},"up":{"uv":[13.5,12,13,12.5],"rotation":90,"texture":"#1"},"down":{"uv":[13.5,13.5,13,13],"rotation":270,"texture":"#1"}}},{"from":[7.72,-3.82872,6.74673],"to":[8.28,-2.42872,7.30673],"rotation":{"angle":0,"axis":"z","origin":[8,8,8]},"faces":{"north":{"uv":[2,7,3.75,7.75],"rotation":270,"texture":"#1"},"east":{"uv":[8.75,0,7,0.75],"rotation":270,"texture":"#1"},"south":{"uv":[7,1.75,8.75,1],"rotation":270,"texture":"#1"},"west":{"uv":[7.75,4,6,4.75],"rotation":90,"texture":"#1"},"up":{"uv":[12.75,6,12,6.75],"rotation":180,"texture":"#1"},"down":{"uv":[6.75,12,6,12.75],"texture":"#1"}}},{"from":[7.8,-0.43574,9.40973],"to":[8.2,1.16426,9.80973],"rotation":{"angle":22.5,"axis":"x","origin":[8,8,8]},"faces":{"north":{"uv":[11,2,11.5,0],"rotation":180,"texture":"#1"},"east":{"uv":[0,13,0.5,11],"rotation":180,"texture":"#1"},"south":{"uv":[10,11,10.5,9],"rotation":180,"texture":"#1"},"west":{"uv":[9,12,9.5,10],"rotation":180,"texture":"#1"},"up":{"uv":[13.5,12,13,12.5],"rotation":90,"texture":"#1"},"down":{"uv":[13.5,13.5,13,13],"rotation":270,"texture":"#1"}}},{"from":[7.8,0.52777,8.46944],"to":[8.2,2.12777,8.86944],"rotation":{"angle":22.5,"axis":"x","origin":[8,8,8]},"faces":{"north":{"uv":[11,2,11.5,0],"rotation":180,"texture":"#1"},"east":{"uv":[0,13,0.5,11],"rotation":180,"texture":"#1"},"south":{"uv":[10,11,10.5,9],"rotation":180,"texture":"#1"},"west":{"uv":[9,12,9.5,10],"rotation":180,"texture":"#1"},"up":{"uv":[13.5,12,13,12.5],"rotation":90,"texture":"#1"},"down":{"uv":[13.5,13.5,13,13],"rotation":270,"texture":"#1"}}},{"from":[7.8,3.17522,2.2652],"to":[8.2,4.77522,2.6652],"rotation":{"angle":-22.5,"axis":"x","origin":[8,8,8]},"faces":{"north":{"uv":[10,11,10.5,9],"texture":"#1"},"east":{"uv":[0,13,0.5,11],"texture":"#1"},"south":{"uv":[11,2,11.5,0],"texture":"#1"},"west":{"uv":[9,12,9.5,10],"texture":"#1"},"up":{"uv":[13.5,13.5,13,13],"rotation":270,"texture":"#1"},"down":{"uv":[13.5,12,13,12.5],"rotation":90,"texture":"#1"}}},{"from":[7.72,1.63834,6.20173],"to":[8.28,3.03834,6.76173],"rotation":{"angle":22.5,"axis":"x","origin":[8,8,8]},"faces":{"north":{"uv":[3.75,7.75,2,7],"rotation":90,"texture":"#1"},"east":{"uv":[7,0.75,8.75,0],"rotation":90,"texture":"#1"},"south":{"uv":[8.75,1,7,1.75],"rotation":90,"texture":"#1"},"west":{"uv":[6,4.75,7.75,4],"rotation":270,"texture":"#1"},"up":{"uv":[12,6.75,12.75,6],"texture":"#1"},"down":{"uv":[6,12.75,6.75,12],"rotation":180,"texture":"#1"}}},{"from":[7.7,13.50138,2.65148],"to":[8.3,14.30138,3.45148],"rotation":{"angle":22.5,"axis":"x","origin":[8,8,8]},"faces":{"north":{"uv":[6,11.75,5,11],"rotation":90,"texture":"#1"},"east":{"uv":[2,10,3,9],"rotation":90,"texture":"#1"},"south":{"uv":[12,4,11,4.75],"rotation":90,"texture":"#1"},"west":{"uv":[9,2,10,1],"rotation":270,"texture":"#1"},"up":{"uv":[4,12,4.75,11],"texture":"#1"},"down":{"uv":[11,4,11.75,3],"rotation":180,"texture":"#1"}}},{"from":[7.7,14.84757,2.63506],"to":[8.3,15.64757,3.43506],"rotation":{"angle":22.5,"axis":"x","origin":[8,8,8]},"faces":{"north":{"uv":[6,11.75,5,11],"rotation":90,"texture":"#1"},"east":{"uv":[2,10,3,9],"rotation":90,"texture":"#1"},"south":{"uv":[12,4,11,4.75],"rotation":90,"texture":"#1"},"west":{"uv":[9,2,10,1],"rotation":270,"texture":"#1"},"up":{"uv":[4,12,4.75,11],"texture":"#1"},"down":{"uv":[11,4,11.75,3],"rotation":180,"texture":"#1"}}},{"from":[7.6,17.54573,10.67504],"to":[8.4,18.34573,11.47504],"rotation":{"angle":-22.5,"axis":"x","origin":[8,8,8]},"faces":{"north":{"uv":[11,0,10,1],"texture":"#1"},"east":{"uv":[1,10,0,11],"texture":"#1"},"south":{"uv":[10,9,9,10],"texture":"#1"},"west":{"uv":[9,9,8,10],"texture":"#1"},"up":{"uv":[1,11,2,10],"rotation":270,"texture":"#1"},"down":{"uv":[10,1,11,2],"rotation":90,"texture":"#1"}}},{"from":[7.6,12.70338,8.07937],"to":[8.4,13.50338,8.87937],"rotation":{"angle":-45,"axis":"x","origin":[8,8,8]},"faces":{"north":{"uv":[10,1,11,0],"rotation":180,"texture":"#1"},"east":{"uv":[0,11,1,10],"rotation":180,"texture":"#1"},"south":{"uv":[9,10,10,9],"rotation":180,"texture":"#1"},"west":{"uv":[8,10,9,9],"rotation":180,"texture":"#1"},"up":{"uv":[2,10,1,11],"rotation":90,"texture":"#1"},"down":{"uv":[11,2,10,1],"rotation":270,"texture":"#1"}}},{"from":[7.6,-2.34573,10.67504],"to":[8.4,-1.54573,11.47504],"rotation":{"angle":22.5,"axis":"x","origin":[8,8,8]},"faces":{"north":{"uv":[11,1,10,0],"texture":"#1"},"east":{"uv":[1,11,0,10],"texture":"#1"},"south":{"uv":[10,10,9,9],"texture":"#1"},"west":{"uv":[9,10,8,9],"texture":"#1"},"up":{"uv":[10,2,11,1],"rotation":270,"texture":"#1"},"down":{"uv":[1,10,2,11],"rotation":90,"texture":"#1"}}},{"from":[7.7,0.35243,2.63506],"to":[8.3,1.15243,3.43506],"rotation":{"angle":-22.5,"axis":"x","origin":[8,8,8]},"faces":{"north":{"uv":[5,11.75,6,11],"rotation":90,"texture":"#1"},"east":{"uv":[3,10,2,9],"rotation":90,"texture":"#1"},"south":{"uv":[11,4,12,4.75],"rotation":90,"texture":"#1"},"west":{"uv":[10,2,9,1],"rotation":270,"texture":"#1"},"up":{"uv":[11.75,4,11,3],"texture":"#1"},"down":{"uv":[4.75,12,4,11],"rotation":180,"texture":"#1"}}},{"from":[7.7,1.69862,2.65148],"to":[8.3,2.49862,3.45148],"rotation":{"angle":-22.5,"axis":"x","origin":[8,8,8]},"faces":{"north":{"uv":[5,11.75,6,11],"rotation":90,"texture":"#1"},"east":{"uv":[3,10,2,9],"rotation":90,"texture":"#1"},"south":{"uv":[11,4,12,4.75],"rotation":90,"texture":"#1"},"west":{"uv":[10,2,9,1],"rotation":270,"texture":"#1"},"up":{"uv":[11.75,4,11,3],"texture":"#1"},"down":{"uv":[4.75,12,4,11],"rotation":180,"texture":"#1"}}},{"from":[7.6,2.49662,8.07937],"to":[8.4,3.29662,8.87937],"rotation":{"angle":45,"axis":"x","origin":[8,8,8]},"faces":{"north":{"uv":[10,0,11,1],"rotation":180,"texture":"#1"},"east":{"uv":[0,10,1,11],"rotation":180,"texture":"#1"},"south":{"uv":[9,9,10,10],"rotation":180,"texture":"#1"},"west":{"uv":[8,9,9,10],"rotation":180,"texture":"#1"},"up":{"uv":[11,1,10,2],"rotation":90,"texture":"#1"},"down":{"uv":[2,11,1,10],"rotation":270,"texture":"#1"}}},{"from":[7.6,20.4266,11.17327],"to":[8.4,21.2266,11.97327],"rotation":{"angle":0,"axis":"z","origin":[8,8,8]},"faces":{"north":{"uv":[3,10,4,11],"texture":"#1"},"east":{"uv":[4,10,5,11],"texture":"#1"},"south":{"uv":[10,7,11,8],"texture":"#1"},"west":{"uv":[2,10,3,11],"texture":"#1"},"up":{"uv":[9,11,8,10],"rotation":270,"texture":"#1"},"down":{"uv":[11,8,10,9],"rotation":90,"texture":"#1"}}},{"from":[7.72,18.2828,14.60981],"to":[8.28,18.8428,16.00981],"rotation":{"angle":-22.5,"axis":"x","origin":[8,8,8]},"faces":{"north":{"uv":[6,12,6.75,12.75],"texture":"#1"},"east":{"uv":[7,0,8.75,0.75],"texture":"#1"},"south":{"uv":[12,6,12.75,6.75],"texture":"#1"},"west":{"uv":[6,4,7.75,4.75],"texture":"#1"},"up":{"uv":[8.75,1.75,7,1],"rotation":270,"texture":"#1"},"down":{"uv":[3.75,7,2,7.75],"rotation":90,"texture":"#1"}}},{"from":[7.6,19.08171,4.00075],"to":[8.4,20.68171,5.60075],"rotation":{"angle":22.5,"axis":"x","origin":[8,8,8]},"faces":{"north":{"uv":[4,5,2,4],"rotation":90,"texture":"#1"},"east":{"uv":[0,2,2,4],"rotation":90,"texture":"#1"},"south":{"uv":[6,4,4,5],"rotation":90,"texture":"#1"},"west":{"uv":[0,0,2,2],"rotation":270,"texture":"#1"},"up":{"uv":[1,4,2,6],"texture":"#1"},"down":{"uv":[0,4,1,6],"rotation":180,"texture":"#1"}}},{"from":[7.6,-5.2266,11.17327],"to":[8.4,-4.4266,11.97327],"rotation":{"angle":0,"axis":"z","origin":[8,8,8]},"faces":{"north":{"uv":[3,11,4,10],"texture":"#1"},"east":{"uv":[4,11,5,10],"texture":"#1"},"south":{"uv":[10,8,11,7],"texture":"#1"},"west":{"uv":[2,11,3,10],"texture":"#1"},"up":{"uv":[11,9,10,8],"rotation":270,"texture":"#1"},"down":{"uv":[9,10,8,11],"rotation":90,"texture":"#1"}}},{"from":[7.72,-2.8428,14.60981],"to":[8.28,-2.2828,16.00981],"rotation":{"angle":22.5,"axis":"x","origin":[8,8,8]},"faces":{"north":{"uv":[6,12.75,6.75,12],"texture":"#1"},"east":{"uv":[7,0.75,8.75,0],"texture":"#1"},"south":{"uv":[12,6.75,12.75,6],"texture":"#1"},"west":{"uv":[6,4.75,7.75,4],"texture":"#1"},"up":{"uv":[3.75,7.75,2,7],"rotation":270,"texture":"#1"},"down":{"uv":[8.75,1,7,1.75],"rotation":90,"texture":"#1"}}},{"from":[7.6,-4.68171,4.00075],"to":[8.4,-3.08171,5.60075],"rotation":{"angle":-22.5,"axis":"x","origin":[8,8,8]},"faces":{"north":{"uv":[2,5,4,4],"rotation":90,"texture":"#1"},"east":{"uv":[2,2,0,4],"rotation":90,"texture":"#1"},"south":{"uv":[4,4,6,5],"rotation":90,"texture":"#1"},"west":{"uv":[2,0,0,2],"rotation":270,"texture":"#1"},"up":{"uv":[1,4,0,6],"texture":"#1"},"down":{"uv":[2,4,1,6],"rotation":180,"texture":"#1"}}}],"gui_light":"front","display":{"thirdperson_righthand":{"translation":[0,-2,2.75],"scale":[0.82422,0.82422,0.82422]},"thirdperson_lefthand":{"translation":[0,-2,2.75],"scale":[0.82422,0.82422,0.82422]},"firstperson_righthand":{"rotation":[0.9,4.4,-11.26],"translation":[10.25,1.25,-8.5],"scale":[1.02539,1.02539,1.02539]},"firstperson_lefthand":{"rotation":[0.9,4.4,-11.26],"translation":[10.25,0.5,-8.5],"scale":[1.02539,1.02539,1.02539]},"ground":{"rotation":[0,0,-20],"translation":[0,7.5,0],"scale":[0.8,0.8,0.8]},"gui":{"rotation":[90,53.75,-90],"translation":[-1.25,1.25,-2],"scale":[0.50586,0.50586,0.50586]},"head":{"rotation":[0,90,0],"translation":[0,22.5,0],"scale":[0.75977,0.75977,0.75977]},"fixed":{"rotation":[0,90,0],"translation":[-0.25,0,-2],"scale":[1.67773,1.67773,1.67773]}}}