{"textures":{"0":"modelengine:entity/boost"},"elements":[{"from":[11.516094,0.28571415,5.9890776],"to":[11.516094,1.9999995,9.417649],"rotation":{"angle":-22.5,"axis":"y","origin":[6.9446654,0.28571415,9.417649]},"faces":{"east":{"uv":[8.0,13.0,11.0,13.5],"rotation":0,"texture":"#0","tintindex":0},"south":{"uv":[0.0,0.0,0.0,13.5],"rotation":0,"texture":"#0","tintindex":0},"north":{"uv":[0.0,0.0,0.0,13.5],"rotation":0,"texture":"#0","tintindex":0},"west":{"uv":[8.0,0.0,11.0,13.5],"rotation":0,"texture":"#0","tintindex":0},"up":{"uv":[3.0,0.0,0.0,0.0],"rotation":270,"texture":"#0","tintindex":0},"down":{"uv":[3.0,0.0,0.0,0.0],"rotation":90,"texture":"#0","tintindex":0}}},{"from":[6.2508087,0.28571415,12.827406],"to":[9.67938,1.9999995,12.827406],"rotation":{"angle":22.5,"axis":"y","origin":[6.2508087,0.28571415,8.255977]},"faces":{"east":{"uv":[0.0,0.0,0.0,13.5],"rotation":0,"texture":"#0","tintindex":0},"south":{"uv":[8.0,13.0,11.0,13.5],"rotation":0,"texture":"#0","tintindex":0},"north":{"uv":[8.0,0.0,11.0,13.5],"rotation":0,"texture":"#0","tintindex":0},"west":{"uv":[0.0,0.0,0.0,13.5],"rotation":0,"texture":"#0","tintindex":0},"up":{"uv":[3.0,0.0,0.0,0.0],"rotation":0,"texture":"#0","tintindex":0},"down":{"uv":[3.0,0.0,0.0,0.0],"rotation":0,"texture":"#0","tintindex":0}}},{"from":[6.3206196,0.28571415,3.1725945],"to":[9.749191,1.9999995,3.1725945],"rotation":{"angle":22.5,"axis":"y","origin":[9.749191,0.28571415,7.7440233]},"faces":{"east":{"uv":[0.0,0.0,0.0,13.5],"rotation":0,"texture":"#0","tintindex":0},"south":{"uv":[8.0,0.0,11.0,13.5],"rotation":0,"texture":"#0","tintindex":0},"north":{"uv":[8.0,13.0,11.0,13.5],"rotation":0,"texture":"#0","tintindex":0},"west":{"uv":[0.0,0.0,0.0,13.5],"rotation":0,"texture":"#0","tintindex":0},"up":{"uv":[3.0,0.0,0.0,0.0],"rotation":180,"texture":"#0","tintindex":0},"down":{"uv":[3.0,0.0,0.0,0.0],"rotation":180,"texture":"#0","tintindex":0}}},{"from":[3.1718483,0.28571415,6.2511177],"to":[3.1718483,1.9999995,9.679689],"rotation":{"angle":22.5,"axis":"y","origin":[7.743277,0.28571415,6.2511177]},"faces":{"east":{"uv":[8.0,0.0,11.0,13.5],"rotation":0,"texture":"#0","tintindex":0},"south":{"uv":[0.0,0.0,0.0,13.5],"rotation":0,"texture":"#0","tintindex":0},"north":{"uv":[0.0,0.0,0.0,13.5],"rotation":0,"texture":"#0","tintindex":0},"west":{"uv":[8.0,13.0,11.0,13.5],"rotation":0,"texture":"#0","tintindex":0},"up":{"uv":[3.0,0.0,0.0,0.0],"rotation":90,"texture":"#0","tintindex":0},"down":{"uv":[3.0,0.0,0.0,0.0],"rotation":270,"texture":"#0","tintindex":0}}},{"from":[12.828152,0.28571415,6.3203106],"to":[12.828152,1.9999995,9.748882],"rotation":{"angle":22.5,"axis":"y","origin":[8.256723,0.28571415,9.748882]},"faces":{"east":{"uv":[8.0,13.0,11.0,13.5],"rotation":0,"texture":"#0","tintindex":0},"south":{"uv":[0.0,0.0,0.0,13.5],"rotation":0,"texture":"#0","tintindex":0},"north":{"uv":[0.0,0.0,0.0,13.5],"rotation":0,"texture":"#0","tintindex":0},"west":{"uv":[8.0,0.0,11.0,13.5],"rotation":0,"texture":"#0","tintindex":0},"up":{"uv":[3.0,0.0,0.0,0.0],"rotation":270,"texture":"#0","tintindex":0},"down":{"uv":[3.0,0.0,0.0,0.0],"rotation":90,"texture":"#0","tintindex":0}}},{"from":[6.5820417,0.28571415,11.5153475],"to":[10.010613,1.9999995,11.5153475],"rotation":{"angle":-22.5,"axis":"y","origin":[6.5820417,0.28571415,6.943919]},"faces":{"east":{"uv":[0.0,0.0,0.0,13.5],"rotation":0,"texture":"#0","tintindex":0},"south":{"uv":[8.0,13.0,11.0,13.5],"rotation":0,"texture":"#0","tintindex":0},"north":{"uv":[8.0,0.0,11.0,13.5],"rotation":0,"texture":"#0","tintindex":0},"west":{"uv":[0.0,0.0,0.0,13.5],"rotation":0,"texture":"#0","tintindex":0},"up":{"uv":[3.0,0.0,0.0,0.0],"rotation":0,"texture":"#0","tintindex":0},"down":{"uv":[3.0,0.0,0.0,0.0],"rotation":0,"texture":"#0","tintindex":0}}},{"from":[5.9893866,0.28571415,4.4846525],"to":[9.417958,1.9999995,4.4846525],"rotation":{"angle":-22.5,"axis":"y","origin":[9.417958,0.28571415,9.056081]},"faces":{"east":{"uv":[0.0,0.0,0.0,13.5],"rotation":0,"texture":"#0","tintindex":0},"south":{"uv":[8.0,0.0,11.0,13.5],"rotation":0,"texture":"#0","tintindex":0},"north":{"uv":[8.0,13.0,11.0,13.5],"rotation":0,"texture":"#0","tintindex":0},"west":{"uv":[0.0,0.0,0.0,13.5],"rotation":0,"texture":"#0","tintindex":0},"up":{"uv":[3.0,0.0,0.0,0.0],"rotation":180,"texture":"#0","tintindex":0},"down":{"uv":[3.0,0.0,0.0,0.0],"rotation":180,"texture":"#0","tintindex":0}}},{"from":[4.483906,0.28571415,6.5823507],"to":[4.483906,1.9999995,10.010922],"rotation":{"angle":-22.5,"axis":"y","origin":[9.055334,0.28571415,6.5823507]},"faces":{"east":{"uv":[8.0,0.0,11.0,13.5],"rotation":0,"texture":"#0","tintindex":0},"south":{"uv":[0.0,0.0,0.0,13.5],"rotation":0,"texture":"#0","tintindex":0},"north":{"uv":[0.0,0.0,0.0,13.5],"rotation":0,"texture":"#0","tintindex":0},"west":{"uv":[8.0,13.0,11.0,13.5],"rotation":0,"texture":"#0","tintindex":0},"up":{"uv":[3.0,0.0,0.0,0.0],"rotation":90,"texture":"#0","tintindex":0},"down":{"uv":[3.0,0.0,0.0,0.0],"rotation":270,"texture":"#0","tintindex":0}}}],"display":{"head":{"translation":[0.0,-6.4,0.0],"scale":[4.0,4.0,4.0]}}}