{
   "parent":"item/generated",
   "textures":{
      "layer0":"item/paper"
   },
   "overrides":[
      {"predicate":{"custom_model_data":1},"model":"littleroom_bdaycake:bdaycard"},
      {"predicate":{"custom_model_data":2},"model":"minehammer:item/other/jewel"},
      {"predicate":{"custom_model_data":3},"model":"minehammer:item/other/totem_of_insurance"},
	  {"predicate":{"custom_model_data":4},"model":"minecraft:item/paper"},
	  {"predicate":{"custom_model_data":10000},"model":"minehammer:item/furniture/medieval_market_stalltable"},
   {"predicate":{"custom_model_data":10001},"model":"minehammer:item/furniture/medieval_market_scarecrow"},
   {"predicate":{"custom_model_data":10002},"model":"minehammer:item/furniture/medieval_market_campfire"},
   {"predicate":{"custom_model_data":10003},"model":"minehammer:item/furniture/medieval_market_chest"},
   {"predicate":{"custom_model_data":10004},"model":"minehammer:item/furniture/medieval_market_direction_sign"},
   {"predicate":{"custom_model_data":10005},"model":"minehammer:item/furniture/medieval_market_hangingpot"},
   {"predicate":{"custom_model_data":10006},"model":"minehammer:item/furniture/medieval_market_haybales"},
   {"predicate":{"custom_model_data":10007},"model":"minehammer:item/furniture/medieval_market_lantern"},
   {"predicate":{"custom_model_data":10008},"model":"minehammer:item/furniture/medieval_market_marketstall_red"},
   {"predicate":{"custom_model_data":10009},"model":"minehammer:item/furniture/medieval_market_marketstall_purple"},
   {"predicate":{"custom_model_data":10010},"model":"minehammer:item/furniture/medieval_market_open_chest"},
   {"predicate":{"custom_model_data":10011},"model":"minehammer:item/furniture/medieval_market_pot"},
   {"predicate":{"custom_model_data":10012},"model":"minehammer:item/furniture/medieval_market_bench"},
   {"predicate":{"custom_model_data":10013},"model":"minehammer:item/furniture/medieval_market_box"},
   {"predicate":{"custom_model_data":10014},"model":"minehammer:item/furniture/medieval_market_box_apples"},
   {"predicate":{"custom_model_data":10015},"model":"minehammer:item/furniture/medieval_market_box_bread"},
   {"predicate":{"custom_model_data":10016},"model":"minehammer:item/furniture/medieval_market_bed"},
   {"predicate":{"custom_model_data":10017},"model":"minehammer:item/furniture/medieval_market_barell"},
   {"predicate":{"custom_model_data":10018},"model":"minehammer:item/furniture/medieval_market_bath"},
   {"predicate":{"custom_model_data":10019},"model":"minehammer:item/furniture/medieval_market_bag"},
   {"predicate":{"custom_model_data":10020},"model":"minehammer:item/furniture/medieval_market_chair"},
   {"predicate":{"custom_model_data":10021},"model":"minehammer:item/furniture/medieval_market_stool"},
   {"predicate":{"custom_model_data":10022},"model":"minehammer:item/furniture/medieval_market_table"},
   {"predicate":{"custom_model_data":10023},"model":"minehammer:item/furniture/medieval_market_wagon_red"},
   {"predicate":{"custom_model_data":10024},"model":"minehammer:item/furniture/medieval_market_wagon_purple"},
   {"predicate":{"custom_model_data":10025},"model":"minehammer:item/furniture/medieval_market_wagon2"},
   {"predicate":{"custom_model_data":10026},"model":"minehammer:item/furniture/medieval_market_wall_lantern"},
   {"predicate":{"custom_model_data":10027},"model":"minehammer:item/furniture/medieval_market_well"},
   {"predicate":{"custom_model_data":10028},"model":"minehammer:item/furniture/medieval_market_wood_pile"},
   {
      "predicate": {
        "custom_model_data": 10029
      },
      "model": "_iainternal:ia_auto_gen/icon_left_blue"
    },
    {
      "predicate": {
        "custom_model_data": 10030
      },
      "model": "_iainternal:ia_auto_gen/icon_right_blue"
    },
    {
      "predicate": {
        "custom_model_data": 10031
      },
      "model": "_iainternal:ia_auto_gen/icon_search"
    },
    {
      "predicate": {
        "custom_model_data": 10032
      },
      "model": "_iainternal:ia_auto_gen/icon_cancel"
    },
    {
      "predicate": {
        "custom_model_data": 10033
      },
      "model": "_iainternal:ia_auto_gen/icon_arrow_chest"
    },
    {
      "predicate": {
        "custom_model_data": 10034
      },
      "model": "_iainternal:ia_auto_gen/icon_back_orange"
    },
    {
      "predicate": {
        "custom_model_data": 10035
      },
      "model": "_iainternal:ia_auto_gen/icon_next_orange"
    },
    {
      "predicate": {
        "custom_model_data": 10036
      },
      "model": "playbox_cherryblossomfurniture:basket"
    },
    {
      "predicate": {
        "custom_model_data": 10037
      },
      "model": "playbox_cherryblossomfurniture:chair"
    },
    {
      "predicate": {
        "custom_model_data": 10038
      },
      "model": "playbox_cherryblossomfurniture:flowerpot"
    },
    {
      "predicate": {
        "custom_model_data": 10039
      },
      "model": "playbox_cherryblossomfurniture:kotatsu"
    },
    {
      "predicate": {
        "custom_model_data": 10040
      },
      "model": "playbox_cherryblossomfurniture:lamp"
    },
    {
      "predicate": {
        "custom_model_data": 10041
      },
      "model": "playbox_cherryblossomfurniture:leaves"
    },
    {
      "predicate": {
        "custom_model_data": 10042
      },
      "model": "playbox_cherryblossomfurniture:pond"
    },
    {
      "predicate": {
        "custom_model_data": 10043
      },
      "model": "playbox_cherryblossomfurniture:roomdivider"
    },
    {
      "predicate": {
        "custom_model_data": 10044
      },
      "model": "playbox_cherryblossomfurniture:sofa"
    },
    {
      "predicate": {
        "custom_model_data": 10045
      },
      "model": "playbox_cherryblossomfurniture:table"
    },
	{
      "predicate": {
        "custom_model_data": 10046
      },
      "model": "saintpatricksset:key"
    },
    {
      "predicate": {
        "custom_model_data": 10047
      },
      "model": "saintpatricksset:wings"
    },
    {
      "predicate": {
        "custom_model_data": 10048
      },
      "model": "saintpatricksset:helmet"
    },
    {
      "predicate": {
        "custom_model_data": 10049
      },
      "model": "item/paper"
    },
	{"predicate": {"custom_model_data":10050}, "model": "littleroom_magnus:magnus_helmet"},
		{"predicate": {"custom_model_data":10051}, "model": "littleroom_magnus:magnus_shard"},
    {
      "predicate": {
        "custom_model_data": 10052
      },
      "model": "item/paper"
    },
	{
      "predicate": {
        "custom_model_data": 10053
      },
      "model": "littlebunny_set:backpack"
    },
    {
      "predicate": {
        "custom_model_data": 10054
      },
      "model": "littlebunny_set:chest"
    },
    {
      "predicate": {
        "custom_model_data": 10055
      },
      "model": "littlebunny_set:chest_opening"
    },
    {
      "predicate": {
        "custom_model_data": 10056
      },
      "model": "littlebunny_set:flag"
    },
    {
      "predicate": {
        "custom_model_data": 10057
      },
      "model": "littlebunny_set:bunny_hood"
    },
    {
      "predicate": {
        "custom_model_data": 10058
      },
      "model": "littlebunny_set:key"
    },
    {
      "predicate": {
        "custom_model_data": 10059
      },
      "model": "littlebunny_set:little_bunny"
    },
    {
      "predicate": {
        "custom_model_data": 10060
      },
      "model": "minehammer:item/nitro/chest"
    },
    {
      "predicate": {
        "custom_model_data": 10061
      },
      "model": "minehammer:item/nitro/chest_opening"
    },
    {
      "predicate": {
        "custom_model_data": 10062
      },
      "model": "minehammer:item/nitro/helmet"
    },
    {
      "predicate": {
        "custom_model_data": 10063
      },
      "model": "minehammer:item/nitro/key"
    },
    {
      "predicate": {
        "custom_model_data": 10064
      },
      "model": "minehammer:item/nitro/wings"
    },
	{
      "predicate": {
        "custom_model_data": 10065
      },
      "model": "lzfurniture:furniture/outdoor/outdoor_bench"
    },
    {
      "predicate": {
        "custom_model_data": 10066
      },
      "model": "lzfurniture:furniture/outdoor/outdoor_chair"
    },
    {
      "predicate": {
        "custom_model_data": 10067
      },
      "model": "lzfurniture:furniture/outdoor/outdoor_doghut"
    },
    {
      "predicate": {
        "custom_model_data": 10068
      },
      "model": "lzfurniture:furniture/outdoor/outdoor_grill"
    },
    {
      "predicate": {
        "custom_model_data": 10069
      },
      "model": "lzfurniture:furniture/outdoor/outdoor_lawnmower"
    },
    {
      "predicate": {
        "custom_model_data": 10070
      },
      "model": "lzfurniture:furniture/outdoor/outdoor_sunbed"
    },
    {
      "predicate": {
        "custom_model_data": 10071
      },
      "model": "lzfurniture:furniture/outdoor/outdoor_picnictable"
    },
    {
      "predicate": {
        "custom_model_data": 10072
      },
      "model": "lzfurniture:furniture/outdoor/outdoor_small_table"
    },
    {
      "predicate": {
        "custom_model_data": 10073
      },
      "model": "lzfurniture:furniture/outdoor/outdoor_pool"
    },
    {
      "predicate": {
        "custom_model_data": 10074
      },
      "model": "lzfurniture:furniture/outdoor/outdoor_trampolin"
    },
    {
      "predicate": {
        "custom_model_data": 10075
      },
      "model": "lzfurniture:furniture/outdoor/outdoor_rocks_big"
    },
    {
      "predicate": {
        "custom_model_data": 10076
      },
      "model": "lzfurniture:furniture/outdoor/outdoor_rocks_medium"
    },
    {
      "predicate": {
        "custom_model_data": 10077
      },
      "model": "lzfurniture:furniture/outdoor/outdoor_rocks_small"
    },
    {
      "predicate": {
        "custom_model_data": 10078
      },
      "model": "lzfurniture:furniture/outdoor/outdoor_rocks_tiny"
    },
    {
      "predicate": {
        "custom_model_data": 10079
      },
      "model": "lzfurniture:furniture/outdoor/outdoor_umbrella"
    },
    {
      "predicate": {
        "custom_model_data": 10080
      },
      "model": "lzfurniture:furniture/outdoor/outdoor_spade"
    },
    {
      "predicate": {
        "custom_model_data": 10081
      },
      "model": "lzfurniture:furniture/outdoor/outdoor_wateringcan"
    },
    {
      "predicate": {
        "custom_model_data": 10082
      },
      "model": "lzfurniture:furniture/outdoor/outdoor_wheelbarrow"
    },
	{
      "predicate": {
        "custom_model_data": 10083
      },
      "model": "littlecatset:headset"
    },
    {
      "predicate": {
        "custom_model_data": 10084
      },
      "model": "littlecatset:hood"
    },
    {
      "predicate": {
        "custom_model_data": 10085
      },
      "model": "littlecatset:backpack"
    },
    {
      "predicate": {
        "custom_model_data": 10086
      },
      "model": "littlecatset:tail"
    },
    {
      "predicate": {
        "custom_model_data": 10087
      },
      "model": "littlecatset:key"
    },
    {
      "predicate": {
        "custom_model_data": 10088
      },
      "model": "littlecatset:flag"
    },
	{
      "predicate": {
        "custom_model_data": 10089
      },
      "model": "elitecreatures:industrial_kitchen_v1/ik_fridge"
    },
    {
      "predicate": {
        "custom_model_data": 10090
      },
      "model": "elitecreatures:industrial_kitchen_v1/ik_fridge_white"
    },
    {
      "predicate": {
        "custom_model_data": 10091
      },
      "model": "elitecreatures:industrial_kitchen_v1/ik_fridge_with_dish"
    },
    {
      "predicate": {
        "custom_model_data": 10092
      },
      "model": "elitecreatures:industrial_kitchen_v1/ik_grill"
    },
    {
      "predicate": {
        "custom_model_data": 10093
      },
      "model": "elitecreatures:industrial_kitchen_v1/ik_hood"
    },
    {
      "predicate": {
        "custom_model_data": 10094
      },
      "model": "elitecreatures:industrial_kitchen_v1/ik_microwave"
    },
    {
      "predicate": {
        "custom_model_data": 10095
      },
      "model": "elitecreatures:industrial_kitchen_v1/ik_mixer"
    },
    {
      "predicate": {
        "custom_model_data": 10096
      },
      "model": "elitecreatures:industrial_kitchen_v1/ik_table"
    },
    {
      "predicate": {
        "custom_model_data": 10097
      },
      "model": "elitecreatures:industrial_kitchen_v1/ik_table_bar"
    },
    {
      "predicate": {
        "custom_model_data": 10098
      },
      "model": "elitecreatures:industrial_kitchen_v1/ik_table_corner"
    },
    {
      "predicate": {
        "custom_model_data": 10099
      },
      "model": "elitecreatures:industrial_kitchen_v1/ik_table_fireplace"
    },
    {
      "predicate": {
        "custom_model_data": 10100
      },
      "model": "elitecreatures:industrial_kitchen_v1/ik_table_long"
    },
    {
      "predicate": {
        "custom_model_data": 10101
      },
      "model": "elitecreatures:industrial_kitchen_v1/ik_table_with_cupboard"
    },
    {
      "predicate": {
        "custom_model_data": 10102
      },
      "model": "elitecreatures:industrial_kitchen_v1/ik_table_with_cupboard_2"
    },
    {
      "predicate": {
        "custom_model_data": 10103
      },
      "model": "elitecreatures:industrial_kitchen_v1/ik_table_with_dishwasher"
    },
	{
      "predicate": {
        "custom_model_data": 10104
      },
      "model": "elitecreatures:farmer_decoration_v1/beer"
    },
    {
      "predicate": {
        "custom_model_data": 10105
      },
      "model": "elitecreatures:farmer_decoration_v1/corn"
    },
    {
      "predicate": {
        "custom_model_data": 10106
      },
      "model": "elitecreatures:farmer_decoration_v1/corn_basket"
    },
    {
      "predicate": {
        "custom_model_data": 10107
      },
      "model": "elitecreatures:farmer_decoration_v1/door"
    },
    {
      "predicate": {
        "custom_model_data": 10108
      },
      "model": "elitecreatures:farmer_decoration_v1/fence"
    },
    {
      "predicate": {
        "custom_model_data": 10109
      },
      "model": "elitecreatures:farmer_decoration_v1/fence_corner"
    },
    {
      "predicate": {
        "custom_model_data": 10110
      },
      "model": "elitecreatures:farmer_decoration_v1/firewood"
    },
    {
      "predicate": {
        "custom_model_data": 10111
      },
      "model": "elitecreatures:farmer_decoration_v1/flower"
    },
    {
      "predicate": {
        "custom_model_data": 10112
      },
      "model": "elitecreatures:farmer_decoration_v1/hay_with_spade"
    },
    {
      "predicate": {
        "custom_model_data": 10113
      },
      "model": "elitecreatures:farmer_decoration_v1/log_axe"
    },
    {
      "predicate": {
        "custom_model_data": 10114
      },
      "model": "elitecreatures:farmer_decoration_v1/milk_tank"
    },
    {
      "predicate": {
        "custom_model_data": 10115
      },
      "model": "elitecreatures:farmer_decoration_v1/plate_rice"
    },
    {
      "predicate": {
        "custom_model_data": 10116
      },
      "model": "elitecreatures:farmer_decoration_v1/pond"
    },
    {
      "predicate": {
        "custom_model_data": 10117
      },
      "model": "elitecreatures:farmer_decoration_v1/rice_basket"
    },
    {
      "predicate": {
        "custom_model_data": 10118
      },
      "model": "elitecreatures:farmer_decoration_v1/scare_crow"
    },
    {
      "predicate": {
        "custom_model_data": 10119
      },
      "model": "elitecreatures:farmer_decoration_v1/stone"
    },
    {
      "predicate": {
        "custom_model_data": 10120
      },
      "model": "elitecreatures:farmer_decoration_v1/table"
    },
    {
      "predicate": {
        "custom_model_data": 10121
      },
      "model": "elitecreatures:farmer_decoration_v1/table_sawing"
    },
    {
      "predicate": {
        "custom_model_data": 10122
      },
      "model": "elitecreatures:farmer_decoration_v1/tools_stand"
    },
    {
      "predicate": {
        "custom_model_data": 10123
      },
      "model": "elitecreatures:farmer_decoration_v1/wheelbarrow"
    },
    {
      "predicate": {
        "custom_model_data": 10124
      },
      "model": "elitecreatures:dungeon_decoration_v1/dungeon_cage"
    },
    {
      "predicate": {
        "custom_model_data": 10125
      },
      "model": "elitecreatures:dungeon_decoration_v1/dungeon_cage_with_bone"
    },
    {
      "predicate": {
        "custom_model_data": 10126
      },
      "model": "elitecreatures:dungeon_decoration_v1/dungeon_chest"
    },
    {
      "predicate": {
        "custom_model_data": 10127
      },
      "model": "elitecreatures:dungeon_decoration_v1/dungeon_chest_open"
    },
    {
      "predicate": {
        "custom_model_data": 10128
      },
      "model": "elitecreatures:dungeon_decoration_v1/dungeon_decorate_goldbar"
    },
    {
      "predicate": {
        "custom_model_data": 10129
      },
      "model": "elitecreatures:dungeon_decoration_v1/dungeon_decorate_goldbar_with_coin"
    },
    {
      "predicate": {
        "custom_model_data": 10130
      },
      "model": "elitecreatures:dungeon_decoration_v1/dungeon_decorate_goldbars"
    },
    {
      "predicate": {
        "custom_model_data": 10131
      },
      "model": "elitecreatures:dungeon_decoration_v1/dungeon_decorate_heads"
    },
    {
      "predicate": {
        "custom_model_data": 10132
      },
      "model": "elitecreatures:dungeon_decoration_v1/dungeon_decorate_sword_and_bone"
    },
    {
      "predicate": {
        "custom_model_data": 10133
      },
      "model": "elitecreatures:dungeon_decoration_v1/dungeon_decorate_vase"
    },
    {
      "predicate": {
        "custom_model_data": 10134
      },
      "model": "elitecreatures:dungeon_decoration_v1/dungeon_hang_flag"
    },
    {
      "predicate": {
        "custom_model_data": 10135
      },
      "model": "elitecreatures:dungeon_decoration_v1/dungeon_hang_flag_with_bone"
    },
    {
      "predicate": {
        "custom_model_data": 10136
      },
      "model": "elitecreatures:dungeon_decoration_v1/dungeon_skeleton"
    },
    {
      "predicate": {
        "custom_model_data": 10137
      },
      "model": "elitecreatures:dungeon_decoration_v1/dungeon_skeleton_head_drop"
    },
    {
      "predicate": {
        "custom_model_data": 10138
      },
      "model": "elitecreatures:dungeon_decoration_v1/dungeon_skeleton_sleep"
    },
    {
      "predicate": {
        "custom_model_data": 10139
      },
      "model": "elitecreatures:dungeon_decoration_v1/dungeon_table_long"
    },
    {
      "predicate": {
        "custom_model_data": 10140
      },
      "model": "elitecreatures:dungeon_decoration_v1/dungeon_torch"
    },
    {
      "predicate": {
        "custom_model_data": 10141
      },
      "model": "elitecreatures:dungeon_decoration_v1/dungeon_weaponstand"
    },
    {
      "predicate": {
        "custom_model_data": 10142
      },
      "model": "elitecreatures:dungeon_decoration_v1/dungeon_wood_barrel"
    },
    {
      "predicate": {
        "custom_model_data": 10143
      },
      "model": "elitecreatures:dungeon_decoration_v1/dungeon_wood_box"
    },
    {
      "predicate": {
        "custom_model_data": 10144
      },
      "model": "elitecreatures:dungeon_decoration_v1/dungeon_wood_chair"
    },
    {
      "predicate": {
        "custom_model_data": 10145
      },
      "model": "elitecreatures:dungeon_decoration_v1/dungeon_wood_chair_with_bone"
    },
    {
      "predicate": {
        "custom_model_data": 10146
      },
      "model": "elitecreatures:dungeon_decoration_v1/dungeon_wood_chair_with_rest"
    },
	{
      "predicate": {
        "custom_model_data": 10147
      },
      "model": "elitecreatures:dungeon_decoration_v1/dungeon_table"
    },
	 {
      "predicate": {
        "custom_model_data": 10148
      },
      "model": "elitecreatures:nightclub_furniture_v2/nightclub_bar_01"
    },
    {
      "predicate": {
        "custom_model_data": 10149
      },
      "model": "elitecreatures:nightclub_furniture_v2/nightclub_bar_02"
    },
    {
      "predicate": {
        "custom_model_data": 10150
      },
      "model": "elitecreatures:nightclub_furniture_v2/nightclub_bar_03"
    },
    {
      "predicate": {
        "custom_model_data": 10151
      },
      "model": "elitecreatures:nightclub_furniture_v2/nightclub_bar_chair_red"
    },
    {
      "predicate": {
        "custom_model_data": 10152
      },
      "model": "elitecreatures:nightclub_furniture_v2/nightclub_bar_cooler"
    },
    {
      "predicate": {
        "custom_model_data": 10153
      },
      "model": "elitecreatures:nightclub_furniture_v2/nightclub_bar_shelf"
    },
    {
      "predicate": {
        "custom_model_data": 10154
      },
      "model": "elitecreatures:nightclub_furniture_v2/nightclub_chair_brown"
    },
    {
      "predicate": {
        "custom_model_data": 10155
      },
      "model": "elitecreatures:nightclub_furniture_v2/nightclub_dance_floor"
    },
    {
      "predicate": {
        "custom_model_data": 10156
      },
      "model": "elitecreatures:nightclub_furniture_v2/nightclub_dj_set"
    },
    {
      "predicate": {
        "custom_model_data": 10157
      },
      "model": "elitecreatures:nightclub_furniture_v2/nightclub_ice_bucket"
    },
    {
      "predicate": {
        "custom_model_data": 10158
      },
      "model": "elitecreatures:nightclub_furniture_v2/nightclub_led_sing"
    },
    {
      "predicate": {
        "custom_model_data": 10159
      },
      "model": "elitecreatures:nightclub_furniture_v2/nightclub_sofa"
    },
    {
      "predicate": {
        "custom_model_data": 10160
      },
      "model": "elitecreatures:nightclub_furniture_v2/nightclub_sofa_corner"
    },
    {
      "predicate": {
        "custom_model_data": 10161
      },
      "model": "elitecreatures:nightclub_furniture_v2/nightclub_sofa_long"
    },
    {
      "predicate": {
        "custom_model_data": 10162
      },
      "model": "elitecreatures:nightclub_furniture_v2/nightclub_table"
    },
    {
      "predicate": {
        "custom_model_data": 10163
      },
      "model": "elitecreatures:nightclub_furniture_v2/nightclub_table_long"
    },
    {
      "predicate": {
        "custom_model_data": 10164
      },
      "model": "elitecreatures:nightclub_furniture_v2/nightclub_chair_3"
    },
    {
      "predicate": {
        "custom_model_data": 10165
      },
      "model": "steampunk_v2:steampunk_v2/chest"
    },
    {
      "predicate": {
        "custom_model_data": 10166
      },
      "model": "steampunk_v2:steampunk_v2/key"
    },
	{
      "predicate": {
        "custom_model_data": 30060
      },
      "model": "littlebunny_set:babybunny"
    },
	{
      "predicate": {
        "custom_model_data": 30061
      },
      "model": "littlebunny_set:easter_basket"
    },
	{
      "predicate": {
        "custom_model_data": 30062
      },
      "model": "littlebunny_set:bunnybackpack"
    }
   ]
}
