{
   "parent":"item/generated",
   "textures":{
      "layer0":"item/pufferfish"
   },
   "overrides":[
      {"predicate":{"custom_model_data":1},"model":"minehammer:item/fish/angelfish"},
      {"predicate":{"custom_model_data":2},"model":"minehammer:item/fish/banded_butterflyfish"},
      {"predicate":{"custom_model_data":3},"model":"minehammer:item/fish/blue_jellyfish"},
      {"predicate":{"custom_model_data":4},"model":"minehammer:item/fish/bluehead_wrasse"},
      {"predicate":{"custom_model_data":5},"model":"minehammer:item/fish/bronze_trophy"},
      {"predicate":{"custom_model_data":6},"model":"minehammer:item/fish/carp"},
      {"predicate":{"custom_model_data":7},"model":"minehammer:item/fish/crab"},
      {"predicate":{"custom_model_data":8},"model":"minehammer:item/fish/diamond_trophy"},
      {"predicate":{"custom_model_data":9},"model":"minehammer:item/fish/gold_trophy"},
      {"predicate":{"custom_model_data":10},"model":"minehammer:item/fish/golden_lobster"},
      {"predicate":{"custom_model_data":11},"model":"minehammer:item/fish/lobster"},
      {"predicate":{"custom_model_data":12},"model":"minehammer:item/fish/oyster"},
      {"predicate":{"custom_model_data":13},"model":"minehammer:item/fish/pink_jellyfish"},
      {"predicate":{"custom_model_data":14},"model":"minehammer:item/fish/red_snapper"},
      {"predicate":{"custom_model_data":15},"model":"minehammer:item/fish/shrimp"},
      {"predicate":{"custom_model_data":16},"model":"minehammer:item/fish/silver_trophy"},
      {"predicate":{"custom_model_data":17},"model":"minehammer:item/fish/squid"},
      {"predicate":{"custom_model_data":18},"model":"minehammer:item/fish/trout"},
      {"predicate":{"custom_model_data":19},"model":"minehammer:item/fish/tuna"},
      {"predicate":{"custom_model_data":20},"model":"minehammer:item/fish/chum"},
      {"predicate":{"custom_model_data":21},"model":"minehammer:item/fish/lure"},
      {"predicate":{"custom_model_data":22},"model":"minehammer:item/fish/legendary_lure"},
	  {"predicate":{"custom_model_data":23},"model":"minecraft:item/pufferfish"}
   ]
}