{
	"sources": [
		{
			"source": "entity",
			"prefix": "entity/",
			"type": "directory"
		},
    {
      "type": "single",
      "resource": "royal:royal_table_3"
    },
{
      "type": "single",
      "resource": "royal:royal_table_2"
    },
{
      "type": "single",
      "resource": "royal:royal_vase_1"
    },
{
      "type": "single",
      "resource": "royal:royal_vase_2"
    },
{
      "type": "single",
      "resource": "royal:royal_table_war"
    },
{
      "type": "single",
      "resource": "royal:royal_plate"
    },
{
      "type": "single",
      "resource": "royal:royal_carpet"
    },
{
      "type": "single",
      "resource": "royal:royal_frame_1"
    },
{
      "type": "single",
      "resource": "royal:royal_frame_2"
    },
{
      "type": "single",
      "resource": "royal:royal_carpet_2"
    },
{
      "type": "single",
      "resource": "royal:royal_curtain_open"
    },
{
      "type": "single",
      "resource": "royal:royal_statue"
    },
{
      "type": "single",
      "resource": "royal:royal_table"
    },
{
      "type": "single",
      "resource": "royal:royal_chair"
    },
    {
      "type": "single",
      "resource": "park_plus:box_construction"
    },
{
      "type": "single",
      "resource": "park_plus:bird_house"
    },
{
      "type": "single",
      "resource": "park_plus:picnictable"
    },
{
      "type": "single",
      "resource": "park_plus:little_box"
    },
{
      "type": "single",
      "resource": "park_plus:picnictable_nappe"
    },
{
      "type": "single",
      "resource": "park_plus:concret_pot_plant"
    },
{
      "type": "single",
      "resource": "park_plus:log_bench"
    },
{
      "type": "single",
      "resource": "park_plus:lantern_box"
    },
{
      "type": "single",
      "resource": "park_plus:light_pallet"
    },
{
      "type": "single",
      "resource": "park_plus:fence"
    },
{
      "type": "single",
      "resource": "park_plus:stele"
    },
{
      "type": "single",
      "resource": "park_plus:lantern_plus"
    },
{
      "type": "single",
      "resource": "park_plus:bench"
    },
{
      "type": "single",
      "resource": "park_plus:swing"
    },
{
      "type": "single",
      "resource": "park_plus:flower_pot"
    },
{
      "type": "single",
      "resource": "park_plus:box"
    },
    {
      "type": "single",
      "resource": "magic_store:furnitures/bank_pack/bank_document"
    },
{
      "type": "single",
      "resource": "magic_store:furnitures/bank_pack/bank_sign"
    },
{
      "type": "single",
      "resource": "magic_store:furnitures/bank_pack/bank_atm"
    },
{
      "type": "single",
      "resource": "magic_store:furnitures/bank_pack/bank_locker"
    },
{
      "type": "single",
      "resource": "magic_store:furnitures/bank_pack/bank_table"
    },
{
      "type": "single",
      "resource": "magic_store:furnitures/bank_pack/bank_chair"
    },
{
      "type": "single",
      "resource": "magic_store:furnitures/bank_pack/bank_computer"
    },
{
      "type": "single",
      "resource": "magic_store:furnitures/bank_pack/bank_safe_door"
    },
{
      "type": "single",
      "resource": "magic_store:furnitures/bank_pack/bank_money_case"
    },
{
      "type": "single",
      "resource": "magic_store:furnitures/bank_pack/bank_chair_1"
    },
{
      "type": "single",
      "resource": "magic_store:furnitures/bank_pack/bank_camera"
    },
{
      "type": "single",
      "resource": "magic_store:furnitures/bank_pack/bank_greek_balance"
    },
{
      "type": "single",
      "resource": "magic_store:furnitures/bank_pack/bank_money"
    },
{
      "type": "single",
      "resource": "magic_store:furnitures/bank_pack/bank_pot"
    },
{
      "type": "single",
      "resource": "magic_store:furnitures/bank_pack/bank_tall_chair"
    },
{
      "type": "single",
      "resource": "magic_store:furnitures/bank_pack/bank_glass"
    },
{
      "type": "single",
      "resource": "magic_store:furnitures/bank_pack/bank_barrier"
    },
    {
      "type": "single",
      "resource": "steampunk_v2:steampunk_v2/002"
    },
{
      "type": "single",
      "resource": "steampunk_v2:steampunk_v2/eff_4_pickaxe"
    },
{
      "type": "single",
      "resource": "steampunk_v2:steampunk_v2/chest"
    },
{
      "type": "single",
      "resource": "steampunk_v2:steampunk_v2/key"
    },
{
      "type": "single",
      "resource": "steampunk_v2:steampunk_v2/texture"
    },
{
      "type": "single",
      "resource": "steampunk_v2:steampunk_v2/eff_3"
    },
{
      "type": "single",
      "resource": "steampunk_v2:steampunk_v2/eff_4"
    },
{
      "type": "single",
      "resource": "steampunk_v2:steampunk_v2/eff_1"
    },
{
      "type": "single",
      "resource": "steampunk_v2:steampunk_v2/eff_2"
    },
	{
      "type": "single",
      "resource": "blossom/blossom_staff"
    },
	{
      "type": "single",
      "resource": "blossom/blossom_bow"
    },
	{
      "type": "single",
      "resource": "blossom/blossom_bow_1"
    },
	{
      "type": "single",
      "resource": "blossom/blossom_bow_2"
    },
    {
      "type": "single",
      "resource": "blossom/blossom_shovel"
    },
	{
      "type": "single",
      "resource": "blossom/blossom_axe"
    },
	{
      "type": "single",
      "resource": "blossom/blossom_crown"
    },
	{
      "type": "single",
      "resource": "blossom/blossom_fishing_rod"
    },
	{
      "type": "single",
      "resource": "blossom/blossom_sword"
    },
	{
      "type": "single",
      "resource": "blossom/blossom_shield"
    },
	{
      "type": "single",
      "resource": "blossom/blossom_hoe"
    },
	{
      "type": "single",
      "resource": "blossom/blossom_pickaxe"
    },
	{
      "type": "single",
      "resource": "elitecreatures:industrial_kitchen_v1/ik_fridge"
    },
    {
      "type": "single",
      "resource": "elitecreatures:industrial_kitchen_v1/ik_fridge_white"
    },
    {
      "type": "single",
      "resource": "elitecreatures:industrial_kitchen_v1/ik_fridge_with_dish"
    },
    {
      "type": "single",
      "resource": "elitecreatures:industrial_kitchen_v1/ik_grill"
    },
    {
      "type": "single",
      "resource": "elitecreatures:industrial_kitchen_v1/ik_hood"
    },
    {
      "type": "single",
      "resource": "elitecreatures:industrial_kitchen_v1/ik_microwave"
    },
    {
      "type": "single",
      "resource": "elitecreatures:industrial_kitchen_v1/ik_mixer"
    },
    {
      "type": "single",
      "resource": "elitecreatures:industrial_kitchen_v1/ik_table"
    },
    {
      "type": "single",
      "resource": "elitecreatures:industrial_kitchen_v1/ik_table_bar"
    },
    {
      "type": "single",
      "resource": "elitecreatures:industrial_kitchen_v1/ik_table_corner"
    },
    {
      "type": "single",
      "resource": "elitecreatures:industrial_kitchen_v1/ik_table_fireplace"
    },
    {
      "type": "single",
      "resource": "elitecreatures:industrial_kitchen_v1/ik_table_long"
    },
    {
      "type": "single",
      "resource": "elitecreatures:industrial_kitchen_v1/ik_table_with_cupboard"
    },
    {
      "type": "single",
      "resource": "elitecreatures:industrial_kitchen_v1/ik_table_with_cupboard_2"
    },
    {
      "type": "single",
      "resource": "elitecreatures:industrial_kitchen_v1/ik_table_with_dishwasher"
    },
	{
      "type": "single",
      "resource": "elitecreatures:classroom_furniture_v1/classroom_decorate_book"
    },
{
      "type": "single",
      "resource": "elitecreatures:farmer_decoration_v1/farmer_door"
    },
{
      "type": "single",
      "resource": "elitecreatures:dungeon_decoration_v1/dungeon_wood_barrel"
    },
{
      "type": "single",
      "resource": "elitecreatures:dungeon_decoration_v1/dungeon_decorate_goldbar"
    },
{
      "type": "single",
      "resource": "elitecreatures:dungeon_decoration_v1/dungeon_skeleton_sleep"
    },
{
      "type": "single",
      "resource": "elitecreatures:dungeon_decoration_v1/dungeon_cage_with_bone"
    },
{
      "type": "single",
      "resource": "elitecreatures:dungeon_decoration_v1/dungeon_torch_fire_animation"
    },
{
      "type": "single",
      "resource": "elitecreatures:dungeon_decoration_v1/dungeon_table_long"
    },
{
      "type": "single",
      "resource": "elitecreatures:farmer_decoration_v1/farmer_pond"
    },
{
      "type": "single",
      "resource": "elitecreatures:farmer_decoration_v1/farmer_table"
    },
{
      "type": "single",
      "resource": "elitecreatures:dungeon_decoration_v1/dungeon_chest_open"
    },
{
      "type": "single",
      "resource": "elitecreatures:nightclub_furniture_v2/nightclub_ice_bucket"
    },
{
      "type": "single",
      "resource": "elitecreatures:farmer_decoration_v1/farmer_table_sawing"
    },
{
      "type": "single",
      "resource": "elitecreatures:classroom_furniture_v1/classroom_cupboard"
    },
{
      "type": "single",
      "resource": "elitecreatures:dungeon_decoration_v1/dungeon_wood_chair"
    },
{
      "type": "single",
      "resource": "elitecreatures:dungeon_decoration_v1/dungeon_hang_flag_with_bone"
    },
{
      "type": "single",
      "resource": "elitecreatures:nightclub_furniture_v2/nightclub_table"
    },
{
      "type": "single",
      "resource": "elitecreatures:classroom_furniture_v1/classroom_table_long"
    },
{
      "type": "single",
      "resource": "elitecreatures:classroom_furniture_v1/classroom_cupboard_shelf"
    },
{
      "type": "single",
      "resource": "elitecreatures:farmer_decoration_v1/farmer_milk_tank"
    },
{
      "type": "single",
      "resource": "elitecreatures:farmer_decoration_v1/farmer_tools_stand"
    },
{
      "type": "single",
      "resource": "elitecreatures:farmer_decoration_v1/farmer_wheelbarrow"
    },
{
      "type": "single",
      "resource": "elitecreatures:classroom_furniture_v1/classroom_picture"
    },
{
      "type": "single",
      "resource": "elitecreatures:classroom_furniture_v1/classroom_cupboard_table"
    },
{
      "type": "single",
      "resource": "elitecreatures:dungeon_decoration_v1/dungeon_wood_chair_with_rest"
    },
{
      "type": "single",
      "resource": "elitecreatures:farmer_decoration_v1/farmer_fence_corner"
    },
{
      "type": "single",
      "resource": "elitecreatures:nightclub_furniture_v2/nightclub_bar_cooler"
    },
{
      "type": "single",
      "resource": "elitecreatures:nightclub_furniture_v2/nightclub_sofa_long"
    },
{
      "type": "single",
      "resource": "elitecreatures:nightclub_furniture_v2/nightclub_sofa_corner"
    },
{
      "type": "single",
      "resource": "elitecreatures:classroom_furniture_v1/classroom_board_04"
    },
{
      "type": "single",
      "resource": "elitecreatures:classroom_furniture_v1/classroom_board_03"
    },
{
      "type": "single",
      "resource": "elitecreatures:classroom_furniture_v1/classroom_board_02"
    },
{
      "type": "single",
      "resource": "elitecreatures:classroom_furniture_v1/classroom_board_01"
    },
{
      "type": "single",
      "resource": "elitecreatures:nightclub_furniture_v2/nightclub_table_long"
    },
{
      "type": "single",
      "resource": "elitecreatures:nightclub_furniture_v2/nightclub_dj_set"
    },
{
      "type": "single",
      "resource": "elitecreatures:farmer_decoration_v1/farmer_corn"
    },
{
      "type": "single",
      "resource": "elitecreatures:dungeon_decoration_v1/dungeon_weaponstand"
    },
{
      "type": "single",
      "resource": "elitecreatures:nightclub_furniture_v2/nightclub_led_sing"
    },
{
      "type": "single",
      "resource": "elitecreatures:dungeon_decoration_v1/dungeon_decorate_goldbars"
    },
{
      "type": "single",
      "resource": "elitecreatures:dungeon_decoration_v1/dungeon_skeleton"
    },
{
      "type": "single",
      "resource": "elitecreatures:classroom_furniture_v1/classroom_plantpot"
    },
{
      "type": "single",
      "resource": "elitecreatures:classroom_furniture_v1/classroom_chair_01"
    },
{
      "type": "single",
      "resource": "elitecreatures:classroom_furniture_v1/classroom_chair_02"
    },
{
      "type": "single",
      "resource": "elitecreatures:classroom_furniture_v1/classroom_chair_03"
    },
{
      "type": "single",
      "resource": "elitecreatures:classroom_furniture_v1/classroom_clock"
    },
{
      "type": "single",
      "resource": "elitecreatures:classroom_furniture_v1/classroom_shelf_with_book"
    },
{
      "type": "single",
      "resource": "elitecreatures:nightclub_furniture_v2/nightclub_bar_02"
    },
{
      "type": "single",
      "resource": "elitecreatures:nightclub_furniture_v2/nightclub_bar_01"
    },
{
      "type": "single",
      "resource": "elitecreatures:nightclub_furniture_v2/nightclub_bar_03"
    },
{
      "type": "single",
      "resource": "elitecreatures:dungeon_decoration_v1/dungeon_skeleton_head_drop"
    },
{
      "type": "single",
      "resource": "elitecreatures:nightclub_furniture_v2/nightclub_led_sing_animation"
    },
{
      "type": "single",
      "resource": "elitecreatures:dungeon_decoration_v1/dungeon_decorate_heads"
    },
{
      "type": "single",
      "resource": "elitecreatures:farmer_decoration_v1/farmer_stone"
    },
{
      "type": "single",
      "resource": "elitecreatures:dungeon_decoration_v1/dungeon_decorate_vase"
    },
{
      "type": "single",
      "resource": "elitecreatures:nightclub_furniture_v2/nightclub_dance_floor"
    },
{
      "type": "single",
      "resource": "elitecreatures:dungeon_decoration_v1/dungeon_table"
    },
{
      "type": "single",
      "resource": "elitecreatures:farmer_decoration_v1/farmer_plate_rice"
    },
{
      "type": "single",
      "resource": "elitecreatures:farmer_decoration_v1/farmer_rice_basket"
    },
{
      "type": "single",
      "resource": "elitecreatures:dungeon_decoration_v1/dungeon_cage"
    },
{
      "type": "single",
      "resource": "elitecreatures:dungeon_decoration_v1/dungeon_chest"
    },
{
      "type": "single",
      "resource": "elitecreatures:classroom_furniture_v1/classroom_television"
    },
{
      "type": "single",
      "resource": "elitecreatures:dungeon_decoration_v1/dungeon_torch"
    },
{
      "type": "single",
      "resource": "elitecreatures:dungeon_decoration_v1/dungeon_decorate_goldbar_with_coin"
    },
{
      "type": "single",
      "resource": "elitecreatures:farmer_decoration_v1/farmer_beer"
    },
{
      "type": "single",
      "resource": "elitecreatures:nightclub_furniture_v2/nightclub_bar_shelf"
    },
{
      "type": "single",
      "resource": "elitecreatures:classroom_furniture_v1/classroom_decorate_book_pen"
    },
{
      "type": "single",
      "resource": "elitecreatures:exotic_garden_decoration_v1/pot_1"
    },
{
      "type": "single",
      "resource": "elitecreatures:exotic_garden_decoration_v1/pot_2"
    },
{
      "type": "single",
      "resource": "elitecreatures:farmer_decoration_v1/farmer_flower"
    },
{
      "type": "single",
      "resource": "elitecreatures:dungeon_decoration_v1/dungeon_wood_chair_with_bone"
    },
{
      "type": "single",
      "resource": "elitecreatures:farmer_decoration_v1/farmer_hay_with_spade"
    },
{
      "type": "single",
      "resource": "elitecreatures:dungeon_decoration_v1/dungeon_wood_box"
    },
{
      "type": "single",
      "resource": "elitecreatures:farmer_decoration_v1/farmer_fence"
    },
{
      "type": "single",
      "resource": "elitecreatures:dungeon_decoration_v1/dungeon_decorate_sword_and_bone"
    },
{
      "type": "single",
      "resource": "elitecreatures:nightclub_furniture_v2/nightclub_chair_brown"
    },
{
      "type": "single",
      "resource": "elitecreatures:dungeon_decoration_v1/dungeon_hang_flag"
    },
{
      "type": "single",
      "resource": "elitecreatures:nightclub_furniture_v2/nightclub_sofa"
    },
{
      "type": "single",
      "resource": "elitecreatures:farmer_decoration_v1/farmer_log_axe"
    },
{
      "type": "single",
      "resource": "elitecreatures:farmer_decoration_v1/farmer_scare_crow"
    },
{
      "type": "single",
      "resource": "elitecreatures:farmer_decoration_v1/farmer_corn_basket"
    },
{
      "type": "single",
      "resource": "elitecreatures:farmer_decoration_v1/farmer_firewood"
    },
{
      "type": "single",
      "resource": "elitecreatures:nightclub_furniture_v2/nightclub_bar_chair_red"
    },
{
      "type": "single",
      "resource": "elitecreatures:classroom_furniture_v1/classroom_table_teacher"
    },
{
      "type": "single",
      "resource": "elitecreatures:classroom_furniture_v1/classroom_table"
    },
	{
      "type": "single",
      "resource": "littlecatset:flag"
    },
	{
      "type": "single",
      "resource": "littleroom_bdaycake:bdaycard"
    },
	{
      "type": "single",
      "resource": "littlecatset:tail"
    },
    {
      "type": "single",
      "resource": "littlecatset:chest"
    },
	{
      "type": "single",
      "resource": "littlecatset:bow_1"
    },
	{
      "type": "single",
      "resource": "littlecatset:crossbow"
    },
	{
      "type": "single",
      "resource": "littlecatset:sword"
    },
	{
      "type": "single",
      "resource": "littlecatset:animations/animations_1"
    },
	{
      "type": "single",
      "resource": "littlecatset:animations/animations_2"
    },
	{
      "type": "single",
      "resource": "littlecatset:spear"
    },
	{
      "type": "single",
      "resource": "littlecatset:bow"
    },
	{
      "type": "single",
      "resource": "littlecatset:staff"
    },
	{
      "type": "single",
      "resource": "littlecatset:pickaxe"
    },
	{
      "type": "single",
      "resource": "littlecatset:fishing_rod_cast"
    },
	{
      "type": "single",
      "resource": "littlecatset:shield"
    },
	{
      "type": "single",
      "resource": "littlecatset:hammer"
    },
	{
      "type": "single",
      "resource": "littlecatset:crossbow_2"
    },
	{
      "type": "single",
      "resource": "littlecatset:backpack"
    },
    {
      "type": "single",
      "resource": "littlecatset:crossbow_1"
    },
	{
      "type": "single",
      "resource": "littlecatset:fishing_rod"
    },
	{
      "type": "single",
      "resource": "littlecatset:hoe"
    },
	{
      "type": "single",
      "resource": "littlecatset:headset"
    },
	{
      "type": "single",
      "resource": "littlecatset:key"
    },
	{
      "type": "single",
      "resource": "littlecatset:hood"
    },
	{
      "type": "single",
      "resource": "littlecatset:shovel"
    },
    {
      "type": "single",
      "resource": "littlecatset:bow_2"
    },
    {
      "type": "single",
      "resource": "littlecatset:axe"
    },
	{
      "type": "single",
      "resource": "littlebunny_set:axe"
    },
	{
      "type": "single",
      "resource": "littlebunny_set:babybunny"
    },
	{
      "type": "single",
      "resource": "littlebunny_set:bunnybackpack"
    },
	{
      "type": "single",
      "resource": "littlebunny_set:fishing_rod"
    },
    {
      "type": "single",
      "resource": "littlebunny_set:shovel"
    },
	{
      "type": "single",
      "resource": "littlebunny_set:key"
    },
	{
      "type": "single",
      "resource": "littlebunny_set:bunny_glove"
    },
	{
      "type": "single",
      "resource": "littlebunny_set:hoe"
    },
	{
      "type": "single",
      "resource": "littlebunny_set:crossbow_2"
    },
    {
      "type": "single",
      "resource": "littlebunny_set:fishing_rod_cast"
    },
    {
      "type": "single",
      "resource": "littlebunny_set:crossbow_1"
    },
	{
      "type": "single",
      "resource": "littlebunny_set:pickaxe"
    },
    {
      "type": "single",
      "resource": "littlebunny_set:sword"
    },
    {
      "type": "single",
      "resource": "littlebunny_set:bow_2"
    },
    {
      "type": "single",
      "resource": "littlebunny_set:bow_1"
    },
	{
      "type": "single",
      "resource": "littlebunny_set:little_bunny"
    },
	{
      "type": "single",
      "resource": "littlebunny_set:crossbow"
    },
	{
      "type": "single",
      "resource": "littlebunny_set:backpack"
    },
	{
      "type": "single",
      "resource": "littlebunny_set:staff"
    },
	{
      "type": "single",
      "resource": "littlebunny_set:easter_basket"
    },
    {
      "type": "single",
      "resource": "littlebunny_set:flag"
    },
	{
      "type": "single",
      "resource": "littlebunny_set:spear"
    },
	{
      "type": "single",
      "resource": "littlebunny_set:hammer"
    },
	{
      "type": "single",
      "resource": "littlebunny_set:bow"
    },
    {
      "type": "single",
      "resource": "littlebunny_set:chest"
    },
    {
      "type": "single",
      "resource": "littlebunny_set:shield"
    },
    {
      "type": "single",
      "resource": "littlebunny_set:bunny_hood"
    },
	{
      "type": "single",
      "resource": "saintpatricksset:scythe"
    },
    {
      "type": "single",
      "resource": "saintpatricksset:animations/animations_1"
    },
	    {
      "type": "single",
      "resource": "saintpatricksset:bow_1"
    },
    {
      "type": "single",
      "resource": "saintpatricksset:bow_2"
    },
	{
      "type": "single",
      "resource": "saintpatricksset:armor/saintpatrick_helmet_icon"
    },
    {
      "type": "single",
      "resource": "saintpatricksset:sword"
    },
    {
      "type": "single",
      "resource": "saintpatricksset:armor/saintpatrick_chestplate_icon"
    },
	{
      "type": "single",
      "resource": "saintpatricksset:hat"
    },
	{
      "type": "single",
      "resource": "saintpatricksset:hammer"
    },
    {
      "type": "single",
      "resource": "saintpatricksset:axe"
    },
	{
      "type": "single",
      "resource": "saintpatricksset:fishing_rod"
    },
	{
      "type": "single",
      "resource": "saintpatricksset:armor/saintpatrick_leggings_icon"
    },
    {
      "type": "single",
      "resource": "saintpatricksset:trident"
    },
	{
      "type": "single",
      "resource": "saintpatricksset:crossbow_1"
    },
	{
      "type": "single",
      "resource": "saintpatricksset:crossbow_2"
    },
	 {
      "type": "single",
      "resource": "saintpatricksset:hoe"
    },
	    {
      "type": "single",
      "resource": "saintpatricksset:crossbow"
    },
    {
      "type": "single",
      "resource": "saintpatricksset:shovel"
    },
    {
      "type": "single",
      "resource": "saintpatricksset:fishing_rod_cast"
    },
	{
      "type": "single",
      "resource": "saintpatricksset:staff"
    },
    {
      "type": "single",
      "resource": "saintpatricksset:armor/saintpatrick_boots_icon"
    },
	    {
      "type": "single",
      "resource": "saintpatricksset:greatsword"
    },
	    {
      "type": "single",
      "resource": "saintpatricksset:bow"
    },
	{
      "type": "single",
      "resource": "saintpatricksset:spear"
    },
	{
      "type": "single",
      "resource": "saintpatricksset:shield"
    },
    {
      "type": "single",
      "resource": "saintpatricksset:wings"
    },
    {
      "type": "single",
      "resource": "saintpatricksset:chest"
    },
    {
      "type": "single",
      "resource": "saintpatricksset:key"
    },
    {
      "type": "single",
      "resource": "saintpatricksset:pickaxe"
    },
		{
			"type": "single",
			"resource": "littleroom_magnus:magnus_shard"
		},
		{
			"type": "single",
			"resource": "littleroom_magnus:marshmallow_on_a_stick"
		},
		{
			"type": "single",
			"resource": "littleroom_magnus:marshmallow"
		},
	{
      "type": "single",
      "resource": "playbox_cherryblossomfurniture:basket"
    },
    {
      "type": "single",
      "resource": "playbox_cherryblossomfurniture:flowerpot"
    },
    {
      "type": "single",
      "resource": "playbox_cherryblossomfurniture:pond"
    },
	{
      "type": "single",
      "resource": "playbox_cherryblossomfurniture:leaves"
    },
    {
      "type": "single",
      "resource": "playbox_cherryblossomfurniture:table"
    },
    {
      "type": "single",
      "resource": "playbox_cherryblossomfurniture:roomdivider"
    },
	 {
      "type": "single",
      "resource": "playbox_cherryblossomfurniture:kotatsu"
    },
	 {
      "type": "single",
      "resource": "playbox_cherryblossomfurniture:chair"
    },
    {
      "type": "single",
      "resource": "playbox_cherryblossomfurniture:lamp"
    },
	{
      "type": "single",
      "resource": "playbox_cherryblossomfurniture:sofa"
    },
	{
      "type": "single",
      "resource": "lzfurniture:furniture/outdoor/outdoor_spade"
    },
	{
      "type": "single",
      "resource": "lzfurniture:furniture/outdoor/outdoor_rocks_big"
    },
	{
      "type": "single",
      "resource": "lzfurniture:furniture/outdoor/outdoor_grill"
    },
	{
      "type": "single",
      "resource": "lzfurniture:furniture/outdoor/outdoor_pool"
    },
    {
      "type": "single",
      "resource": "lzfurniture:furniture/outdoor/outdoor_sunbed"
    },
	{
      "type": "single",
      "resource": "lzfurniture:furniture/outdoor/outdoor_rocks_tiny"
    },
	{
      "type": "single",
      "resource": "lzfurniture:furniture/outdoor/outdoor_wateringcan"
    },
	{
      "type": "single",
      "resource": "lzfurniture:furniture/outdoor/outdoor_doghut"
    },
	{
      "type": "single",
      "resource": "lzfurniture:furniture/outdoor/outdoor_chair"
    },
	{
      "type": "single",
      "resource": "lzfurniture:furniture/outdoor/outdoor_pool_water"
    },
	{
      "type": "single",
      "resource": "lzfurniture:furniture/outdoor/outdoor_small_table"
    },
    {
      "type": "single",
      "resource": "lzfurniture:furniture/outdoor/outdoor_umbrella"
    },
	{
      "type": "single",
      "resource": "lzfurniture:furniture/outdoor/outdoor_wheelbarrow"
    },
	{
      "type": "single",
      "resource": "lzfurniture:furniture/outdoor/outdoor_picnictable"
    },
	{
      "type": "single",
      "resource": "lzfurniture:furniture/outdoor/outdoor_trampolin"
    },
    {
      "type": "single",
      "resource": "lzfurniture:furniture/outdoor/outdoor_rocks_medium"
    },
	{
      "type": "single",
      "resource": "lzfurniture:furniture/outdoor/outdoor_rocks_small"
    },
	{
      "type": "single",
      "resource": "lzfurniture:furniture/outdoor/outdoor_bench"
    },
    {
      "type": "single",
      "resource": "saintpatricksset:animations/animations_1"
    },
    {
      "type": "single",
      "resource": "lzfurniture:furniture/outdoor/outdoor_lawnmower"
    },
	{
      "type": "single",
      "resource": "minecraft:toro/knight"
    },
	{
      "type": "single",
      "resource": "medieval_pack:ceramics_3"
    },
	{
      "type": "single",
      "resource": "littleroom_yeti:yeti_shield"
    },
	{
      "type": "single",
      "resource": "littleroom_yeti:yeti_shield_blocking"
    },
	{
      "type": "single",
      "resource": "littleroom_yeti:yeti_axe"
    },
    {
      "type": "single",
      "resource": "medieval_pack:dark_oak_table_1x3"
    },
    {
      "type": "single",
      "resource": "medieval_pack:ceramics_4"
    },
    {
      "type": "single",
      "resource": "medieval_pack:spruce_window_1x3"
    },
    {
      "type": "single",
      "resource": "medieval_pack:ceramics_5"
    },
    {
      "type": "single",
      "resource": "medieval_pack:birch_window_1x3"
    },
    {
      "type": "single",
      "resource": "medieval_pack:oak_flag"
    },
    {
      "type": "single",
      "resource": "medieval_pack:anchor_stone"
    },
    {
      "type": "single",
      "resource": "medieval_pack:ceramics_1"
    },
    {
      "type": "single",
      "resource": "medieval_pack:ceramics_2"
    },
    {
      "type": "single",
      "resource": "medieval_pack:jungle_stand_1x1"
    },
    {
      "type": "single",
      "resource": "medieval_pack:oak_table_1x3"
    },
    {
      "type": "single",
      "resource": "medieval_pack:jungle_window_1x3"
    },
    {
      "type": "single",
      "resource": "_iainternal:icons/icon_left_blue"
    },
    {
      "type": "single",
      "resource": "_iainternal:icons/icon_cancel"
    },
    {
      "type": "single",
      "resource": "medieval_pack:birch_table_1x3"
    },
    {
      "type": "single",
      "resource": "medieval_pack:spruce_stand_1x1"
    },
    {
      "type": "single",
      "resource": "medieval_pack:acacia_table_1x3"
    },
    {
      "type": "single",
      "resource": "medieval_pack:book_stack_1"
    },
    {
      "type": "single",
      "resource": "medieval_pack:stone_wall"
    },
    {
      "type": "single",
      "resource": "medieval_pack:oak_stand_1x1"
    },
    {
      "type": "single",
      "resource": "_iainternal:icons/icon_back_orange"
    },
    {
      "type": "single",
      "resource": "medieval_pack:birch_flag"
    },
    {
      "type": "single",
      "resource": "_iainternal:icons/icon_arrow_chest"
    },
    {
      "type": "single",
      "resource": "medieval_pack:acacia_window_1x3"
    },
    {
      "type": "single",
      "resource": "medieval_pack:dark_oak_stand_1x1"
    },
    {
      "type": "single",
      "resource": "medieval_pack:dark_oak_window_1x3"
    },
    {
      "type": "single",
      "resource": "medieval_pack:color_flags"
    },
    {
      "type": "single",
      "resource": "_iainternal:icons/icon_search"
    },
    {
      "type": "single",
      "resource": "_iainternal:icons/icon_next_orange"
    },
    {
      "type": "single",
      "resource": "_iainternal:icons/icon_right_blue"
    },
    {
      "type": "single",
      "resource": "medieval_pack:spruce_flag"
    },
    {
      "type": "single",
      "resource": "medieval_pack:dark_oak_flag"
    },
    {
      "type": "single",
      "resource": "medieval_pack:oak_window_1x3"
    },
    {
      "type": "single",
      "resource": "medieval_pack:jungle_flag"
    },
    {
      "type": "single",
      "resource": "medieval_pack:acacia_stand_1x1"
    },
    {
      "type": "single",
      "resource": "medieval_pack:birch_stand_1x1"
    },
    {
      "type": "single",
      "resource": "medieval_pack:acacia_flag"
    },
    {
      "type": "single",
      "resource": "medieval_pack:spruce_table_1x3"
    },
    {
      "type": "single",
      "resource": "medieval_pack:jungle_table_1x3"
    }
	]
}