{
  "parent": "minecraft:block/sea_lantern",
  "overrides": [
    {
      "predicate": {
        "custom_model_data": 10000
      },
      "model": "saintpatricksset:chest"
    },
    {
      "predicate": {
        "custom_model_data": 10001
      },
      "model": "saintpatricksset:chest_opening"
    },
    {
      "predicate": {
        "custom_model_data": 10002
      },
      "model": "littlecatset:chest"
    },
    {
      "predicate": {
        "custom_model_data": 10003
      },
      "model": "littlecatset:chest_opening"
    },
    {
      "predicate": {
        "custom_model_data": 10004
      },
      "model": "item/sea_lantern"
    }
  ]
}