{
	"credit": "Made with Blockbench",
	"texture_size": [128, 128],
	"textures": {
		"0": "minehammer:item/valentines/valentines_cosmetics",
		"particle": "minehammer:item/valentines/valentines_cosmetics"
	},
	"elements": [
		{
			"from": [0, 0, 0],
			"to": [16, 16, 0],
			"faces": {
				"north": {"uv": [14, 4, 16, 6], "texture": "#0"},
				"south": {"uv": [16, 4, 14, 6], "texture": "#0"}
			}
		},
		{
			"from": [15, 0, 0],
			"to": [15, 16, 16],
			"rotation": {"angle": 0, "axis": "y", "origin": [8, 8, 0]},
			"faces": {
				"east": {"uv": [12, 4, 14, 6], "texture": "#0"},
				"west": {"uv": [14, 4, 12, 6], "texture": "#0"}
			}
		},
		{
			"from": [2, 0, 0],
			"to": [2, 16, 16],
			"rotation": {"angle": 0, "axis": "y", "origin": [8, 8, 0]},
			"faces": {
				"east": {"uv": [12, 4, 14, 6], "texture": "#0"},
				"west": {"uv": [14, 4, 12, 6], "texture": "#0"}
			}
		}
	],
	"display": {
		"head": {
			"translation": [-0.5, 0, 1.75],
			"scale": [1.2, 1.2, 1.2]
		}
	}
}