{
	"credit": "Made with Blockbench",
	"textures": {
		"0": "littleroom_magnus:marshmallow_on_a_stick",
		"1": "littleroom_magnus:marshmallow",
		"particle": "littleroom_magnus:marshmallow_on_a_stick"
	},
	"elements": [
		{
			"name": "marshmallow_on_a_stick_0",
			"from": [7.15217, 17.91304, -5.73913],
			"to": [8.15217, 20.91304, -3.73913],
			"rotation": {"angle": 0, "axis": "x", "origin": [7.65217, 1.5, 2.41304]},
			"faces": {
				"north": {"uv": [0, 1.5, 0.5, 0], "rotation": 180, "texture": "#0"},
				"east": {"uv": [1, 0, 0, 1.5], "texture": "#0"},
				"south": {"uv": [0.5, 1.5, 1, 0], "rotation": 180, "texture": "#0"},
				"west": {"uv": [1, 1.5, 0, 0], "rotation": 180, "texture": "#0"},
				"up": {"uv": [0, 0, 1, 0.5], "rotation": 90, "texture": "#0"},
				"down": {"uv": [1, 1, 0, 1.5], "rotation": 90, "texture": "#0"}
			}
		},
		{
			"name": "marshmallow_on_a_stick_1",
			"from": [7.15217, 17.91304, -1.73913],
			"to": [8.15217, 20.91304, 0.26087],
			"rotation": {"angle": 0, "axis": "x", "origin": [7.65217, 1.5, 2.41304]},
			"faces": {
				"north": {"uv": [2, 1.5, 2.5, 0], "rotation": 180, "texture": "#0"},
				"east": {"uv": [3, 0, 2, 1.5], "texture": "#0"},
				"south": {"uv": [2.5, 1.5, 3, 0], "rotation": 180, "texture": "#0"},
				"west": {"uv": [3, 1.5, 2, 0], "rotation": 180, "texture": "#0"},
				"up": {"uv": [2, 0, 3, 0.5], "rotation": 90, "texture": "#0"},
				"down": {"uv": [3, 1, 2, 1.5], "rotation": 90, "texture": "#0"}
			}
		},
		{
			"name": "marshmallow_on_a_stick_2",
			"from": [7.15217, 15.91304, -3.73913],
			"to": [8.15217, 19.91304, -2.73913],
			"rotation": {"angle": 0, "axis": "x", "origin": [7.65217, 1.5, 2.41304]},
			"faces": {
				"north": {"uv": [1, 2.5, 1.5, 0.5], "rotation": 180, "texture": "#0"},
				"east": {"uv": [1.5, 0.5, 1, 2.5], "texture": "#0"},
				"south": {"uv": [1, 2.5, 1.5, 0.5], "rotation": 180, "texture": "#0"},
				"west": {"uv": [1.5, 2.5, 1, 0.5], "rotation": 180, "texture": "#0"},
				"up": {"uv": [1, 0.5, 1.5, 1], "rotation": 90, "texture": "#0"},
				"down": {"uv": [1.5, 2, 1, 2.5], "rotation": 90, "texture": "#0"}
			}
		},
		{
			"name": "marshmallow_on_a_stick_3",
			"from": [7.15217, 18.91304, 0.26087],
			"to": [8.15217, 19.91304, 1.26087],
			"rotation": {"angle": 0, "axis": "x", "origin": [7.65217, 1.5, 2.41304]},
			"faces": {
				"north": {"uv": [3, 1, 3.5, 0.5], "rotation": 180, "texture": "#0"},
				"east": {"uv": [3.5, 0.5, 3, 1], "texture": "#0"},
				"south": {"uv": [3, 1, 3.5, 0.5], "rotation": 180, "texture": "#0"},
				"west": {"uv": [3.5, 1, 3, 0.5], "rotation": 180, "texture": "#0"},
				"up": {"uv": [3, 0.5, 3.5, 1], "rotation": 90, "texture": "#0"},
				"down": {"uv": [3.5, 0.5, 3, 1], "rotation": 90, "texture": "#0"}
			}
		},
		{
			"name": "marshmallow_on_a_stick_4",
			"from": [7.15217, 13.91304, -2.73913],
			"to": [8.15217, 18.91304, -1.73913],
			"rotation": {"angle": 0, "axis": "x", "origin": [7.65217, 1.5, 2.41304]},
			"faces": {
				"north": {"uv": [1.5, 3.5, 2, 1], "rotation": 180, "texture": "#0"},
				"east": {"uv": [2, 1, 1.5, 3.5], "texture": "#0"},
				"south": {"uv": [1.5, 3.5, 2, 1], "rotation": 180, "texture": "#0"},
				"west": {"uv": [2, 3.5, 1.5, 1], "rotation": 180, "texture": "#0"},
				"up": {"uv": [1.5, 1, 2, 1.5], "rotation": 90, "texture": "#0"},
				"down": {"uv": [2, 3, 1.5, 3.5], "rotation": 90, "texture": "#0"}
			}
		},
		{
			"name": "marshmallow_on_a_stick_5",
			"from": [7.15217, 16.91304, -4.73913],
			"to": [8.15217, 17.91304, -3.73913],
			"rotation": {"angle": 0, "axis": "x", "origin": [7.65217, 1.5, 2.41304]},
			"faces": {
				"north": {"uv": [0.5, 2, 1, 1.5], "rotation": 180, "texture": "#0"},
				"east": {"uv": [1, 1.5, 0.5, 2], "texture": "#0"},
				"south": {"uv": [0.5, 2, 1, 1.5], "rotation": 180, "texture": "#0"},
				"west": {"uv": [1, 2, 0.5, 1.5], "rotation": 180, "texture": "#0"},
				"up": {"uv": [0.5, 1.5, 1, 2], "rotation": 90, "texture": "#0"},
				"down": {"uv": [1, 1.5, 0.5, 2], "rotation": 90, "texture": "#0"}
			}
		},
		{
			"name": "marshmallow_on_a_stick_6",
			"from": [7.15217, 12.91304, -1.73913],
			"to": [8.15217, 17.91304, -0.73913],
			"rotation": {"angle": 0, "axis": "x", "origin": [7.65217, 1.5, 2.41304]},
			"faces": {
				"north": {"uv": [2, 4, 2.5, 1.5], "rotation": 180, "texture": "#0"},
				"east": {"uv": [2.5, 1.5, 2, 4], "texture": "#0"},
				"south": {"uv": [2, 4, 2.5, 1.5], "rotation": 180, "texture": "#0"},
				"west": {"uv": [2.5, 4, 2, 1.5], "rotation": 180, "texture": "#0"},
				"up": {"uv": [2, 1.5, 2.5, 2], "rotation": 90, "texture": "#0"},
				"down": {"uv": [2.5, 3.5, 2, 4], "rotation": 90, "texture": "#0"}
			}
		},
		{
			"name": "marshmallow_on_a_stick_7",
			"from": [7.15217, 11.91304, -0.73913],
			"to": [8.15217, 16.91304, 0.26087],
			"rotation": {"angle": 0, "axis": "x", "origin": [7.65217, 1.5, 2.41304]},
			"faces": {
				"north": {"uv": [2.5, 4.5, 3, 2], "rotation": 180, "texture": "#0"},
				"east": {"uv": [3, 2, 2.5, 4.5], "texture": "#0"},
				"south": {"uv": [2.5, 4.5, 3, 2], "rotation": 180, "texture": "#0"},
				"west": {"uv": [3, 4.5, 2.5, 2], "rotation": 180, "texture": "#0"},
				"up": {"uv": [2.5, 2, 3, 2.5], "rotation": 90, "texture": "#0"},
				"down": {"uv": [3, 4, 2.5, 4.5], "rotation": 90, "texture": "#0"}
			}
		},
		{
			"name": "marshmallow_on_a_stick_8",
			"from": [7.15217, 11.91304, 0.26087],
			"to": [8.15217, 14.91304, 1.26087],
			"rotation": {"angle": 0, "axis": "x", "origin": [7.65217, 1.5, 2.41304]},
			"faces": {
				"north": {"uv": [3, 4.5, 3.5, 3], "rotation": 180, "texture": "#0"},
				"east": {"uv": [3.5, 3, 3, 4.5], "texture": "#0"},
				"south": {"uv": [3, 4.5, 3.5, 3], "rotation": 180, "texture": "#0"},
				"west": {"uv": [3.5, 4.5, 3, 3], "rotation": 180, "texture": "#0"},
				"up": {"uv": [3, 3, 3.5, 3.5], "rotation": 90, "texture": "#0"},
				"down": {"uv": [3.5, 4, 3, 4.5], "rotation": 90, "texture": "#0"}
			}
		},
		{
			"name": "marshmallow_on_a_stick_9",
			"from": [7.15217, 10.91304, 1.26087],
			"to": [8.15217, 13.91304, 2.26087],
			"rotation": {"angle": 0, "axis": "x", "origin": [7.65217, 1.5, 2.41304]},
			"faces": {
				"north": {"uv": [3.5, 5, 4, 3.5], "rotation": 180, "texture": "#0"},
				"east": {"uv": [4, 3.5, 3.5, 5], "texture": "#0"},
				"south": {"uv": [3.5, 5, 4, 3.5], "rotation": 180, "texture": "#0"},
				"west": {"uv": [4, 5, 3.5, 3.5], "rotation": 180, "texture": "#0"},
				"up": {"uv": [3.5, 3.5, 4, 4], "rotation": 90, "texture": "#0"},
				"down": {"uv": [4, 4.5, 3.5, 5], "rotation": 90, "texture": "#0"}
			}
		},
		{
			"name": "marshmallow_on_a_stick_10",
			"from": [7.15217, 9.91304, 2.26087],
			"to": [8.15217, 12.91304, 4.26087],
			"rotation": {"angle": 0, "axis": "x", "origin": [7.65217, 1.5, 2.41304]},
			"faces": {
				"north": {"uv": [4, 5.5, 4.5, 4], "rotation": 180, "texture": "#0"},
				"east": {"uv": [5, 4, 4, 5.5], "texture": "#0"},
				"south": {"uv": [4.5, 5.5, 5, 4], "rotation": 180, "texture": "#0"},
				"west": {"uv": [5, 5.5, 4, 4], "rotation": 180, "texture": "#0"},
				"up": {"uv": [4, 4, 5, 4.5], "rotation": 90, "texture": "#0"},
				"down": {"uv": [5, 5, 4, 5.5], "rotation": 90, "texture": "#0"}
			}
		},
		{
			"name": "marshmallow_on_a_stick_11",
			"from": [7.15217, 7.91304, 4.26087],
			"to": [8.15217, 11.91304, 5.26087],
			"rotation": {"angle": 0, "axis": "x", "origin": [7.65217, 1.5, 2.41304]},
			"faces": {
				"north": {"uv": [5, 6.5, 5.5, 4.5], "rotation": 180, "texture": "#0"},
				"east": {"uv": [5.5, 4.5, 5, 6.5], "texture": "#0"},
				"south": {"uv": [5, 6.5, 5.5, 4.5], "rotation": 180, "texture": "#0"},
				"west": {"uv": [5.5, 6.5, 5, 4.5], "rotation": 180, "texture": "#0"},
				"up": {"uv": [5, 4.5, 5.5, 5], "rotation": 90, "texture": "#0"},
				"down": {"uv": [5.5, 6, 5, 6.5], "rotation": 90, "texture": "#0"}
			}
		},
		{
			"name": "marshmallow_on_a_stick_12",
			"from": [7.15217, 6.91304, 5.26087],
			"to": [8.15217, 10.91304, 6.26087],
			"rotation": {"angle": 0, "axis": "x", "origin": [7.65217, 1.5, 2.41304]},
			"faces": {
				"north": {"uv": [5.5, 7, 6, 5], "rotation": 180, "texture": "#0"},
				"east": {"uv": [6, 5, 5.5, 7], "texture": "#0"},
				"south": {"uv": [5.5, 7, 6, 5], "rotation": 180, "texture": "#0"},
				"west": {"uv": [6, 7, 5.5, 5], "rotation": 180, "texture": "#0"},
				"up": {"uv": [5.5, 5, 6, 5.5], "rotation": 90, "texture": "#0"},
				"down": {"uv": [6, 6.5, 5.5, 7], "rotation": 90, "texture": "#0"}
			}
		},
		{
			"name": "marshmallow_on_a_stick_13",
			"from": [7.15217, 8.91304, 3.26087],
			"to": [8.15217, 9.91304, 4.26087],
			"rotation": {"angle": 0, "axis": "x", "origin": [7.65217, 1.5, 2.41304]},
			"faces": {
				"north": {"uv": [4.5, 6, 5, 5.5], "rotation": 180, "texture": "#0"},
				"east": {"uv": [5, 5.5, 4.5, 6], "texture": "#0"},
				"south": {"uv": [4.5, 6, 5, 5.5], "rotation": 180, "texture": "#0"},
				"west": {"uv": [5, 6, 4.5, 5.5], "rotation": 180, "texture": "#0"},
				"up": {"uv": [4.5, 5.5, 5, 6], "rotation": 90, "texture": "#0"},
				"down": {"uv": [5, 5.5, 4.5, 6], "rotation": 90, "texture": "#0"}
			}
		},
		{
			"name": "marshmallow_on_a_stick_14",
			"from": [7.15217, 5.91304, 6.26087],
			"to": [8.15217, 9.91304, 7.26087],
			"rotation": {"angle": 0, "axis": "x", "origin": [7.65217, 1.5, 2.41304]},
			"faces": {
				"north": {"uv": [6, 7.5, 6.5, 5.5], "rotation": 180, "texture": "#0"},
				"east": {"uv": [6.5, 5.5, 6, 7.5], "texture": "#0"},
				"south": {"uv": [6, 7.5, 6.5, 5.5], "rotation": 180, "texture": "#0"},
				"west": {"uv": [6.5, 7.5, 6, 5.5], "rotation": 180, "texture": "#0"},
				"up": {"uv": [6, 5.5, 6.5, 6], "rotation": 90, "texture": "#0"},
				"down": {"uv": [6.5, 7, 6, 7.5], "rotation": 90, "texture": "#0"}
			}
		},
		{
			"name": "marshmallow_on_a_stick_15",
			"from": [7.15217, 4.91304, 7.26087],
			"to": [8.15217, 8.91304, 8.26087],
			"rotation": {"angle": 0, "axis": "x", "origin": [7.65217, 1.5, 2.41304]},
			"faces": {
				"north": {"uv": [6.5, 8, 7, 6], "rotation": 180, "texture": "#0"},
				"east": {"uv": [7, 6, 6.5, 8], "texture": "#0"},
				"south": {"uv": [6.5, 8, 7, 6], "rotation": 180, "texture": "#0"},
				"west": {"uv": [7, 8, 6.5, 6], "rotation": 180, "texture": "#0"},
				"up": {"uv": [6.5, 6, 7, 6.5], "rotation": 90, "texture": "#0"},
				"down": {"uv": [7, 7.5, 6.5, 8], "rotation": 90, "texture": "#0"}
			}
		},
		{
			"name": "marshmallow_on_a_stick_16",
			"from": [7.15217, 3.91304, 8.26087],
			"to": [8.15217, 7.91304, 9.26087],
			"rotation": {"angle": 0, "axis": "x", "origin": [7.65217, 1.5, 2.41304]},
			"faces": {
				"north": {"uv": [7, 8.5, 7.5, 6.5], "rotation": 180, "texture": "#0"},
				"east": {"uv": [7.5, 6.5, 7, 8.5], "texture": "#0"},
				"south": {"uv": [7, 8.5, 7.5, 6.5], "rotation": 180, "texture": "#0"},
				"west": {"uv": [7.5, 8.5, 7, 6.5], "rotation": 180, "texture": "#0"},
				"up": {"uv": [7, 6.5, 7.5, 7], "rotation": 90, "texture": "#0"},
				"down": {"uv": [7.5, 8, 7, 8.5], "rotation": 90, "texture": "#0"}
			}
		},
		{
			"name": "marshmallow_on_a_stick_17",
			"from": [7.15217, 2.91304, 9.26087],
			"to": [8.15217, 6.91304, 11.26087],
			"rotation": {"angle": 0, "axis": "x", "origin": [7.65217, 1.5, 2.41304]},
			"faces": {
				"north": {"uv": [7.5, 9, 8, 7], "rotation": 180, "texture": "#0"},
				"east": {"uv": [8.5, 7, 7.5, 9], "texture": "#0"},
				"south": {"uv": [8, 9, 8.5, 7], "rotation": 180, "texture": "#0"},
				"west": {"uv": [8.5, 9, 7.5, 7], "rotation": 180, "texture": "#0"},
				"up": {"uv": [7.5, 7, 8.5, 7.5], "rotation": 90, "texture": "#0"},
				"down": {"uv": [8.5, 8.5, 7.5, 9], "rotation": 90, "texture": "#0"}
			}
		},
		{
			"name": "marshmallow_on_a_stick_18",
			"from": [7.15217, 0.91304, 11.26087],
			"to": [8.15217, 5.91304, 12.26087],
			"rotation": {"angle": 0, "axis": "x", "origin": [7.65217, 1.5, 2.41304]},
			"faces": {
				"north": {"uv": [8.5, 10, 9, 7.5], "rotation": 180, "texture": "#0"},
				"east": {"uv": [9, 7.5, 8.5, 10], "texture": "#0"},
				"south": {"uv": [8.5, 10, 9, 7.5], "rotation": 180, "texture": "#0"},
				"west": {"uv": [9, 10, 8.5, 7.5], "rotation": 180, "texture": "#0"},
				"up": {"uv": [8.5, 7.5, 9, 8], "rotation": 90, "texture": "#0"},
				"down": {"uv": [9, 9.5, 8.5, 10], "rotation": 90, "texture": "#0"}
			}
		},
		{
			"name": "marshmallow_on_a_stick_19",
			"from": [7.15217, 0.91304, 12.26087],
			"to": [8.15217, 3.91304, 13.26087],
			"rotation": {"angle": 0, "axis": "x", "origin": [7.65217, 1.5, 2.41304]},
			"faces": {
				"north": {"uv": [9, 10, 9.5, 8.5], "rotation": 180, "texture": "#0"},
				"east": {"uv": [9.5, 8.5, 9, 10], "texture": "#0"},
				"south": {"uv": [9, 10, 9.5, 8.5], "rotation": 180, "texture": "#0"},
				"west": {"uv": [9.5, 10, 9, 8.5], "rotation": 180, "texture": "#0"},
				"up": {"uv": [9, 8.5, 9.5, 9], "rotation": 90, "texture": "#0"},
				"down": {"uv": [9.5, 9.5, 9, 10], "rotation": 90, "texture": "#0"}
			}
		},
		{
			"name": "marshmallow_on_a_stick_20",
			"from": [7.15217, 1.91304, 10.26087],
			"to": [8.15217, 2.91304, 11.26087],
			"rotation": {"angle": 0, "axis": "x", "origin": [7.65217, 1.5, 2.41304]},
			"faces": {
				"north": {"uv": [8, 9.5, 8.5, 9], "rotation": 180, "texture": "#0"},
				"east": {"uv": [8.5, 9, 8, 9.5], "texture": "#0"},
				"south": {"uv": [8, 9.5, 8.5, 9], "rotation": 180, "texture": "#0"},
				"west": {"uv": [8.5, 9.5, 8, 9], "rotation": 180, "texture": "#0"},
				"up": {"uv": [8, 9, 8.5, 9.5], "rotation": 90, "texture": "#0"},
				"down": {"uv": [8.5, 9, 8, 9.5], "rotation": 90, "texture": "#0"}
			}
		},
		{
			"name": "marshmallow_on_a_stick_21",
			"from": [7.15217, -0.08696, 13.26087],
			"to": [8.15217, 2.91304, 14.26087],
			"rotation": {"angle": 0, "axis": "x", "origin": [7.65217, 1.5, 2.41304]},
			"faces": {
				"north": {"uv": [9.5, 10.5, 10, 9], "rotation": 180, "texture": "#0"},
				"east": {"uv": [10, 9, 9.5, 10.5], "texture": "#0"},
				"south": {"uv": [9.5, 10.5, 10, 9], "rotation": 180, "texture": "#0"},
				"west": {"uv": [10, 10.5, 9.5, 9], "rotation": 180, "texture": "#0"},
				"up": {"uv": [9.5, 9, 10, 9.5], "rotation": 90, "texture": "#0"},
				"down": {"uv": [10, 10, 9.5, 10.5], "rotation": 90, "texture": "#0"}
			}
		},
		{
			"name": "marshmallow_on_a_stick_22",
			"from": [7.15217, -0.08696, 14.26087],
			"to": [8.15217, 1.91304, 15.26087],
			"rotation": {"angle": 0, "axis": "x", "origin": [7.65217, 1.5, 2.41304]},
			"faces": {
				"north": {"uv": [10, 10.5, 10.5, 9.5], "rotation": 180, "texture": "#0"},
				"east": {"uv": [10.5, 9.5, 10, 10.5], "texture": "#0"},
				"south": {"uv": [10, 10.5, 10.5, 9.5], "rotation": 180, "texture": "#0"},
				"west": {"uv": [10.5, 10.5, 10, 9.5], "rotation": 180, "texture": "#0"},
				"up": {"uv": [10, 9.5, 10.5, 10], "rotation": 90, "texture": "#0"},
				"down": {"uv": [10.5, 10, 10, 10.5], "rotation": 90, "texture": "#0"}
			}
		},
		{
			"from": [5.15, 12.5, -1.25],
			"to": [10.15, 17.5, 3.75],
			"rotation": {"angle": -45, "axis": "x", "origin": [7.5, 13.5, 2.5]},
			"faces": {
				"north": {"uv": [0, 0, 5, 5], "texture": "#1"},
				"east": {"uv": [0, 5, 5, 10], "texture": "#1"},
				"south": {"uv": [5, 0, 10, 5], "texture": "#1"},
				"west": {"uv": [5, 5, 10, 10], "texture": "#1"},
				"up": {"uv": [5, 15, 0, 10], "texture": "#1"},
				"down": {"uv": [15, 0, 10, 5], "texture": "#1"}
			}
		}
	],
	"display": {
		"thirdperson_righthand": {
			"rotation": [42, 0, 0],
			"translation": [0, 2.25, 2.25],
			"scale": [0.75, 0.75, 0.75]
		},
		"thirdperson_lefthand": {
			"rotation": [42, 0, 0],
			"translation": [0, 2.25, 2.25],
			"scale": [0.75, 0.75, 0.75]
		},
		"firstperson_righthand": {
			"rotation": [-2, 15, 0],
			"translation": [1.25, 0, -4.25]
		},
		"firstperson_lefthand": {
			"rotation": [-2, 15, 0],
			"translation": [1.25, 0, -4.25]
		},
		"ground": {
			"translation": [0, 2, 0],
			"scale": [0.6, 0.6, 0.6]
		},
		"gui": {
			"rotation": [27, 76, 9],
			"translation": [2.5, -1.5, 0],
			"scale": [0.6, 0.6, 0.6]
		}
	},
	"groups": [
		{
			"name": "marshmallow_on_a_stick",
			"origin": [8, 8, 8],
			"color": 0,
			"children": [0, 1, 2, 3, 4, 5, 6, 7, 8, 9, 10, 11, 12, 13, 14, 15, 16, 17, 18, 19, 20, 21, 22]
		}, 23]
}