{
  "credit": "Made by PolygonMC",
  "texture_size": [
    24,
    24
  ],
  "textures": {
    "3": "littlebunny_set:axe"
  },
  "elements": [
    {
      "from": [
        7.5,
        0.75,
        7.5
      ],
      "to": [
        8.5,
        1.75,
        8.5
      ],
      "rotation": {
        "angle": 0,
        "axis": "y",
        "origin": [
          7.5,
          0,
          6.5
        ]
      },
      "faces": {
        "north": {
          "uv": [
            6.66667,
            2.66667,
            7.33333,
            3.33333
          ],
          "texture": "#3"
        },
        "east": {
          "uv": [
            11.33333,
            12,
            12,
            12.66667
          ],
          "texture": "#3"
        },
        "south": {
          "uv": [
            12,
            12,
            12.66667,
            12.66667
          ],
          "texture": "#3"
        },
        "west": {
          "uv": [
            12.66667,
            0,
            13.33333,
            0.66667
          ],
          "texture": "#3"
        },
        "up": {
          "uv": [
            13.33333,
            1.33333,
            12.66667,
            0.66667
          ],
          "texture": "#3"
        },
        "down": {
          "uv": [
            13.33333,
            1.33333,
            12.66667,
            2
          ],
          "texture": "#3"
        }
      }
    },
    {
      "from": [
        7.5,
        2.65,
        7.5
      ],
      "to": [
        8.5,
        3.25,
        8.5
      ],
      "rotation": {
        "angle": 0,
        "axis": "y",
        "origin": [
          7.5,
          -0.25,
          6.5
        ]
      },
      "faces": {
        "north": {
          "uv": [
            13.33333,
            4.66667,
            14,
            5
          ],
          "texture": "#3"
        },
        "east": {
          "uv": [
            5.33333,
            13.33333,
            6,
            13.66667
          ],
          "texture": "#3"
        },
        "south": {
          "uv": [
            13.33333,
            5.33333,
            14,
            5.66667
          ],
          "texture": "#3"
        },
        "west": {
          "uv": [
            6,
            13.33333,
            6.66667,
            13.66667
          ],
          "texture": "#3"
        },
        "up": {
          "uv": [
            13.33333,
            2.66667,
            12.66667,
            2
          ],
          "texture": "#3"
        },
        "down": {
          "uv": [
            13.33333,
            2.66667,
            12.66667,
            3.33333
          ],
          "texture": "#3"
        }
      }
    },
    {
      "from": [
        7.5,
        4.15,
        7.5
      ],
      "to": [
        8.5,
        5.15,
        8.5
      ],
      "rotation": {
        "angle": 0,
        "axis": "y",
        "origin": [
          7.5,
          -0.5,
          6.5
        ]
      },
      "faces": {
        "north": {
          "uv": [
            13.33333,
            5.66667,
            14,
            6.33333
          ],
          "texture": "#3"
        },
        "east": {
          "uv": [
            12.66667,
            3.33333,
            13.33333,
            4
          ],
          "texture": "#3"
        },
        "south": {
          "uv": [
            12.66667,
            4,
            13.33333,
            4.66667
          ],
          "texture": "#3"
        },
        "west": {
          "uv": [
            12.66667,
            4.66667,
            13.33333,
            5.33333
          ],
          "texture": "#3"
        },
        "up": {
          "uv": [
            13.33333,
            6,
            12.66667,
            5.33333
          ],
          "texture": "#3"
        },
        "down": {
          "uv": [
            13.33333,
            6,
            12.66667,
            6.66667
          ],
          "texture": "#3"
        }
      }
    },
    {
      "from": [
        7.5,
        10.15,
        7.5
      ],
      "to": [
        8.5,
        11.15,
        8.5
      ],
      "rotation": {
        "angle": 0,
        "axis": "y",
        "origin": [
          7.5,
          -2.5,
          6.5
        ]
      },
      "faces": {
        "north": {
          "uv": [
            13.33333,
            2.66667,
            14,
            3.33333
          ],
          "texture": "#3"
        },
        "east": {
          "uv": [
            3.33333,
            13.33333,
            4,
            14
          ],
          "texture": "#3"
        },
        "south": {
          "uv": [
            13.33333,
            3.33333,
            14,
            4
          ],
          "texture": "#3"
        },
        "west": {
          "uv": [
            4,
            13.33333,
            4.66667,
            14
          ],
          "texture": "#3"
        },
        "up": {
          "uv": [
            14,
            4.66667,
            13.33333,
            4
          ],
          "texture": "#3"
        },
        "down": {
          "uv": [
            5.33333,
            13.33333,
            4.66667,
            14
          ],
          "texture": "#3"
        }
      }
    },
    {
      "from": [
        7.6,
        1.75,
        7.6
      ],
      "to": [
        8.4,
        2.65,
        8.4
      ],
      "rotation": {
        "angle": 0,
        "axis": "y",
        "origin": [
          7.5,
          0,
          6.5
        ]
      },
      "faces": {
        "north": {
          "uv": [
            12.66667,
            6.66667,
            13.33333,
            7.33333
          ],
          "texture": "#3"
        },
        "east": {
          "uv": [
            12.66667,
            7.33333,
            13.33333,
            8
          ],
          "texture": "#3"
        },
        "south": {
          "uv": [
            12.66667,
            8,
            13.33333,
            8.66667
          ],
          "texture": "#3"
        },
        "west": {
          "uv": [
            12.66667,
            8.66667,
            13.33333,
            9.33333
          ],
          "texture": "#3"
        }
      }
    },
    {
      "from": [
        7.6,
        3.25,
        7.6
      ],
      "to": [
        8.4,
        4.15,
        8.4
      ],
      "rotation": {
        "angle": 0,
        "axis": "y",
        "origin": [
          7.5,
          -0.25,
          6.5
        ]
      },
      "faces": {
        "north": {
          "uv": [
            12.66667,
            9.33333,
            13.33333,
            10
          ],
          "texture": "#3"
        },
        "east": {
          "uv": [
            10,
            12.66667,
            10.66667,
            13.33333
          ],
          "texture": "#3"
        },
        "south": {
          "uv": [
            12.66667,
            10,
            13.33333,
            10.66667
          ],
          "texture": "#3"
        },
        "west": {
          "uv": [
            12.66667,
            10.66667,
            13.33333,
            11.33333
          ],
          "texture": "#3"
        }
      }
    },
    {
      "from": [
        7.41,
        -0.09,
        7.41
      ],
      "to": [
        8.59,
        1.09,
        8.59
      ],
      "rotation": {
        "angle": -45,
        "axis": "x",
        "origin": [
          8,
          0.5,
          8
        ]
      },
      "faces": {
        "north": {
          "uv": [
            11.33333,
            12.66667,
            12,
            13.33333
          ],
          "texture": "#3"
        },
        "east": {
          "uv": [
            12.66667,
            11.33333,
            13.33333,
            12
          ],
          "texture": "#3"
        },
        "south": {
          "uv": [
            12,
            12.66667,
            12.66667,
            13.33333
          ],
          "texture": "#3"
        },
        "west": {
          "uv": [
            12.66667,
            12,
            13.33333,
            12.66667
          ],
          "texture": "#3"
        },
        "up": {
          "uv": [
            13.33333,
            13.33333,
            12.66667,
            12.66667
          ],
          "texture": "#3"
        },
        "down": {
          "uv": [
            14,
            0,
            13.33333,
            0.66667
          ],
          "texture": "#3"
        }
      }
    },
    {
      "from": [
        7.975,
        -3.75,
        6.125
      ],
      "to": [
        8.025,
        0.75,
        9.875
      ],
      "rotation": {
        "angle": 0,
        "axis": "y",
        "origin": [
          8,
          -1.5,
          8
        ]
      },
      "faces": {
        "east": {
          "uv": [
            6.66667,
            0,
            4,
            3
          ],
          "texture": "#3"
        },
        "west": {
          "uv": [
            4,
            0,
            6.66667,
            3
          ],
          "texture": "#3"
        }
      }
    },
    {
      "from": [
        7.4,
        11.15,
        6.9
      ],
      "to": [
        8.6,
        12.15,
        9.1
      ],
      "rotation": {
        "angle": 0,
        "axis": "y",
        "origin": [
          7.5,
          11.15,
          7
        ]
      },
      "faces": {
        "north": {
          "uv": [
            13.33333,
            0.66667,
            14,
            1.33333
          ],
          "texture": "#3"
        },
        "east": {
          "uv": [
            7.33333,
            11.33333,
            8.66667,
            12
          ],
          "texture": "#3"
        },
        "south": {
          "uv": [
            8,
            12,
            8.66667,
            12.66667
          ],
          "texture": "#3"
        },
        "west": {
          "uv": [
            8.66667,
            11.33333,
            10,
            12
          ],
          "texture": "#3"
        },
        "down": {
          "uv": [
            9.33333,
            12,
            8.66667,
            13.33333
          ],
          "texture": "#3"
        }
      }
    },
    {
      "from": [
        7.3,
        11.45,
        7
      ],
      "to": [
        8.7,
        13.45,
        9
      ],
      "rotation": {
        "angle": -45,
        "axis": "x",
        "origin": [
          8,
          12.45,
          8
        ]
      },
      "faces": {
        "north": {
          "uv": [
            4,
            10.66667,
            5,
            12
          ],
          "texture": "#3"
        },
        "east": {
          "uv": [
            0,
            12,
            1.33333,
            13.33333
          ],
          "texture": "#3"
        },
        "south": {
          "uv": [
            10.66667,
            4,
            11.66667,
            5.33333
          ],
          "texture": "#3"
        },
        "west": {
          "uv": [
            10,
            0,
            11.33333,
            1.33333
          ],
          "texture": "#3"
        },
        "up": {
          "uv": [
            6.33333,
            12,
            5.33333,
            10.66667
          ],
          "texture": "#3"
        },
        "down": {
          "uv": [
            11.66667,
            5.33333,
            10.66667,
            6.66667
          ],
          "texture": "#3"
        }
      }
    },
    {
      "from": [
        7,
        11.75,
        7.3
      ],
      "to": [
        9,
        13.15,
        8.7
      ],
      "rotation": {
        "angle": -45,
        "axis": "x",
        "origin": [
          8,
          12.45,
          8
        ]
      },
      "faces": {
        "north": {
          "uv": [
            10.66667,
            6.66667,
            12,
            7.66667
          ],
          "texture": "#3"
        },
        "east": {
          "uv": [
            11.33333,
            0,
            12.33333,
            1
          ],
          "texture": "#3"
        },
        "south": {
          "uv": [
            10.66667,
            8,
            12,
            9
          ],
          "texture": "#3"
        },
        "west": {
          "uv": [
            11.33333,
            1.33333,
            12.33333,
            2.33333
          ],
          "texture": "#3"
        },
        "up": {
          "uv": [
            12,
            10.33333,
            10.66667,
            9.33333
          ],
          "texture": "#3"
        },
        "down": {
          "uv": [
            12,
            10.66667,
            10.66667,
            11.66667
          ],
          "texture": "#3"
        }
      }
    },
    {
      "from": [
        7.5,
        12.1,
        5.5
      ],
      "to": [
        8.5,
        14.1,
        7.5
      ],
      "rotation": {
        "angle": 22.5,
        "axis": "x",
        "origin": [
          8,
          13,
          5
        ]
      },
      "faces": {
        "north": {
          "uv": [
            10,
            11.33333,
            10.66667,
            12.66667
          ],
          "texture": "#3"
        },
        "east": {
          "uv": [
            10,
            1.33333,
            11.33333,
            2.66667
          ],
          "texture": "#3"
        },
        "south": {
          "uv": [
            12,
            2.66667,
            12.66667,
            4
          ],
          "texture": "#3"
        },
        "west": {
          "uv": [
            8,
            10,
            9.33333,
            11.33333
          ],
          "texture": "#3"
        },
        "up": {
          "uv": [
            4.66667,
            13.33333,
            4,
            12
          ],
          "texture": "#3"
        },
        "down": {
          "uv": [
            12.66667,
            4,
            12,
            5.33333
          ],
          "texture": "#3"
        }
      }
    },
    {
      "from": [
        7.5,
        12.1,
        8.5
      ],
      "to": [
        8.5,
        14.1,
        10.5
      ],
      "rotation": {
        "angle": -22.5,
        "axis": "x",
        "origin": [
          8,
          13,
          11
        ]
      },
      "faces": {
        "north": {
          "uv": [
            4.66667,
            12,
            5.33333,
            13.33333
          ],
          "texture": "#3"
        },
        "east": {
          "uv": [
            9.33333,
            10,
            10.66667,
            11.33333
          ],
          "texture": "#3"
        },
        "south": {
          "uv": [
            5.33333,
            12,
            6,
            13.33333
          ],
          "texture": "#3"
        },
        "west": {
          "uv": [
            10.66667,
            2.66667,
            12,
            4
          ],
          "texture": "#3"
        },
        "up": {
          "uv": [
            12.66667,
            6.66667,
            12,
            5.33333
          ],
          "texture": "#3"
        },
        "down": {
          "uv": [
            6.66667,
            12,
            6,
            13.33333
          ],
          "texture": "#3"
        }
      }
    },
    {
      "from": [
        7.4,
        5.15,
        7.4
      ],
      "to": [
        8.6,
        10.15,
        8.6
      ],
      "rotation": {
        "angle": 0,
        "axis": "y",
        "origin": [
          6.5,
          5.15,
          7.5
        ]
      },
      "faces": {
        "north": {
          "uv": [
            2.66667,
            10,
            2,
            13.33333
          ],
          "texture": "#3"
        },
        "east": {
          "uv": [
            2.66667,
            10,
            3.33333,
            13.33333
          ],
          "texture": "#3"
        },
        "south": {
          "uv": [
            4,
            10,
            3.33333,
            13.33333
          ],
          "texture": "#3"
        },
        "west": {
          "uv": [
            7.33333,
            8,
            8,
            11.33333
          ],
          "texture": "#3"
        },
        "up": {
          "uv": [
            14,
            2,
            13.33333,
            1.33333
          ],
          "texture": "#3"
        },
        "down": {
          "uv": [
            14,
            2,
            13.33333,
            2.66667
          ],
          "texture": "#3"
        }
      }
    },
    {
      "from": [
        7.755,
        11.37503,
        1.55257
      ],
      "to": [
        8.245,
        13.37503,
        5.70257
      ],
      "rotation": {
        "angle": 22.5,
        "axis": "x",
        "origin": [
          8,
          12.37503,
          3.64007
        ]
      },
      "faces": {
        "north": {
          "uv": [
            6.66667,
            12,
            7,
            13.33333
          ],
          "texture": "#3"
        },
        "east": {
          "uv": [
            4,
            3.33333,
            7,
            4.66667
          ],
          "texture": "#3"
        },
        "south": {
          "uv": [
            12,
            6.66667,
            12.33333,
            8
          ],
          "texture": "#3"
        },
        "west": {
          "uv": [
            4,
            4.66667,
            7,
            6
          ],
          "texture": "#3"
        },
        "up": {
          "uv": [
            7,
            11.66667,
            6.66667,
            8.66667
          ],
          "texture": "#3"
        }
      }
    },
    {
      "from": [
        7.76,
        12.43485,
        2.23378
      ],
      "to": [
        8.24,
        14.43485,
        6.08378
      ],
      "rotation": {
        "angle": 45,
        "axis": "x",
        "origin": [
          8,
          13.43485,
          4.17128
        ]
      },
      "faces": {
        "north": {
          "uv": [
            10.66667,
            12,
            11,
            13.33333
          ],
          "texture": "#3"
        },
        "east": {
          "uv": [
            7.33333,
            5.33333,
            10.33333,
            6.66667
          ],
          "texture": "#3"
        },
        "south": {
          "uv": [
            12,
            10.66667,
            12.33333,
            12
          ],
          "texture": "#3"
        },
        "west": {
          "uv": [
            7.33333,
            6.66667,
            10.33333,
            8
          ],
          "texture": "#3"
        },
        "up": {
          "uv": [
            3,
            16,
            2.66667,
            13
          ],
          "texture": "#3"
        }
      }
    },
    {
      "from": [
        7.75,
        10.25,
        1.32878
      ],
      "to": [
        8.25,
        12.25,
        5.82878
      ],
      "rotation": {
        "angle": 0,
        "axis": "x",
        "origin": [
          8,
          11.25,
          4.48939
        ]
      },
      "faces": {
        "north": {
          "uv": [
            7.33333,
            12,
            7.66667,
            13.33333
          ],
          "texture": "#3"
        },
        "east": {
          "uv": [
            4,
            6,
            7,
            7.33333
          ],
          "texture": "#3"
        },
        "south": {
          "uv": [
            8,
            12,
            8.33333,
            13.33333
          ],
          "texture": "#3"
        },
        "west": {
          "uv": [
            6.66667,
            0,
            9.66667,
            1.33333
          ],
          "texture": "#3"
        },
        "up": {
          "uv": [
            1.66667,
            16,
            1.33333,
            13
          ],
          "texture": "#3"
        },
        "down": {
          "uv": [
            0.33333,
            13,
            0,
            16
          ],
          "texture": "#3"
        }
      }
    },
    {
      "from": [
        7.755,
        9.12019,
        1.55352
      ],
      "to": [
        8.245,
        11.12019,
        5.70352
      ],
      "rotation": {
        "angle": -22.5,
        "axis": "x",
        "origin": [
          8,
          10.12019,
          3.62852
        ]
      },
      "faces": {
        "north": {
          "uv": [
            12,
            8,
            12.33333,
            9.33333
          ],
          "texture": "#3"
        },
        "east": {
          "uv": [
            6.66667,
            1.33333,
            9.66667,
            2.66667
          ],
          "texture": "#3"
        },
        "south": {
          "uv": [
            8.66667,
            12,
            9,
            13.33333
          ],
          "texture": "#3"
        },
        "west": {
          "uv": [
            7.33333,
            2.66667,
            10.33333,
            4
          ],
          "texture": "#3"
        },
        "down": {
          "uv": [
            1,
            13,
            0.66667,
            16
          ],
          "texture": "#3"
        }
      }
    },
    {
      "from": [
        7.76,
        8.93002,
        1.07492
      ],
      "to": [
        8.24,
        10.93002,
        4.92492
      ],
      "rotation": {
        "angle": -45,
        "axis": "x",
        "origin": [
          8,
          10.89645,
          4.63584
        ]
      },
      "faces": {
        "north": {
          "uv": [
            9.33333,
            12,
            9.66667,
            13.33333
          ],
          "texture": "#3"
        },
        "east": {
          "uv": [
            4,
            7.33333,
            7,
            8.66667
          ],
          "texture": "#3"
        },
        "south": {
          "uv": [
            12,
            9.33333,
            12.33333,
            10.66667
          ],
          "texture": "#3"
        },
        "west": {
          "uv": [
            7.33333,
            4,
            10.33333,
            5.33333
          ],
          "texture": "#3"
        },
        "down": {
          "uv": [
            2.33333,
            13,
            2,
            16
          ],
          "texture": "#3"
        }
      }
    },
    {
      "from": [
        7.975,
        5.25,
        -0.7
      ],
      "to": [
        8.025,
        17.25,
        4.8
      ],
      "rotation": {
        "angle": 0,
        "axis": "y",
        "origin": [
          7.975,
          9.25,
          -0.2
        ]
      },
      "faces": {
        "east": {
          "uv": [
            3.66667,
            0,
            0,
            8
          ],
          "texture": "#3"
        },
        "west": {
          "uv": [
            0,
            0,
            3.66667,
            8
          ],
          "texture": "#3"
        }
      }
    },
    {
      "from": [
        7.225,
        9.75,
        4.3
      ],
      "to": [
        8.775,
        12.75,
        7.3
      ],
      "rotation": {
        "angle": -45,
        "axis": "x",
        "origin": [
          8,
          11.25,
          5.8
        ]
      },
      "faces": {
        "north": {
          "uv": [
            8,
            8,
            9,
            10
          ],
          "texture": "#3"
        },
        "east": {
          "uv": [
            0,
            12,
            2,
            10
          ],
          "rotation": 180,
          "texture": "#3"
        },
        "south": {
          "uv": [
            4,
            8.66667,
            5,
            10.66667
          ],
          "texture": "#3"
        },
        "west": {
          "uv": [
            0,
            10,
            2,
            12
          ],
          "texture": "#3"
        },
        "up": {
          "uv": [
            6.33333,
            10.66667,
            5.33333,
            8.66667
          ],
          "texture": "#3"
        },
        "down": {
          "uv": [
            10.33333,
            8,
            9.33333,
            10
          ],
          "texture": "#3"
        }
      }
    }
  ],
  "gui_light": "front",
  "display": {
    "thirdperson_righthand": {
      "translation": [
        0,
        3,
        0.75
      ]
    },
    "thirdperson_lefthand": {
      "translation": [
        0,
        3,
        0.75
      ]
    },
    "firstperson_righthand": {
      "rotation": [
        -10,
        0,
        0
      ],
      "translation": [
        0,
        5.5,
        0
      ]
    },
    "firstperson_lefthand": {
      "rotation": [
        -10,
        0,
        0
      ],
      "translation": [
        0,
        5.5,
        0
      ]
    },
    "ground": {
      "rotation": [
        -40,
        0,
        0
      ],
      "translation": [
        0,
        12.25,
        0
      ]
    },
    "gui": {
      "rotation": [
        -90,
        45,
        90
      ],
      "translation": [
        0.75,
        1.75,
        0
      ],
      "scale": [
        0.82617,
        0.82617,
        0.82617
      ]
    },
    "head": {
      "scale": [
        0,
        0,
        0
      ]
    },
    "fixed": {
      "rotation": [
        0,
        -90,
        0
      ],
      "translation": [
        0,
        5.75,
        -1.5
      ],
      "scale": [
        2,
        2,
        2
      ]
    }
  }
}