{
	"credit": "Made by PolygonMC",
	"texture_size": [24, 24],
	"textures": {
		"0": "littlebunny_set:crossbow_1",
		"particle": "littlebunny_set:crossbow_1"
	},
	"elements": [
		{
			"from": [7.2, 8.92152, 2.40216],
			"to": [8.8, 9.92152, 8.40216],
			"rotation": {"angle": 0, "axis": "y", "origin": [7, 8.92152, 0.40216]},
			"faces": {
				"north": {"uv": [9.33333, 6.66667, 10.33333, 7.33333], "texture": "#0"},
				"east": {"uv": [4.66667, 3.33333, 8.66667, 4], "texture": "#0"},
				"west": {"uv": [4.66667, 4, 8.66667, 4.66667], "texture": "#0"},
				"up": {"uv": [3, 7.33333, 2, 3.33333], "texture": "#0"},
				"down": {"uv": [4.33333, 3.33333, 3.33333, 7.33333], "texture": "#0"}
			}
		},
		{
			"from": [7.5, 7.92152, 2.40216],
			"to": [8.5, 8.92152, 8.40216],
			"rotation": {"angle": 0, "axis": "y", "origin": [7, 7.92152, 0.40216]},
			"faces": {
				"north": {"uv": [10, 0.66667, 10.66667, 1.33333], "texture": "#0"},
				"east": {"uv": [4.66667, 4.66667, 8.66667, 5.33333], "texture": "#0"},
				"west": {"uv": [4.66667, 5.33333, 8.66667, 6], "texture": "#0"},
				"down": {"uv": [5.33333, 6, 4.66667, 10], "texture": "#0"}
			}
		},
		{
			"from": [7, 8.89652, 1.15216],
			"to": [9, 9.94652, 3.15216],
			"rotation": {"angle": 45, "axis": "y", "origin": [8, 9.42152, 2.15216]},
			"faces": {
				"north": {"uv": [2.66667, 8.66667, 4, 9.33333], "texture": "#0"},
				"east": {"uv": [8.66667, 3.33333, 10, 4], "texture": "#0"},
				"south": {"uv": [8.66667, 4, 10, 4.66667], "texture": "#0"},
				"west": {"uv": [8.66667, 4.66667, 10, 5.33333], "texture": "#0"},
				"up": {"uv": [6.66667, 7.33333, 5.33333, 6], "texture": "#0"},
				"down": {"uv": [8, 6, 6.66667, 7.33333], "texture": "#0"}
			}
		},
		{
			"from": [6.95, 7.54963, 7.92041],
			"to": [9.05, 9.64963, 10.02041],
			"rotation": {"angle": 22.5, "axis": "x", "origin": [8, 8.59963, 8.97041]},
			"faces": {
				"north": {"uv": [2, 7.33333, 3.33333, 8.66667], "texture": "#0"},
				"east": {"uv": [3.33333, 7.33333, 4.66667, 8.66667], "texture": "#0"},
				"south": {"uv": [5.33333, 7.33333, 6.66667, 8.66667], "texture": "#0"},
				"west": {"uv": [6.66667, 7.33333, 8, 8.66667], "texture": "#0"},
				"up": {"uv": [9.33333, 1.33333, 8, 0], "texture": "#0"},
				"down": {"uv": [9.33333, 1.33333, 8, 2.66667], "texture": "#0"}
			}
		},
		{
			"from": [7.5, 8.22012, 9.57694],
			"to": [8.5, 9.22012, 13.57694],
			"rotation": {"angle": 22.5, "axis": "x", "origin": [7.5, 7.32012, 9.57694]},
			"faces": {
				"east": {"uv": [8, 2.66667, 10.66667, 3.33333], "texture": "#0"},
				"west": {"uv": [8, 6, 10.66667, 6.66667], "texture": "#0"},
				"up": {"uv": [8.66667, 9.33333, 8, 6.66667], "texture": "#0"},
				"down": {"uv": [2.66667, 8.66667, 2, 11.33333], "texture": "#0"}
			}
		},
		{
			"from": [7.5, 7.22012, 11.57694],
			"to": [8.5, 8.22012, 13.57694],
			"rotation": {"angle": 22.5, "axis": "x", "origin": [7.5, 7.32012, 9.57694]},
			"faces": {
				"north": {"uv": [1.33333, 10, 2, 10.66667], "texture": "#0"},
				"east": {"uv": [5.33333, 8.66667, 6.66667, 9.33333], "texture": "#0"},
				"south": {"uv": [10, 1.33333, 10.66667, 2], "texture": "#0"},
				"west": {"uv": [8.66667, 5.33333, 10, 6], "texture": "#0"},
				"down": {"uv": [4.66667, 8.66667, 4, 10], "texture": "#0"}
			}
		},
		{
			"from": [7.505, 6.57759, 10.96569],
			"to": [8.495, 8.00259, 11.71569],
			"rotation": {"angle": -22.5, "axis": "x", "origin": [8.005, 7.57759, 11.46569]},
			"faces": {
				"north": {"uv": [9.33333, 7.33333, 10, 8.33333], "texture": "#0"},
				"east": {"uv": [8, 9.33333, 8.66667, 10.33333], "texture": "#0"},
				"west": {"uv": [8.66667, 9.33333, 9.33333, 10.33333], "texture": "#0"}
			}
		},
		{
			"from": [7.4, 7.12012, 13.57694],
			"to": [8.6, 9.32012, 14.07694],
			"rotation": {"angle": 22.5, "axis": "x", "origin": [7.5, 7.32012, 9.57694]},
			"faces": {
				"north": {"uv": [6.66667, 8.66667, 7.33333, 10], "texture": "#0"},
				"east": {"uv": [2.66667, 10, 3, 11.33333], "texture": "#0"},
				"south": {"uv": [8.66667, 6.66667, 9.33333, 8], "texture": "#0"},
				"west": {"uv": [3.33333, 10, 3.66667, 11.33333], "texture": "#0"},
				"up": {"uv": [8, 10.33333, 7.33333, 10], "texture": "#0"},
				"down": {"uv": [10, 10, 9.33333, 10.33333], "texture": "#0"}
			}
		},
		{
			"from": [7.975, 8.32152, 1.50216],
			"to": [8.975, 10.32152, 2.50216],
			"rotation": {"angle": 22.5, "axis": "z", "origin": [6.5, 5.22152, 1.40216]},
			"faces": {
				"north": {"uv": [7.33333, 8.66667, 8, 10], "texture": "#0"},
				"east": {"uv": [8.66667, 8, 9.33333, 9.33333], "texture": "#0"},
				"south": {"uv": [9.33333, 0, 10, 1.33333], "texture": "#0"},
				"west": {"uv": [9.33333, 1.33333, 10, 2.66667], "texture": "#0"},
				"up": {"uv": [10.66667, 2.66667, 10, 2], "texture": "#0"},
				"down": {"uv": [10.66667, 3.33333, 10, 4], "texture": "#0"}
			}
		},
		{
			"from": [4.63413, 9.75733, 1.75216],
			"to": [6.63413, 10.75733, 2.25216],
			"rotation": {"angle": 0, "axis": "y", "origin": [3.93413, 9.50733, 2.45216]},
			"faces": {
				"north": {"uv": [2.66667, 9.33333, 4, 10], "texture": "#0"},
				"south": {"uv": [5.33333, 9.33333, 6.66667, 10], "texture": "#0"},
				"up": {"uv": [5.33333, 10.33333, 4, 10], "texture": "#0"},
				"down": {"uv": [11.33333, 4, 10, 4.33333], "texture": "#0"}
			}
		},
		{
			"from": [3.37918, 9.75733, 1.58407],
			"to": [4.87918, 10.75733, 2.08407],
			"rotation": {"angle": 22.5, "axis": "y", "origin": [5.17918, 9.50733, 2.28407]},
			"faces": {
				"north": {"uv": [9.33333, 8.66667, 10.33333, 9.33333], "texture": "#0"},
				"south": {"uv": [9.33333, 9.33333, 10.33333, 10], "texture": "#0"},
				"up": {"uv": [11, 5.66667, 10, 5.33333], "texture": "#0"},
				"down": {"uv": [7, 10, 6, 10.33333], "texture": "#0"}
			}
		},
		{
			"from": [2.14476, 9.75733, 2.78329],
			"to": [3.64476, 10.75733, 3.28329],
			"rotation": {"angle": 45, "axis": "y", "origin": [2.89476, 10.25733, 3.03329]},
			"faces": {
				"north": {"uv": [0, 10, 1, 10.66667], "texture": "#0"},
				"south": {"uv": [10, 0, 11, 0.66667], "texture": "#0"},
				"west": {"uv": [10, 10, 10.33333, 10.66667], "texture": "#0"},
				"up": {"uv": [11, 7.66667, 10, 7.33333], "texture": "#0"},
				"down": {"uv": [11, 8, 10, 8.33333], "texture": "#0"}
			}
		},
		{
			"from": [7.025, 8.32152, 1.50216],
			"to": [8.025, 10.32152, 2.50216],
			"rotation": {"angle": -22.5, "axis": "z", "origin": [9.5, 5.22152, 1.40216]},
			"faces": {
				"north": {"uv": [8, 8.66667, 7.33333, 10], "texture": "#0"},
				"east": {"uv": [10, 1.33333, 9.33333, 2.66667], "texture": "#0"},
				"south": {"uv": [10, 0, 9.33333, 1.33333], "texture": "#0"},
				"west": {"uv": [9.33333, 8, 8.66667, 9.33333], "texture": "#0"},
				"up": {"uv": [10, 2.66667, 10.66667, 2], "texture": "#0"},
				"down": {"uv": [10, 3.33333, 10.66667, 4], "texture": "#0"}
			}
		},
		{
			"from": [9.36587, 9.75733, 1.75216],
			"to": [11.36587, 10.75733, 2.25216],
			"rotation": {"angle": 0, "axis": "y", "origin": [12.06587, 9.50733, 2.45216]},
			"faces": {
				"north": {"uv": [4, 9.33333, 2.66667, 10], "texture": "#0"},
				"south": {"uv": [6.66667, 9.33333, 5.33333, 10], "texture": "#0"},
				"up": {"uv": [4, 10.33333, 5.33333, 10], "texture": "#0"},
				"down": {"uv": [10, 4, 11.33333, 4.33333], "texture": "#0"}
			}
		},
		{
			"from": [11.12082, 9.75733, 1.58407],
			"to": [12.62082, 10.75733, 2.08407],
			"rotation": {"angle": -22.5, "axis": "y", "origin": [10.82082, 9.50733, 2.28407]},
			"faces": {
				"north": {"uv": [10.33333, 8.66667, 9.33333, 9.33333], "texture": "#0"},
				"south": {"uv": [10.33333, 9.33333, 9.33333, 10], "texture": "#0"},
				"up": {"uv": [10, 5.66667, 11, 5.33333], "texture": "#0"},
				"down": {"uv": [6, 10, 7, 10.33333], "texture": "#0"}
			}
		},
		{
			"from": [12.35524, 9.75733, 2.78329],
			"to": [13.85524, 10.75733, 3.28329],
			"rotation": {"angle": -45, "axis": "y", "origin": [13.10524, 10.25733, 3.03329]},
			"faces": {
				"north": {"uv": [1, 10, 0, 10.66667], "texture": "#0"},
				"east": {"uv": [10.33333, 10, 10, 10.66667], "texture": "#0"},
				"south": {"uv": [11, 0, 10, 0.66667], "texture": "#0"},
				"up": {"uv": [10, 7.66667, 11, 7.33333], "texture": "#0"},
				"down": {"uv": [10, 8, 11, 8.33333], "texture": "#0"}
			}
		},
		{
			"from": [7.75, 9.6, 7.8],
			"to": [8.25, 10.6, 8.8],
			"rotation": {"angle": 22.5, "axis": "x", "origin": [8, 10.1, 8.2]},
			"faces": {
				"north": {"uv": [0, 10.66667, 0.33333, 11.33333], "texture": "#0"},
				"east": {"uv": [10, 4.66667, 10.66667, 5.33333], "texture": "#0"},
				"south": {"uv": [0.66667, 10.66667, 1, 11.33333], "texture": "#0"},
				"west": {"uv": [5.33333, 10, 6, 10.66667], "texture": "#0"},
				"up": {"uv": [11, 1.33333, 10.66667, 0.66667], "texture": "#0"}
			}
		},
		{
			"from": [2.25, 10.25633, 3.38684],
			"to": [13.75, 10.30633, 8.13684],
			"rotation": {"angle": 0, "axis": "y", "origin": [2.25, 0.75633, 3.38684]},
			"faces": {
				"up": {"uv": [7.66667, 3, 0, 0], "texture": "#0"},
				"down": {"uv": [7.66667, 0, 0, 3], "texture": "#0"}
			}
		},
		{
			"from": [6.75, 10.25633, -6.36316],
			"to": [9.25, 10.30633, 3.63684],
			"rotation": {"angle": 45, "axis": "z", "origin": [8, 10.28133, -1.36316]},
			"faces": {
				"up": {"uv": [1.66667, 10, 0, 3.33333], "texture": "#0"},
				"down": {"uv": [1.66667, 3.33333, 0, 10], "texture": "#0"}
			}
		},
		{
			"from": [7.975, 9.03133, -6.36316],
			"to": [8.025, 11.53133, 3.63684],
			"rotation": {"angle": 45, "axis": "z", "origin": [8, 10.28133, -1.36316]},
			"faces": {
				"east": {"uv": [1.66667, 3.33333, 0, 10], "rotation": 270, "texture": "#0"},
				"west": {"uv": [1.66667, 10, 0, 3.33333], "rotation": 270, "texture": "#0"}
			}
		}
	],
	"gui_light": "front",
	"display": {
		"thirdperson_righthand": {
			"translation": [0, -0.75, 0.25]
		},
		"thirdperson_lefthand": {
			"translation": [0, -0.75, 0.25]
		},
		"firstperson_righthand": {
			"rotation": [0, -12, 0],
			"translation": [4.25, 3, 5]
		},
		"firstperson_lefthand": {
			"rotation": [0, -12, 0],
			"translation": [4, 3, 5.25]
		},
		"ground": {
			"rotation": [25, 0, 0],
			"translation": [0, 5.75, 0]
		},
		"gui": {
			"rotation": [90, 45, 0],
			"translation": [1.5, -1.5, 0],
			"scale": [1.31445, 1.31445, 1.31445]
		},
		"head": {
			"scale": [0, 0, 0]
		},
		"fixed": {
			"rotation": [-99, 0, 0],
			"translation": [0, 0, -1.75],
			"scale": [2, 2, 2]
		}
	}
}