{
  "credit": "Made by PolygonMC",
  "texture_size": [
    24,
    24
  ],
  "textures": {
    "3": "littlebunny_set:shovel"
  },
  "elements": [
    {
      "from": [
        7.5,
        0.75,
        7.5
      ],
      "to": [
        8.5,
        1.75,
        8.5
      ],
      "rotation": {
        "angle": 0,
        "axis": "y",
        "origin": [
          7.5,
          0,
          6.5
        ]
      },
      "faces": {
        "north": {
          "uv": [
            2.66667,
            5.33333,
            3.33333,
            6
          ],
          "texture": "#3"
        },
        "east": {
          "uv": [
            5.33333,
            6,
            6,
            6.66667
          ],
          "texture": "#3"
        },
        "south": {
          "uv": [
            11.33333,
            6.66667,
            12,
            7.33333
          ],
          "texture": "#3"
        },
        "west": {
          "uv": [
            11.33333,
            7.33333,
            12,
            8
          ],
          "texture": "#3"
        },
        "up": {
          "uv": [
            12,
            8.66667,
            11.33333,
            8
          ],
          "texture": "#3"
        },
        "down": {
          "uv": [
            12,
            8.66667,
            11.33333,
            9.33333
          ],
          "texture": "#3"
        }
      }
    },
    {
      "from": [
        7.5,
        2.65,
        7.5
      ],
      "to": [
        8.5,
        3.25,
        8.5
      ],
      "rotation": {
        "angle": 0,
        "axis": "y",
        "origin": [
          7.5,
          -0.25,
          6.5
        ]
      },
      "faces": {
        "north": {
          "uv": [
            12.66667,
            1.33333,
            13.33333,
            1.66667
          ],
          "texture": "#3"
        },
        "east": {
          "uv": [
            2,
            12.66667,
            2.66667,
            13
          ],
          "texture": "#3"
        },
        "south": {
          "uv": [
            12.66667,
            2,
            13.33333,
            2.33333
          ],
          "texture": "#3"
        },
        "west": {
          "uv": [
            2.66667,
            12.66667,
            3.33333,
            13
          ],
          "texture": "#3"
        },
        "up": {
          "uv": [
            10,
            12,
            9.33333,
            11.33333
          ],
          "texture": "#3"
        },
        "down": {
          "uv": [
            12,
            9.33333,
            11.33333,
            10
          ],
          "texture": "#3"
        }
      }
    },
    {
      "from": [
        7.5,
        4.15,
        7.5
      ],
      "to": [
        8.5,
        5.15,
        8.5
      ],
      "rotation": {
        "angle": 0,
        "axis": "y",
        "origin": [
          7.5,
          -0.5,
          6.5
        ]
      },
      "faces": {
        "north": {
          "uv": [
            10,
            11.33333,
            10.66667,
            12
          ],
          "texture": "#3"
        },
        "east": {
          "uv": [
            11.33333,
            10,
            12,
            10.66667
          ],
          "texture": "#3"
        },
        "south": {
          "uv": [
            10.66667,
            11.33333,
            11.33333,
            12
          ],
          "texture": "#3"
        },
        "west": {
          "uv": [
            11.33333,
            10.66667,
            12,
            11.33333
          ],
          "texture": "#3"
        },
        "up": {
          "uv": [
            12,
            12,
            11.33333,
            11.33333
          ],
          "texture": "#3"
        },
        "down": {
          "uv": [
            12.66667,
            0,
            12,
            0.66667
          ],
          "texture": "#3"
        }
      }
    },
    {
      "from": [
        7.5,
        8.15,
        7.5
      ],
      "to": [
        8.5,
        9.15,
        8.5
      ],
      "rotation": {
        "angle": 0,
        "axis": "y",
        "origin": [
          7.5,
          -4.5,
          6.5
        ]
      },
      "faces": {
        "north": {
          "uv": [
            12,
            0.66667,
            12.66667,
            1.33333
          ],
          "texture": "#3"
        },
        "east": {
          "uv": [
            12,
            1.33333,
            12.66667,
            2
          ],
          "texture": "#3"
        },
        "south": {
          "uv": [
            12,
            2,
            12.66667,
            2.66667
          ],
          "texture": "#3"
        },
        "west": {
          "uv": [
            2.66667,
            12,
            3.33333,
            12.66667
          ],
          "texture": "#3"
        },
        "up": {
          "uv": [
            12.66667,
            3.33333,
            12,
            2.66667
          ],
          "texture": "#3"
        },
        "down": {
          "uv": [
            4,
            12,
            3.33333,
            12.66667
          ],
          "texture": "#3"
        }
      }
    },
    {
      "from": [
        7.6,
        1.75,
        7.6
      ],
      "to": [
        8.4,
        2.65,
        8.4
      ],
      "rotation": {
        "angle": 0,
        "axis": "y",
        "origin": [
          7.5,
          0,
          6.5
        ]
      },
      "faces": {
        "north": {
          "uv": [
            12,
            3.33333,
            12.66667,
            4
          ],
          "texture": "#3"
        },
        "east": {
          "uv": [
            4,
            12,
            4.66667,
            12.66667
          ],
          "texture": "#3"
        },
        "south": {
          "uv": [
            4.66667,
            12,
            5.33333,
            12.66667
          ],
          "texture": "#3"
        },
        "west": {
          "uv": [
            5.33333,
            12,
            6,
            12.66667
          ],
          "texture": "#3"
        }
      }
    },
    {
      "from": [
        7.6,
        3.25,
        7.6
      ],
      "to": [
        8.4,
        4.15,
        8.4
      ],
      "rotation": {
        "angle": 0,
        "axis": "y",
        "origin": [
          7.5,
          -0.25,
          6.5
        ]
      },
      "faces": {
        "north": {
          "uv": [
            12,
            5.33333,
            12.66667,
            6
          ],
          "texture": "#3"
        },
        "east": {
          "uv": [
            6,
            12,
            6.66667,
            12.66667
          ],
          "texture": "#3"
        },
        "south": {
          "uv": [
            6.66667,
            12,
            7.33333,
            12.66667
          ],
          "texture": "#3"
        },
        "west": {
          "uv": [
            12,
            6.66667,
            12.66667,
            7.33333
          ],
          "texture": "#3"
        }
      }
    },
    {
      "from": [
        7.41,
        -0.09,
        7.41
      ],
      "to": [
        8.59,
        1.09,
        8.59
      ],
      "rotation": {
        "angle": -45,
        "axis": "x",
        "origin": [
          8,
          0.5,
          8
        ]
      },
      "faces": {
        "north": {
          "uv": [
            7.33333,
            12,
            8,
            12.66667
          ],
          "texture": "#3"
        },
        "east": {
          "uv": [
            12,
            7.33333,
            12.66667,
            8
          ],
          "texture": "#3"
        },
        "south": {
          "uv": [
            8,
            12,
            8.66667,
            12.66667
          ],
          "texture": "#3"
        },
        "west": {
          "uv": [
            12,
            8,
            12.66667,
            8.66667
          ],
          "texture": "#3"
        },
        "up": {
          "uv": [
            9.33333,
            12.66667,
            8.66667,
            12
          ],
          "texture": "#3"
        },
        "down": {
          "uv": [
            12.66667,
            8.66667,
            12,
            9.33333
          ],
          "texture": "#3"
        }
      }
    },
    {
      "from": [
        7.975,
        -3.75,
        6.125
      ],
      "to": [
        8.025,
        0.75,
        9.875
      ],
      "rotation": {
        "angle": 0,
        "axis": "y",
        "origin": [
          8,
          -1.5,
          8
        ]
      },
      "faces": {
        "east": {
          "uv": [
            6,
            0,
            3.33333,
            3
          ],
          "texture": "#3"
        },
        "west": {
          "uv": [
            3.33333,
            0,
            6,
            3
          ],
          "texture": "#3"
        }
      }
    },
    {
      "from": [
        7.4,
        9.15,
        6.9
      ],
      "to": [
        8.6,
        10.15,
        9.1
      ],
      "rotation": {
        "angle": 0,
        "axis": "y",
        "origin": [
          7.5,
          9.15,
          7
        ]
      },
      "faces": {
        "north": {
          "uv": [
            9.33333,
            12,
            10,
            12.66667
          ],
          "texture": "#3"
        },
        "east": {
          "uv": [
            10,
            6,
            11.33333,
            6.66667
          ],
          "texture": "#3"
        },
        "south": {
          "uv": [
            12,
            9.33333,
            12.66667,
            10
          ],
          "texture": "#3"
        },
        "west": {
          "uv": [
            10,
            9.33333,
            11.33333,
            10
          ],
          "texture": "#3"
        },
        "down": {
          "uv": [
            4.66667,
            10.66667,
            4,
            12
          ],
          "texture": "#3"
        }
      }
    },
    {
      "from": [
        7.3,
        9.45,
        7
      ],
      "to": [
        8.7,
        11.45,
        9
      ],
      "rotation": {
        "angle": -45,
        "axis": "x",
        "origin": [
          8,
          10.45,
          8
        ]
      },
      "faces": {
        "north": {
          "uv": [
            8.66667,
            4,
            9.66667,
            5.33333
          ],
          "texture": "#3"
        },
        "east": {
          "uv": [
            7.33333,
            5.33333,
            8.66667,
            6.66667
          ],
          "texture": "#3"
        },
        "south": {
          "uv": [
            8.66667,
            5.33333,
            9.66667,
            6.66667
          ],
          "texture": "#3"
        },
        "west": {
          "uv": [
            8,
            6.66667,
            9.33333,
            8
          ],
          "texture": "#3"
        },
        "up": {
          "uv": [
            3.66667,
            10.66667,
            2.66667,
            9.33333
          ],
          "texture": "#3"
        },
        "down": {
          "uv": [
            5,
            9.33333,
            4,
            10.66667
          ],
          "texture": "#3"
        }
      }
    },
    {
      "from": [
        7,
        9.75,
        7.3
      ],
      "to": [
        9,
        11.15,
        8.7
      ],
      "rotation": {
        "angle": -45,
        "axis": "x",
        "origin": [
          8,
          10.45,
          8
        ]
      },
      "faces": {
        "north": {
          "uv": [
            5.33333,
            9.33333,
            6.66667,
            10.33333
          ],
          "texture": "#3"
        },
        "east": {
          "uv": [
            2.66667,
            10.66667,
            3.66667,
            11.66667
          ],
          "texture": "#3"
        },
        "south": {
          "uv": [
            6.66667,
            9.33333,
            8,
            10.33333
          ],
          "texture": "#3"
        },
        "west": {
          "uv": [
            10.66667,
            2.66667,
            11.66667,
            3.66667
          ],
          "texture": "#3"
        },
        "up": {
          "uv": [
            10.66667,
            7.66667,
            9.33333,
            6.66667
          ],
          "texture": "#3"
        },
        "down": {
          "uv": [
            9.33333,
            9.33333,
            8,
            10.33333
          ],
          "texture": "#3"
        }
      }
    },
    {
      "from": [
        7.5,
        10.1,
        5.5
      ],
      "to": [
        8.5,
        12.1,
        7.5
      ],
      "rotation": {
        "angle": 22.5,
        "axis": "x",
        "origin": [
          8,
          11,
          5
        ]
      },
      "faces": {
        "north": {
          "uv": [
            10.66667,
            4,
            11.33333,
            5.33333
          ],
          "texture": "#3"
        },
        "east": {
          "uv": [
            8,
            8,
            9.33333,
            9.33333
          ],
          "texture": "#3"
        },
        "south": {
          "uv": [
            4.66667,
            10.66667,
            5.33333,
            12
          ],
          "texture": "#3"
        },
        "west": {
          "uv": [
            8.66667,
            0,
            10,
            1.33333
          ],
          "texture": "#3"
        },
        "up": {
          "uv": [
            6,
            12,
            5.33333,
            10.66667
          ],
          "texture": "#3"
        },
        "down": {
          "uv": [
            6.66667,
            10.66667,
            6,
            12
          ],
          "texture": "#3"
        }
      }
    },
    {
      "from": [
        7.5,
        10.1,
        8.5
      ],
      "to": [
        8.5,
        12.1,
        10.5
      ],
      "rotation": {
        "angle": -22.5,
        "axis": "x",
        "origin": [
          8,
          11,
          11
        ]
      },
      "faces": {
        "north": {
          "uv": [
            6.66667,
            10.66667,
            7.33333,
            12
          ],
          "texture": "#3"
        },
        "east": {
          "uv": [
            8.66667,
            1.33333,
            10,
            2.66667
          ],
          "texture": "#3"
        },
        "south": {
          "uv": [
            10.66667,
            6.66667,
            11.33333,
            8
          ],
          "texture": "#3"
        },
        "west": {
          "uv": [
            8.66667,
            2.66667,
            10,
            4
          ],
          "texture": "#3"
        },
        "up": {
          "uv": [
            8,
            12,
            7.33333,
            10.66667
          ],
          "texture": "#3"
        },
        "down": {
          "uv": [
            8.66667,
            10.66667,
            8,
            12
          ],
          "texture": "#3"
        }
      }
    },
    {
      "from": [
        7.4,
        5.15,
        7.4
      ],
      "to": [
        8.6,
        8.15,
        8.6
      ],
      "rotation": {
        "angle": 0,
        "axis": "y",
        "origin": [
          6.5,
          5.15,
          7.5
        ]
      },
      "faces": {
        "north": {
          "uv": [
            9.33333,
            8,
            10,
            10
          ],
          "texture": "#3"
        },
        "east": {
          "uv": [
            10,
            0,
            10.66667,
            2
          ],
          "texture": "#3"
        },
        "south": {
          "uv": [
            10,
            2,
            10.66667,
            4
          ],
          "texture": "#3"
        },
        "west": {
          "uv": [
            10,
            4,
            10.66667,
            6
          ],
          "texture": "#3"
        },
        "up": {
          "uv": [
            10.66667,
            12.66667,
            10,
            12
          ],
          "texture": "#3"
        },
        "down": {
          "uv": [
            12.66667,
            10,
            12,
            10.66667
          ],
          "texture": "#3"
        }
      }
    },
    {
      "from": [
        7.225,
        8.3,
        4.55
      ],
      "to": [
        8.775,
        11.55,
        6.55
      ],
      "rotation": {
        "angle": -22.5,
        "axis": "x",
        "origin": [
          8,
          10,
          5.05
        ]
      },
      "faces": {
        "north": {
          "uv": [
            5.33333,
            6.66667,
            6.33333,
            9
          ],
          "texture": "#3"
        },
        "east": {
          "uv": [
            3.33333,
            3.33333,
            4.66667,
            5.66667
          ],
          "texture": "#3"
        },
        "south": {
          "uv": [
            6.66667,
            6.66667,
            7.66667,
            9
          ],
          "texture": "#3"
        },
        "west": {
          "uv": [
            4.66667,
            3.33333,
            6,
            5.66667
          ],
          "texture": "#3"
        },
        "up": {
          "uv": [
            11,
            9.33333,
            10,
            8
          ],
          "texture": "#3"
        },
        "down": {
          "uv": [
            10.33333,
            10,
            9.33333,
            11.33333
          ],
          "texture": "#3"
        }
      }
    },
    {
      "from": [
        7.61,
        11.17346,
        10.48638
      ],
      "to": [
        8.39,
        15.73346,
        11.76638
      ],
      "rotation": {
        "angle": 0,
        "axis": "y",
        "origin": [
          8,
          14.19279,
          10.54115
        ]
      },
      "faces": {
        "north": {
          "uv": [
            0,
            8,
            0.66667,
            11
          ],
          "texture": "#3"
        },
        "east": {
          "uv": [
            6,
            0,
            7,
            3
          ],
          "texture": "#3"
        },
        "south": {
          "uv": [
            0.66667,
            8,
            1.33333,
            11
          ],
          "texture": "#3"
        },
        "west": {
          "uv": [
            2.66667,
            6,
            3.66667,
            9
          ],
          "texture": "#3"
        },
        "up": {
          "uv": [
            2,
            12.33333,
            1.33333,
            11.33333
          ],
          "texture": "#3"
        }
      }
    },
    {
      "from": [
        7.7124,
        15.28035,
        10.38373
      ],
      "to": [
        8.2876,
        17.43075,
        11.45893
      ],
      "rotation": {
        "angle": -22.5,
        "axis": "x",
        "origin": [
          8,
          16.19279,
          10.54115
        ]
      },
      "faces": {
        "north": {
          "uv": [
            10.66667,
            12,
            11,
            13.33333
          ],
          "texture": "#3"
        },
        "east": {
          "uv": [
            8.66667,
            10.66667,
            9.33333,
            12
          ],
          "texture": "#3"
        },
        "south": {
          "uv": [
            12,
            10.66667,
            12.33333,
            12
          ],
          "texture": "#3"
        },
        "west": {
          "uv": [
            10.66667,
            10,
            11.33333,
            11.33333
          ],
          "texture": "#3"
        },
        "up": {
          "uv": [
            13,
            3.33333,
            12.66667,
            2.66667
          ],
          "texture": "#3"
        }
      }
    },
    {
      "from": [
        7.83067,
        16.58954,
        8.05878
      ],
      "to": [
        8.16933,
        17.42819,
        9.7361
      ],
      "rotation": {
        "angle": 45,
        "axis": "x",
        "origin": [
          8,
          16.19279,
          10.54115
        ]
      },
      "faces": {
        "north": {
          "uv": [
            3.33333,
            12.66667,
            3.66667,
            13.33333
          ],
          "texture": "#3"
        },
        "east": {
          "uv": [
            10.66667,
            5.33333,
            11.66667,
            6
          ],
          "texture": "#3"
        },
        "west": {
          "uv": [
            11.33333,
            4,
            12.33333,
            4.66667
          ],
          "texture": "#3"
        },
        "up": {
          "uv": [
            0.33333,
            13.66667,
            0,
            12.66667
          ],
          "texture": "#3"
        },
        "down": {
          "uv": [
            13,
            0,
            12.66667,
            1
          ],
          "texture": "#3"
        }
      }
    },
    {
      "from": [
        7.61,
        11.17346,
        4.23362
      ],
      "to": [
        8.39,
        15.73346,
        5.51362
      ],
      "rotation": {
        "angle": 0,
        "axis": "y",
        "origin": [
          8,
          14.19279,
          5.45885
        ]
      },
      "faces": {
        "north": {
          "uv": [
            1.33333,
            8,
            2,
            11
          ],
          "texture": "#3"
        },
        "east": {
          "uv": [
            6,
            3.33333,
            7,
            6.33333
          ],
          "texture": "#3"
        },
        "south": {
          "uv": [
            2,
            8,
            2.66667,
            11
          ],
          "texture": "#3"
        },
        "west": {
          "uv": [
            4,
            6,
            5,
            9
          ],
          "texture": "#3"
        },
        "up": {
          "uv": [
            2.66667,
            12.33333,
            2,
            11.33333
          ],
          "texture": "#3"
        }
      }
    },
    {
      "from": [
        7.7124,
        15.28035,
        4.54107
      ],
      "to": [
        8.2876,
        17.43075,
        5.61627
      ],
      "rotation": {
        "angle": 22.5,
        "axis": "x",
        "origin": [
          8,
          16.19279,
          5.45885
        ]
      },
      "faces": {
        "north": {
          "uv": [
            11.33333,
            12,
            11.66667,
            13.33333
          ],
          "texture": "#3"
        },
        "east": {
          "uv": [
            0,
            11.33333,
            0.66667,
            12.66667
          ],
          "texture": "#3"
        },
        "south": {
          "uv": [
            12,
            12,
            12.33333,
            13.33333
          ],
          "texture": "#3"
        },
        "west": {
          "uv": [
            0.66667,
            11.33333,
            1.33333,
            12.66667
          ],
          "texture": "#3"
        },
        "up": {
          "uv": [
            4.33333,
            13.33333,
            4,
            12.66667
          ],
          "texture": "#3"
        }
      }
    },
    {
      "from": [
        7.83067,
        16.58954,
        6.2639
      ],
      "to": [
        8.16933,
        17.42819,
        7.94122
      ],
      "rotation": {
        "angle": -45,
        "axis": "x",
        "origin": [
          8,
          16.19279,
          5.45885
        ]
      },
      "faces": {
        "east": {
          "uv": [
            11.33333,
            4.66667,
            12.33333,
            5.33333
          ],
          "texture": "#3"
        },
        "south": {
          "uv": [
            12.66667,
            3.33333,
            13,
            4
          ],
          "texture": "#3"
        },
        "west": {
          "uv": [
            11.33333,
            6,
            12.33333,
            6.66667
          ],
          "texture": "#3"
        },
        "up": {
          "uv": [
            1,
            13.66667,
            0.66667,
            12.66667
          ],
          "texture": "#3"
        },
        "down": {
          "uv": [
            1.66667,
            12.66667,
            1.33333,
            13.66667
          ],
          "texture": "#3"
        }
      }
    },
    {
      "from": [
        7.225,
        8.3,
        9.45
      ],
      "to": [
        8.775,
        11.55,
        11.45
      ],
      "rotation": {
        "angle": 22.5,
        "axis": "x",
        "origin": [
          8,
          10,
          10.95
        ]
      },
      "faces": {
        "north": {
          "uv": [
            7.33333,
            0,
            8.33333,
            2.33333
          ],
          "texture": "#3"
        },
        "east": {
          "uv": [
            0,
            5.33333,
            1.33333,
            7.66667
          ],
          "texture": "#3"
        },
        "south": {
          "uv": [
            7.33333,
            2.66667,
            8.33333,
            5
          ],
          "texture": "#3"
        },
        "west": {
          "uv": [
            1.33333,
            5.33333,
            2.66667,
            7.66667
          ],
          "texture": "#3"
        },
        "up": {
          "uv": [
            11.66667,
            1.33333,
            10.66667,
            0
          ],
          "texture": "#3"
        },
        "down": {
          "uv": [
            11.66667,
            1.33333,
            10.66667,
            2.66667
          ],
          "texture": "#3"
        }
      }
    },
    {
      "from": [
        7.975,
        11,
        5.425
      ],
      "to": [
        8.025,
        18.8,
        10.575
      ],
      "rotation": {
        "angle": 0,
        "axis": "y",
        "origin": [
          7.975,
          0,
          5.5
        ]
      },
      "faces": {
        "east": {
          "uv": [
            3.33333,
            0,
            0,
            5.33333
          ],
          "texture": "#3"
        },
        "west": {
          "uv": [
            0,
            0,
            3.33333,
            5.33333
          ],
          "texture": "#3"
        }
      }
    }
  ],
  "gui_light": "front",
  "display": {
    "thirdperson_righthand": {
      "translation": [
        0,
        3,
        0.75
      ]
    },
    "thirdperson_lefthand": {
      "translation": [
        0,
        3,
        0.75
      ]
    },
    "firstperson_righthand": {
      "rotation": [
        -10,
        0,
        0
      ],
      "translation": [
        0,
        5.5,
        0
      ]
    },
    "firstperson_lefthand": {
      "rotation": [
        -10,
        0,
        0
      ],
      "translation": [
        0,
        5.5,
        0
      ]
    },
    "ground": {
      "rotation": [
        40,
        0,
        0
      ],
      "translation": [
        0,
        12.25,
        0
      ]
    },
    "gui": {
      "rotation": [
        90,
        -45,
        90
      ],
      "translation": [
        0.25,
        -0.25,
        0
      ],
      "scale": [
        0.82617,
        0.82617,
        0.82617
      ]
    },
    "head": {
      "scale": [
        0,
        0,
        0
      ]
    },
    "fixed": {
      "rotation": [
        0,
        90,
        0
      ],
      "translation": [
        0,
        0.75,
        -1.5
      ],
      "scale": [
        2,
        2,
        2
      ]
    }
  }
}