{
  "credit": "Made with Blockbench",
  "texture_size": [
    64,
    64
  ],
  "textures": {
    "5": "elitecreatures:farmer_decoration_v1/farmer_beer"
  },
  "elements": [
    {
      "from": [
        0,
        -8,
        4
      ],
      "to": [
        16,
        8,
        16
      ],
      "faces": {
        "north": {
          "uv": [
            0,
            0,
            4,
            4
          ],
          "texture": "#5"
        },
        "east": {
          "uv": [
            7.75,
            4,
            4.75,
            8
          ],
          "texture": "#5"
        },
        "south": {
          "uv": [
            0,
            4,
            4,
            8
          ],
          "texture": "#5"
        },
        "west": {
          "uv": [
            4.75,
            4,
            7.75,
            8
          ],
          "texture": "#5"
        },
        "up": {
          "uv": [
            4.75,
            4,
            7.75,
            8
          ],
          "rotation": 90,
          "texture": "#5"
        },
        "down": {
          "uv": [
            7.75,
            4,
            4.75,
            8
          ],
          "rotation": 90,
          "texture": "#5"
        }
      }
    },
    {
      "from": [
        1,
        -7,
        1
      ],
      "to": [
        15,
        7,
        4
      ],
      "faces": {
        "north": {
          "uv": [
            0.25,
            0.25,
            3.75,
            3.75
          ],
          "texture": "#5"
        },
        "east": {
          "uv": [
            0.75,
            8.75,
            0,
            12.25
          ],
          "texture": "#5"
        },
        "south": {
          "uv": [
            0.25,
            4.25,
            3.75,
            7.75
          ],
          "texture": "#5"
        },
        "west": {
          "uv": [
            0,
            8.75,
            0.75,
            12.25
          ],
          "texture": "#5"
        },
        "up": {
          "uv": [
            0,
            8.75,
            0.75,
            12.25
          ],
          "rotation": 90,
          "texture": "#5"
        },
        "down": {
          "uv": [
            0.75,
            8.75,
            0,
            12.25
          ],
          "rotation": 90,
          "texture": "#5"
        }
      }
    },
    {
      "from": [
        6,
        -2,
        -2
      ],
      "to": [
        10,
        2,
        1
      ],
      "faces": {
        "north": {
          "uv": [
            0.75,
            9.5,
            1.75,
            10.5
          ],
          "texture": "#5"
        },
        "east": {
          "uv": [
            2.5,
            8.75,
            1.75,
            9.75
          ],
          "texture": "#5"
        },
        "south": {
          "uv": [
            0.75,
            9.5,
            1.75,
            10.5
          ],
          "texture": "#5"
        },
        "west": {
          "uv": [
            1.75,
            8.75,
            2.5,
            9.75
          ],
          "texture": "#5"
        },
        "up": {
          "uv": [
            0.75,
            8.75,
            1.75,
            9.5
          ],
          "texture": "#5"
        },
        "down": {
          "uv": [
            0.75,
            9.5,
            1.75,
            8.75
          ],
          "texture": "#5"
        }
      }
    },
    {
      "from": [
        7,
        -1,
        -5
      ],
      "to": [
        9,
        1,
        -2
      ],
      "faces": {
        "north": {
          "uv": [
            1,
            8.75,
            1.5,
            9.25
          ],
          "texture": "#5"
        },
        "east": {
          "uv": [
            1.5,
            8.75,
            2.25,
            9.25
          ],
          "texture": "#5"
        },
        "south": {
          "uv": [
            1.25,
            8.75,
            1.75,
            9.25
          ],
          "texture": "#5"
        },
        "west": {
          "uv": [
            1.5,
            8.75,
            2.25,
            9.25
          ],
          "texture": "#5"
        },
        "up": {
          "uv": [
            1.75,
            8.75,
            2.25,
            9.5
          ],
          "texture": "#5"
        },
        "down": {
          "uv": [
            1.75,
            8.75,
            2.25,
            9.5
          ],
          "texture": "#5"
        }
      }
    },
    {
      "from": [
        7,
        -3,
        -5
      ],
      "to": [
        9,
        -1,
        -3
      ],
      "faces": {
        "north": {
          "uv": [
            1.875,
            9,
            2.375,
            9.5
          ],
          "texture": "#5"
        },
        "east": {
          "uv": [
            1.5,
            8.75,
            2,
            9.25
          ],
          "texture": "#5"
        },
        "south": {
          "uv": [
            1.25,
            8.75,
            1.75,
            9.25
          ],
          "texture": "#5"
        },
        "west": {
          "uv": [
            1.5,
            8.75,
            2,
            9.25
          ],
          "texture": "#5"
        },
        "up": {
          "uv": [
            1.75,
            8.75,
            2.25,
            9.25
          ],
          "texture": "#5"
        },
        "down": {
          "uv": [
            1,
            9.75,
            1.5,
            10.25
          ],
          "texture": "#5"
        }
      }
    },
    {
      "from": [
        0,
        -8,
        16
      ],
      "to": [
        16,
        8,
        28
      ],
      "rotation": {
        "angle": 0,
        "axis": "y",
        "origin": [
          0,
          0,
          16
        ]
      },
      "faces": {
        "north": {
          "uv": [
            4,
            4,
            0,
            8
          ],
          "texture": "#5"
        },
        "east": {
          "uv": [
            4.75,
            4,
            7.75,
            8
          ],
          "texture": "#5"
        },
        "south": {
          "uv": [
            4,
            0,
            0,
            4
          ],
          "texture": "#5"
        },
        "west": {
          "uv": [
            7.75,
            4,
            4.75,
            8
          ],
          "texture": "#5"
        },
        "up": {
          "uv": [
            7.75,
            4,
            4.75,
            8
          ],
          "rotation": 90,
          "texture": "#5"
        },
        "down": {
          "uv": [
            4.75,
            4,
            7.75,
            8
          ],
          "rotation": 90,
          "texture": "#5"
        }
      }
    },
    {
      "from": [
        1,
        -7,
        28
      ],
      "to": [
        15,
        7,
        31
      ],
      "rotation": {
        "angle": 0,
        "axis": "y",
        "origin": [
          0,
          0,
          16
        ]
      },
      "faces": {
        "north": {
          "uv": [
            3.75,
            4.25,
            0.25,
            7.75
          ],
          "texture": "#5"
        },
        "east": {
          "uv": [
            0,
            8.75,
            0.75,
            12.25
          ],
          "texture": "#5"
        },
        "south": {
          "uv": [
            3.75,
            0.25,
            0.25,
            3.75
          ],
          "texture": "#5"
        },
        "west": {
          "uv": [
            0.75,
            8.75,
            0,
            12.25
          ],
          "texture": "#5"
        },
        "up": {
          "uv": [
            0.75,
            8.75,
            0,
            12.25
          ],
          "rotation": 90,
          "texture": "#5"
        },
        "down": {
          "uv": [
            0,
            8.75,
            0.75,
            12.25
          ],
          "rotation": 90,
          "texture": "#5"
        }
      }
    },
    {
      "from": [
        0,
        -11,
        2.5
      ],
      "to": [
        16,
        -8,
        5.5
      ],
      "faces": {
        "north": {
          "uv": [
            0,
            8,
            4,
            8.75
          ],
          "texture": "#5"
        },
        "south": {
          "uv": [
            0,
            8,
            4,
            8.75
          ],
          "texture": "#5"
        },
        "up": {
          "uv": [
            12,
            0,
            8,
            0.75
          ],
          "texture": "#5"
        },
        "down": {
          "uv": [
            12,
            0,
            8,
            0.75
          ],
          "texture": "#5"
        }
      }
    },
    {
      "from": [
        -3,
        -15,
        2.5
      ],
      "to": [
        0,
        -6,
        5.5
      ],
      "faces": {
        "north": {
          "uv": [
            8,
            1.25,
            8.75,
            3.5
          ],
          "texture": "#5"
        },
        "east": {
          "uv": [
            4,
            8,
            4.75,
            10.25
          ],
          "texture": "#5"
        },
        "south": {
          "uv": [
            8,
            1.25,
            8.75,
            3.5
          ],
          "texture": "#5"
        },
        "west": {
          "uv": [
            4,
            8,
            4.75,
            10.25
          ],
          "texture": "#5"
        },
        "up": {
          "uv": [
            5.5,
            8.75,
            4.75,
            8
          ],
          "texture": "#5"
        },
        "down": {
          "uv": [
            5.5,
            8.75,
            4.75,
            8
          ],
          "texture": "#5"
        }
      }
    },
    {
      "from": [
        16,
        -15,
        2.5
      ],
      "to": [
        19,
        -6,
        5.5
      ],
      "faces": {
        "north": {
          "uv": [
            8,
            1.25,
            8.75,
            3.5
          ],
          "texture": "#5"
        },
        "east": {
          "uv": [
            4,
            8,
            4.75,
            10.25
          ],
          "texture": "#5"
        },
        "south": {
          "uv": [
            8,
            1.25,
            8.75,
            3.5
          ],
          "texture": "#5"
        },
        "west": {
          "uv": [
            4,
            8,
            4.75,
            10.25
          ],
          "texture": "#5"
        },
        "up": {
          "uv": [
            5.5,
            8.75,
            4.75,
            8
          ],
          "texture": "#5"
        },
        "down": {
          "uv": [
            5.5,
            8.75,
            4.75,
            8
          ],
          "texture": "#5"
        }
      }
    },
    {
      "from": [
        0,
        -11,
        27
      ],
      "to": [
        16,
        -8,
        30
      ],
      "rotation": {
        "angle": 0,
        "axis": "y",
        "origin": [
          0,
          0,
          16
        ]
      },
      "faces": {
        "north": {
          "uv": [
            4,
            8,
            0,
            8.75
          ],
          "texture": "#5"
        },
        "south": {
          "uv": [
            4,
            8,
            0,
            8.75
          ],
          "texture": "#5"
        },
        "up": {
          "uv": [
            12,
            0.75,
            8,
            0
          ],
          "texture": "#5"
        },
        "down": {
          "uv": [
            12,
            0.75,
            8,
            0
          ],
          "texture": "#5"
        }
      }
    },
    {
      "from": [
        -2.5,
        -11,
        5.5
      ],
      "to": [
        0.5,
        -8,
        27
      ],
      "rotation": {
        "angle": 0,
        "axis": "y",
        "origin": [
          8,
          -9.5,
          28.5
        ]
      },
      "faces": {
        "east": {
          "uv": [
            5.375,
            12.25,
            0,
            13
          ],
          "texture": "#5"
        },
        "west": {
          "uv": [
            5.375,
            12.25,
            0,
            13
          ],
          "texture": "#5"
        },
        "up": {
          "uv": [
            5.375,
            13,
            0,
            12.25
          ],
          "rotation": 90,
          "texture": "#5"
        },
        "down": {
          "uv": [
            5.375,
            13,
            0,
            12.25
          ],
          "rotation": 90,
          "texture": "#5"
        }
      }
    },
    {
      "from": [
        15.5,
        -11,
        5.5
      ],
      "to": [
        18.5,
        -8,
        27
      ],
      "rotation": {
        "angle": 0,
        "axis": "y",
        "origin": [
          8,
          -9.5,
          28.5
        ]
      },
      "faces": {
        "east": {
          "uv": [
            5.375,
            12.25,
            0,
            13
          ],
          "texture": "#5"
        },
        "west": {
          "uv": [
            5.375,
            12.25,
            0,
            13
          ],
          "texture": "#5"
        },
        "up": {
          "uv": [
            5.375,
            13,
            0,
            12.25
          ],
          "rotation": 90,
          "texture": "#5"
        },
        "down": {
          "uv": [
            5.375,
            13,
            0,
            12.25
          ],
          "rotation": 90,
          "texture": "#5"
        }
      }
    },
    {
      "from": [
        -3,
        -15,
        27
      ],
      "to": [
        0,
        -6,
        30
      ],
      "rotation": {
        "angle": 0,
        "axis": "y",
        "origin": [
          0,
          0,
          16
        ]
      },
      "faces": {
        "north": {
          "uv": [
            8.75,
            1.25,
            8,
            3.5
          ],
          "texture": "#5"
        },
        "east": {
          "uv": [
            4.75,
            8,
            4,
            10.25
          ],
          "texture": "#5"
        },
        "south": {
          "uv": [
            8.75,
            1.25,
            8,
            3.5
          ],
          "texture": "#5"
        },
        "west": {
          "uv": [
            4.75,
            8,
            4,
            10.25
          ],
          "texture": "#5"
        },
        "up": {
          "uv": [
            5.5,
            8,
            4.75,
            8.75
          ],
          "texture": "#5"
        },
        "down": {
          "uv": [
            5.5,
            8,
            4.75,
            8.75
          ],
          "texture": "#5"
        }
      }
    },
    {
      "from": [
        16,
        -15,
        27
      ],
      "to": [
        19,
        -6,
        30
      ],
      "rotation": {
        "angle": 0,
        "axis": "y",
        "origin": [
          0,
          0,
          16
        ]
      },
      "faces": {
        "north": {
          "uv": [
            8.75,
            1.25,
            8,
            3.5
          ],
          "texture": "#5"
        },
        "east": {
          "uv": [
            4.75,
            8,
            4,
            10.25
          ],
          "texture": "#5"
        },
        "south": {
          "uv": [
            8.75,
            1.25,
            8,
            3.5
          ],
          "texture": "#5"
        },
        "west": {
          "uv": [
            4.75,
            8,
            4,
            10.25
          ],
          "texture": "#5"
        },
        "up": {
          "uv": [
            5.5,
            8,
            4.75,
            8.75
          ],
          "texture": "#5"
        },
        "down": {
          "uv": [
            5.5,
            8,
            4.75,
            8.75
          ],
          "texture": "#5"
        }
      }
    },
    {
      "from": [
        7.7,
        8.07,
        9.28
      ],
      "to": [
        7.7,
        21.51,
        22.72
      ],
      "rotation": {
        "angle": 0,
        "axis": "y",
        "origin": [
          7.7,
          14.04,
          16
        ]
      },
      "faces": {
        "east": {
          "uv": [
            11.125,
            4,
            7.75,
            7.375
          ],
          "texture": "#5"
        },
        "west": {
          "uv": [
            7.75,
            4,
            11.125,
            7.375
          ],
          "texture": "#5"
        }
      }
    },
    {
      "from": [
        0.98,
        8.07,
        16
      ],
      "to": [
        14.42,
        11.51,
        16
      ],
      "rotation": {
        "angle": 0,
        "axis": "y",
        "origin": [
          7.7,
          9.79,
          16
        ]
      },
      "faces": {
        "north": {
          "uv": [
            7.75,
            7.25,
            11.11,
            8.11
          ],
          "texture": "#5"
        },
        "south": {
          "uv": [
            11.11,
            7.25,
            7.75,
            8.11
          ],
          "texture": "#5"
        }
      }
    }
  ],
  "gui_light": "front",
  "display": {
    "thirdperson_righthand": {
      "translation": [
        0,
        4,
        1
      ],
      "scale": [
        0.18,
        0.18,
        0.18
      ]
    },
    "thirdperson_lefthand": {
      "translation": [
        0,
        4,
        1
      ],
      "scale": [
        0.18,
        0.18,
        0.18
      ]
    },
    "firstperson_righthand": {
      "rotation": [
        0,
        78,
        0
      ],
      "translation": [
        0,
        5.25,
        0
      ],
      "scale": [
        0.35,
        0.35,
        0.35
      ]
    },
    "firstperson_lefthand": {
      "rotation": [
        0,
        78,
        0
      ],
      "translation": [
        0,
        5.25,
        0
      ],
      "scale": [
        0.35,
        0.35,
        0.35
      ]
    },
    "ground": {
      "translation": [
        0,
        3,
        -1.25
      ],
      "scale": [
        0.25,
        0.25,
        0.25
      ]
    },
    "gui": {
      "rotation": [
        30,
        225,
        0
      ],
      "translation": [
        1.75,
        2,
        0
      ],
      "scale": [
        0.32,
        0.32,
        0.32
      ]
    },
    "head": {
      "rotation": [
        0,
        180,
        0
      ],
      "translation": [
        0,
        -6.25,
        0
      ],
      "scale": [
        1.6,
        1.6,
        1.6
      ]
    },
    "fixed": {
      "scale": [
        0,
        0,
        0
      ]
    }
  },
  "groups": [
    {
      "name": "group",
      "origin": [
        0,
        0,
        0
      ],
      "color": 0,
      "children": [
        {
          "name": "group",
          "origin": [
            0,
            0,
            0
          ],
          "color": 0,
          "children": [
            0,
            1,
            2,
            3,
            4
          ]
        },
        {
          "name": "group",
          "origin": [
            0,
            0,
            0
          ],
          "color": 0,
          "children": [
            5,
            6
          ]
        },
        {
          "name": "group",
          "origin": [
            0,
            0,
            0
          ],
          "color": 0,
          "children": [
            7,
            8,
            9
          ]
        },
        {
          "name": "group",
          "origin": [
            0,
            0,
            0
          ],
          "color": 0,
          "children": [
            10,
            11,
            12,
            13,
            14
          ]
        }
      ]
    },
    15,
    16
  ]
}