{
  "credit": "MadewithBlockbench",
  "texture_size": [
    128,
    128
  ],
  "textures": {
    "0": "elitecreatures:dungeon_decoration_v1/dungeon_cage",
    "particle": "elitecreatures:dungeon_decoration_v1/dungeon_cage"
  },
  "elements": [
    {
      "from": [
        -3,
        -16,
        -3
      ],
      "to": [
        19,
        -14,
        19
      ],
      "faces": {
        "north": {
          "uv": [
            5,
            4.375,
            7.75,
            4.625
          ],
          "texture": "#0"
        },
        "east": {
          "uv": [
            5,
            4.625,
            7.75,
            4.875
          ],
          "texture": "#0"
        },
        "south": {
          "uv": [
            5,
            4.375,
            7.75,
            4.625
          ],
          "texture": "#0"
        },
        "west": {
          "uv": [
            5,
            4.625,
            7.75,
            4.875
          ],
          "texture": "#0"
        },
        "up": {
          "uv": [
            2.75,
            6.875,
            0,
            4.125
          ],
          "texture": "#0"
        },
        "down": {
          "uv": [
            2.75,
            6.875,
            0,
            4.125
          ],
          "texture": "#0"
        }
      }
    },
    {
      "from": [
        3,
        18.1,
        3
      ],
      "to": [
        13,
        20.1,
        13
      ],
      "faces": {
        "north": {
          "uv": [
            5.25,
            5.625,
            6.5,
            5.875
          ],
          "texture": "#0"
        },
        "east": {
          "uv": [
            5.25,
            5.625,
            6.5,
            5.875
          ],
          "texture": "#0"
        },
        "south": {
          "uv": [
            5.25,
            5.625,
            6.5,
            5.875
          ],
          "texture": "#0"
        },
        "west": {
          "uv": [
            5.25,
            5.625,
            6.5,
            5.875
          ],
          "texture": "#0"
        },
        "up": {
          "uv": [
            5.75,
            3.5,
            4.5,
            2.25
          ],
          "texture": "#0"
        },
        "down": {
          "uv": [
            5.75,
            3.5,
            4.5,
            2.25
          ],
          "texture": "#0"
        }
      }
    },
    {
      "from": [
        6,
        20,
        6
      ],
      "to": [
        10,
        23,
        10
      ],
      "faces": {
        "north": {
          "uv": [
            5.75,
            2.5,
            6.25,
            2.875
          ],
          "texture": "#0"
        },
        "east": {
          "uv": [
            5.75,
            2.875,
            6.25,
            3.25
          ],
          "texture": "#0"
        },
        "south": {
          "uv": [
            5.75,
            2.5,
            6.25,
            2.875
          ],
          "texture": "#0"
        },
        "west": {
          "uv": [
            5.75,
            2.875,
            6.25,
            3.25
          ],
          "texture": "#0"
        },
        "up": {
          "uv": [
            5,
            4,
            4.5,
            3.5
          ],
          "texture": "#0"
        },
        "down": {
          "uv": [
            5,
            4,
            4.5,
            3.5
          ],
          "texture": "#0"
        }
      }
    },
    {
      "from": [
        4,
        23,
        8
      ],
      "to": [
        12,
        30,
        8
      ],
      "faces": {
        "north": {
          "uv": [
            6,
            3.5,
            5,
            4.375
          ],
          "texture": "#0"
        },
        "south": {
          "uv": [
            5,
            3.5,
            6,
            4.375
          ],
          "texture": "#0"
        }
      }
    },
    {
      "from": [
        17,
        -11,
        -1
      ],
      "to": [
        19,
        -9,
        17
      ],
      "rotation": {
        "angle": 0,
        "axis": "y",
        "origin": [
          16,
          0,
          16
        ]
      },
      "faces": {
        "north": {
          "uv": [
            5.25,
            5.875,
            5.5,
            6.125
          ],
          "texture": "#0"
        },
        "east": {
          "uv": [
            5,
            5.375,
            7.25,
            5.625
          ],
          "texture": "#0"
        },
        "south": {
          "uv": [
            5.25,
            5.875,
            5.5,
            6.125
          ],
          "texture": "#0"
        },
        "west": {
          "uv": [
            5,
            5.375,
            7.25,
            5.625
          ],
          "texture": "#0"
        },
        "up": {
          "uv": [
            5.25,
            7.875,
            5,
            5.625
          ],
          "texture": "#0"
        },
        "down": {
          "uv": [
            5.25,
            7.875,
            5,
            5.625
          ],
          "texture": "#0"
        }
      }
    },
    {
      "from": [
        -1,
        18,
        -1
      ],
      "to": [
        17,
        18,
        17
      ],
      "rotation": {
        "angle": 0,
        "axis": "y",
        "origin": [
          16,
          0,
          16
        ]
      },
      "faces": {
        "up": {
          "uv": [
            5,
            6.375,
            2.75,
            4.125
          ],
          "texture": "#0"
        },
        "down": {
          "uv": [
            5,
            6.375,
            2.75,
            4.125
          ],
          "texture": "#0"
        }
      }
    },
    {
      "from": [
        -1,
        -15,
        -0.9
      ],
      "to": [
        17,
        18,
        -0.9
      ],
      "faces": {
        "north": {
          "uv": [
            2.25,
            0,
            4.5,
            4.125
          ],
          "texture": "#0"
        },
        "south": {
          "uv": [
            2.25,
            0,
            4.5,
            4.125
          ],
          "texture": "#0"
        }
      }
    },
    {
      "from": [
        16.9,
        -15,
        -1
      ],
      "to": [
        16.9,
        18,
        17
      ],
      "faces": {
        "east": {
          "uv": [
            2.25,
            0,
            4.5,
            4.125
          ],
          "texture": "#0"
        },
        "west": {
          "uv": [
            2.25,
            0,
            4.5,
            4.125
          ],
          "texture": "#0"
        }
      }
    },
    {
      "from": [
        -0.9,
        -15,
        -1
      ],
      "to": [
        -0.9,
        18,
        17
      ],
      "faces": {
        "east": {
          "uv": [
            2.25,
            0,
            4.5,
            4.125
          ],
          "texture": "#0"
        },
        "west": {
          "uv": [
            2.25,
            0,
            4.5,
            4.125
          ],
          "texture": "#0"
        }
      }
    },
    {
      "from": [
        -1,
        -15,
        16.9
      ],
      "to": [
        17,
        18,
        16.9
      ],
      "rotation": {
        "angle": 0,
        "axis": "y",
        "origin": [
          0,
          0,
          16
        ]
      },
      "faces": {
        "north": {
          "uv": [
            4.5,
            0,
            2.25,
            4.125
          ],
          "texture": "#0"
        },
        "south": {
          "uv": [
            4.5,
            0,
            2.25,
            4.125
          ],
          "texture": "#0"
        }
      }
    },
    {
      "from": [
        -3,
        -11,
        -3
      ],
      "to": [
        19,
        -9,
        -1
      ],
      "faces": {
        "north": {
          "uv": [
            5,
            4.875,
            7.75,
            5.125
          ],
          "texture": "#0"
        },
        "east": {
          "uv": [
            5.75,
            3.25,
            6,
            3.5
          ],
          "texture": "#0"
        },
        "south": {
          "uv": [
            5,
            4.875,
            7.75,
            5.125
          ],
          "texture": "#0"
        },
        "west": {
          "uv": [
            5.75,
            3.25,
            6,
            3.5
          ],
          "texture": "#0"
        },
        "up": {
          "uv": [
            7.75,
            5.375,
            5,
            5.125
          ],
          "texture": "#0"
        },
        "down": {
          "uv": [
            7.75,
            5.375,
            5,
            5.125
          ],
          "texture": "#0"
        }
      }
    },
    {
      "from": [
        17,
        1,
        -1
      ],
      "to": [
        19,
        3,
        17
      ],
      "rotation": {
        "angle": 0,
        "axis": "y",
        "origin": [
          16,
          0,
          16
        ]
      },
      "faces": {
        "north": {
          "uv": [
            5.25,
            5.875,
            5.5,
            6.125
          ],
          "texture": "#0"
        },
        "east": {
          "uv": [
            5,
            5.375,
            7.25,
            5.625
          ],
          "texture": "#0"
        },
        "south": {
          "uv": [
            5.25,
            5.875,
            5.5,
            6.125
          ],
          "texture": "#0"
        },
        "west": {
          "uv": [
            5,
            5.375,
            7.25,
            5.625
          ],
          "texture": "#0"
        },
        "up": {
          "uv": [
            5.25,
            7.875,
            5,
            5.625
          ],
          "texture": "#0"
        },
        "down": {
          "uv": [
            5.25,
            7.875,
            5,
            5.625
          ],
          "texture": "#0"
        }
      }
    },
    {
      "from": [
        -3,
        1,
        -3
      ],
      "to": [
        19,
        3,
        -1
      ],
      "faces": {
        "north": {
          "uv": [
            5,
            4.875,
            7.75,
            5.125
          ],
          "texture": "#0"
        },
        "east": {
          "uv": [
            5.75,
            3.25,
            6,
            3.5
          ],
          "texture": "#0"
        },
        "south": {
          "uv": [
            5,
            4.875,
            7.75,
            5.125
          ],
          "texture": "#0"
        },
        "west": {
          "uv": [
            5.75,
            3.25,
            6,
            3.5
          ],
          "texture": "#0"
        },
        "up": {
          "uv": [
            7.75,
            5.375,
            5,
            5.125
          ],
          "texture": "#0"
        },
        "down": {
          "uv": [
            7.75,
            5.375,
            5,
            5.125
          ],
          "texture": "#0"
        }
      }
    },
    {
      "from": [
        17,
        13,
        -1
      ],
      "to": [
        19,
        15,
        17
      ],
      "rotation": {
        "angle": 0,
        "axis": "y",
        "origin": [
          16,
          0,
          16
        ]
      },
      "faces": {
        "north": {
          "uv": [
            5.25,
            5.875,
            5.5,
            6.125
          ],
          "texture": "#0"
        },
        "east": {
          "uv": [
            5,
            5.375,
            7.25,
            5.625
          ],
          "texture": "#0"
        },
        "south": {
          "uv": [
            5.25,
            5.875,
            5.5,
            6.125
          ],
          "texture": "#0"
        },
        "west": {
          "uv": [
            5,
            5.375,
            7.25,
            5.625
          ],
          "texture": "#0"
        },
        "up": {
          "uv": [
            5.25,
            7.875,
            5,
            5.625
          ],
          "texture": "#0"
        },
        "down": {
          "uv": [
            5.25,
            7.875,
            5,
            5.625
          ],
          "texture": "#0"
        }
      }
    },
    {
      "from": [
        -3,
        13,
        -1
      ],
      "to": [
        -1,
        15,
        17
      ],
      "rotation": {
        "angle": 0,
        "axis": "y",
        "origin": [
          0,
          0,
          16
        ]
      },
      "faces": {
        "north": {
          "uv": [
            5.5,
            5.875,
            5.25,
            6.125
          ],
          "texture": "#0"
        },
        "east": {
          "uv": [
            7.25,
            5.375,
            5,
            5.625
          ],
          "texture": "#0"
        },
        "south": {
          "uv": [
            5.5,
            5.875,
            5.25,
            6.125
          ],
          "texture": "#0"
        },
        "west": {
          "uv": [
            7.25,
            5.375,
            5,
            5.625
          ],
          "texture": "#0"
        },
        "up": {
          "uv": [
            5,
            7.875,
            5.25,
            5.625
          ],
          "texture": "#0"
        },
        "down": {
          "uv": [
            5,
            7.875,
            5.25,
            5.625
          ],
          "texture": "#0"
        }
      }
    },
    {
      "from": [
        -3,
        1,
        -1
      ],
      "to": [
        -1,
        3,
        17
      ],
      "rotation": {
        "angle": 0,
        "axis": "y",
        "origin": [
          0,
          0,
          16
        ]
      },
      "faces": {
        "north": {
          "uv": [
            5.5,
            5.875,
            5.25,
            6.125
          ],
          "texture": "#0"
        },
        "east": {
          "uv": [
            7.25,
            5.375,
            5,
            5.625
          ],
          "texture": "#0"
        },
        "south": {
          "uv": [
            5.5,
            5.875,
            5.25,
            6.125
          ],
          "texture": "#0"
        },
        "west": {
          "uv": [
            7.25,
            5.375,
            5,
            5.625
          ],
          "texture": "#0"
        },
        "up": {
          "uv": [
            5,
            7.875,
            5.25,
            5.625
          ],
          "texture": "#0"
        },
        "down": {
          "uv": [
            5,
            7.875,
            5.25,
            5.625
          ],
          "texture": "#0"
        }
      }
    },
    {
      "from": [
        -3,
        -11,
        -1
      ],
      "to": [
        -1,
        -9,
        17
      ],
      "rotation": {
        "angle": 0,
        "axis": "y",
        "origin": [
          0,
          0,
          16
        ]
      },
      "faces": {
        "north": {
          "uv": [
            5.5,
            5.875,
            5.25,
            6.125
          ],
          "texture": "#0"
        },
        "east": {
          "uv": [
            7.25,
            5.375,
            5,
            5.625
          ],
          "texture": "#0"
        },
        "south": {
          "uv": [
            5.5,
            5.875,
            5.25,
            6.125
          ],
          "texture": "#0"
        },
        "west": {
          "uv": [
            7.25,
            5.375,
            5,
            5.625
          ],
          "texture": "#0"
        },
        "up": {
          "uv": [
            5,
            7.875,
            5.25,
            5.625
          ],
          "texture": "#0"
        },
        "down": {
          "uv": [
            5,
            7.875,
            5.25,
            5.625
          ],
          "texture": "#0"
        }
      }
    },
    {
      "from": [
        -3,
        13,
        -3
      ],
      "to": [
        19,
        15,
        -1
      ],
      "faces": {
        "north": {
          "uv": [
            5,
            4.875,
            7.75,
            5.125
          ],
          "texture": "#0"
        },
        "east": {
          "uv": [
            5.75,
            3.25,
            6,
            3.5
          ],
          "texture": "#0"
        },
        "south": {
          "uv": [
            5,
            4.875,
            7.75,
            5.125
          ],
          "texture": "#0"
        },
        "west": {
          "uv": [
            5.75,
            3.25,
            6,
            3.5
          ],
          "texture": "#0"
        },
        "up": {
          "uv": [
            7.75,
            5.375,
            5,
            5.125
          ],
          "texture": "#0"
        },
        "down": {
          "uv": [
            7.75,
            5.375,
            5,
            5.125
          ],
          "texture": "#0"
        }
      }
    },
    {
      "from": [
        -3,
        13,
        17
      ],
      "to": [
        19,
        15,
        19
      ],
      "rotation": {
        "angle": 0,
        "axis": "y",
        "origin": [
          0,
          0,
          16
        ]
      },
      "faces": {
        "north": {
          "uv": [
            7.75,
            4.875,
            5,
            5.125
          ],
          "texture": "#0"
        },
        "east": {
          "uv": [
            6,
            3.25,
            5.75,
            3.5
          ],
          "texture": "#0"
        },
        "south": {
          "uv": [
            7.75,
            4.875,
            5,
            5.125
          ],
          "texture": "#0"
        },
        "west": {
          "uv": [
            6,
            3.25,
            5.75,
            3.5
          ],
          "texture": "#0"
        },
        "up": {
          "uv": [
            7.75,
            5.125,
            5,
            5.375
          ],
          "texture": "#0"
        },
        "down": {
          "uv": [
            7.75,
            5.125,
            5,
            5.375
          ],
          "texture": "#0"
        }
      }
    },
    {
      "from": [
        -3,
        1,
        17
      ],
      "to": [
        19,
        3,
        19
      ],
      "rotation": {
        "angle": 0,
        "axis": "y",
        "origin": [
          0,
          0,
          16
        ]
      },
      "faces": {
        "north": {
          "uv": [
            7.75,
            4.875,
            5,
            5.125
          ],
          "texture": "#0"
        },
        "east": {
          "uv": [
            6,
            3.25,
            5.75,
            3.5
          ],
          "texture": "#0"
        },
        "south": {
          "uv": [
            7.75,
            4.875,
            5,
            5.125
          ],
          "texture": "#0"
        },
        "west": {
          "uv": [
            6,
            3.25,
            5.75,
            3.5
          ],
          "texture": "#0"
        },
        "up": {
          "uv": [
            7.75,
            5.125,
            5,
            5.375
          ],
          "texture": "#0"
        },
        "down": {
          "uv": [
            7.75,
            5.125,
            5,
            5.375
          ],
          "texture": "#0"
        }
      }
    },
    {
      "from": [
        -3,
        -11,
        17
      ],
      "to": [
        19,
        -9,
        19
      ],
      "rotation": {
        "angle": 0,
        "axis": "y",
        "origin": [
          0,
          0,
          16
        ]
      },
      "faces": {
        "north": {
          "uv": [
            7.75,
            4.875,
            5,
            5.125
          ],
          "texture": "#0"
        },
        "east": {
          "uv": [
            6,
            3.25,
            5.75,
            3.5
          ],
          "texture": "#0"
        },
        "south": {
          "uv": [
            7.75,
            4.875,
            5,
            5.125
          ],
          "texture": "#0"
        },
        "west": {
          "uv": [
            6,
            3.25,
            5.75,
            3.5
          ],
          "texture": "#0"
        },
        "up": {
          "uv": [
            7.75,
            5.125,
            5,
            5.375
          ],
          "texture": "#0"
        },
        "down": {
          "uv": [
            7.75,
            5.125,
            5,
            5.375
          ],
          "texture": "#0"
        }
      }
    },
    {
      "from": [
        -1,
        -15,
        -0.9
      ],
      "to": [
        17,
        18,
        -0.9
      ],
      "faces": {
        "north": {
          "uv": [
            2.25,
            0,
            4.5,
            4.125
          ],
          "texture": "#0"
        },
        "south": {
          "uv": [
            2.25,
            0,
            4.5,
            4.125
          ],
          "texture": "#0"
        }
      }
    }
  ],
  "gui_light": "front",
  "display": {
    "thirdperson_righthand": {
      "translation": [
        0,
        3,
        2
      ],
      "scale": [
        0.16,
        0.16,
        0.16
      ]
    },
    "thirdperson_lefthand": {
      "translation": [
        0,
        3,
        2
      ],
      "scale": [
        0.16,
        0.16,
        0.16
      ]
    },
    "firstperson_righthand": {
      "translation": [
        0,
        3,
        2
      ],
      "scale": [
        0.38,
        0.38,
        0.38
      ]
    },
    "firstperson_lefthand": {
      "translation": [
        0,
        3,
        2
      ],
      "scale": [
        0.38,
        0.38,
        0.38
      ]
    },
    "ground": {
      "translation": [
        0,
        9.25,
        0
      ],
      "scale": [
        0.5,
        0.5,
        0.5
      ]
    },
    "gui": {
      "rotation": [
        30,
        225,
        0
      ],
      "translation": [
        0,
        1,
        0
      ],
      "scale": [
        0.25,
        0.25,
        0.25
      ]
    },
    "head": {
      "translation": [
        0,
        -4.75,
        0
      ],
      "scale": [
        1.6,
        1.6,
        1.6
      ]
    },
    "fixed": {
      "translation": [
        0,
        1,
        -1.75
      ],
      "scale": [
        0.28,
        0.28,
        0.28
      ]
    }
  }
}