{
  "credit": "MadewithBlockbench",
  "texture_size": [
    32,
    32
  ],
  "textures": {
    "0": "elitecreatures:dungeon_decoration_v1/dungeon_hang_flag",
    "particle": "elitecreatures:dungeon_decoration_v1/dungeon_hang_flag"
  },
  "elements": [
    {
      "from": [
        0,
        28,
        13
      ],
      "to": [
        16,
        31,
        16
      ],
      "faces": {
        "north": {
          "uv": [
            8,
            0,
            16,
            1.5
          ],
          "texture": "#0"
        },
        "east": {
          "uv": [
            9.5,
            8,
            11,
            9.5
          ],
          "texture": "#0"
        },
        "south": {
          "uv": [
            8,
            0,
            16,
            1.5
          ],
          "texture": "#0"
        },
        "west": {
          "uv": [
            9.5,
            8,
            11,
            9.5
          ],
          "texture": "#0"
        },
        "up": {
          "uv": [
            16,
            3,
            8,
            1.5
          ],
          "texture": "#0"
        },
        "down": {
          "uv": [
            16,
            3,
            8,
            1.5
          ],
          "texture": "#0"
        }
      }
    },
    {
      "from": [
        16,
        27,
        12
      ],
      "to": [
        19,
        32,
        17
      ],
      "faces": {
        "north": {
          "uv": [
            8,
            5.5,
            9.5,
            8
          ],
          "texture": "#0"
        },
        "east": {
          "uv": [
            8,
            3,
            10.5,
            5.5
          ],
          "texture": "#0"
        },
        "south": {
          "uv": [
            11,
            5.5,
            12.5,
            8
          ],
          "texture": "#0"
        },
        "west": {
          "uv": [
            8,
            3,
            10.5,
            5.5
          ],
          "texture": "#0"
        },
        "up": {
          "uv": [
            12.5,
            5.5,
            11,
            3
          ],
          "texture": "#0"
        },
        "down": {
          "uv": [
            9.5,
            10.5,
            8,
            8
          ],
          "texture": "#0"
        }
      }
    },
    {
      "from": [
        16,
        22,
        16
      ],
      "to": [
        19,
        27,
        17
      ],
      "faces": {
        "north": {
          "uv": [
            9.5,
            5.5,
            11,
            8
          ],
          "texture": "#0"
        },
        "east": {
          "uv": [
            10.5,
            3,
            11,
            5.5
          ],
          "texture": "#0"
        },
        "south": {
          "uv": [
            11,
            8,
            12.5,
            10.5
          ],
          "texture": "#0"
        },
        "west": {
          "uv": [
            10.5,
            3,
            11,
            5.5
          ],
          "texture": "#0"
        },
        "up": {
          "uv": [
            9.5,
            11,
            8,
            10.5
          ],
          "texture": "#0"
        },
        "down": {
          "uv": [
            9.5,
            11,
            8,
            10.5
          ],
          "texture": "#0"
        }
      }
    },
    {
      "from": [
        17,
        24,
        15
      ],
      "to": [
        18,
        29,
        16
      ],
      "rotation": {
        "angle": -45,
        "axis": "x",
        "origin": [
          18,
          25,
          16
        ]
      },
      "faces": {
        "north": {
          "uv": [
            9.5,
            9.5,
            10,
            12
          ],
          "texture": "#0"
        },
        "east": {
          "uv": [
            10,
            9.5,
            10.5,
            12
          ],
          "texture": "#0"
        },
        "south": {
          "uv": [
            9.5,
            9.5,
            10,
            12
          ],
          "texture": "#0"
        },
        "west": {
          "uv": [
            10,
            9.5,
            10.5,
            12
          ],
          "texture": "#0"
        },
        "up": {
          "uv": [
            11,
            10,
            10.5,
            9.5
          ],
          "texture": "#0"
        },
        "down": {
          "uv": [
            11,
            10,
            10.5,
            9.5
          ],
          "texture": "#0"
        }
      }
    },
    {
      "from": [
        -3,
        27,
        12
      ],
      "to": [
        0,
        32,
        17
      ],
      "rotation": {
        "angle": 0,
        "axis": "y",
        "origin": [
          16,
          0,
          0
        ]
      },
      "faces": {
        "north": {
          "uv": [
            9.5,
            5.5,
            8,
            8
          ],
          "texture": "#0"
        },
        "east": {
          "uv": [
            10.5,
            3,
            8,
            5.5
          ],
          "texture": "#0"
        },
        "south": {
          "uv": [
            11,
            5.5,
            12.5,
            8
          ],
          "texture": "#0"
        },
        "west": {
          "uv": [
            10.5,
            3,
            8,
            5.5
          ],
          "texture": "#0"
        },
        "up": {
          "uv": [
            12.5,
            5.5,
            11,
            3
          ],
          "texture": "#0"
        },
        "down": {
          "uv": [
            8,
            10.5,
            9.5,
            8
          ],
          "texture": "#0"
        }
      }
    },
    {
      "from": [
        -3,
        22,
        16
      ],
      "to": [
        0,
        27,
        17
      ],
      "rotation": {
        "angle": 0,
        "axis": "y",
        "origin": [
          16,
          0,
          0
        ]
      },
      "faces": {
        "north": {
          "uv": [
            11,
            5.5,
            9.5,
            8
          ],
          "texture": "#0"
        },
        "east": {
          "uv": [
            11,
            3,
            10.5,
            5.5
          ],
          "texture": "#0"
        },
        "south": {
          "uv": [
            11,
            8,
            12.5,
            10.5
          ],
          "texture": "#0"
        },
        "west": {
          "uv": [
            11,
            3,
            10.5,
            5.5
          ],
          "texture": "#0"
        },
        "up": {
          "uv": [
            8,
            11,
            9.5,
            10.5
          ],
          "texture": "#0"
        },
        "down": {
          "uv": [
            8,
            11,
            9.5,
            10.5
          ],
          "texture": "#0"
        }
      }
    },
    {
      "from": [
        -2,
        24,
        15
      ],
      "to": [
        -1,
        29,
        16
      ],
      "rotation": {
        "angle": -45,
        "axis": "x",
        "origin": [
          -2,
          25,
          16
        ]
      },
      "faces": {
        "north": {
          "uv": [
            10,
            9.5,
            9.5,
            12
          ],
          "texture": "#0"
        },
        "east": {
          "uv": [
            10.5,
            9.5,
            10,
            12
          ],
          "texture": "#0"
        },
        "south": {
          "uv": [
            10,
            9.5,
            9.5,
            12
          ],
          "texture": "#0"
        },
        "west": {
          "uv": [
            10.5,
            9.5,
            10,
            12
          ],
          "texture": "#0"
        },
        "up": {
          "uv": [
            10.5,
            10,
            11,
            9.5
          ],
          "texture": "#0"
        },
        "down": {
          "uv": [
            10.5,
            10,
            11,
            9.5
          ],
          "texture": "#0"
        }
      }
    },
    {
      "from": [
        0,
        2,
        12.9
      ],
      "to": [
        16,
        31,
        12.9
      ],
      "faces": {
        "north": {
          "uv": [
            0,
            0,
            8,
            14.5
          ],
          "texture": "#0"
        },
        "south": {
          "uv": [
            0,
            0,
            8,
            14.5
          ],
          "texture": "#0"
        }
      }
    }
  ],
  "gui_light": "front",
  "display": {
    "thirdperson_righthand": {
      "translation": [
        0.25,
        0,
        0
      ],
      "scale": [
        0.22,
        0.22,
        0.22
      ]
    },
    "thirdperson_lefthand": {
      "translation": [
        0.25,
        0,
        0
      ],
      "scale": [
        0.22,
        0.22,
        0.22
      ]
    },
    "firstperson_righthand": {
      "rotation": [
        0,
        129,
        0
      ],
      "scale": [
        0.45,
        0.45,
        0.45
      ]
    },
    "firstperson_lefthand": {
      "rotation": [
        0,
        129,
        0
      ],
      "scale": [
        0.45,
        0.45,
        0.45
      ]
    },
    "ground": {
      "translation": [
        0,
        2,
        -1.75
      ],
      "scale": [
        0.5,
        0.5,
        0.5
      ]
    },
    "gui": {
      "rotation": [
        30,
        225,
        0
      ],
      "translation": [
        1.75,
        -5.25,
        0
      ],
      "scale": [
        0.42,
        0.42,
        0.42
      ]
    },
    "fixed": {
      "translation": [
        0,
        -22.25,
        -14.25
      ],
      "scale": [
        1.6,
        1.6,
        1.6
      ]
    }
  }
}