{
    "parent":"item/generated",
    "textures":{
       "layer0":"item/iron_ingot"
    },
    "overrides":[
	{"predicate":{"custom_model_data":1},"model":"minehammer:item/valentines/halo"} ,
	{"predicate":{"custom_model_data":2},"model":"minehammer:item/valentines/heart_glasses"} ,
	{"predicate":{"custom_model_data":3},"model":"minehammer:item/valentines/cupids_wings"} ,
	{"predicate":{"custom_model_data":4},"model":"minehammer:item/valentines/valentines_teddy_bear"} ,
	{"predicate":{"custom_model_data":5},"model":"minecraft:item/iron_ingot"} ,
	{"predicate":{"custom_model_data":102},"model":"minehammer:item/newyear/newyear_hat"} ,
	{"predicate":{"custom_model_data":103},"model":"minecraft:item/iron_ingot"} ,
	{"predicate":{"custom_model_data":111},"model":"minehammer:item/newyear/newyear_bag"} ,
	{
			"predicate": {
				"custom_model_data": 112
			},
			"model": "minehammer:item/cosmetics/hotdog"
		},
	{"predicate":{"custom_model_data":113},"model":"minecraft:item/iron_ingot"},
		{
			"predicate": {
				"custom_model_data": 114
			},
			"model": "minehammer:item/cosmetics/angel_wings"
		},
		{
			"predicate": {
				"custom_model_data": 115
			},
			"model": "minehammer:item/cosmetics/chick_hat"
		},
		{
			"predicate": {
				"custom_model_data": 116
			},
			"model": "minehammer:item/cosmetics/demon_horns"
		},
		{
			"predicate": {
				"custom_model_data": 117
			},
			"model": "minehammer:item/cosmetics/demon_wings"
		},
		{
			"predicate": {
				"custom_model_data": 118
			},
			"model": "minehammer:item/cosmetics/dragon_hat_red"
		},
		{
			"predicate": {
				"custom_model_data": 119
			},
			"model": "minehammer:item/cosmetics/dragon_wings_red"
		},
		{
			"predicate": {
				"custom_model_data": 120
			},
			"model": "minehammer:item/cosmetics/panda_hat"
		},
		{
			"predicate": {
				"custom_model_data": 121
			},
			"model": "minehammer:item/cosmetics/squirrel_tail"
		},
		{ "predicate": {"custom_model_data": 122}, "model": "minehammer:item/christmas/rudolph_hat"},
		{ "predicate": {"custom_model_data": 123}, "model": "minehammer:item/christmas/santaclaus_hat"},
		{ "predicate": {"custom_model_data": 124}, "model": "minehammer:item/christmas/rudolph_santaclaus_hat"},
		{ "predicate": {"custom_model_data": 125}, "model": "minehammer:item/cosmetics/staff_cap"},
		{
			"predicate": {
				"custom_model_data": 126
			},
			"model": "minehammer:item/cosmetics/ban_hammer"
		},
		{
			"predicate": {
				"custom_model_data": 127
			},
			"model": "minehammer:item/steampunk/steampunk_hat"
		},
		{
			"predicate": {
				"custom_model_data": 128
			},
			"model": "minehammer:item/cosmetics/tophat2"
		},
		{
			"predicate": {
				"custom_model_data": 129
			},
			"model": "minehammer:item/fallenset/wings"
		},
		{"predicate":{"custom_model_data":130},"model":"minecraft:item/iron_ingot"},
		{
      "predicate": {
        "custom_model_data": 1600001
      },
      "model": "saintpatricksset:wings_cosmeticscore"
    },
    {
      "predicate": {
        "custom_model_data": 1600002
      },
      "model": "saintpatricksset:wings_cosmeticscore_self"
    },
    {
      "predicate": {
        "custom_model_data": 1600003
      },
      "model": "saintpatricksset:helmet"
    },
    {
      "predicate": {
        "custom_model_data": 1600004
      },
      "model": "item/iron_ingot"
    }
    ]
 }