{
  "parent": "minecraft:item/handheld",
  "textures": {
    "layer0": "minecraft:item/netherite_sword"
  },
	"overrides": [

{ "predicate": { "custom_model_data": 1}, "model": "minehammer:item/royal/royal_scepter" },
{ "predicate": { "custom_model_data": 2}, "model": "minehammer:item/pearl/pearl_sword" },
{ "predicate": { "custom_model_data": 3}, "model": "minehammer:item/legendary-set/legendary_sword" },
{ "predicate": { "custom_model_data": 4}, "model": "minehammer:item/valentines/cupids_sword" },
{
			"predicate": {
				"custom_model_data": 5
			},
			"model": "minehammer:item/steampunk/steampunk_sword"
		},
		{
			"predicate": {
				"custom_model_data": 6
			},
			"model": "minehammer:item/fallenset/sword"
		},
		{"predicate": {"custom_model_data":7}, "model": "littleroom_magnus:magnus_sword"},
		{
			"predicate": {
				"custom_model_data": 8
			},
			"model": "minecraft:item/netherite_sword"
		},
		{"predicate": {"custom_model_data": 2003},"model": "item/weapons/zeus_jolt"},
		{"predicate": {"custom_model_data": 2004},"model": "item/weapons/zeus_jolt_blue"},
		{
			"predicate": {
				"custom_model_data": 2005
			},
			"model": "minecraft:item/netherite_sword"
		},
		{
      "predicate": {
        "custom_model_data": 10000
      },
      "model": "saintpatricksset:greatsword"
    },
    {
      "predicate": {
        "custom_model_data": 10001
      },
      "model": "saintpatricksset:hammer"
    },
    {
      "predicate": {
        "custom_model_data": 10002
      },
      "model": "saintpatricksset:scythe"
    },
    {
      "predicate": {
        "custom_model_data": 10003
      },
      "model": "saintpatricksset:spear"
    },
    {
      "predicate": {
        "custom_model_data": 10004
      },
      "model": "saintpatricksset:staff"
    },
    {
      "predicate": {
        "custom_model_data": 10005
      },
      "model": "saintpatricksset:sword"
    },
    {
      "predicate": {
        "custom_model_data": 10006
      },
      "model": "saintpatricksset:trident"
    },
    {
      "predicate": {
        "custom_model_data": 10007
      },
      "model": "item/netherite_sword"
    }

	]
}

