{
  "parent": "minecraft:item/handheld",
  "textures": {
    "layer0": "minecraft:item/netherite_hoe"
  },
	"overrides": [
	{ "predicate": { "custom_model_data": 1}, "model": "minehammer:item/valentines/cupids_hoe" },
{ "predicate": { "custom_model_data": 2}, "model": "minehammer:item/pearl/pearl_hoe" },
{ "predicate": { "custom_model_data": 3}, "model": "minehammer:item/legendary-set/legendary_hoe" },
		{
			"predicate": {
				"custom_model_data": 4
			},
			"model": "minehammer:item/steampunk/steampunk_hoe"
		},
		{
			"predicate": {
				"custom_model_data": 5
			},
			"model": "minehammer:item/fallenset/hoe"
		},
		{
			"predicate": {
				"custom_model_data": 6
			},
			"model": "minecraft:item/netherite_hoe"
		},
		 {
      "predicate": {
        "custom_model_data": 10000
      },
      "model": "saintpatricksset:hoe"
    },
    {
      "predicate": {
        "custom_model_data": 10001
      },
      "model": "item/netherite_hoe"
    }
	]
}

