{
	"credit": "MadewithBlockbench",
	"texture_size": [128, 128],
	"textures": {
		"0": "elitecreatures:industrial_kitchen_v1/ik_hood",
		"particle": "elitecreatures:industrial_kitchen_v1/ik_hood"
	},
	"elements": [
		{
			"from": [-16, 16, 0],
			"to": [16, 21, 16],
			"rotation": {"angle": 0, "axis": "y", "origin": [6.5, 20.875, 16]},
			"faces": {
				"north": {"uv": [5.25, 2, 9.25, 2.625], "texture": "#0"},
				"east": {"uv": [6, 4, 8, 4.625], "texture": "#0"},
				"south": {"uv": [5.25, 2, 9.25, 2.625], "texture": "#0"},
				"west": {"uv": [8, 4, 6, 4.625], "texture": "#0"},
				"up": {"uv": [2, 4, 0, 0], "rotation": 90, "texture": "#0"},
				"down": {"uv": [4, 0, 2, 4], "rotation": 270, "texture": "#0"}
			}
		},
		{
			"from": [-12, 21, 6],
			"to": [12, 32, 16],
			"rotation": {"angle": 0, "axis": "y", "origin": [6.5, 20.875, 16]},
			"faces": {
				"north": {"uv": [4, 0, 7, 1.375], "texture": "#0"},
				"east": {"uv": [5.25, 2.625, 6.5, 4], "texture": "#0"},
				"south": {"uv": [4, 0, 7, 1.375], "texture": "#0"},
				"west": {"uv": [6.5, 2.625, 5.25, 4], "texture": "#0"},
				"up": {"uv": [5.25, 4.375, 4, 1.375], "rotation": 90, "texture": "#0"},
				"down": {"uv": [4.25, 4.375, 3, 7.375], "rotation": 270, "texture": "#0"}
			}
		},
		{
			"from": [-13, 15.5, 1],
			"to": [13, 15.5, 8],
			"rotation": {"angle": 0, "axis": "y", "origin": [6.5, 20.875, 16]},
			"faces": {
				"north": {"uv": [0, 0, 3.25, 0], "texture": "#0"},
				"east": {"uv": [0, 0, 0.875, 0], "texture": "#0"},
				"south": {"uv": [0, 0, 3.25, 0], "texture": "#0"},
				"west": {"uv": [0, 0, 0.875, 0], "texture": "#0"},
				"up": {"uv": [1.75, 5.375, 0.875, 8.625], "rotation": 90, "texture": "#0"},
				"down": {"uv": [1.75, 8.625, 0.875, 5.375], "rotation": 270, "texture": "#0"}
			}
		},
		{
			"from": [13, 14.5, 1],
			"to": [16, 16, 8],
			"rotation": {"angle": 0, "axis": "y", "origin": [6.5, 20.875, 16]},
			"faces": {
				"north": {"uv": [5.25, 4.125, 5.625, 4.1875], "texture": "#0"},
				"east": {"uv": [6.5, 6.6875, 7.375, 6.875], "texture": "#0"},
				"south": {"uv": [5.25, 4, 5.625, 4.0625], "texture": "#0"},
				"west": {"uv": [7.375, 6.6875, 6.5, 6.875], "texture": "#0"},
				"up": {"uv": [3.875, 4.375, 3, 4], "rotation": 90, "texture": "#0"},
				"down": {"uv": [7.375, 2.625, 6.5, 3], "rotation": 270, "texture": "#0"}
			}
		},
		{
			"from": [-16, 14.5, 9],
			"to": [16, 16, 16],
			"rotation": {"angle": 0, "axis": "y", "origin": [6.5, 20.875, 16]},
			"faces": {
				"east": {"uv": [6.5, 6.4375, 7.375, 6.625], "texture": "#0"},
				"south": {"uv": [6.5, 6.875, 10.5, 7.0625], "texture": "#0"},
				"west": {"uv": [7.375, 6.4375, 6.5, 6.625], "texture": "#0"},
				"up": {"uv": [5.125, 8.375, 4.25, 4.375], "rotation": 90, "texture": "#0"},
				"down": {"uv": [6, 4.375, 5.125, 8.375], "rotation": 270, "texture": "#0"}
			}
		},
		{
			"from": [-16, 14.5, 8],
			"to": [16, 16, 9],
			"rotation": {"angle": 0, "axis": "y", "origin": [6.5, 20.875, 16]},
			"faces": {
				"north": {"uv": [6.5, 5.375, 10.5, 5.5625], "texture": "#0"},
				"east": {"uv": [6.5, 6.875, 6.625, 7.0625], "texture": "#0"},
				"south": {"uv": [6.5, 5.375, 10.5, 5.4375], "texture": "#0"},
				"west": {"uv": [6.5, 6.875, 6.625, 7.0625], "texture": "#0"},
				"up": {"uv": [6.125, 9.25, 6, 5.25], "rotation": 90, "texture": "#0"},
				"down": {"uv": [6.25, 5.25, 6.125, 9.25], "rotation": 270, "texture": "#0"}
			}
		},
		{
			"from": [-16, 14.5, 0],
			"to": [16, 16, 1],
			"rotation": {"angle": 0, "axis": "y", "origin": [6.5, 20.875, 16]},
			"faces": {
				"north": {"uv": [6.5, 5.375, 10.5, 5.5625], "texture": "#0"},
				"east": {"uv": [6.5, 6.875, 6.625, 7.0625], "texture": "#0"},
				"south": {"uv": [6.5, 5.375, 10.5, 5.4375], "texture": "#0"},
				"west": {"uv": [6.5, 6.875, 6.625, 7.0625], "texture": "#0"},
				"up": {"uv": [6.125, 9.25, 6, 5.25], "rotation": 90, "texture": "#0"},
				"down": {"uv": [6.125, 5.25, 6.25, 9.25], "rotation": 270, "texture": "#0"}
			}
		},
		{
			"from": [-16, 14.5, 1],
			"to": [-13, 16, 8],
			"rotation": {"angle": 0, "axis": "y", "origin": [6.5, 20.875, 16]},
			"faces": {
				"north": {"uv": [5.625, 4.125, 5.25, 4.1875], "texture": "#0"},
				"east": {"uv": [6.5, 6.6875, 7.375, 6.875], "texture": "#0"},
				"south": {"uv": [5.625, 4, 5.25, 4.0625], "texture": "#0"},
				"west": {"uv": [7.375, 6.6875, 6.5, 6.875], "texture": "#0"},
				"up": {"uv": [3.875, 4, 3, 4.375], "rotation": 90, "texture": "#0"},
				"down": {"uv": [7.375, 3, 6.5, 2.625], "rotation": 270, "texture": "#0"}
			}
		}
	],
	"gui_light": "front",
	"display": {
		"thirdperson_righthand": {
			"rotation": [-175.4, 9.43, 176.56],
			"translation": [-1.5, 0, 0.5],
			"scale": [0.26, 0.26, 0.26]
		},
		"thirdperson_lefthand": {
			"rotation": [-175.4, 9.43, 176.56],
			"translation": [-1.5, 0, 0.5],
			"scale": [0.26, 0.26, 0.26]
		},
		"firstperson_righthand": {
			"rotation": [-175.4, 9.43, 176.56],
			"translation": [-1.5, 0, 0.5],
			"scale": [0.26, 0.26, 0.26]
		},
		"firstperson_lefthand": {
			"rotation": [-175.4, 9.43, 176.56],
			"translation": [-1.5, 0, 0.5],
			"scale": [0.26, 0.26, 0.26]
		},
		"ground": {
			"rotation": [-175.4, 9.43, 176.56],
			"translation": [-2.25, 0, -0.5],
			"scale": [0.26, 0.26, 0.26]
		},
		"gui": {
			"rotation": [-146.25, 46, -180],
			"translation": [-1.75, -3, 0],
			"scale": [0.37, 0.37, 0.37]
		},
		"head": {
			"rotation": [-175.4, 9.43, 176.56],
			"translation": [-1.5, 0, 0.5],
			"scale": [0.26, 0.26, 0.26]
		},
		"fixed": {
			"translation": [20.75, -29.75, -20.75],
			"scale": [2.7, 2.7, 2.7]
		}
	},
	"groups": [
		{
			"name": "group",
			"origin": [0, 0, 16],
			"color": 0,
			"children": [0, 1, 2, 3, 4, 5, 6, 7]
		}
	]
}