{
	"credit": "Made with Blockbench",
	"texture_size": [128, 128],
	"textures": {
		"0": "minehammer:item/valentines/valentines_cosmetics",
		"particle": "minehammer:item/valentines/valentines_cosmetics"
	},
	"elements": [
		{
			"from": [0, 0, 0],
			"to": [16, 0, 16],
			"faces": {
				"up": {"uv": [14, 2, 16, 4], "texture": "#0"},
				"down": {"uv": [16, 2, 14, 4], "texture": "#0"}
			}
		}
	],
	"display": {
		"thirdperson_righthand": {
			"rotation": [72, 0, 0],
			"translation": [-5.75, 6, 29]
		},
		"thirdperson_lefthand": {
			"rotation": [75, 0, 0],
			"translation": [-4.75, 6, 29]
		},
		"firstperson_righthand": {
			"rotation": [61, 0, 0],
			"translation": [5.75, 0.25, -3]
		},
		"firstperson_lefthand": {
			"rotation": [74, 0, 0],
			"translation": [0, 0.5, 0]
		},
		"ground": {
			"rotation": [180, -1, 0],
			"translation": [0, -9.25, 0]
		},
		"gui": {
			"rotation": [91, 0, 0]
		},
		"head": {
			"translation": [0, 22, 0],
			"scale": [1.4, 1.4, 1.4]
		},
		"fixed": {
			"rotation": [90, 0, 0],
			"translation": [0, 0, 7.75]
		}
	}
}