{
	"credit": "Made with Blockbench",
	"textures": {
		"0": "minehammer:item/coins/coin",
		"particle": "minehammer:item/coins/coin"
	},
"elements": [
		{
			"from": [7, 7, -12],
			"to": [9, 9, -12],
			"faces": {
				"north": {"uv": [16, 16, 0, 0], "texture": "#0"},
				"east": {"uv": [0, 10, 0, 10], "texture": "#0"},
				"south": {"uv": [0, 0, 16, 16], "texture": "#0"},
				"west": {"uv": [0, 16, 0, 16], "texture": "#0"},
				"up": {"uv": [2, 8, 2, 8], "texture": "#0"},
				"down": {"uv": [16, 0, 16, 0], "texture": "#0"}
			}
		}
	],
	"display": {
		"thirdperson_righthand": {
			"translation": [0, 2, 21],
			"scale": [4, 4, 1.06]
		},
		"thirdperson_lefthand": {
			"translation": [0, 0, 21],
			"scale": [4, 4, 1.06]
		},
		"firstperson_righthand": {
			"translation": [0, 0, 15],
			"scale": [4, 4, 1]
		},
		"firstperson_lefthand": {
			"translation": [0, 0, 14],
			"scale": [4, 4, 1]
		},
		"ground": {
			"scale": [4, 4, 0]
		},
		"gui": {
			"translation": [0, -0.5, 1],
			"scale": [4, 4, 4]
		},
		"fixed": {
			"rotation": [0, 180, 1],
			"scale": [4, 4, 0]
		}
	}
}