{
  "credit": "magic_store_official",
  "texture_size": [
    32,
    32
  ],
  "textures": {
    "0": "magic_store:furnitures/bank_pack/bank_money",
    "particle": "magic_store:furnitures/bank_pack/bank_money"
  },
  "elements": [
    {
      "from": [
        4,
        0.1,
        0
      ],
      "to": [
        8,
        0.1,
        7
      ],
      "rotation": {
        "angle": -22.5,
        "axis": "y",
        "origin": [
          4,
          0.1,
          4.5
        ]
      },
      "faces": {
        "north": {
          "uv": [
            0,
            0,
            2,
            0
          ],
          "texture": "#0"
        },
        "east": {
          "uv": [
            0,
            0,
            3.5,
            0
          ],
          "texture": "#0"
        },
        "south": {
          "uv": [
            0,
            0,
            2,
            0
          ],
          "texture": "#0"
        },
        "west": {
          "uv": [
            0,
            0,
            3.5,
            0
          ],
          "texture": "#0"
        },
        "up": {
          "uv": [
            2,
            8.5,
            0,
            5
          ],
          "texture": "#0"
        },
        "down": {
          "uv": [
            2,
            8.5,
            0,
            5
          ],
          "texture": "#0"
        }
      }
    },
    {
      "from": [
        -3,
        0.1,
        6
      ],
      "to": [
        1,
        0.1,
        13
      ],
      "rotation": {
        "angle": 45,
        "axis": "y",
        "origin": [
          4,
          0.1,
          4.5
        ]
      },
      "faces": {
        "north": {
          "uv": [
            0,
            0,
            2,
            0
          ],
          "texture": "#0"
        },
        "east": {
          "uv": [
            0,
            0,
            3.5,
            0
          ],
          "texture": "#0"
        },
        "south": {
          "uv": [
            0,
            0,
            2,
            0
          ],
          "texture": "#0"
        },
        "west": {
          "uv": [
            0,
            0,
            3.5,
            0
          ],
          "texture": "#0"
        },
        "up": {
          "uv": [
            2,
            8.5,
            0,
            5
          ],
          "texture": "#0"
        },
        "down": {
          "uv": [
            2,
            5,
            0,
            8.5
          ],
          "texture": "#0"
        }
      }
    },
    {
      "from": [
        10,
        0,
        1
      ],
      "to": [
        14,
        5,
        8
      ],
      "faces": {
        "north": {
          "uv": [
            7.5,
            1.5,
            9.5,
            4
          ],
          "texture": "#0"
        },
        "east": {
          "uv": [
            0,
            2.5,
            3.5,
            5
          ],
          "texture": "#0"
        },
        "south": {
          "uv": [
            7.5,
            1.5,
            9.5,
            4
          ],
          "texture": "#0"
        },
        "west": {
          "uv": [
            0,
            2.5,
            3.5,
            5
          ],
          "texture": "#0"
        },
        "up": {
          "uv": [
            7.5,
            7,
            5.5,
            3.5
          ],
          "texture": "#0"
        },
        "down": {
          "uv": [
            4,
            7,
            2,
            10.5
          ],
          "texture": "#0"
        }
      }
    },
    {
      "from": [
        7.5,
        0,
        11.5
      ],
      "to": [
        14.5,
        3,
        15.5
      ],
      "rotation": {
        "angle": 22.5,
        "axis": "y",
        "origin": [
          7,
          1.5,
          10.5
        ]
      },
      "faces": {
        "north": {
          "uv": [
            7.5,
            0,
            11,
            1.5
          ],
          "texture": "#0"
        },
        "east": {
          "uv": [
            7.5,
            6.5,
            9.5,
            8
          ],
          "texture": "#0"
        },
        "south": {
          "uv": [
            7.5,
            0,
            11,
            1.5
          ],
          "texture": "#0"
        },
        "west": {
          "uv": [
            7.5,
            6.5,
            9.5,
            8
          ],
          "texture": "#0"
        },
        "up": {
          "uv": [
            7.5,
            7,
            5.5,
            3.5
          ],
          "rotation": 270,
          "texture": "#0"
        },
        "down": {
          "uv": [
            5.5,
            3.5,
            3.5,
            7
          ],
          "rotation": 90,
          "texture": "#0"
        }
      }
    }
  ],
  "display": {
    "thirdperson_righthand": {
      "rotation": [
        49,
        36,
        0
      ],
      "translation": [
        -0.5,
        3.75,
        1.5
      ],
      "scale": [
        0.35,
        0.35,
        0.35
      ]
    },
    "thirdperson_lefthand": {
      "rotation": [
        49,
        36,
        0
      ],
      "translation": [
        -0.5,
        3.75,
        1.5
      ],
      "scale": [
        0.35,
        0.35,
        0.35
      ]
    },
    "firstperson_righthand": {
      "rotation": [
        -180,
        65,
        -180
      ],
      "translation": [
        11.25,
        -0.25,
        -9.25
      ],
      "scale": [
        0.85,
        0.85,
        0.85
      ]
    },
    "firstperson_lefthand": {
      "rotation": [
        -180,
        65,
        -180
      ],
      "translation": [
        11.25,
        -0.25,
        -9.25
      ],
      "scale": [
        0.85,
        0.85,
        0.85
      ]
    },
    "ground": {
      "translation": [
        0,
        5.5,
        0
      ],
      "scale": [
        0.4,
        0.4,
        0.4
      ]
    },
    "gui": {
      "rotation": [
        30,
        145.5,
        0
      ],
      "translation": [
        0.5,
        2.5,
        0
      ],
      "scale": [
        0.75,
        0.75,
        0.75
      ]
    },
    "head": {
      "translation": [
        0,
        -30.5,
        0
      ],
      "scale": [
        1.6,
        1.6,
        1.6
      ]
    },
    "fixed": {
      "rotation": [
        -90,
        0,
        0
      ],
      "translation": [
        0,
        0,
        -16
      ],
      "scale": [
        2,
        2,
        2
      ]
    }
  },
  "groups": [
    {
      "name": "group",
      "origin": [
        7,
        1.5,
        10.5
      ],
      "color": 0,
      "children": [
        0,
        1,
        2,
        3
      ]
    }
  ]
}