{
   "parent":"item/generated",
   "textures":{
      "layer0":"item/golden_carrot"
   },
   "overrides":[
      {"predicate":{"custom_model_data":1},"model":"minehammer:item/food/banana"},
      {"predicate":{"custom_model_data":2},"model":"minehammer:item/food/burger"},
      {"predicate":{"custom_model_data":3},"model":"minehammer:item/food/coconut"},
      {"predicate":{"custom_model_data":4},"model":"minehammer:item/food/corn"},
      {"predicate":{"custom_model_data":5},"model":"minehammer:item/food/donut"},
      {"predicate":{"custom_model_data":6},"model":"minehammer:item/food/fries"},
      {"predicate":{"custom_model_data":7},"model":"minehammer:item/food/hotdog"},
      {"predicate":{"custom_model_data":8},"model":"minehammer:item/food/kiwi"},
      {"predicate":{"custom_model_data":9},"model":"minehammer:item/food/lemon_icecream"},
      {"predicate":{"custom_model_data":10},"model":"minehammer:item/food/pancakes"},
      {"predicate":{"custom_model_data":11},"model":"minehammer:item/food/pizza"},
      {"predicate":{"custom_model_data":12},"model":"minehammer:item/food/raspberry_icecream"},
      {"predicate":{"custom_model_data":13},"model":"minehammer:item/food/strawberry"}
   ]
}