{
	"credit": "Made with Blockbench",
	"texture_size": [64, 64],
	"textures": {
		"0": "littlebunny:easter_basket",
		"particle": "littlebunny:easter_basket"
	},
	"elements": [
		{
			"from": [-3, 0, -3],
			"to": [19, 10, 19],
			"faces": {
				"north": {"uv": [0, 0.5, 5.5, 3], "texture": "#0"},
				"east": {"uv": [0, 0.5, 5.5, 3], "texture": "#0"},
				"south": {"uv": [0, 0.5, 5.5, 3], "texture": "#0"},
				"west": {"uv": [0, 0.5, 5.5, 3], "texture": "#0"},
				"up": {"uv": [0.25, 8.75, 5.75, 14.25], "texture": "#0"},
				"down": {"uv": [0, 3, 5.5, 8.5], "texture": "#0"}
			}
		},
		{
			"from": [-4, 10, -4],
			"to": [-2, 12, 20],
			"faces": {
				"north": {"uv": [5.5, 0, 6, 0.5], "texture": "#0"},
				"east": {"uv": [0.5, 0.25, 5.5, 0.5], "texture": "#0"},
				"south": {"uv": [0, 0, 0.5, 0.5], "texture": "#0"},
				"west": {"uv": [0, 0, 6, 0.5], "texture": "#0"},
				"up": {"uv": [0, 8.5, 0.5, 14.5], "texture": "#0"},
				"down": {"uv": [0, 0.5, 0.25, 0.75], "texture": "#0"}
			}
		},
		{
			"from": [18, 10, -4],
			"to": [20, 12, 20],
			"rotation": {"angle": 0, "axis": "y", "origin": [8, 0, 8]},
			"faces": {
				"north": {"uv": [0, 0, 0.5, 0.5], "texture": "#0"},
				"east": {"uv": [0, 0, 6, 0.5], "texture": "#0"},
				"south": {"uv": [5.5, 0, 6, 0.5], "texture": "#0"},
				"west": {"uv": [0.5, 0.25, 5.5, 0.5], "texture": "#0"},
				"up": {"uv": [0, 8.5, 0.5, 14.5], "rotation": 180, "texture": "#0"},
				"down": {"uv": [0, 0.5, 0.25, 0.75], "rotation": 180, "texture": "#0"}
			}
		},
		{
			"from": [-2, 10, -4],
			"to": [18, 12, -2],
			"faces": {
				"north": {"uv": [0.5, 0, 5.5, 0.5], "texture": "#0"},
				"south": {"uv": [0.5, 0.25, 5.5, 0.5], "texture": "#0"},
				"up": {"uv": [0.5, 8.5, 5.5, 9], "texture": "#0"},
				"down": {"uv": [0, 0.5, 0.25, 0.75], "texture": "#0"}
			}
		},
		{
			"from": [-2, 10, 18],
			"to": [18, 12, 20],
			"faces": {
				"north": {"uv": [0.5, 0.25, 5.5, 0.5], "texture": "#0"},
				"south": {"uv": [0.5, 0, 5.5, 0.5], "texture": "#0"},
				"up": {"uv": [0.5, 14, 5.5, 14.5], "texture": "#0"},
				"down": {"uv": [0, 0.5, 0.25, 0.75], "texture": "#0"}
			}
		},
		{
			"from": [-4, 12, 7],
			"to": [-2, 24, 9],
			"faces": {
				"north": {"uv": [5.5, 1, 6, 4], "texture": "#0"},
				"east": {"uv": [5.5, 1, 6, 4], "texture": "#0"},
				"south": {"uv": [5.5, 1, 6, 4], "texture": "#0"},
				"west": {"uv": [5.5, 1, 6, 4], "texture": "#0"}
			}
		},
		{
			"from": [18, 12, 7],
			"to": [20, 24, 9],
			"faces": {
				"north": {"uv": [5.5, 1, 6, 4], "texture": "#0"},
				"east": {"uv": [5.5, 1, 6, 4], "texture": "#0"},
				"south": {"uv": [5.5, 1, 6, 4], "texture": "#0"},
				"west": {"uv": [5.5, 1, 6, 4], "texture": "#0"}
			}
		},
		{
			"from": [-4, 24, 7],
			"to": [20, 26, 9],
			"faces": {
				"north": {"uv": [5.5, 4, 11.5, 4.5], "texture": "#0"},
				"east": {"uv": [5.5, 0.5, 6, 1], "texture": "#0"},
				"south": {"uv": [5.5, 4, 11.5, 4.5], "texture": "#0"},
				"west": {"uv": [5.5, 0.5, 6, 1], "texture": "#0"},
				"up": {"uv": [5.5, 4.5, 11.5, 5], "texture": "#0"},
				"down": {"uv": [5.5, 5, 11.5, 5.5], "texture": "#0"}
			}
		},
		{
			"from": [-1, 10, -1],
			"to": [2, 15, 2],
			"rotation": {"angle": -22.5, "axis": "y", "origin": [0.5, 12.5, 0.5]},
			"faces": {
				"north": {"uv": [8.5, 2.75, 9.25, 4], "texture": "#0"},
				"east": {"uv": [8.5, 2.75, 9.25, 4], "texture": "#0"},
				"south": {"uv": [8.5, 2.75, 9.25, 4], "texture": "#0"},
				"west": {"uv": [8.5, 2.75, 9.25, 4], "texture": "#0"},
				"up": {"uv": [8.5, 2, 9.25, 2.75], "texture": "#0"}
			}
		},
		{
			"from": [4, 8, 15],
			"to": [7, 13, 18],
			"rotation": {"angle": 0, "axis": "y", "origin": [0.5, 12.5, 0.5]},
			"faces": {
				"north": {"uv": [8.5, 2.75, 9.25, 4], "texture": "#0"},
				"east": {"uv": [8.5, 2.75, 9.25, 4], "texture": "#0"},
				"south": {"uv": [8.5, 2.75, 9.25, 4], "texture": "#0"},
				"west": {"uv": [8.5, 2.75, 9.25, 4], "texture": "#0"},
				"up": {"uv": [8.5, 2, 9.25, 2.75], "rotation": 90, "texture": "#0"}
			}
		},
		{
			"from": [15, 10, 3],
			"to": [18, 15, 6],
			"rotation": {"angle": 0, "axis": "y", "origin": [0.5, 12.5, 0.5]},
			"faces": {
				"north": {"uv": [8.5, 2.75, 9.25, 4], "texture": "#0"},
				"east": {"uv": [8.5, 2.75, 9.25, 4], "texture": "#0"},
				"south": {"uv": [8.5, 2.75, 9.25, 4], "texture": "#0"},
				"west": {"uv": [8.5, 2.75, 9.25, 4], "texture": "#0"},
				"up": {"uv": [8.5, 2, 9.25, 2.75], "rotation": 90, "texture": "#0"}
			}
		},
		{
			"from": [7, 9, -1],
			"to": [10, 14, 2],
			"faces": {
				"north": {"uv": [9.25, 2.75, 10, 4], "texture": "#0"},
				"east": {"uv": [9.25, 2.75, 10, 4], "texture": "#0"},
				"south": {"uv": [9.25, 2.75, 10, 4], "texture": "#0"},
				"west": {"uv": [9.25, 2.75, 10, 4], "texture": "#0"},
				"up": {"uv": [9.25, 2, 10, 2.75], "texture": "#0"}
			}
		},
		{
			"from": [12, 10, 14],
			"to": [15, 15, 17],
			"faces": {
				"north": {"uv": [9.25, 2.75, 10, 4], "texture": "#0"},
				"east": {"uv": [9.25, 2.75, 10, 4], "texture": "#0"},
				"south": {"uv": [9.25, 2.75, 10, 4], "texture": "#0"},
				"west": {"uv": [9.25, 2.75, 10, 4], "texture": "#0"},
				"up": {"uv": [9.25, 2, 10, 2.75], "texture": "#0"}
			}
		},
		{
			"from": [15, 10, 6],
			"to": [18, 15, 9],
			"rotation": {"angle": 22.5, "axis": "z", "origin": [16.5, 12.5, 7.5]},
			"faces": {
				"north": {"uv": [9.25, 2.75, 10, 4], "texture": "#0"},
				"east": {"uv": [9.25, 2.75, 10, 4], "texture": "#0"},
				"south": {"uv": [9.25, 2.75, 10, 4], "texture": "#0"},
				"west": {"uv": [9.25, 2.75, 10, 4], "texture": "#0"},
				"up": {"uv": [9.25, 2, 10, 2.75], "texture": "#0"}
			}
		},
		{
			"from": [0, 9, 3],
			"to": [3, 14, 6],
			"faces": {
				"north": {"uv": [9.25, 2.75, 10, 4], "texture": "#0"},
				"east": {"uv": [9.25, 2.75, 10, 4], "texture": "#0"},
				"south": {"uv": [9.25, 2.75, 10, 4], "texture": "#0"},
				"west": {"uv": [9.25, 2.75, 10, 4], "texture": "#0"},
				"up": {"uv": [9.25, 2, 10, 2.75], "texture": "#0"}
			}
		},
		{
			"from": [14, 10, -1],
			"to": [17, 15, 2],
			"rotation": {"angle": 22.5, "axis": "z", "origin": [15.5, 12.5, 0.5]},
			"faces": {
				"north": {"uv": [9.25, 2.75, 10, 4], "texture": "#0"},
				"east": {"uv": [9.25, 2.75, 10, 4], "texture": "#0"},
				"south": {"uv": [9.25, 2.75, 10, 4], "texture": "#0"},
				"west": {"uv": [9.25, 2.75, 10, 4], "texture": "#0"},
				"up": {"uv": [9.25, 2, 10, 2.75], "texture": "#0"}
			}
		},
		{
			"from": [10, 10, -2],
			"to": [13, 15, 1],
			"faces": {
				"north": {"uv": [9.25, 0.75, 10, 2], "texture": "#0"},
				"east": {"uv": [9.25, 0.75, 10, 2], "texture": "#0"},
				"south": {"uv": [9.25, 0.75, 10, 2], "texture": "#0"},
				"west": {"uv": [9.25, 0.75, 10, 2], "texture": "#0"},
				"up": {"uv": [9.25, 0, 10, 0.75], "texture": "#0"}
			}
		},
		{
			"from": [14, 10, 9],
			"to": [17, 15, 12],
			"faces": {
				"north": {"uv": [9.25, 0.75, 10, 2], "texture": "#0"},
				"east": {"uv": [9.25, 0.75, 10, 2], "texture": "#0"},
				"south": {"uv": [9.25, 0.75, 10, 2], "texture": "#0"},
				"west": {"uv": [9.25, 0.75, 10, 2], "texture": "#0"},
				"up": {"uv": [9.25, 0, 10, 0.75], "texture": "#0"}
			}
		},
		{
			"from": [-2, 10, 11],
			"to": [1, 15, 14],
			"faces": {
				"north": {"uv": [9.25, 0.75, 10, 2], "texture": "#0"},
				"east": {"uv": [9.25, 0.75, 10, 2], "texture": "#0"},
				"south": {"uv": [9.25, 0.75, 10, 2], "texture": "#0"},
				"west": {"uv": [9.25, 0.75, 10, 2], "texture": "#0"},
				"up": {"uv": [9.25, 0, 10, 0.75], "texture": "#0"}
			}
		},
		{
			"from": [8, 11, 14],
			"to": [11, 16, 17],
			"rotation": {"angle": 22.5, "axis": "z", "origin": [10.5, 12.5, 15.5]},
			"faces": {
				"north": {"uv": [9.25, 0.75, 10, 2], "texture": "#0"},
				"east": {"uv": [9.25, 0.75, 10, 2], "texture": "#0"},
				"south": {"uv": [9.25, 0.75, 10, 2], "texture": "#0"},
				"west": {"uv": [9.25, 0.75, 10, 2], "texture": "#0"},
				"up": {"uv": [9.25, 0, 10, 0.75], "texture": "#0"}
			}
		},
		{
			"from": [3, 9, 0],
			"to": [6, 14, 3],
			"faces": {
				"north": {"uv": [8.5, 0.75, 9.25, 2], "texture": "#0"},
				"east": {"uv": [8.5, 0.75, 9.25, 2], "texture": "#0"},
				"south": {"uv": [8.5, 0.75, 9.25, 2], "texture": "#0"},
				"west": {"uv": [8.5, 0.75, 9.25, 2], "texture": "#0"},
				"up": {"uv": [8.5, 0, 9.25, 0.75], "texture": "#0"}
			}
		},
		{
			"from": [-1, 9, 14],
			"to": [2, 14, 17],
			"faces": {
				"north": {"uv": [8.5, 0.75, 9.25, 2], "texture": "#0"},
				"east": {"uv": [8.5, 0.75, 9.25, 2], "texture": "#0"},
				"south": {"uv": [8.5, 0.75, 9.25, 2], "texture": "#0"},
				"west": {"uv": [8.5, 0.75, 9.25, 2], "texture": "#0"},
				"up": {"uv": [8.5, 0, 9.25, 0.75], "texture": "#0"}
			}
		},
		{
			"from": [15, 9, 12],
			"to": [18, 14, 15],
			"faces": {
				"north": {"uv": [8.5, 0.75, 9.25, 2], "texture": "#0"},
				"east": {"uv": [8.5, 0.75, 9.25, 2], "texture": "#0"},
				"south": {"uv": [8.5, 0.75, 9.25, 2], "texture": "#0"},
				"west": {"uv": [8.5, 0.75, 9.25, 2], "texture": "#0"},
				"up": {"uv": [8.5, 0, 9.25, 0.75], "texture": "#0"}
			}
		},
		{
			"from": [-1, 11, 7],
			"to": [2, 16, 10],
			"rotation": {"angle": 22.5, "axis": "x", "origin": [0.5, 13.5, 7.5]},
			"faces": {
				"north": {"uv": [8.5, 0.75, 9.25, 2], "texture": "#0"},
				"east": {"uv": [8.5, 0.75, 9.25, 2], "texture": "#0"},
				"south": {"uv": [8.5, 0.75, 9.25, 2], "texture": "#0"},
				"west": {"uv": [8.5, 0.75, 9.25, 2], "texture": "#0"},
				"up": {"uv": [8.5, 0, 9.25, 0.75], "texture": "#0"}
			}
		},
		{
			"from": [4, 17, 5],
			"to": [7, 18, 8],
			"faces": {
				"north": {"uv": [6.25, 1.75, 7, 2], "texture": "#0"},
				"east": {"uv": [6.25, 1.75, 7, 2], "texture": "#0"},
				"south": {"uv": [6.25, 1.75, 7, 2], "texture": "#0"},
				"west": {"uv": [6.25, 1.75, 7, 2], "texture": "#0"},
				"up": {"uv": [7.5, 2, 8.25, 2.75], "texture": "#0"}
			}
		},
		{
			"from": [3, 12, 4],
			"to": [8, 17, 9],
			"faces": {
				"north": {"uv": [6, 2, 7.25, 3.25], "texture": "#0"},
				"east": {"uv": [6, 2, 7.25, 3.25], "texture": "#0"},
				"south": {"uv": [6, 2, 7.25, 3.25], "texture": "#0"},
				"west": {"uv": [6, 2, 7.25, 3.25], "texture": "#0"},
				"up": {"uv": [7.25, 1.75, 8.5, 3], "texture": "#0"},
				"down": {"uv": [6.25, 3.25, 6.5, 3.5], "texture": "#0"}
			}
		},
		{
			"from": [4, 11, 5],
			"to": [7, 12, 8],
			"faces": {
				"north": {"uv": [6.25, 3.25, 7, 3.5], "texture": "#0"},
				"east": {"uv": [6.25, 3.25, 7, 3.5], "texture": "#0"},
				"south": {"uv": [6.25, 3.25, 7, 3.5], "texture": "#0"},
				"west": {"uv": [6.25, 3.25, 7, 3.5], "texture": "#0"},
				"down": {"uv": [6.25, 3.25, 6.5, 3.5], "texture": "#0"}
			}
		},
		{
			"from": [10, 16, 4],
			"to": [13, 17, 7],
			"faces": {
				"north": {"uv": [6.25, 0, 7, 0.25], "texture": "#0"},
				"east": {"uv": [6.25, 0, 7, 0.25], "texture": "#0"},
				"south": {"uv": [6.25, 0, 7, 0.25], "texture": "#0"},
				"west": {"uv": [6.25, 0, 7, 0.25], "texture": "#0"},
				"up": {"uv": [7.5, 0.25, 8.25, 1], "texture": "#0"}
			}
		},
		{
			"from": [9, 11, 3],
			"to": [14, 16, 8],
			"faces": {
				"north": {"uv": [6, 0.25, 7.25, 1.5], "texture": "#0"},
				"east": {"uv": [6, 0.25, 7.25, 1.5], "texture": "#0"},
				"south": {"uv": [6, 0.25, 7.25, 1.5], "texture": "#0"},
				"west": {"uv": [6, 0.25, 7.25, 1.5], "texture": "#0"},
				"up": {"uv": [7.25, 0, 8.5, 1.25], "texture": "#0"},
				"down": {"uv": [6.25, 1.5, 6.5, 1.75], "texture": "#0"}
			}
		},
		{
			"from": [10, 10, 4],
			"to": [13, 11, 7],
			"faces": {
				"north": {"uv": [6.25, 1.5, 7, 1.75], "texture": "#0"},
				"east": {"uv": [6.25, 1.5, 7, 1.75], "texture": "#0"},
				"south": {"uv": [6.25, 1.5, 7, 1.75], "texture": "#0"},
				"west": {"uv": [6.25, 1.5, 7, 1.75], "texture": "#0"},
				"down": {"uv": [6.25, 1.5, 6.5, 1.75], "texture": "#0"}
			}
		},
		{
			"from": [3, 16, 11],
			"to": [6, 17, 14],
			"faces": {
				"north": {"uv": [10.25, 0, 11, 0.25], "texture": "#0"},
				"east": {"uv": [10.25, 0, 11, 0.25], "texture": "#0"},
				"south": {"uv": [10.25, 0, 11, 0.25], "texture": "#0"},
				"west": {"uv": [10.25, 0, 11, 0.25], "texture": "#0"},
				"up": {"uv": [11.5, 0.25, 12.25, 1], "texture": "#0"}
			}
		},
		{
			"from": [2, 11, 10],
			"to": [7, 16, 15],
			"faces": {
				"north": {"uv": [10, 0.25, 11.25, 1.5], "texture": "#0"},
				"east": {"uv": [10, 0.25, 11.25, 1.5], "texture": "#0"},
				"south": {"uv": [10, 0.25, 11.25, 1.5], "texture": "#0"},
				"west": {"uv": [10, 0.25, 11.25, 1.5], "texture": "#0"},
				"up": {"uv": [11.25, 0, 12.5, 1.25], "texture": "#0"},
				"down": {"uv": [10, 1.25, 10.25, 1.5], "texture": "#0"}
			}
		},
		{
			"from": [3, 10, 11],
			"to": [6, 11, 14],
			"faces": {
				"north": {"uv": [10.25, 1.5, 11, 1.75], "texture": "#0"},
				"east": {"uv": [10.25, 1.5, 11, 1.75], "texture": "#0"},
				"south": {"uv": [10.25, 1.5, 11, 1.75], "texture": "#0"},
				"west": {"uv": [10.25, 1.5, 11, 1.75], "texture": "#0"},
				"down": {"uv": [10.25, 1.5, 10.5, 1.75], "texture": "#0"}
			}
		},
		{
			"from": [9, 15, 10],
			"to": [12, 16, 13],
			"faces": {
				"north": {"uv": [10.25, 1.75, 11, 2], "texture": "#0"},
				"east": {"uv": [10.25, 1.75, 11, 2], "texture": "#0"},
				"south": {"uv": [10.25, 1.75, 11, 2], "texture": "#0"},
				"west": {"uv": [10.25, 1.75, 11, 2], "texture": "#0"},
				"up": {"uv": [11.5, 2, 12.25, 2.75], "texture": "#0"}
			}
		},
		{
			"from": [8, 10, 9],
			"to": [13, 15, 14],
			"faces": {
				"north": {"uv": [10, 2, 11.25, 3.25], "texture": "#0"},
				"east": {"uv": [10, 2, 11.25, 3.25], "texture": "#0"},
				"south": {"uv": [10, 2, 11.25, 3.25], "texture": "#0"},
				"west": {"uv": [10, 2, 11.25, 3.25], "texture": "#0"},
				"up": {"uv": [11.25, 1.75, 12.5, 3], "texture": "#0"},
				"down": {"uv": [10, 3, 10.25, 3.25], "texture": "#0"}
			}
		},
		{
			"from": [9, 9, 10],
			"to": [12, 10, 13],
			"faces": {
				"north": {"uv": [10.25, 3.25, 11, 3.5], "texture": "#0"},
				"east": {"uv": [10.25, 3.25, 11, 3.5], "texture": "#0"},
				"south": {"uv": [10.25, 3.25, 11, 3.5], "texture": "#0"},
				"west": {"uv": [10.25, 3.25, 11, 3.5], "texture": "#0"},
				"down": {"uv": [10, 3, 10.25, 3.25], "texture": "#0"}
			}
		},
		{
			"from": [5.9, 23.9, 6.9],
			"to": [10.1, 26.1, 9.1],
			"faces": {
				"north": {"uv": [8.5, 6, 9.5, 6.5], "texture": "#0", "tintindex": 1},
				"south": {"uv": [8.5, 6, 9.5, 6.5], "texture": "#0", "tintindex": 1},
				"up": {"uv": [8.5, 6, 9.5, 6.5], "texture": "#0", "tintindex": 1},
				"down": {"uv": [8.5, 6, 9.5, 6.5], "texture": "#0", "tintindex": 1}
			}
		},
		{
			"from": [-3.1, 7.9, -3.1],
			"to": [19.1, 10.1, 19.1],
			"faces": {
				"north": {"uv": [5.5, 5.5, 11, 6], "texture": "#0", "tintindex": 1},
				"east": {"uv": [5.5, 5.5, 11, 6], "texture": "#0", "tintindex": 1},
				"south": {"uv": [5.5, 5.5, 11, 6], "texture": "#0", "tintindex": 1},
				"west": {"uv": [5.5, 5.5, 11, 6], "texture": "#0", "tintindex": 1}
			}
		},
		{
			"from": [2.5, 23, 6.75],
			"to": [13.5, 28, 6.75],
			"faces": {
				"north": {"uv": [5.5, 6, 8.25, 7.25], "texture": "#0", "tintindex": 1},
				"south": {"uv": [5.5, 6, 8.25, 7.25], "texture": "#0", "tintindex": 1}
			}
		}
	],
	"display": {
		"thirdperson_righthand": {
			"rotation": [63, 54, 0],
			"scale": [0.25, 0.25, 0.25]
		},
		"thirdperson_lefthand": {
			"rotation": [63, 54, 0],
			"scale": [0.25, 0.25, 0.25]
		},
		"firstperson_righthand": {
			"rotation": [0, 121, 0],
			"translation": [24, -11.25, -18]
		},
		"firstperson_lefthand": {
			"rotation": [0, 121, 0],
			"translation": [24, -11.25, -18]
		},
		"ground": {
			"translation": [0, 3.5, 0],
			"scale": [0.28, 0.28, 0.28]
		},
		"gui": {
			"rotation": [30, 135, 0],
			"translation": [0, -0.75, 0],
			"scale": [0.45, 0.45, 0.45]
		},
		"head": {
			"translation": [0, -35, 0]
		},
		"fixed": {
			"translation": [0, 0, 0.25],
			"scale": [0.39, 0.39, 0.39]
		}
	},
	"groups": [
		{
			"name": "group",
			"origin": [0, 0, 0],
			"color": 0,
			"children": [0, 1, 2, 3, 4, 5, 6, 7]
		},
		8,
		9,
		10,
		11,
		12,
		13,
		14,
		15,
		16,
		17,
		18,
		19,
		20,
		21,
		22,
		23,
		{
			"name": "group",
			"origin": [0, 0, 0],
			"color": 0,
			"children": [24, 25, 26]
		},
		{
			"name": "group",
			"origin": [0, 0, 0],
			"color": 0,
			"children": [27, 28, 29]
		},
		{
			"name": "group",
			"origin": [0, 0, 0],
			"color": 0,
			"children": [30, 31, 32]
		},
		{
			"name": "group",
			"origin": [0, 0, 0],
			"color": 0,
			"children": [33, 34, 35]
		},
		{
			"name": "group",
			"origin": [0, 0, 0],
			"color": 0,
			"children": [36, 37, 38]
		}
	]
}