{
  "parent": "minecraft:item/generated",
  "textures": {
    "layer0": "item/leather_boots",
    "layer1": "item/leather_boots_overlay"
  },
	"overrides": [
	{
      "predicate": {
        "custom_model_data": 10000
      },
      "model": "saintpatricksset:ia_auto_gen/saintpatrickboots"
    },
    {
      "predicate": {
        "custom_model_data": 10003
      },
      "model": "valentines:ia_auto_gen/my_armor_boots"
    },
    {
      "predicate": {
        "custom_model_data": 10004
      },
      "model": "item/leather_boots"
    }
	]
}

