{
  "parent": "minecraft:item/generated",
  "textures": {
    "layer0": "minecraft:item/paper"
  },
  "overrides": [
    {
      "predicate": {
        "custom_model_data": 1
      },
      "model": "minehammer:item/pearl/pearl"
    },
    {
      "predicate": {
        "custom_model_data": 2
      },
      "model": "minehammer:item/other/jewel"
    },
    {
      "predicate": {
        "custom_model_data": 3
      },
      "model": "minehammer:item/other/totem_of_insurance"
    },
    {
      "predicate": {
        "custom_model_data": 4
      },
      "model": "minecraft:item/paper"
    },
    {
      "predicate": {
        "custom_model_data": 10000
      },
      "model": "minehammer:item/furniture/medieval_market_stalltable"
    },
    {
      "predicate": {
        "custom_model_data": 10001
      },
      "model": "minehammer:item/furniture/medieval_market_scarecrow"
    },
    {
      "predicate": {
        "custom_model_data": 10002
      },
      "model": "minehammer:item/furniture/medieval_market_campfire"
    },
    {
      "predicate": {
        "custom_model_data": 10003
      },
      "model": "minehammer:item/furniture/medieval_market_chest"
    },
    {
      "predicate": {
        "custom_model_data": 10004
      },
      "model": "minehammer:item/furniture/medieval_market_direction_sign"
    },
    {
      "predicate": {
        "custom_model_data": 10005
      },
      "model": "minehammer:item/furniture/medieval_market_hangingpot"
    },
    {
      "predicate": {
        "custom_model_data": 10006
      },
      "model": "minehammer:item/furniture/medieval_market_haybales"
    },
    {
      "predicate": {
        "custom_model_data": 10007
      },
      "model": "minehammer:item/furniture/medieval_market_lantern"
    },
    {
      "predicate": {
        "custom_model_data": 10008
      },
      "model": "minehammer:item/furniture/medieval_market_marketstall_red"
    },
    {
      "predicate": {
        "custom_model_data": 10009
      },
      "model": "minehammer:item/furniture/medieval_market_marketstall_purple"
    },
    {
      "predicate": {
        "custom_model_data": 10010
      },
      "model": "minehammer:item/furniture/medieval_market_open_chest"
    },
    {
      "predicate": {
        "custom_model_data": 10011
      },
      "model": "minehammer:item/furniture/medieval_market_pot"
    },
    {
      "predicate": {
        "custom_model_data": 10012
      },
      "model": "minehammer:item/furniture/medieval_market_bench"
    },
    {
      "predicate": {
        "custom_model_data": 10013
      },
      "model": "minehammer:item/furniture/medieval_market_box"
    },
    {
      "predicate": {
        "custom_model_data": 10014
      },
      "model": "minehammer:item/furniture/medieval_market_box_apples"
    },
    {
      "predicate": {
        "custom_model_data": 10015
      },
      "model": "minehammer:item/furniture/medieval_market_box_bread"
    },
    {
      "predicate": {
        "custom_model_data": 10016
      },
      "model": "minehammer:item/furniture/medieval_market_bed"
    },
    {
      "predicate": {
        "custom_model_data": 10017
      },
      "model": "minehammer:item/furniture/medieval_market_barell"
    },
    {
      "predicate": {
        "custom_model_data": 10018
      },
      "model": "minehammer:item/furniture/medieval_market_bath"
    },
    {
      "predicate": {
        "custom_model_data": 10019
      },
      "model": "minehammer:item/furniture/medieval_market_bag"
    },
    {
      "predicate": {
        "custom_model_data": 10020
      },
      "model": "minehammer:item/furniture/medieval_market_chair"
    },
    {
      "predicate": {
        "custom_model_data": 10021
      },
      "model": "minehammer:item/furniture/medieval_market_stool"
    },
    {
      "predicate": {
        "custom_model_data": 10022
      },
      "model": "minehammer:item/furniture/medieval_market_table"
    },
    {
      "predicate": {
        "custom_model_data": 10023
      },
      "model": "minehammer:item/furniture/medieval_market_wagon_red"
    },
    {
      "predicate": {
        "custom_model_data": 10024
      },
      "model": "minehammer:item/furniture/medieval_market_wagon_purple"
    },
    {
      "predicate": {
        "custom_model_data": 10025
      },
      "model": "minehammer:item/furniture/medieval_market_wagon2"
    },
    {
      "predicate": {
        "custom_model_data": 10026
      },
      "model": "minehammer:item/furniture/medieval_market_wall_lantern"
    },
    {
      "predicate": {
        "custom_model_data": 10027
      },
      "model": "minehammer:item/furniture/medieval_market_well"
    },
    {
      "predicate": {
        "custom_model_data": 10028
      },
      "model": "minehammer:item/furniture/medieval_market_wood_pile"
    },
    {
      "predicate": {
        "custom_model_data": 10029
      },
      "model": "minehammer:item/fallenset/chest"
    },
    {
      "predicate": {
        "custom_model_data": 10030
      },
      "model": "minehammer:item/fallenset/chest_open"
    },
    {
      "predicate": {
        "custom_model_data": 10031
      },
      "model": "minecraft:item/paper"
    },
    {
      "predicate": {
        "custom_model_data": 10036
      },
      "model": "playbox_cherryblossomfurniture:basket"
    },
    {
      "predicate": {
        "custom_model_data": 10037
      },
      "model": "playbox_cherryblossomfurniture:chair"
    },
    {
      "predicate": {
        "custom_model_data": 10038
      },
      "model": "playbox_cherryblossomfurniture:flowerpot"
    },
    {
      "predicate": {
        "custom_model_data": 10039
      },
      "model": "playbox_cherryblossomfurniture:kotatsu"
    },
    {
      "predicate": {
        "custom_model_data": 10040
      },
      "model": "playbox_cherryblossomfurniture:lamp"
    },
    {
      "predicate": {
        "custom_model_data": 10041
      },
      "model": "playbox_cherryblossomfurniture:leaves"
    },
    {
      "predicate": {
        "custom_model_data": 10042
      },
      "model": "playbox_cherryblossomfurniture:pond"
    },
    {
      "predicate": {
        "custom_model_data": 10043
      },
      "model": "playbox_cherryblossomfurniture:roomdivider"
    },
    {
      "predicate": {
        "custom_model_data": 10044
      },
      "model": "playbox_cherryblossomfurniture:sofa"
    },
    {
      "predicate": {
        "custom_model_data": 10045
      },
      "model": "playbox_cherryblossomfurniture:table"
    },
    {
      "predicate": {
        "custom_model_data": 10046
      },
      "model": "saintpatricksset:key"
    },
    {
      "predicate": {
        "custom_model_data": 10047
      },
      "model": "saintpatricksset:wings"
    },
    {
      "predicate": {
        "custom_model_data": 10048
      },
      "model": "saintpatricksset:helmet"
    },
    {
      "predicate": {
        "custom_model_data": 10049
      },
      "model": "item/paper"
    },
    {
      "predicate": {
        "custom_model_data": 10050
      },
      "model": "littleroom_magnus:magnus_helmet"
    },
    {
      "predicate": {
        "custom_model_data": 10051
      },
      "model": "littleroom_magnus:magnus_shard"
    },
    {
      "predicate": {
        "custom_model_data": 10052
      },
      "model": "item/paper"
    },
    {
      "predicate": {
        "custom_model_data": 10053
      },
      "model": "littlebunny_set:backpack"
    },
    {
      "predicate": {
        "custom_model_data": 10054
      },
      "model": "littlebunny_set:chest"
    },
    {
      "predicate": {
        "custom_model_data": 10055
      },
      "model": "littlebunny_set:chest_opening"
    },
    {
      "predicate": {
        "custom_model_data": 10056
      },
      "model": "littlebunny_set:flag"
    },
    {
      "predicate": {
        "custom_model_data": 10057
      },
      "model": "littlebunny_set:bunny_hood"
    },
    {
      "predicate": {
        "custom_model_data": 10058
      },
      "model": "littlebunny_set:key"
    },
    {
      "predicate": {
        "custom_model_data": 10059
      },
      "model": "littlebunny_set:little_bunny"
    },
    {
      "predicate": {
        "custom_model_data": 10060
      },
      "model": "item/paper"
    },
    {
      "predicate": {
        "custom_model_data": 30060
      },
      "model": "littlebunny_set:babybunny"
    },
    {
      "predicate": {
        "custom_model_data": 30061
      },
      "model": "littlebunny_set:easter_basket"
    },
    {
      "predicate": {
        "custom_model_data": 10000
      },
      "model": "lzfurniture:furniture/medieval_market/medieval_market_stalltable"
    },
    {
      "predicate": {
        "custom_model_data": 10001
      },
      "model": "lzfurniture:furniture/medieval_market/medieval_market_scarecrow"
    },
    {
      "predicate": {
        "custom_model_data": 10002
      },
      "model": "lzfurniture:furniture/medieval_market/medieval_market_campfire"
    },
    {
      "predicate": {
        "custom_model_data": 10003
      },
      "model": "lzfurniture:furniture/medieval_market/medieval_market_chest"
    },
    {
      "predicate": {
        "custom_model_data": 10004
      },
      "model": "lzfurniture:furniture/medieval_market/medieval_market_direction_sign"
    },
    {
      "predicate": {
        "custom_model_data": 10005
      },
      "model": "lzfurniture:furniture/medieval_market/medieval_market_hangingpot"
    },
    {
      "predicate": {
        "custom_model_data": 10006
      },
      "model": "lzfurniture:furniture/medieval_market/medieval_market_haybales"
    },
    {
      "predicate": {
        "custom_model_data": 10007
      },
      "model": "lzfurniture:furniture/medieval_market/medieval_market_lantern"
    },
    {
      "predicate": {
        "custom_model_data": 10008
      },
      "model": "lzfurniture:furniture/medieval_market/medieval_market_marketstall_red"
    },
    {
      "predicate": {
        "custom_model_data": 10009
      },
      "model": "lzfurniture:furniture/medieval_market/medieval_market_marketstall_purple"
    },
    {
      "predicate": {
        "custom_model_data": 10010
      },
      "model": "lzfurniture:furniture/medieval_market/medieval_market_open_chest"
    },
    {
      "predicate": {
        "custom_model_data": 10011
      },
      "model": "lzfurniture:furniture/medieval_market/medieval_market_pot"
    },
    {
      "predicate": {
        "custom_model_data": 10012
      },
      "model": "lzfurniture:furniture/medieval_market/medieval_market_bench"
    },
    {
      "predicate": {
        "custom_model_data": 10013
      },
      "model": "lzfurniture:furniture/medieval_market/medieval_market_box"
    },
    {
      "predicate": {
        "custom_model_data": 10014
      },
      "model": "lzfurniture:furniture/medieval_market/medieval_market_box_apples"
    },
    {
      "predicate": {
        "custom_model_data": 10015
      },
      "model": "lzfurniture:furniture/medieval_market/medieval_market_box_bread"
    },
    {
      "predicate": {
        "custom_model_data": 10016
      },
      "model": "lzfurniture:furniture/medieval_market/medieval_market_bed"
    },
    {
      "predicate": {
        "custom_model_data": 10017
      },
      "model": "lzfurniture:furniture/medieval_market/medieval_market_barell"
    },
    {
      "predicate": {
        "custom_model_data": 10018
      },
      "model": "lzfurniture:furniture/medieval_market/medieval_market_bath"
    },
    {
      "predicate": {
        "custom_model_data": 10019
      },
      "model": "lzfurniture:furniture/medieval_market/medieval_market_bag"
    },
    {
      "predicate": {
        "custom_model_data": 10020
      },
      "model": "lzfurniture:furniture/medieval_market/medieval_market_chair"
    },
    {
      "predicate": {
        "custom_model_data": 10021
      },
      "model": "lzfurniture:furniture/medieval_market/medieval_market_stool"
    },
    {
      "predicate": {
        "custom_model_data": 10022
      },
      "model": "lzfurniture:furniture/medieval_market/medieval_market_table"
    },
    {
      "predicate": {
        "custom_model_data": 10023
      },
      "model": "lzfurniture:furniture/medieval_market/medieval_market_wagon_red"
    },
    {
      "predicate": {
        "custom_model_data": 10024
      },
      "model": "lzfurniture:furniture/medieval_market/medieval_market_wagon_purple"
    },
    {
      "predicate": {
        "custom_model_data": 10025
      },
      "model": "lzfurniture:furniture/medieval_market/medieval_market_wagon2"
    },
    {
      "predicate": {
        "custom_model_data": 10026
      },
      "model": "lzfurniture:furniture/medieval_market/medieval_market_wall_lantern"
    },
    {
      "predicate": {
        "custom_model_data": 10027
      },
      "model": "lzfurniture:furniture/medieval_market/medieval_market_well"
    },
    {
      "predicate": {
        "custom_model_data": 10028
      },
      "model": "lzfurniture:furniture/medieval_market/medieval_market_wood_pile"
    },
    {
      "predicate": {
        "custom_model_data": 10029
      },
      "model": "_iainternal:ia_auto_gen/icon_left_blue"
    },
    {
      "predicate": {
        "custom_model_data": 10030
      },
      "model": "_iainternal:ia_auto_gen/icon_right_blue"
    },
    {
      "predicate": {
        "custom_model_data": 10031
      },
      "model": "_iainternal:ia_auto_gen/icon_search"
    },
    {
      "predicate": {
        "custom_model_data": 10032
      },
      "model": "_iainternal:ia_auto_gen/icon_cancel"
    },
    {
      "predicate": {
        "custom_model_data": 10033
      },
      "model": "_iainternal:ia_auto_gen/icon_arrow_chest"
    },
    {
      "predicate": {
        "custom_model_data": 10034
      },
      "model": "_iainternal:ia_auto_gen/icon_back_orange"
    },
    {
      "predicate": {
        "custom_model_data": 10035
      },
      "model": "_iainternal:ia_auto_gen/icon_next_orange"
    },
    {
      "predicate": {
        "custom_model_data": 10060
      },
      "model": "minehammer:item/nitro/chest"
    },
    {
      "predicate": {
        "custom_model_data": 10061
      },
      "model": "minehammer:item/nitro/chest_opening"
    },
    {
      "predicate": {
        "custom_model_data": 10062
      },
      "model": "minehammer:item/nitro/helmet"
    },
    {
      "predicate": {
        "custom_model_data": 10063
      },
      "model": "minehammer:item/nitro/key"
    },
    {
      "predicate": {
        "custom_model_data": 10064
      },
      "model": "minehammer:item/nitro/wings"
    },
	{
      "predicate": {
        "custom_model_data": 30060
      },
      "model": "littlebunny_set:babybunny"
    },
	{
      "predicate": {
        "custom_model_data": 30061
      },
      "model": "littlebunny_set:easter_basket"
    },
    {
      "predicate": {
        "custom_model_data": 30062
      },
      "model": "item/paper"
    }
  ]
}