{
	"credit": "Made with Blockbench",
	"textures": {
		"1": "minehammer:item/fallenset/fallen_angel_texrure",
		"2": "minehammer:item/fallenset/fallen_angel_eff01",
		"3": "minehammer:item/fallenset/fallen_angel_eff02",
		"4": "minehammer:item/fallenset/fallen_angel_bow",
		"5": "minehammer:item/fallenset/fallen_angel_eff03",
		"6": "minehammer:item/fallenset/fallen_angel_wings",
		"particle": "minehammer:item/fallenset/fallen_angel_eff03"
	},
	"elements": [
		{
			"from": [8, -5.34649, -5.51433],
			"to": [8, 4.29351, -2.11433],
			"rotation": {"angle": -45, "axis": "x", "origin": [8, 8, 8]},
			"faces": {
				"north": {"uv": [0, 0, 9, 1], "rotation": 90, "texture": "#6"},
				"east": {"uv": [16, 0, 0, 16], "rotation": 90, "texture": "#6"},
				"south": {"uv": [0, 0, 9, 1], "rotation": 90, "texture": "#6"},
				"west": {"uv": [0, 0, 16, 16], "rotation": 270, "texture": "#6"},
				"up": {"uv": [0, 0, 1, 9], "texture": "#6"},
				"down": {"uv": [0, 0, 1, 9], "rotation": 180, "texture": "#6"}
			}
		},
		{
			"from": [7.3, 12.75425, -3.5091],
			"to": [8.7, 13.75425, -2.1091],
			"rotation": {"angle": 45, "axis": "x", "origin": [8, 8, 8]},
			"faces": {
				"north": {"uv": [6.54545, 10.90909, 7.09091, 11.27273], "texture": "#4"},
				"east": {"uv": [7.27273, 10.90909, 7.81818, 11.27273], "texture": "#4"},
				"south": {"uv": [8, 10.90909, 8.54545, 11.27273], "texture": "#4"},
				"west": {"uv": [5.81818, 10.90909, 6.36364, 11.27273], "texture": "#4"},
				"up": {"uv": [3.45455, 11.45455, 2.90909, 10.90909], "rotation": 270, "texture": "#4"},
				"down": {"uv": [4.18182, 10.90909, 3.63636, 11.45455], "rotation": 90, "texture": "#4"}
			}
		},
		{
			"from": [7.4, 17.84252, 2.68158],
			"to": [8.6, 18.34252, 3.88158],
			"rotation": {"angle": 0, "axis": "z", "origin": [8, 8, 8]},
			"faces": {
				"north": {"uv": [7.27273, 11.27273, 7.72727, 11.45455], "texture": "#4"},
				"east": {"uv": [7.27273, 11.27273, 7.72728, 11.45455], "texture": "#4"},
				"south": {"uv": [8.72727, 11.27273, 9.18182, 11.45455], "texture": "#4"},
				"west": {"uv": [6.54545, 11.27273, 7, 11.45455], "texture": "#4"},
				"up": {"uv": [4.81818, 11.36364, 4.36364, 10.90909], "rotation": 270, "texture": "#4"},
				"down": {"uv": [5.54545, 10.90909, 5.09091, 11.36364], "rotation": 90, "texture": "#4"}
			}
		},
		{
			"from": [7.3, 17.09252, 2.33158],
			"to": [8.7, 17.59252, 3.73158],
			"rotation": {"angle": 0, "axis": "z", "origin": [8, 8, 8]},
			"faces": {
				"north": {"uv": [10.18182, 10.90909, 10.72727, 11.09091], "texture": "#4"},
				"east": {"uv": [10.90909, 10.90909, 11.45455, 11.09091], "texture": "#4"},
				"south": {"uv": [5.81818, 11.27273, 6.36364, 11.45455], "texture": "#4"},
				"west": {"uv": [9.45455, 10.90909, 10, 11.09091], "texture": "#4"},
				"up": {"uv": [2, 11.45455, 1.45455, 10.90909], "rotation": 270, "texture": "#4"},
				"down": {"uv": [2.72727, 10.90909, 2.18182, 11.45455], "rotation": 90, "texture": "#4"}
			}
		},
		{
			"from": [7.3, 9.7589, -0.87038],
			"to": [8.7, 10.2589, 0.52962],
			"rotation": {"angle": 22.5, "axis": "x", "origin": [8, 8, 8]},
			"faces": {
				"north": {"uv": [10.18182, 10.90909, 10.72727, 11.09091], "texture": "#4"},
				"east": {"uv": [10.90909, 10.90909, 11.45455, 11.09091], "texture": "#4"},
				"south": {"uv": [5.81818, 11.27273, 6.36364, 11.45455], "texture": "#4"},
				"west": {"uv": [9.45455, 10.90909, 10, 11.09091], "texture": "#4"},
				"up": {"uv": [2, 11.45455, 1.45455, 10.90909], "rotation": 270, "texture": "#4"},
				"down": {"uv": [2.72727, 10.90909, 2.18182, 11.45455], "rotation": 90, "texture": "#4"}
			}
		},
		{
			"from": [7.4, 10.5089, -0.77038],
			"to": [8.6, 11.0089, 0.42962],
			"rotation": {"angle": 22.5, "axis": "x", "origin": [8, 8, 8]},
			"faces": {
				"north": {"uv": [7.27273, 11.27273, 7.72727, 11.45455], "texture": "#4"},
				"east": {"uv": [7.27273, 11.27273, 7.72728, 11.45455], "texture": "#4"},
				"south": {"uv": [8.72727, 11.27273, 9.18182, 11.45455], "texture": "#4"},
				"west": {"uv": [6.54545, 11.27273, 7, 11.45455], "texture": "#4"},
				"up": {"uv": [4.81818, 11.36364, 4.36364, 10.90909], "rotation": 270, "texture": "#4"},
				"down": {"uv": [5.54545, 10.90909, 5.09091, 11.36364], "rotation": 90, "texture": "#4"}
			}
		},
		{
			"from": [7.3, 10.5, 0.07623],
			"to": [8.7, 11, 1.47623],
			"rotation": {"angle": 0, "axis": "y", "origin": [8, 8, 8]},
			"faces": {
				"north": {"uv": [5.81818, 11.27273, 6.36364, 11.45455], "rotation": 180, "texture": "#4"},
				"east": {"uv": [10.90909, 10.90909, 11.45455, 11.09091], "rotation": 180, "texture": "#4"},
				"south": {"uv": [10.18182, 10.90909, 10.72727, 11.09091], "rotation": 180, "texture": "#4"},
				"west": {"uv": [9.45455, 10.90909, 10, 11.09091], "rotation": 180, "texture": "#4"},
				"up": {"uv": [2.72727, 10.90909, 2.18182, 11.45455], "rotation": 90, "texture": "#4"},
				"down": {"uv": [2, 11.45455, 1.45455, 10.90909], "rotation": 270, "texture": "#4"}
			}
		},
		{
			"from": [7.4, 9.75, 0.17623],
			"to": [8.6, 10.25, 1.37623],
			"rotation": {"angle": 0, "axis": "y", "origin": [8, 8, 8]},
			"faces": {
				"north": {"uv": [8.72727, 11.27273, 9.18182, 11.45455], "rotation": 180, "texture": "#4"},
				"east": {"uv": [7.27273, 11.27273, 7.72728, 11.45455], "rotation": 180, "texture": "#4"},
				"south": {"uv": [7.27273, 11.27273, 7.72727, 11.45455], "rotation": 180, "texture": "#4"},
				"west": {"uv": [6.54545, 11.27273, 7, 11.45455], "rotation": 180, "texture": "#4"},
				"up": {"uv": [5.54545, 10.90909, 5.09091, 11.36364], "rotation": 90, "texture": "#4"},
				"down": {"uv": [4.81818, 11.36364, 4.36364, 10.90909], "rotation": 270, "texture": "#4"}
			}
		},
		{
			"from": [7.3, 5, 0.07623],
			"to": [8.7, 5.5, 1.47623],
			"rotation": {"angle": 0, "axis": "y", "origin": [8, 8, 8]},
			"faces": {
				"north": {"uv": [10.18182, 10.90909, 10.72727, 11.09091], "texture": "#4"},
				"east": {"uv": [10.90909, 10.90909, 11.45455, 11.09091], "texture": "#4"},
				"south": {"uv": [5.81818, 11.27273, 6.36364, 11.45455], "texture": "#4"},
				"west": {"uv": [9.45455, 10.90909, 10, 11.09091], "texture": "#4"},
				"up": {"uv": [2, 11.45455, 1.45455, 10.90909], "rotation": 270, "texture": "#4"},
				"down": {"uv": [2.72727, 10.90909, 2.18182, 11.45455], "rotation": 90, "texture": "#4"}
			}
		},
		{
			"from": [7.4, 5.75, 0.17623],
			"to": [8.6, 6.25, 1.37623],
			"rotation": {"angle": 0, "axis": "y", "origin": [8, 8, 8]},
			"faces": {
				"north": {"uv": [7.27273, 11.27273, 7.72727, 11.45455], "texture": "#4"},
				"east": {"uv": [7.27273, 11.27273, 7.72728, 11.45455], "texture": "#4"},
				"south": {"uv": [8.72727, 11.27273, 9.18182, 11.45455], "texture": "#4"},
				"west": {"uv": [6.54545, 11.27273, 7, 11.45455], "texture": "#4"},
				"up": {"uv": [4.81818, 11.36364, 4.36364, 10.90909], "rotation": 270, "texture": "#4"},
				"down": {"uv": [5.54545, 10.90909, 5.09091, 11.36364], "rotation": 90, "texture": "#4"}
			}
		},
		{
			"from": [7.5, 6.75, 0.27623],
			"to": [8.5, 7.25, 1.27623],
			"rotation": {"angle": 0, "axis": "y", "origin": [8, 8, 8]},
			"faces": {
				"north": {"uv": [7.27273, 11.27273, 7.72727, 11.45455], "texture": "#4"},
				"east": {"uv": [7.27273, 11.27273, 7.72728, 11.45455], "texture": "#4"},
				"south": {"uv": [8.72727, 11.27273, 9.18182, 11.45455], "texture": "#4"},
				"west": {"uv": [6.54545, 11.27273, 7, 11.45455], "texture": "#4"},
				"up": {"uv": [4.81818, 11.36364, 4.36364, 10.90909], "rotation": 270, "texture": "#4"},
				"down": {"uv": [5.54545, 10.90909, 5.09091, 11.36364], "rotation": 90, "texture": "#4"}
			}
		},
		{
			"from": [7.5, 7.75, 0.27623],
			"to": [8.5, 8.25, 1.27623],
			"rotation": {"angle": 0, "axis": "y", "origin": [8, 8, 8]},
			"faces": {
				"north": {"uv": [7.27273, 11.27273, 7.72727, 11.45455], "texture": "#4"},
				"east": {"uv": [7.27273, 11.27273, 7.72728, 11.45455], "texture": "#4"},
				"south": {"uv": [8.72727, 11.27273, 9.18182, 11.45455], "texture": "#4"},
				"west": {"uv": [6.54545, 11.27273, 7, 11.45455], "texture": "#4"},
				"up": {"uv": [4.81818, 11.36364, 4.36364, 10.90909], "rotation": 270, "texture": "#4"},
				"down": {"uv": [5.54545, 10.90909, 5.09091, 11.36364], "rotation": 90, "texture": "#4"}
			}
		},
		{
			"from": [7.5, 8.75, 0.27623],
			"to": [8.5, 9.25, 1.27623],
			"rotation": {"angle": 0, "axis": "y", "origin": [8, 8, 8]},
			"faces": {
				"north": {"uv": [7.27273, 11.27273, 7.72727, 11.45455], "texture": "#4"},
				"east": {"uv": [7.27273, 11.27273, 7.72728, 11.45455], "texture": "#4"},
				"south": {"uv": [8.72727, 11.27273, 9.18182, 11.45455], "texture": "#4"},
				"west": {"uv": [6.54545, 11.27273, 7, 11.45455], "texture": "#4"},
				"up": {"uv": [4.81818, 11.36364, 4.36364, 10.90909], "rotation": 270, "texture": "#4"},
				"down": {"uv": [5.54545, 10.90909, 5.09091, 11.36364], "rotation": 90, "texture": "#4"}
			}
		},
		{
			"from": [7.55, 8.7589, -0.62038],
			"to": [8.45, 16.7589, 0.27962],
			"rotation": {"angle": 22.5, "axis": "x", "origin": [8, 8, 8]},
			"faces": {
				"north": {"uv": [0.36364, 10.90909, 0.72727, 13.81818], "texture": "#4"},
				"east": {"uv": [0.72727, 10.90909, 1.09091, 13.81818], "texture": "#4"},
				"south": {"uv": [1.09091, 10.90909, 1.45455, 13.81818], "texture": "#4"},
				"west": {"uv": [0, 10.90909, 0.36364, 13.81818], "texture": "#4"},
				"up": {"uv": [9.09091, 11.27273, 8.72727, 10.90909], "rotation": 270, "texture": "#4"},
				"down": {"uv": [9.45455, 10.90909, 9.09091, 11.27273], "rotation": 90, "texture": "#4"}
			}
		},
		{
			"from": [7.3, 2.24575, -3.5091],
			"to": [8.7, 3.24575, -2.1091],
			"rotation": {"angle": -45, "axis": "x", "origin": [8, 8, 8]},
			"faces": {
				"north": {"uv": [6.54545, 11.27273, 7.09091, 10.90909], "texture": "#4"},
				"east": {"uv": [7.27273, 11.27273, 7.81818, 10.90909], "texture": "#4"},
				"south": {"uv": [8, 11.27273, 8.54545, 10.90909], "texture": "#4"},
				"west": {"uv": [5.81818, 11.27273, 6.36364, 10.90909], "texture": "#4"},
				"up": {"uv": [4.18182, 11.45455, 3.63636, 10.90909], "rotation": 270, "texture": "#4"},
				"down": {"uv": [3.45455, 10.90909, 2.90909, 11.45455], "rotation": 90, "texture": "#4"}
			}
		},
		{
			"from": [7.55, -0.7589, -0.62038],
			"to": [8.45, 7.2411, 0.27962],
			"rotation": {"angle": -22.5, "axis": "x", "origin": [8, 8, 8]},
			"faces": {
				"north": {"uv": [0.36364, 13.81818, 0.72727, 10.90909], "texture": "#4"},
				"east": {"uv": [0.72727, 13.81818, 1.09091, 10.90909], "texture": "#4"},
				"south": {"uv": [1.09091, 13.81818, 1.45455, 10.90909], "texture": "#4"},
				"west": {"uv": [0, 13.81818, 0.36364, 10.90909], "texture": "#4"},
				"up": {"uv": [9.45455, 11.27273, 9.09091, 10.90909], "rotation": 270, "texture": "#4"},
				"down": {"uv": [9.09091, 10.90909, 8.72727, 11.27273], "rotation": 90, "texture": "#4"}
			}
		},
		{
			"from": [7.3, -1.59252, 2.23158],
			"to": [8.7, -1.09252, 3.63158],
			"rotation": {"angle": 0, "axis": "z", "origin": [8, 8, 8]},
			"faces": {
				"north": {"uv": [10.18182, 11.09091, 10.72727, 10.90909], "texture": "#4"},
				"east": {"uv": [10.90909, 11.09091, 11.45455, 10.90909], "texture": "#4"},
				"south": {"uv": [5.81818, 11.45455, 6.36364, 11.27273], "texture": "#4"},
				"west": {"uv": [9.45455, 11.09091, 10, 10.90909], "texture": "#4"},
				"up": {"uv": [2.72727, 11.45455, 2.18182, 10.90909], "rotation": 270, "texture": "#4"},
				"down": {"uv": [2, 10.90909, 1.45455, 11.45455], "rotation": 90, "texture": "#4"}
			}
		},
		{
			"from": [7.4, 4.9911, -0.77038],
			"to": [8.6, 5.4911, 0.42962],
			"rotation": {"angle": -22.5, "axis": "x", "origin": [8, 8, 8]},
			"faces": {
				"north": {"uv": [7.27273, 11.45455, 7.72727, 11.27273], "texture": "#4"},
				"east": {"uv": [7.27273, 11.45455, 7.72728, 11.27273], "texture": "#4"},
				"south": {"uv": [8.72727, 11.45455, 9.18182, 11.27273], "texture": "#4"},
				"west": {"uv": [6.54545, 11.45455, 7, 11.27273], "texture": "#4"},
				"up": {"uv": [5.54545, 11.36364, 5.09091, 10.90909], "rotation": 270, "texture": "#4"},
				"down": {"uv": [4.81818, 10.90909, 4.36364, 11.36364], "rotation": 90, "texture": "#4"}
			}
		},
		{
			"from": [7.3, 5.7411, -0.87038],
			"to": [8.7, 6.2411, 0.52962],
			"rotation": {"angle": -22.5, "axis": "x", "origin": [8, 8, 8]},
			"faces": {
				"north": {"uv": [10.18182, 11.09091, 10.72727, 10.90909], "texture": "#4"},
				"east": {"uv": [10.90909, 11.09091, 11.45455, 10.90909], "texture": "#4"},
				"south": {"uv": [5.81818, 11.45455, 6.36364, 11.27273], "texture": "#4"},
				"west": {"uv": [9.45455, 11.09091, 10, 10.90909], "texture": "#4"},
				"up": {"uv": [2.72727, 11.45455, 2.18182, 10.90909], "rotation": 270, "texture": "#4"},
				"down": {"uv": [2, 10.90909, 1.45455, 11.45455], "rotation": 90, "texture": "#4"}
			}
		},
		{
			"from": [7.4, -2.34252, 2.68158],
			"to": [8.6, -1.84252, 3.88158],
			"rotation": {"angle": 0, "axis": "z", "origin": [8, 8, 8]},
			"faces": {
				"north": {"uv": [7.27273, 11.45455, 7.72727, 11.27273], "texture": "#4"},
				"east": {"uv": [7.27273, 11.45455, 7.72728, 11.27273], "texture": "#4"},
				"south": {"uv": [8.72727, 11.45455, 9.18182, 11.27273], "texture": "#4"},
				"west": {"uv": [6.54545, 11.45455, 7, 11.27273], "texture": "#4"},
				"up": {"uv": [5.54545, 11.36364, 5.09091, 10.90909], "rotation": 270, "texture": "#4"},
				"down": {"uv": [4.81818, 10.90909, 4.36364, 11.36364], "rotation": 90, "texture": "#4"}
			}
		},
		{
			"from": [7.55, 4, 0.32623],
			"to": [8.45, 12, 1.22623],
			"rotation": {"angle": 0, "axis": "y", "origin": [8, 8, 8]},
			"faces": {
				"north": {"uv": [0.36364, 10.90909, 0.72727, 13.81818], "texture": "#4"},
				"east": {"uv": [0.72727, 10.90909, 1.09091, 13.81818], "texture": "#4"},
				"south": {"uv": [1.09091, 10.90909, 1.45455, 13.81818], "texture": "#4"},
				"west": {"uv": [0, 10.90909, 0.36364, 13.81818], "texture": "#4"},
				"up": {"uv": [9.09091, 11.27273, 8.72727, 10.90909], "rotation": 270, "texture": "#4"},
				"down": {"uv": [9.45455, 10.90909, 9.09091, 11.27273], "rotation": 90, "texture": "#4"}
			}
		},
		{
			"from": [8, -6.75, -7.19939],
			"to": [8, 22.75, 13.70061],
			"rotation": {"angle": 0, "axis": "z", "origin": [8, 8, 8]},
			"faces": {
				"north": {"uv": [0, 0, 0, 10.72727], "rotation": 180, "texture": "#4"},
				"east": {"uv": [7.63636, 0, 15.27273, 10.72727], "rotation": 180, "texture": "#4"},
				"south": {"uv": [0, 0, 0, 10.72727], "rotation": 180, "texture": "#4"},
				"west": {"uv": [0, 0, 7.63636, 10.72727], "rotation": 180, "texture": "#4"},
				"up": {"uv": [7.63636, 0, 0, 0], "rotation": 90, "texture": "#4"},
				"down": {"uv": [7.63636, 0, 0, 0], "rotation": 270, "texture": "#4"}
			}
		},
		{
			"from": [8, 11.70649, -5.51433],
			"to": [8, 21.34649, -2.11433],
			"rotation": {"angle": 45, "axis": "x", "origin": [8, 8, 8]},
			"faces": {
				"north": {"uv": [9, 0, 0, 1], "rotation": 90, "texture": "#6"},
				"east": {"uv": [0, 0, 16, 16], "rotation": 90, "texture": "#6"},
				"south": {"uv": [9, 0, 0, 1], "rotation": 90, "texture": "#6"},
				"west": {"uv": [16, 0, 0, 16], "rotation": 270, "texture": "#6"},
				"up": {"uv": [1, 0, 0, 9], "texture": "#6"},
				"down": {"uv": [1, 0, 0, 9], "rotation": 180, "texture": "#6"}
			}
		},
		{
			"from": [7.75, 11.14964, -4.06665],
			"to": [7.75, 17.14964, 1.93335],
			"rotation": {"angle": 22.5, "axis": "x", "origin": [8, 8, 8]},
			"faces": {
				"north": {"uv": [9, 1, 0, 0], "rotation": 90, "texture": "#3"},
				"east": {"uv": [0, 0, 16, 16], "rotation": 90, "texture": "#3"},
				"south": {"uv": [9, 1, 0, 0], "rotation": 90, "texture": "#3"},
				"west": {"uv": [16, 0, 0, 16], "rotation": 270, "texture": "#3"},
				"up": {"uv": [0, 0, 1, 9], "texture": "#3"},
				"down": {"uv": [0, 0, 1, 9], "rotation": 180, "texture": "#3"}
			}
		},
		{
			"from": [7.75, 6.14964, -4.06665],
			"to": [7.75, 12.14964, 1.93335],
			"rotation": {"angle": 22.5, "axis": "x", "origin": [8, 8, 8]},
			"faces": {
				"north": {"uv": [0, 1, 9, 0], "rotation": 270, "texture": "#2"},
				"east": {"uv": [16, 0, 0, 16], "rotation": 270, "texture": "#2"},
				"south": {"uv": [0, 1, 9, 0], "rotation": 270, "texture": "#2"},
				"west": {"uv": [0, 0, 16, 16], "rotation": 90, "texture": "#2"},
				"up": {"uv": [1, 0, 0, 9], "rotation": 180, "texture": "#2"},
				"down": {"uv": [1, 0, 0, 9], "texture": "#2"}
			}
		},
		{
			"from": [7.9, 15.42505, -5.24171],
			"to": [7.9, 17.42505, -2.24171],
			"rotation": {"angle": 45, "axis": "x", "origin": [8, 8, 8]},
			"faces": {
				"north": {"uv": [0, 1, 9, 0], "rotation": 270, "texture": "#5"},
				"east": {"uv": [16, 16, 0, 0], "rotation": 270, "texture": "#5"},
				"south": {"uv": [0, 1, 9, 0], "rotation": 270, "texture": "#5"},
				"west": {"uv": [0, 16, 16, 0], "rotation": 90, "texture": "#5"},
				"up": {"uv": [0, 9, 1, 0], "rotation": 180, "texture": "#5"},
				"down": {"uv": [0, 9, 1, 0], "texture": "#5"}
			}
		},
		{
			"from": [7.75, -1.14964, -4.06665],
			"to": [7.75, 4.85036, 1.93335],
			"rotation": {"angle": -22.5, "axis": "x", "origin": [8, 8, 8]},
			"faces": {
				"north": {"uv": [0, 1, 9, 0], "rotation": 90, "texture": "#3"},
				"east": {"uv": [16, 0, 0, 16], "rotation": 90, "texture": "#3"},
				"south": {"uv": [0, 1, 9, 0], "rotation": 90, "texture": "#3"},
				"west": {"uv": [0, 0, 16, 16], "rotation": 270, "texture": "#3"},
				"up": {"uv": [1, 0, 0, 9], "texture": "#3"},
				"down": {"uv": [1, 0, 0, 9], "rotation": 180, "texture": "#3"}
			}
		},
		{
			"from": [7.75, 3.85036, -4.06665],
			"to": [7.75, 9.85036, 1.93335],
			"rotation": {"angle": -22.5, "axis": "x", "origin": [8, 8, 8]},
			"faces": {
				"north": {"uv": [9, 1, 0, 0], "rotation": 270, "texture": "#2"},
				"east": {"uv": [0, 0, 16, 16], "rotation": 270, "texture": "#2"},
				"south": {"uv": [9, 1, 0, 0], "rotation": 270, "texture": "#2"},
				"west": {"uv": [16, 0, 0, 16], "rotation": 90, "texture": "#2"},
				"up": {"uv": [0, 0, 1, 9], "rotation": 180, "texture": "#2"},
				"down": {"uv": [0, 0, 1, 9], "texture": "#2"}
			}
		},
		{
			"from": [7.9, -1.42505, -5.24171],
			"to": [7.9, 0.57495, -2.24171],
			"rotation": {"angle": -45, "axis": "x", "origin": [8, 8, 8]},
			"faces": {
				"north": {"uv": [9, 1, 0, 0], "rotation": 270, "texture": "#5"},
				"east": {"uv": [0, 16, 16, 0], "rotation": 270, "texture": "#5"},
				"south": {"uv": [9, 1, 0, 0], "rotation": 270, "texture": "#5"},
				"west": {"uv": [16, 16, 0, 0], "rotation": 90, "texture": "#5"},
				"up": {"uv": [1, 9, 0, 0], "rotation": 180, "texture": "#5"},
				"down": {"uv": [1, 9, 0, 0], "texture": "#5"}
			}
		},
		{
			"from": [8.1, 15.42505, -5.24171],
			"to": [8.1, 17.42505, -2.24171],
			"rotation": {"angle": 45, "axis": "x", "origin": [8, 8, 8]},
			"faces": {
				"north": {"uv": [0, 0, 9, 1], "rotation": 270, "texture": "#5"},
				"east": {"uv": [0, 0, 16, 16], "rotation": 90, "texture": "#5"},
				"south": {"uv": [0, 0, 9, 1], "rotation": 270, "texture": "#5"},
				"west": {"uv": [16, 0, 0, 16], "rotation": 270, "texture": "#5"},
				"up": {"uv": [1, 9, 0, 0], "rotation": 180, "texture": "#5"},
				"down": {"uv": [1, 9, 0, 0], "texture": "#5"}
			}
		},
		{
			"from": [8.25, 11.14964, -4.06665],
			"to": [8.25, 17.14964, 1.93335],
			"rotation": {"angle": 22.5, "axis": "x", "origin": [8, 8, 8]},
			"faces": {
				"north": {"uv": [9, 0, 0, 1], "rotation": 90, "texture": "#3"},
				"east": {"uv": [16, 16, 0, 0], "rotation": 270, "texture": "#3"},
				"south": {"uv": [9, 0, 0, 1], "rotation": 90, "texture": "#3"},
				"west": {"uv": [0, 16, 16, 0], "rotation": 90, "texture": "#3"},
				"up": {"uv": [1, 0, 0, 9], "texture": "#3"},
				"down": {"uv": [1, 0, 0, 9], "rotation": 180, "texture": "#3"}
			}
		},
		{
			"from": [8.25, 6.14964, -4.06665],
			"to": [8.25, 12.14964, 1.93335],
			"rotation": {"angle": 22.5, "axis": "x", "origin": [8, 8, 8]},
			"faces": {
				"north": {"uv": [0, 0, 9, 1], "rotation": 270, "texture": "#2"},
				"east": {"uv": [0, 16, 16, 0], "rotation": 90, "texture": "#2"},
				"south": {"uv": [0, 0, 9, 1], "rotation": 270, "texture": "#2"},
				"west": {"uv": [16, 16, 0, 0], "rotation": 270, "texture": "#2"},
				"up": {"uv": [0, 0, 1, 9], "rotation": 180, "texture": "#2"},
				"down": {"uv": [0, 0, 1, 9], "texture": "#2"}
			}
		},
		{
			"from": [8.25, 3.85036, -4.06665],
			"to": [8.25, 9.85036, 1.93335],
			"rotation": {"angle": -22.5, "axis": "x", "origin": [8, 8, 8]},
			"faces": {
				"north": {"uv": [9, 0, 0, 1], "rotation": 270, "texture": "#2"},
				"east": {"uv": [16, 16, 0, 0], "rotation": 90, "texture": "#2"},
				"south": {"uv": [9, 0, 0, 1], "rotation": 270, "texture": "#2"},
				"west": {"uv": [0, 16, 16, 0], "rotation": 270, "texture": "#2"},
				"up": {"uv": [1, 0, 0, 9], "rotation": 180, "texture": "#2"},
				"down": {"uv": [1, 0, 0, 9], "texture": "#2"}
			}
		},
		{
			"from": [8.25, -1.14964, -4.06665],
			"to": [8.25, 4.85036, 1.93335],
			"rotation": {"angle": -22.5, "axis": "x", "origin": [8, 8, 8]},
			"faces": {
				"north": {"uv": [0, 0, 9, 1], "rotation": 90, "texture": "#3"},
				"east": {"uv": [0, 16, 16, 0], "rotation": 270, "texture": "#3"},
				"south": {"uv": [0, 0, 9, 1], "rotation": 90, "texture": "#3"},
				"west": {"uv": [16, 16, 0, 0], "rotation": 90, "texture": "#3"},
				"up": {"uv": [0, 0, 1, 9], "texture": "#3"},
				"down": {"uv": [0, 0, 1, 9], "rotation": 180, "texture": "#3"}
			}
		},
		{
			"from": [8.1, -1.42505, -5.24171],
			"to": [8.1, 0.57495, -2.24171],
			"rotation": {"angle": -45, "axis": "x", "origin": [8, 8, 8]},
			"faces": {
				"north": {"uv": [9, 0, 0, 1], "rotation": 270, "texture": "#5"},
				"east": {"uv": [16, 0, 0, 16], "rotation": 90, "texture": "#5"},
				"south": {"uv": [9, 0, 0, 1], "rotation": 270, "texture": "#5"},
				"west": {"uv": [0, 0, 16, 16], "rotation": 270, "texture": "#5"},
				"up": {"uv": [0, 9, 1, 0], "rotation": 180, "texture": "#5"},
				"down": {"uv": [0, 9, 1, 0], "texture": "#5"}
			}
		},
		{
			"from": [7.975, 15.48396, -0.58396],
			"to": [8.025, 16.58396, 0.51604],
			"rotation": {"angle": -45, "axis": "x", "origin": [8.025, 8, 8]},
			"faces": {
				"north": {"uv": [6, 4, 4, 5], "rotation": 270, "texture": "#1"},
				"east": {"uv": [0, 2, 2, 4], "rotation": 270, "texture": "#1"},
				"south": {"uv": [4, 5, 2, 4], "rotation": 270, "texture": "#1"},
				"west": {"uv": [0, 0, 2, 2], "rotation": 90, "texture": "#1"},
				"up": {"uv": [0, 4, 1, 6], "rotation": 180, "texture": "#1"},
				"down": {"uv": [1, 4, 2, 6], "texture": "#1"}
			}
		},
		{
			"from": [7.72, 0.0417, 0.0417],
			"to": [8.28, 0.6017, 0.6017],
			"rotation": {"angle": 45, "axis": "x", "origin": [8, 8, 8]},
			"faces": {
				"north": {"uv": [10, 1, 11, 0], "rotation": 180, "texture": "#1"},
				"east": {"uv": [0, 11, 1, 10], "rotation": 180, "texture": "#1"},
				"south": {"uv": [9, 10, 10, 9], "rotation": 180, "texture": "#1"},
				"west": {"uv": [8, 10, 9, 9], "rotation": 180, "texture": "#1"},
				"up": {"uv": [2, 10, 1, 11], "rotation": 90, "texture": "#1"},
				"down": {"uv": [11, 2, 10, 1], "rotation": 270, "texture": "#1"}
			}
		},
		{
			"from": [7.975, 0.12315, 0.12315],
			"to": [8.025, 1.72315, 1.72315],
			"rotation": {"angle": 45, "axis": "x", "origin": [8.025, 8, 8]},
			"faces": {
				"north": {"uv": [4, 5, 2, 4], "rotation": 90, "texture": "#1"},
				"east": {"uv": [0, 2, 2, 4], "rotation": 90, "texture": "#1"},
				"south": {"uv": [6, 4, 4, 5], "rotation": 90, "texture": "#1"},
				"west": {"uv": [0, 0, 2, 2], "rotation": 270, "texture": "#1"},
				"up": {"uv": [1, 4, 2, 6], "texture": "#1"},
				"down": {"uv": [0, 4, 1, 6], "rotation": 180, "texture": "#1"}
			}
		},
		{
			"from": [7.72, 1.17307, 1.17307],
			"to": [8.28, 1.98307, 1.98307],
			"rotation": {"angle": 45, "axis": "x", "origin": [8, 8, 8]},
			"faces": {
				"north": {"uv": [10, 1, 11, 0], "rotation": 180, "texture": "#1"},
				"east": {"uv": [0, 11, 1, 10], "rotation": 180, "texture": "#1"},
				"south": {"uv": [9, 10, 10, 9], "rotation": 180, "texture": "#1"},
				"west": {"uv": [8, 10, 9, 9], "rotation": 180, "texture": "#1"},
				"up": {"uv": [2, 10, 1, 11], "rotation": 90, "texture": "#1"},
				"down": {"uv": [11, 2, 10, 1], "rotation": 270, "texture": "#1"}
			}
		},
		{
			"from": [7.9, 7.9, -1.72377],
			"to": [8.1, 8.1, 6.27623],
			"rotation": {"angle": 0, "axis": "z", "origin": [8, 8, 8]},
			"faces": {
				"north": {"uv": [9.09091, 11.27273, 8.72727, 10.90909], "rotation": 90, "texture": "#4"},
				"east": {"uv": [0.18182, 10.90909, 0.27273, 13.81818], "rotation": 90, "texture": "#4"},
				"south": {"uv": [9.45455, 10.90909, 9.09091, 11.27273], "rotation": 90, "texture": "#4"},
				"west": {"uv": [0.18182, 10.90909, 0.27273, 13.81818], "rotation": 270, "texture": "#4"},
				"up": {"uv": [0.18182, 10.90909, 0.27273, 13.81818], "texture": "#4"},
				"down": {"uv": [0.18182, 10.90909, 0.27272, 13.81818], "rotation": 180, "texture": "#4"}
			}
		},
		{
			"from": [7.9, 7.9, 10.27623],
			"to": [8.1, 8.1, 18.27623],
			"rotation": {"angle": 0, "axis": "z", "origin": [8, 8, 8]},
			"faces": {
				"north": {"uv": [9.09091, 11.27273, 8.72727, 10.90909], "rotation": 90, "texture": "#4"},
				"east": {"uv": [0.18182, 10.90909, 0.27273, 13.81818], "rotation": 90, "texture": "#4"},
				"south": {"uv": [9.45455, 10.90909, 9.09091, 11.27273], "rotation": 90, "texture": "#4"},
				"west": {"uv": [0.18182, 10.90909, 0.27273, 13.81818], "rotation": 270, "texture": "#4"},
				"up": {"uv": [0.18182, 10.90909, 0.27273, 13.81818], "texture": "#4"},
				"down": {"uv": [0.18182, 10.90909, 0.27272, 13.81818], "rotation": 180, "texture": "#4"}
			}
		},
		{
			"from": [7.9, 7.9, 6.27623],
			"to": [8.1, 8.1, 10.27623],
			"rotation": {"angle": 0, "axis": "z", "origin": [8, 8, 8]},
			"faces": {
				"north": {"uv": [9.09091, 11.27273, 8.72727, 10.90909], "rotation": 90, "texture": "#4"},
				"east": {"uv": [0.18182, 10.90909, 0.27273, 13.81818], "rotation": 90, "texture": "#4"},
				"south": {"uv": [9.45455, 10.90909, 9.09091, 11.27273], "rotation": 90, "texture": "#4"},
				"west": {"uv": [0.18182, 10.90909, 0.27273, 13.81818], "rotation": 270, "texture": "#4"},
				"up": {"uv": [0.18182, 10.90909, 0.27273, 13.81818], "texture": "#4"},
				"down": {"uv": [0.18182, 10.90909, 0.27272, 13.81818], "rotation": 180, "texture": "#4"}
			}
		},
		{
			"from": [7.72, 13.52097, 13.47036],
			"to": [8.28, 14.08097, 14.03036],
			"rotation": {"angle": 45, "axis": "x", "origin": [8, 8, 8]},
			"faces": {
				"north": {"uv": [10, 1, 11, 0], "rotation": 180, "texture": "#1"},
				"east": {"uv": [0, 11, 1, 10], "rotation": 180, "texture": "#1"},
				"south": {"uv": [9, 10, 10, 9], "rotation": 180, "texture": "#1"},
				"west": {"uv": [8, 10, 9, 9], "rotation": 180, "texture": "#1"},
				"up": {"uv": [2, 10, 1, 11], "rotation": 90, "texture": "#1"},
				"down": {"uv": [11, 2, 10, 1], "rotation": 270, "texture": "#1"}
			}
		},
		{
			"from": [7.804, 2.07294, 13.7172],
			"to": [8.196, 2.46494, 14.6972],
			"rotation": {"angle": -45, "axis": "x", "origin": [8, 8, 8]},
			"faces": {
				"north": {"uv": [12.75, 6.75, 12, 6], "texture": "#1"},
				"east": {"uv": [8.75, 0.75, 7, 0], "texture": "#1"},
				"south": {"uv": [6.75, 12.75, 6, 12], "texture": "#1"},
				"west": {"uv": [7.75, 4.75, 6, 4], "texture": "#1"},
				"up": {"uv": [2, 7.75, 3.75, 7], "rotation": 270, "texture": "#1"},
				"down": {"uv": [7, 1, 8.75, 1.75], "rotation": 90, "texture": "#1"}
			}
		},
		{
			"from": [7.804, 13.53506, 13.7172],
			"to": [8.196, 13.92706, 14.6972],
			"rotation": {"angle": 45, "axis": "x", "origin": [8, 8, 8]},
			"faces": {
				"north": {"uv": [12.75, 6, 12, 6.75], "texture": "#1"},
				"east": {"uv": [8.75, 0, 7, 0.75], "texture": "#1"},
				"south": {"uv": [6.75, 12, 6, 12.75], "texture": "#1"},
				"west": {"uv": [7.75, 4, 6, 4.75], "texture": "#1"},
				"up": {"uv": [7, 1.75, 8.75, 1], "rotation": 270, "texture": "#1"},
				"down": {"uv": [2, 7, 3.75, 7.75], "rotation": 90, "texture": "#1"}
			}
		},
		{
			"from": [7.72, 14.93518, 14.88458],
			"to": [8.28, 15.49518, 15.44458],
			"rotation": {"angle": 45, "axis": "x", "origin": [8, 8, 8]},
			"faces": {
				"north": {"uv": [10, 1, 11, 0], "rotation": 180, "texture": "#1"},
				"east": {"uv": [0, 11, 1, 10], "rotation": 180, "texture": "#1"},
				"south": {"uv": [9, 10, 10, 9], "rotation": 180, "texture": "#1"},
				"west": {"uv": [8, 10, 9, 9], "rotation": 180, "texture": "#1"},
				"up": {"uv": [2, 10, 1, 11], "rotation": 90, "texture": "#1"},
				"down": {"uv": [11, 2, 10, 1], "rotation": 270, "texture": "#1"}
			}
		},
		{
			"from": [7.804, 0.65873, 15.13141],
			"to": [8.196, 1.05073, 16.11141],
			"rotation": {"angle": -45, "axis": "x", "origin": [8, 8, 8]},
			"faces": {
				"north": {"uv": [12.75, 6.75, 12, 6], "texture": "#1"},
				"east": {"uv": [8.75, 0.75, 7, 0], "texture": "#1"},
				"south": {"uv": [6.75, 12.75, 6, 12], "texture": "#1"},
				"west": {"uv": [7.75, 4.75, 6, 4], "texture": "#1"},
				"up": {"uv": [2, 7.75, 3.75, 7], "rotation": 270, "texture": "#1"},
				"down": {"uv": [7, 1, 8.75, 1.75], "rotation": 90, "texture": "#1"}
			}
		},
		{
			"from": [7.804, 14.94927, 15.13141],
			"to": [8.196, 15.34127, 16.11141],
			"rotation": {"angle": 45, "axis": "x", "origin": [8, 8, 8]},
			"faces": {
				"north": {"uv": [12.75, 6, 12, 6.75], "texture": "#1"},
				"east": {"uv": [8.75, 0, 7, 0.75], "texture": "#1"},
				"south": {"uv": [6.75, 12, 6, 12.75], "texture": "#1"},
				"west": {"uv": [7.75, 4, 6, 4.75], "texture": "#1"},
				"up": {"uv": [7, 1.75, 8.75, 1], "rotation": 270, "texture": "#1"},
				"down": {"uv": [2, 7, 3.75, 7.75], "rotation": 90, "texture": "#1"}
			}
		},
		{
			"from": [8, 4.74816, 15.88181],
			"to": [8, 5.54816, 18.02181],
			"rotation": {"angle": -22.5, "axis": "x", "origin": [8, 8, 8]},
			"faces": {
				"north": {"uv": [1, 0, 0, 9], "texture": "#6"},
				"east": {"uv": [0, 0, 16, 16], "texture": "#6"},
				"south": {"uv": [1, 0, 0, 9], "texture": "#6"},
				"west": {"uv": [16, 0, 0, 16], "texture": "#6"},
				"up": {"uv": [9, 0, 0, 1], "rotation": 270, "texture": "#6"},
				"down": {"uv": [9, 0, 0, 1], "rotation": 90, "texture": "#6"}
			}
		},
		{
			"from": [8, 8.14095, 18.29174],
			"to": [8, 8.94095, 20.43174],
			"rotation": {"angle": 0, "axis": "z", "origin": [8, 8, 8]},
			"faces": {
				"north": {"uv": [1, 0, 0, 9], "texture": "#6"},
				"east": {"uv": [0, 0, 16, 16], "texture": "#6"},
				"south": {"uv": [1, 0, 0, 9], "texture": "#6"},
				"west": {"uv": [16, 0, 0, 16], "texture": "#6"},
				"up": {"uv": [9, 0, 0, 1], "rotation": 270, "texture": "#6"},
				"down": {"uv": [9, 0, 0, 1], "rotation": 90, "texture": "#6"}
			}
		},
		{
			"from": [8, 10.45184, 15.88181],
			"to": [8, 11.25184, 18.02181],
			"rotation": {"angle": 22.5, "axis": "x", "origin": [8, 8, 8]},
			"faces": {
				"north": {"uv": [1, 9, 0, 0], "texture": "#6"},
				"east": {"uv": [0, 16, 16, 0], "texture": "#6"},
				"south": {"uv": [1, 9, 0, 0], "texture": "#6"},
				"west": {"uv": [16, 16, 0, 0], "texture": "#6"},
				"up": {"uv": [9, 1, 0, 0], "rotation": 270, "texture": "#6"},
				"down": {"uv": [9, 1, 0, 0], "rotation": 90, "texture": "#6"}
			}
		},
		{
			"from": [8, 7.05905, 18.29174],
			"to": [8, 7.85905, 20.43174],
			"rotation": {"angle": 0, "axis": "z", "origin": [8, 8, 8]},
			"faces": {
				"north": {"uv": [1, 9, 0, 0], "texture": "#6"},
				"east": {"uv": [0, 16, 16, 0], "texture": "#6"},
				"south": {"uv": [1, 9, 0, 0], "texture": "#6"},
				"west": {"uv": [16, 16, 0, 0], "texture": "#6"},
				"up": {"uv": [9, 1, 0, 0], "rotation": 270, "texture": "#6"},
				"down": {"uv": [9, 1, 0, 0], "rotation": 90, "texture": "#6"}
			}
		},
		{
			"from": [8, 4.22226, 16.36753],
			"to": [8, 5.02226, 18.50753],
			"rotation": {"angle": -22.5, "axis": "x", "origin": [8, 8, 8]},
			"faces": {
				"north": {"uv": [1, 0, 0, 9], "texture": "#6"},
				"east": {"uv": [0, 0, 16, 16], "texture": "#6"},
				"south": {"uv": [1, 0, 0, 9], "texture": "#6"},
				"west": {"uv": [16, 0, 0, 16], "texture": "#6"},
				"up": {"uv": [9, 0, 0, 1], "rotation": 270, "texture": "#6"},
				"down": {"uv": [9, 0, 0, 1], "rotation": 90, "texture": "#6"}
			}
		},
		{
			"from": [8, 10.97774, 16.36753],
			"to": [8, 11.77774, 18.50753],
			"rotation": {"angle": 22.5, "axis": "x", "origin": [8, 8, 8]},
			"faces": {
				"north": {"uv": [1, 9, 0, 0], "texture": "#6"},
				"east": {"uv": [0, 16, 16, 0], "texture": "#6"},
				"south": {"uv": [1, 9, 0, 0], "texture": "#6"},
				"west": {"uv": [16, 16, 0, 0], "texture": "#6"},
				"up": {"uv": [9, 1, 0, 0], "rotation": 270, "texture": "#6"},
				"down": {"uv": [9, 1, 0, 0], "rotation": 90, "texture": "#6"}
			}
		},
		{
			"from": [7.72, 18.42872, 1.99734],
			"to": [8.28, 19.82872, 2.55734],
			"rotation": {"angle": 0, "axis": "z", "origin": [8, 8, 8]},
			"faces": {
				"north": {"uv": [3.75, 7, 2, 7.75], "rotation": 270, "texture": "#1"},
				"east": {"uv": [7, 0, 8.75, 0.75], "rotation": 270, "texture": "#1"},
				"south": {"uv": [8.75, 1.75, 7, 1], "rotation": 270, "texture": "#1"},
				"west": {"uv": [6, 4, 7.75, 4.75], "rotation": 90, "texture": "#1"},
				"up": {"uv": [6, 12, 6.75, 12.75], "rotation": 180, "texture": "#1"},
				"down": {"uv": [12, 6, 12.75, 6.75], "texture": "#1"}
			}
		},
		{
			"from": [7.8, 15.68974, 4.08157],
			"to": [8.2, 17.28974, 4.48157],
			"rotation": {"angle": -22.5, "axis": "x", "origin": [8, 8, 8]},
			"faces": {
				"north": {"uv": [11, 0, 11.5, 2], "rotation": 180, "texture": "#1"},
				"east": {"uv": [0, 11, 0.5, 13], "rotation": 180, "texture": "#1"},
				"south": {"uv": [10, 9, 10.5, 11], "rotation": 180, "texture": "#1"},
				"west": {"uv": [9, 10, 9.5, 12], "rotation": 180, "texture": "#1"},
				"up": {"uv": [13.5, 13, 13, 13.5], "rotation": 90, "texture": "#1"},
				"down": {"uv": [13.5, 12.5, 13, 12], "rotation": 270, "texture": "#1"}
			}
		},
		{
			"from": [7.8, 16.65325, 5.02186],
			"to": [8.2, 18.25325, 5.42186],
			"rotation": {"angle": -22.5, "axis": "x", "origin": [8, 8, 8]},
			"faces": {
				"north": {"uv": [11, 0, 11.5, 2], "rotation": 180, "texture": "#1"},
				"east": {"uv": [0, 11, 0.5, 13], "rotation": 180, "texture": "#1"},
				"south": {"uv": [10, 9, 10.5, 11], "rotation": 180, "texture": "#1"},
				"west": {"uv": [9, 10, 9.5, 12], "rotation": 180, "texture": "#1"},
				"up": {"uv": [13.5, 13, 13, 13.5], "rotation": 90, "texture": "#1"},
				"down": {"uv": [13.5, 12.5, 13, 12], "rotation": 270, "texture": "#1"}
			}
		},
		{
			"from": [7.72, 14.77917, 1.81386],
			"to": [8.28, 16.17917, 2.37386],
			"rotation": {"angle": -22.5, "axis": "x", "origin": [8, 8, 8]},
			"faces": {
				"north": {"uv": [2, 7.75, 3.75, 7], "rotation": 90, "texture": "#1"},
				"east": {"uv": [8.75, 0.75, 7, 0], "rotation": 90, "texture": "#1"},
				"south": {"uv": [7, 1, 8.75, 1.75], "rotation": 90, "texture": "#1"},
				"west": {"uv": [7.75, 4.75, 6, 4], "rotation": 270, "texture": "#1"},
				"up": {"uv": [6.75, 12.75, 6, 12], "texture": "#1"},
				"down": {"uv": [12.75, 6.75, 12, 6], "rotation": 180, "texture": "#1"}
			}
		},
		{
			"from": [7.72, 14.77917, 1.81386],
			"to": [8.28, 16.17917, 2.37386],
			"rotation": {"angle": -22.5, "axis": "x", "origin": [8, 8, 8]},
			"faces": {
				"north": {"uv": [2, 7, 3.75, 7.75], "rotation": 90, "texture": "#1"},
				"east": {"uv": [7.75, 4, 6, 4.75], "rotation": 270, "texture": "#1"},
				"south": {"uv": [7, 1.75, 8.75, 1], "rotation": 90, "texture": "#1"},
				"west": {"uv": [8.75, 0, 7, 0.75], "rotation": 90, "texture": "#1"},
				"up": {"uv": [6, 12.75, 6.75, 12], "texture": "#1"},
				"down": {"uv": [12, 6.75, 12.75, 6], "rotation": 180, "texture": "#1"}
			}
		},
		{
			"from": [7.8, 9.40727, -2.12267],
			"to": [8.2, 11.00727, -1.72267],
			"rotation": {"angle": 22.5, "axis": "x", "origin": [8, 8, 8]},
			"faces": {
				"north": {"uv": [10, 9, 10.5, 11], "texture": "#1"},
				"east": {"uv": [0, 11, 0.5, 13], "texture": "#1"},
				"south": {"uv": [11, 0, 11.5, 2], "texture": "#1"},
				"west": {"uv": [9, 10, 9.5, 12], "texture": "#1"},
				"up": {"uv": [13.5, 12.5, 13, 12], "rotation": 270, "texture": "#1"},
				"down": {"uv": [13.5, 13, 13, 13.5], "rotation": 90, "texture": "#1"}
			}
		},
		{
			"from": [7.925, 1.0908, 15.87205],
			"to": [8.075, 17.6908, 16.02205],
			"rotation": {"angle": -45, "axis": "x", "origin": [8, 8, 8]},
			"faces": {
				"north": {"uv": [15, 0, 15.25, 14.25], "rotation": 180, "texture": "#1"},
				"east": {"uv": [15, 0, 15.25, 14.25], "rotation": 180, "texture": "#1"},
				"south": {"uv": [15, 0, 15.25, 14.25], "rotation": 180, "texture": "#1"},
				"west": {"uv": [15, 0, 15.25, 14.25], "rotation": 180, "texture": "#1"},
				"up": {"uv": [13.5, 13, 13, 13.5], "rotation": 90, "texture": "#1"},
				"down": {"uv": [13.5, 12.5, 13, 12], "rotation": 270, "texture": "#1"}
			}
		},
		{
			"from": [7.925, -1.6908, 15.87205],
			"to": [8.075, 14.9092, 16.02205],
			"rotation": {"angle": 45, "axis": "x", "origin": [8, 8, 8]},
			"faces": {
				"north": {"uv": [15, 14.25, 15.25, 0], "rotation": 180, "texture": "#1"},
				"east": {"uv": [15, 14.25, 15.25, 0], "rotation": 180, "texture": "#1"},
				"south": {"uv": [15, 14.25, 15.25, 0], "rotation": 180, "texture": "#1"},
				"west": {"uv": [15, 14.25, 15.25, 0], "rotation": 180, "texture": "#1"},
				"up": {"uv": [13.5, 12, 13, 12.5], "rotation": 90, "texture": "#1"},
				"down": {"uv": [13.5, 13.5, 13, 13], "rotation": 270, "texture": "#1"}
			}
		},
		{
			"from": [7.72, -3.82872, 1.99734],
			"to": [8.28, -2.42872, 2.55734],
			"rotation": {"angle": 0, "axis": "z", "origin": [8, 8, 8]},
			"faces": {
				"north": {"uv": [2, 7, 3.75, 7.75], "rotation": 270, "texture": "#1"},
				"east": {"uv": [8.75, 0, 7, 0.75], "rotation": 270, "texture": "#1"},
				"south": {"uv": [7, 1.75, 8.75, 1], "rotation": 270, "texture": "#1"},
				"west": {"uv": [7.75, 4, 6, 4.75], "rotation": 90, "texture": "#1"},
				"up": {"uv": [12.75, 6, 12, 6.75], "rotation": 180, "texture": "#1"},
				"down": {"uv": [6.75, 12, 6, 12.75], "texture": "#1"}
			}
		},
		{
			"from": [7.8, -2.25325, 5.02186],
			"to": [8.2, -0.65325, 5.42186],
			"rotation": {"angle": 22.5, "axis": "x", "origin": [8, 8, 8]},
			"faces": {
				"north": {"uv": [11, 2, 11.5, 0], "rotation": 180, "texture": "#1"},
				"east": {"uv": [0, 13, 0.5, 11], "rotation": 180, "texture": "#1"},
				"south": {"uv": [10, 11, 10.5, 9], "rotation": 180, "texture": "#1"},
				"west": {"uv": [9, 12, 9.5, 10], "rotation": 180, "texture": "#1"},
				"up": {"uv": [13.5, 12, 13, 12.5], "rotation": 90, "texture": "#1"},
				"down": {"uv": [13.5, 13.5, 13, 13], "rotation": 270, "texture": "#1"}
			}
		},
		{
			"from": [7.8, -1.28974, 4.08157],
			"to": [8.2, 0.31026, 4.48157],
			"rotation": {"angle": 22.5, "axis": "x", "origin": [8, 8, 8]},
			"faces": {
				"north": {"uv": [11, 2, 11.5, 0], "rotation": 180, "texture": "#1"},
				"east": {"uv": [0, 13, 0.5, 11], "rotation": 180, "texture": "#1"},
				"south": {"uv": [10, 11, 10.5, 9], "rotation": 180, "texture": "#1"},
				"west": {"uv": [9, 12, 9.5, 10], "rotation": 180, "texture": "#1"},
				"up": {"uv": [13.5, 12, 13, 12.5], "rotation": 90, "texture": "#1"},
				"down": {"uv": [13.5, 13.5, 13, 13], "rotation": 270, "texture": "#1"}
			}
		},
		{
			"from": [7.8, 4.99273, -2.12267],
			"to": [8.2, 6.59273, -1.72267],
			"rotation": {"angle": -22.5, "axis": "x", "origin": [8, 8, 8]},
			"faces": {
				"north": {"uv": [10, 11, 10.5, 9], "texture": "#1"},
				"east": {"uv": [0, 13, 0.5, 11], "texture": "#1"},
				"south": {"uv": [11, 2, 11.5, 0], "texture": "#1"},
				"west": {"uv": [9, 12, 9.5, 10], "texture": "#1"},
				"up": {"uv": [13.5, 13.5, 13, 13], "rotation": 270, "texture": "#1"},
				"down": {"uv": [13.5, 12, 13, 12.5], "rotation": 90, "texture": "#1"}
			}
		},
		{
			"from": [7.72, -0.17917, 1.81386],
			"to": [8.28, 1.22083, 2.37386],
			"rotation": {"angle": 22.5, "axis": "x", "origin": [8, 8, 8]},
			"faces": {
				"north": {"uv": [3.75, 7.75, 2, 7], "rotation": 90, "texture": "#1"},
				"east": {"uv": [7, 0.75, 8.75, 0], "rotation": 90, "texture": "#1"},
				"south": {"uv": [8.75, 1, 7, 1.75], "rotation": 90, "texture": "#1"},
				"west": {"uv": [6, 4.75, 7.75, 4], "rotation": 270, "texture": "#1"},
				"up": {"uv": [12, 6.75, 12.75, 6], "texture": "#1"},
				"down": {"uv": [6, 12.75, 6.75, 12], "rotation": 180, "texture": "#1"}
			}
		},
		{
			"from": [7.7, 11.68387, -1.73639],
			"to": [8.3, 12.48387, -0.93639],
			"rotation": {"angle": 22.5, "axis": "x", "origin": [8, 8, 8]},
			"faces": {
				"north": {"uv": [6, 11.75, 5, 11], "rotation": 90, "texture": "#1"},
				"east": {"uv": [2, 10, 3, 9], "rotation": 90, "texture": "#1"},
				"south": {"uv": [12, 4, 11, 4.75], "rotation": 90, "texture": "#1"},
				"west": {"uv": [9, 2, 10, 1], "rotation": 270, "texture": "#1"},
				"up": {"uv": [4, 12, 4.75, 11], "texture": "#1"},
				"down": {"uv": [11, 4, 11.75, 3], "rotation": 180, "texture": "#1"}
			}
		},
		{
			"from": [7.7, 13.03006, -1.75281],
			"to": [8.3, 13.83006, -0.95281],
			"rotation": {"angle": 22.5, "axis": "x", "origin": [8, 8, 8]},
			"faces": {
				"north": {"uv": [6, 11.75, 5, 11], "rotation": 90, "texture": "#1"},
				"east": {"uv": [2, 10, 3, 9], "rotation": 90, "texture": "#1"},
				"south": {"uv": [12, 4, 11, 4.75], "rotation": 90, "texture": "#1"},
				"west": {"uv": [9, 2, 10, 1], "rotation": 270, "texture": "#1"},
				"up": {"uv": [4, 12, 4.75, 11], "texture": "#1"},
				"down": {"uv": [11, 4, 11.75, 3], "rotation": 180, "texture": "#1"}
			}
		},
		{
			"from": [7.6, 19.36324, 6.28717],
			"to": [8.4, 20.16324, 7.08717],
			"rotation": {"angle": -22.5, "axis": "x", "origin": [8, 8, 8]},
			"faces": {
				"north": {"uv": [11, 0, 10, 1], "texture": "#1"},
				"east": {"uv": [1, 10, 0, 11], "texture": "#1"},
				"south": {"uv": [10, 9, 9, 10], "texture": "#1"},
				"west": {"uv": [9, 9, 8, 10], "texture": "#1"},
				"up": {"uv": [1, 11, 2, 10], "rotation": 270, "texture": "#1"},
				"down": {"uv": [10, 1, 11, 2], "rotation": 90, "texture": "#1"}
			}
		},
		{
			"from": [7.6, 16.06171, 4.72104],
			"to": [8.4, 16.86171, 5.52104],
			"rotation": {"angle": -45, "axis": "x", "origin": [8, 8, 8]},
			"faces": {
				"north": {"uv": [10, 1, 11, 0], "rotation": 180, "texture": "#1"},
				"east": {"uv": [0, 11, 1, 10], "rotation": 180, "texture": "#1"},
				"south": {"uv": [9, 10, 10, 9], "rotation": 180, "texture": "#1"},
				"west": {"uv": [8, 10, 9, 9], "rotation": 180, "texture": "#1"},
				"up": {"uv": [2, 10, 1, 11], "rotation": 90, "texture": "#1"},
				"down": {"uv": [11, 2, 10, 1], "rotation": 270, "texture": "#1"}
			}
		},
		{
			"from": [7.6, -4.16324, 6.28717],
			"to": [8.4, -3.36324, 7.08717],
			"rotation": {"angle": 22.5, "axis": "x", "origin": [8, 8, 8]},
			"faces": {
				"north": {"uv": [11, 1, 10, 0], "texture": "#1"},
				"east": {"uv": [1, 11, 0, 10], "texture": "#1"},
				"south": {"uv": [10, 10, 9, 9], "texture": "#1"},
				"west": {"uv": [9, 10, 8, 9], "texture": "#1"},
				"up": {"uv": [10, 2, 11, 1], "rotation": 270, "texture": "#1"},
				"down": {"uv": [1, 10, 2, 11], "rotation": 90, "texture": "#1"}
			}
		},
		{
			"from": [7.7, 2.16994, -1.75281],
			"to": [8.3, 2.96994, -0.95281],
			"rotation": {"angle": -22.5, "axis": "x", "origin": [8, 8, 8]},
			"faces": {
				"north": {"uv": [5, 11.75, 6, 11], "rotation": 90, "texture": "#1"},
				"east": {"uv": [3, 10, 2, 9], "rotation": 90, "texture": "#1"},
				"south": {"uv": [11, 4, 12, 4.75], "rotation": 90, "texture": "#1"},
				"west": {"uv": [10, 2, 9, 1], "rotation": 270, "texture": "#1"},
				"up": {"uv": [11.75, 4, 11, 3], "texture": "#1"},
				"down": {"uv": [4.75, 12, 4, 11], "rotation": 180, "texture": "#1"}
			}
		},
		{
			"from": [7.7, 3.51613, -1.73639],
			"to": [8.3, 4.31613, -0.93639],
			"rotation": {"angle": -22.5, "axis": "x", "origin": [8, 8, 8]},
			"faces": {
				"north": {"uv": [5, 11.75, 6, 11], "rotation": 90, "texture": "#1"},
				"east": {"uv": [3, 10, 2, 9], "rotation": 90, "texture": "#1"},
				"south": {"uv": [11, 4, 12, 4.75], "rotation": 90, "texture": "#1"},
				"west": {"uv": [10, 2, 9, 1], "rotation": 270, "texture": "#1"},
				"up": {"uv": [11.75, 4, 11, 3], "texture": "#1"},
				"down": {"uv": [4.75, 12, 4, 11], "rotation": 180, "texture": "#1"}
			}
		},
		{
			"from": [7.6, -0.86171, 4.72104],
			"to": [8.4, -0.06171, 5.52104],
			"rotation": {"angle": 45, "axis": "x", "origin": [8, 8, 8]},
			"faces": {
				"north": {"uv": [10, 0, 11, 1], "rotation": 180, "texture": "#1"},
				"east": {"uv": [0, 10, 1, 11], "rotation": 180, "texture": "#1"},
				"south": {"uv": [9, 9, 10, 10], "rotation": 180, "texture": "#1"},
				"west": {"uv": [8, 9, 9, 10], "rotation": 180, "texture": "#1"},
				"up": {"uv": [11, 1, 10, 2], "rotation": 90, "texture": "#1"},
				"down": {"uv": [2, 11, 1, 10], "rotation": 270, "texture": "#1"}
			}
		},
		{
			"from": [7.6, 20.4266, 6.42388],
			"to": [8.4, 21.2266, 7.22388],
			"rotation": {"angle": 0, "axis": "z", "origin": [8, 8, 8]},
			"faces": {
				"north": {"uv": [3, 10, 4, 11], "texture": "#1"},
				"east": {"uv": [4, 10, 5, 11], "texture": "#1"},
				"south": {"uv": [10, 7, 11, 8], "texture": "#1"},
				"west": {"uv": [2, 10, 3, 11], "texture": "#1"},
				"up": {"uv": [9, 11, 8, 10], "rotation": 270, "texture": "#1"},
				"down": {"uv": [11, 8, 10, 9], "rotation": 90, "texture": "#1"}
			}
		},
		{
			"from": [7.72, 20.10031, 10.22194],
			"to": [8.28, 20.66031, 11.62194],
			"rotation": {"angle": -22.5, "axis": "x", "origin": [8, 8, 8]},
			"faces": {
				"north": {"uv": [6, 12, 6.75, 12.75], "texture": "#1"},
				"east": {"uv": [7, 0, 8.75, 0.75], "texture": "#1"},
				"south": {"uv": [12, 6, 12.75, 6.75], "texture": "#1"},
				"west": {"uv": [6, 4, 7.75, 4.75], "texture": "#1"},
				"up": {"uv": [8.75, 1.75, 7, 1], "rotation": 270, "texture": "#1"},
				"down": {"uv": [3.75, 7, 2, 7.75], "rotation": 90, "texture": "#1"}
			}
		},
		{
			"from": [7.6, 17.2642, -0.38712],
			"to": [8.4, 18.8642, 1.21288],
			"rotation": {"angle": 22.5, "axis": "x", "origin": [8, 8, 8]},
			"faces": {
				"north": {"uv": [4, 5, 2, 4], "rotation": 90, "texture": "#1"},
				"east": {"uv": [0, 2, 2, 4], "rotation": 90, "texture": "#1"},
				"south": {"uv": [6, 4, 4, 5], "rotation": 90, "texture": "#1"},
				"west": {"uv": [0, 0, 2, 2], "rotation": 270, "texture": "#1"},
				"up": {"uv": [1, 4, 2, 6], "texture": "#1"},
				"down": {"uv": [0, 4, 1, 6], "rotation": 180, "texture": "#1"}
			}
		},
		{
			"from": [7.6, -5.2266, 6.42388],
			"to": [8.4, -4.4266, 7.22388],
			"rotation": {"angle": 0, "axis": "z", "origin": [8, 8, 8]},
			"faces": {
				"north": {"uv": [3, 11, 4, 10], "texture": "#1"},
				"east": {"uv": [4, 11, 5, 10], "texture": "#1"},
				"south": {"uv": [10, 8, 11, 7], "texture": "#1"},
				"west": {"uv": [2, 11, 3, 10], "texture": "#1"},
				"up": {"uv": [11, 9, 10, 8], "rotation": 270, "texture": "#1"},
				"down": {"uv": [9, 10, 8, 11], "rotation": 90, "texture": "#1"}
			}
		},
		{
			"from": [7.72, -4.66031, 10.22194],
			"to": [8.28, -4.10031, 11.62194],
			"rotation": {"angle": 22.5, "axis": "x", "origin": [8, 8, 8]},
			"faces": {
				"north": {"uv": [6, 12.75, 6.75, 12], "texture": "#1"},
				"east": {"uv": [7, 0.75, 8.75, 0], "texture": "#1"},
				"south": {"uv": [12, 6.75, 12.75, 6], "texture": "#1"},
				"west": {"uv": [6, 4.75, 7.75, 4], "texture": "#1"},
				"up": {"uv": [3.75, 7.75, 2, 7], "rotation": 270, "texture": "#1"},
				"down": {"uv": [8.75, 1, 7, 1.75], "rotation": 90, "texture": "#1"}
			}
		},
		{
			"from": [7.6, -2.8642, -0.38712],
			"to": [8.4, -1.2642, 1.21288],
			"rotation": {"angle": -22.5, "axis": "x", "origin": [8, 8, 8]},
			"faces": {
				"north": {"uv": [2, 5, 4, 4], "rotation": 90, "texture": "#1"},
				"east": {"uv": [2, 2, 0, 4], "rotation": 90, "texture": "#1"},
				"south": {"uv": [4, 4, 6, 5], "rotation": 90, "texture": "#1"},
				"west": {"uv": [2, 0, 0, 2], "rotation": 270, "texture": "#1"},
				"up": {"uv": [1, 4, 0, 6], "texture": "#1"},
				"down": {"uv": [2, 4, 1, 6], "rotation": 180, "texture": "#1"}
			}
		}
	],
	"gui_light": "front",
	"display": {
		"thirdperson_righthand": {
			"translation": [0, -2, 6.5],
			"scale": [0.82422, 0.82422, 0.82422]
		},
		"thirdperson_lefthand": {
			"translation": [0, -2, 6.5],
			"scale": [0.82422, 0.82422, 0.82422]
		},
		"firstperson_righthand": {
			"rotation": [16.85, 40, 2.1],
			"translation": [7.25, 6.75, -8.5],
			"scale": [0.81836, 0.81836, 0.81836]
		},
		"firstperson_lefthand": {
			"rotation": [16.85, 40, 2.1],
			"translation": [7.25, 6.75, -8.5],
			"scale": [0.81836, 0.81836, 0.81836]
		},
		"ground": {
			"rotation": [0, 0, -20],
			"translation": [0, 7.5, 0],
			"scale": [0.8, 0.8, 0.8]
		},
		"gui": {
			"rotation": [90, 53.75, -90],
			"translation": [0.25, -0.25, -2],
			"scale": [0.48242, 0.48242, 0.48242]
		},
		"head": {
			"rotation": [0, 0, -180],
			"translation": [0, 37.25, 0],
			"scale": [0, 0, 0]
		},
		"fixed": {
			"rotation": [0, 90, 0],
			"translation": [15.5, 1.25, -2],
			"scale": [2, 2, 2]
		}
	},
	"groups": [
		{
			"name": "bow",
			"origin": [12.74939, 8, 8],
			"color": 0,
			"children": [
				0,
				1,
				2,
				3,
				4,
				5,
				6,
				7,
				8,
				9,
				10,
				11,
				12,
				13,
				14,
				15,
				16,
				17,
				18,
				19,
				20,
				21,
				22,
				{
					"name": "group",
					"origin": [22.45305, 6.60071, 8.5],
					"color": 0,
					"children": [23, 24, 25, 26, 27, 28, 29, 30, 31, 32, 33, 34]
				},
				{
					"name": "group",
					"origin": [7.67513, 7.50308, 8],
					"color": 0,
					"children": [35, 36, 37, 38, 39, 40, 41, 42, 43, 44, 45, 46, 47, 48, 49, 50, 51, 52, 53]
				},
				{
					"name": "group",
					"origin": [13.05327, 7.09934, 8],
					"color": 0,
					"children": [
						{
							"name": "group",
							"origin": [16.37377, 16.2847, 8],
							"color": 0,
							"children": [54, 55, 56, 57, 58, 59, 60, 61, 62, 63, 64, 65, 66]
						},
						{
							"name": "group",
							"origin": [16.37377, 16.2847, 8],
							"color": 0,
							"children": [67, 68, 69, 70, 71, 72, 73, 74]
						},
						{
							"name": "group",
							"origin": [16.37377, 16.2847, 8],
							"color": 0,
							"children": [75, 76, 77, 78, 79, 80]
						}
					]
				}
			]
		}
	]
}