{
  "credit": "Made by PolygonMC",
  "textures": {
    "1": "littlebunny_set:bunny_glove"
  },
  "elements": [
    {
      "from": [
        6.5,
        6.5,
        6.5
      ],
      "to": [
        9.5,
        9.5,
        9.5
      ],
      "rotation": {
        "angle": 0,
        "axis": "y",
        "origin": [
          6.5,
          6.5,
          6.5
        ]
      },
      "faces": {
        "north": {
          "uv": [
            4,
            0,
            7,
            3
          ],
          "texture": "#1"
        },
        "east": {
          "uv": [
            4,
            3,
            7,
            6
          ],
          "texture": "#1"
        },
        "south": {
          "uv": [
            4,
            6,
            7,
            9
          ],
          "texture": "#1"
        },
        "west": {
          "uv": [
            7,
            0,
            10,
            3
          ],
          "texture": "#1"
        },
        "up": {
          "uv": [
            10,
            6,
            7,
            3
          ],
          "texture": "#1"
        },
        "down": {
          "uv": [
            10,
            6,
            7,
            9
          ],
          "texture": "#1"
        }
      }
    },
    {
      "from": [
        7,
        6,
        3.75
      ],
      "to": [
        9,
        10,
        7.75
      ],
      "rotation": {
        "angle": 0,
        "axis": "y",
        "origin": [
          7,
          0,
          0
        ]
      },
      "faces": {
        "north": {
          "uv": [
            0,
            8,
            2,
            12
          ],
          "texture": "#1"
        },
        "east": {
          "uv": [
            0,
            0,
            4,
            4
          ],
          "texture": "#1"
        },
        "west": {
          "uv": [
            0,
            4,
            4,
            8
          ],
          "texture": "#1"
        },
        "up": {
          "uv": [
            4,
            12,
            2,
            8
          ],
          "texture": "#1"
        },
        "down": {
          "uv": [
            6,
            9,
            4,
            13
          ],
          "texture": "#1"
        }
      }
    },
    {
      "from": [
        6.995,
        9.15851,
        4.73044
      ],
      "to": [
        9.005,
        11.15851,
        8.73044
      ],
      "rotation": {
        "angle": 22.5,
        "axis": "x",
        "origin": [
          7.995,
          10.15851,
          6.73044
        ]
      },
      "faces": {
        "north": {
          "uv": [
            10,
            10,
            12,
            12
          ],
          "texture": "#1"
        },
        "east": {
          "uv": [
            6,
            9,
            10,
            11
          ],
          "texture": "#1"
        },
        "south": {
          "uv": [
            6,
            11,
            8,
            13
          ],
          "texture": "#1"
        },
        "west": {
          "uv": [
            10,
            0,
            14,
            2
          ],
          "texture": "#1"
        },
        "up": {
          "uv": [
            12,
            6,
            10,
            2
          ],
          "texture": "#1"
        },
        "down": {
          "uv": [
            12,
            6,
            10,
            10
          ],
          "texture": "#1"
        }
      }
    },
    {
      "from": [
        6.995,
        4.84149,
        4.73044
      ],
      "to": [
        9.005,
        6.84149,
        8.73044
      ],
      "rotation": {
        "angle": -22.5,
        "axis": "x",
        "origin": [
          7.995,
          5.84149,
          6.73044
        ]
      },
      "faces": {
        "north": {
          "uv": [
            10,
            12,
            12,
            10
          ],
          "texture": "#1"
        },
        "east": {
          "uv": [
            6,
            11,
            10,
            9
          ],
          "texture": "#1"
        },
        "south": {
          "uv": [
            6,
            13,
            8,
            11
          ],
          "texture": "#1"
        },
        "west": {
          "uv": [
            10,
            2,
            14,
            0
          ],
          "texture": "#1"
        },
        "up": {
          "uv": [
            12,
            10,
            10,
            6
          ],
          "texture": "#1"
        },
        "down": {
          "uv": [
            12,
            2,
            10,
            6
          ],
          "texture": "#1"
        }
      }
    }
  ],
  "gui_light": "front",
  "display": {
    "thirdperson_righthand": {
      "translation": [
        0,
        -2,
        1.5
      ],
      "scale": [
        1.57813,
        1.57813,
        1.57813
      ]
    },
    "thirdperson_lefthand": {
      "rotation": [
        0,
        0,
        180
      ],
      "translation": [
        0,
        -2,
        1.5
      ],
      "scale": [
        1.57813,
        1.57813,
        1.57813
      ]
    },
    "firstperson_righthand": {
      "rotation": [
        50,
        0,
        -20
      ],
      "translation": [
        -0.25,
        2.75,
        2.5
      ],
      "scale": [
        1.23828,
        1.23828,
        1.23828
      ]
    },
    "firstperson_lefthand": {
      "rotation": [
        50,
        0,
        160
      ],
      "translation": [
        -0.25,
        2.75,
        2.5
      ],
      "scale": [
        1.23828,
        1.23828,
        1.23828
      ]
    },
    "ground": {
      "rotation": [
        45,
        0,
        0
      ],
      "translation": [
        0,
        8.75,
        1.75
      ],
      "scale": [
        1.97656,
        1.97656,
        1.97656
      ]
    },
    "gui": {
      "rotation": [
        90,
        45,
        -90
      ],
      "translation": [
        2.75,
        -2.75,
        0
      ],
      "scale": [
        2.28516,
        2.28516,
        2.28516
      ]
    },
    "head": {
      "scale": [
        0,
        0,
        0
      ]
    },
    "fixed": {
      "rotation": [
        0,
        0,
        90
      ],
      "translation": [
        0,
        0,
        -5.25
      ],
      "scale": [
        3.47266,
        3.47266,
        3.47266
      ]
    }
  }
}