{
	"sources": [
		{
			"source": "entity",
			"prefix": "entity/",
			"type": "directory"
		},
	{
      "type": "single",
      "resource": "littlecatset:flag"
    },
	{
      "type": "single",
      "resource": "littleroom_bdaycake:bdaycard"
    },
	{
      "type": "single",
      "resource": "littlecatset:tail"
    },
    {
      "type": "single",
      "resource": "littlecatset:chest"
    },
	{
      "type": "single",
      "resource": "littlecatset:bow_1"
    },
	{
      "type": "single",
      "resource": "littlecatset:crossbow"
    },
	{
      "type": "single",
      "resource": "littlecatset:sword"
    },
	{
      "type": "single",
      "resource": "littlecatset:animations/animations_1"
    },
	{
      "type": "single",
      "resource": "littlecatset:animations/animations_2"
    },
	{
      "type": "single",
      "resource": "littlecatset:spear"
    },
	{
      "type": "single",
      "resource": "littlecatset:bow"
    },
	{
      "type": "single",
      "resource": "littlecatset:staff"
    },
	{
      "type": "single",
      "resource": "littlecatset:pickaxe"
    },
	{
      "type": "single",
      "resource": "littlecatset:fishing_rod_cast"
    },
	{
      "type": "single",
      "resource": "littlecatset:shield"
    },
	{
      "type": "single",
      "resource": "littlecatset:hammer"
    },
	{
      "type": "single",
      "resource": "littlecatset:crossbow_2"
    },
	{
      "type": "single",
      "resource": "littlecatset:backpack"
    },
    {
      "type": "single",
      "resource": "littlecatset:crossbow_1"
    },
	{
      "type": "single",
      "resource": "littlecatset:fishing_rod"
    },
	{
      "type": "single",
      "resource": "littlecatset:hoe"
    },
	{
      "type": "single",
      "resource": "littlecatset:headset"
    },
	{
      "type": "single",
      "resource": "littlecatset:key"
    },
	{
      "type": "single",
      "resource": "littlecatset:hood"
    },
	{
      "type": "single",
      "resource": "littlecatset:shovel"
    },
    {
      "type": "single",
      "resource": "littlecatset:bow_2"
    },
    {
      "type": "single",
      "resource": "littlecatset:axe"
    },
	{
      "type": "single",
      "resource": "littlebunny_set:axe"
    },
	{
      "type": "single",
      "resource": "littlebunny_set:babybunny"
    },
	{
      "type": "single",
      "resource": "littlebunny_set:bunnybackpack"
    },
	{
      "type": "single",
      "resource": "littlebunny_set:fishing_rod"
    },
    {
      "type": "single",
      "resource": "littlebunny_set:shovel"
    },
	{
      "type": "single",
      "resource": "littlebunny_set:key"
    },
	{
      "type": "single",
      "resource": "littlebunny_set:bunny_glove"
    },
	{
      "type": "single",
      "resource": "littlebunny_set:hoe"
    },
	{
      "type": "single",
      "resource": "littlebunny_set:crossbow_2"
    },
    {
      "type": "single",
      "resource": "littlebunny_set:fishing_rod_cast"
    },
    {
      "type": "single",
      "resource": "littlebunny_set:crossbow_1"
    },
	{
      "type": "single",
      "resource": "littlebunny_set:pickaxe"
    },
    {
      "type": "single",
      "resource": "littlebunny_set:sword"
    },
    {
      "type": "single",
      "resource": "littlebunny_set:bow_2"
    },
    {
      "type": "single",
      "resource": "littlebunny_set:bow_1"
    },
	{
      "type": "single",
      "resource": "littlebunny_set:little_bunny"
    },
	{
      "type": "single",
      "resource": "littlebunny_set:crossbow"
    },
	{
      "type": "single",
      "resource": "littlebunny_set:backpack"
    },
	{
      "type": "single",
      "resource": "littlebunny_set:staff"
    },
	{
      "type": "single",
      "resource": "littlebunny_set:easter_basket"
    },
    {
      "type": "single",
      "resource": "littlebunny_set:flag"
    },
	{
      "type": "single",
      "resource": "littlebunny_set:spear"
    },
	{
      "type": "single",
      "resource": "littlebunny_set:hammer"
    },
	{
      "type": "single",
      "resource": "littlebunny_set:bow"
    },
    {
      "type": "single",
      "resource": "littlebunny_set:chest"
    },
    {
      "type": "single",
      "resource": "littlebunny_set:shield"
    },
    {
      "type": "single",
      "resource": "littlebunny_set:bunny_hood"
    },
	{
      "type": "single",
      "resource": "saintpatricksset:scythe"
    },
    {
      "type": "single",
      "resource": "saintpatricksset:animations/animations_1"
    },
	    {
      "type": "single",
      "resource": "saintpatricksset:bow_1"
    },
    {
      "type": "single",
      "resource": "saintpatricksset:bow_2"
    },
	{
      "type": "single",
      "resource": "saintpatricksset:armor/saintpatrick_helmet_icon"
    },
    {
      "type": "single",
      "resource": "saintpatricksset:sword"
    },
    {
      "type": "single",
      "resource": "saintpatricksset:armor/saintpatrick_chestplate_icon"
    },
	{
      "type": "single",
      "resource": "saintpatricksset:hat"
    },
	{
      "type": "single",
      "resource": "saintpatricksset:hammer"
    },
    {
      "type": "single",
      "resource": "saintpatricksset:axe"
    },
	{
      "type": "single",
      "resource": "saintpatricksset:fishing_rod"
    },
	{
      "type": "single",
      "resource": "saintpatricksset:armor/saintpatrick_leggings_icon"
    },
    {
      "type": "single",
      "resource": "saintpatricksset:trident"
    },
	{
      "type": "single",
      "resource": "saintpatricksset:crossbow_1"
    },
	{
      "type": "single",
      "resource": "saintpatricksset:crossbow_2"
    },
	 {
      "type": "single",
      "resource": "saintpatricksset:hoe"
    },
	    {
      "type": "single",
      "resource": "saintpatricksset:crossbow"
    },
    {
      "type": "single",
      "resource": "saintpatricksset:shovel"
    },
    {
      "type": "single",
      "resource": "saintpatricksset:fishing_rod_cast"
    },
	{
      "type": "single",
      "resource": "saintpatricksset:staff"
    },
    {
      "type": "single",
      "resource": "saintpatricksset:armor/saintpatrick_boots_icon"
    },
	    {
      "type": "single",
      "resource": "saintpatricksset:greatsword"
    },
	    {
      "type": "single",
      "resource": "saintpatricksset:bow"
    },
	{
      "type": "single",
      "resource": "saintpatricksset:spear"
    },
	{
      "type": "single",
      "resource": "saintpatricksset:shield"
    },
    {
      "type": "single",
      "resource": "saintpatricksset:wings"
    },
    {
      "type": "single",
      "resource": "saintpatricksset:chest"
    },
    {
      "type": "single",
      "resource": "saintpatricksset:key"
    },
    {
      "type": "single",
      "resource": "saintpatricksset:pickaxe"
    },
		{
			"type": "single",
			"resource": "littleroom_magnus:magnus_shard"
		},
		{
			"type": "single",
			"resource": "littleroom_magnus:marshmallow_on_a_stick"
		},
		{
			"type": "single",
			"resource": "littleroom_magnus:marshmallow"
		},
	{
      "type": "single",
      "resource": "playbox_cherryblossomfurniture:basket"
    },
    {
      "type": "single",
      "resource": "playbox_cherryblossomfurniture:flowerpot"
    },
    {
      "type": "single",
      "resource": "playbox_cherryblossomfurniture:pond"
    },
	{
      "type": "single",
      "resource": "playbox_cherryblossomfurniture:leaves"
    },
    {
      "type": "single",
      "resource": "playbox_cherryblossomfurniture:table"
    },
    {
      "type": "single",
      "resource": "playbox_cherryblossomfurniture:roomdivider"
    },
	 {
      "type": "single",
      "resource": "playbox_cherryblossomfurniture:kotatsu"
    },
	 {
      "type": "single",
      "resource": "playbox_cherryblossomfurniture:chair"
    },
    {
      "type": "single",
      "resource": "playbox_cherryblossomfurniture:lamp"
    },
	{
      "type": "single",
      "resource": "playbox_cherryblossomfurniture:sofa"
    },
	{
      "type": "single",
      "resource": "lzfurniture:furniture/outdoor/outdoor_spade"
    },
	{
      "type": "single",
      "resource": "lzfurniture:furniture/outdoor/outdoor_rocks_big"
    },
	{
      "type": "single",
      "resource": "lzfurniture:furniture/outdoor/outdoor_grill"
    },
	{
      "type": "single",
      "resource": "lzfurniture:furniture/outdoor/outdoor_pool"
    },
    {
      "type": "single",
      "resource": "lzfurniture:furniture/outdoor/outdoor_sunbed"
    },
	{
      "type": "single",
      "resource": "lzfurniture:furniture/outdoor/outdoor_rocks_tiny"
    },
	{
      "type": "single",
      "resource": "lzfurniture:furniture/outdoor/outdoor_wateringcan"
    },
	{
      "type": "single",
      "resource": "lzfurniture:furniture/outdoor/outdoor_doghut"
    },
	{
      "type": "single",
      "resource": "lzfurniture:furniture/outdoor/outdoor_chair"
    },
	{
      "type": "single",
      "resource": "lzfurniture:furniture/outdoor/outdoor_pool_water"
    },
	{
      "type": "single",
      "resource": "lzfurniture:furniture/outdoor/outdoor_small_table"
    },
    {
      "type": "single",
      "resource": "lzfurniture:furniture/outdoor/outdoor_umbrella"
    },
	{
      "type": "single",
      "resource": "lzfurniture:furniture/outdoor/outdoor_wheelbarrow"
    },
	{
      "type": "single",
      "resource": "lzfurniture:furniture/outdoor/outdoor_picnictable"
    },
	{
      "type": "single",
      "resource": "lzfurniture:furniture/outdoor/outdoor_trampolin"
    },
    {
      "type": "single",
      "resource": "lzfurniture:furniture/outdoor/outdoor_rocks_medium"
    },
	{
      "type": "single",
      "resource": "lzfurniture:furniture/outdoor/outdoor_rocks_small"
    },
	{
      "type": "single",
      "resource": "lzfurniture:furniture/outdoor/outdoor_bench"
    },
    {
      "type": "single",
      "resource": "saintpatricksset:animations/animations_1"
    },
    {
      "type": "single",
      "resource": "lzfurniture:furniture/outdoor/outdoor_lawnmower"
    },
	{
      "type": "single",
      "resource": "minecraft:toro/knight"
    },
	{
      "type": "single",
      "resource": "medieval_pack:ceramics_3"
    },
	{
      "type": "single",
      "resource": "littleroom_yeti:yeti_shield"
    },
	{
      "type": "single",
      "resource": "littleroom_yeti:yeti_shield_blocking"
    },
	{
      "type": "single",
      "resource": "littleroom_yeti:yeti_axe"
    },
    {
      "type": "single",
      "resource": "medieval_pack:dark_oak_table_1x3"
    },
    {
      "type": "single",
      "resource": "medieval_pack:ceramics_4"
    },
    {
      "type": "single",
      "resource": "medieval_pack:spruce_window_1x3"
    },
    {
      "type": "single",
      "resource": "medieval_pack:ceramics_5"
    },
    {
      "type": "single",
      "resource": "medieval_pack:birch_window_1x3"
    },
    {
      "type": "single",
      "resource": "medieval_pack:oak_flag"
    },
    {
      "type": "single",
      "resource": "medieval_pack:anchor_stone"
    },
    {
      "type": "single",
      "resource": "medieval_pack:ceramics_1"
    },
    {
      "type": "single",
      "resource": "medieval_pack:ceramics_2"
    },
    {
      "type": "single",
      "resource": "medieval_pack:jungle_stand_1x1"
    },
    {
      "type": "single",
      "resource": "medieval_pack:oak_table_1x3"
    },
    {
      "type": "single",
      "resource": "medieval_pack:jungle_window_1x3"
    },
    {
      "type": "single",
      "resource": "_iainternal:icons/icon_left_blue"
    },
    {
      "type": "single",
      "resource": "_iainternal:icons/icon_cancel"
    },
    {
      "type": "single",
      "resource": "medieval_pack:birch_table_1x3"
    },
    {
      "type": "single",
      "resource": "medieval_pack:spruce_stand_1x1"
    },
    {
      "type": "single",
      "resource": "medieval_pack:acacia_table_1x3"
    },
    {
      "type": "single",
      "resource": "medieval_pack:book_stack_1"
    },
    {
      "type": "single",
      "resource": "medieval_pack:stone_wall"
    },
    {
      "type": "single",
      "resource": "medieval_pack:oak_stand_1x1"
    },
    {
      "type": "single",
      "resource": "_iainternal:icons/icon_back_orange"
    },
    {
      "type": "single",
      "resource": "medieval_pack:birch_flag"
    },
    {
      "type": "single",
      "resource": "_iainternal:icons/icon_arrow_chest"
    },
    {
      "type": "single",
      "resource": "medieval_pack:acacia_window_1x3"
    },
    {
      "type": "single",
      "resource": "medieval_pack:dark_oak_stand_1x1"
    },
    {
      "type": "single",
      "resource": "medieval_pack:dark_oak_window_1x3"
    },
    {
      "type": "single",
      "resource": "medieval_pack:color_flags"
    },
    {
      "type": "single",
      "resource": "_iainternal:icons/icon_search"
    },
    {
      "type": "single",
      "resource": "_iainternal:icons/icon_next_orange"
    },
    {
      "type": "single",
      "resource": "_iainternal:icons/icon_right_blue"
    },
    {
      "type": "single",
      "resource": "medieval_pack:spruce_flag"
    },
    {
      "type": "single",
      "resource": "medieval_pack:dark_oak_flag"
    },
    {
      "type": "single",
      "resource": "medieval_pack:oak_window_1x3"
    },
    {
      "type": "single",
      "resource": "medieval_pack:jungle_flag"
    },
    {
      "type": "single",
      "resource": "medieval_pack:acacia_stand_1x1"
    },
    {
      "type": "single",
      "resource": "medieval_pack:birch_stand_1x1"
    },
    {
      "type": "single",
      "resource": "medieval_pack:acacia_flag"
    },
    {
      "type": "single",
      "resource": "medieval_pack:spruce_table_1x3"
    },
    {
      "type": "single",
      "resource": "medieval_pack:jungle_table_1x3"
    }
	]
}