{
	"credit": "Made with Blockbench",
	"texture_size": [64, 64],
	"textures": {
		"0": "minehammer:item/cosmetics/tophat2",
		"particle": "minehammer:item/cosmetics/tophat2"
	},
	"elements": [
		{
			"name": "Box1",
			"from": [7, 0.25, 7],
			"to": [9, 32, 9],
			"rotation": {"angle": 0, "axis": "y", "origin": [8, 16.125, 7.75]},
			"faces": {
				"north": {"uv": [3, 0, 4, 16], "texture": "#0"},
				"east": {"uv": [2, 0, 3, 16], "texture": "#0"},
				"south": {"uv": [1, 0, 2, 16], "texture": "#0"},
				"west": {"uv": [0, 0, 1, 16], "texture": "#0"},
				"up": {"uv": [5, 1, 4, 0], "rotation": 180, "texture": "#0"},
				"down": {"uv": [6, 1, 5, 0], "rotation": 180, "texture": "#0"}
			}
		},
		{
			"name": "Box1",
			"from": [7, -6.5, 7],
			"to": [9, 0.25, 9],
			"rotation": {"angle": 0, "axis": "y", "origin": [8, 16.125, 7.75]},
			"faces": {
				"north": {"uv": [3, 1, 4, 16], "texture": "#0"},
				"east": {"uv": [2, 1, 3, 16], "texture": "#0"},
				"south": {"uv": [1, 1, 2, 16], "texture": "#0"},
				"west": {"uv": [0, 1, 1, 16], "texture": "#0"},
				"up": {"uv": [5, 1, 4, 0], "rotation": 180, "texture": "#0"},
				"down": {"uv": [6, 1, 5, 0], "rotation": 180, "texture": "#0"}
			}
		},
		{
			"name": "Box1",
			"from": [6.75, -10, 6.75],
			"to": [9.25, -9.75, 9.25],
			"rotation": {"angle": 0, "axis": "y", "origin": [0, -10, 0]},
			"faces": {
				"north": {"uv": [9.25, 16, 11.5, 15.75], "texture": "#0"},
				"east": {"uv": [7, 15.75, 9.25, 16], "texture": "#0"},
				"south": {"uv": [13.75, 16, 16, 15.75], "texture": "#0"},
				"west": {"uv": [11.5, 16, 13.75, 15.75], "texture": "#0"},
				"up": {"uv": [11.5, 15.75, 9.25, 13.5], "texture": "#0"},
				"down": {"uv": [13.75, 13.5, 11.5, 15.75], "texture": "#0"}
			}
		},
		{
			"name": "Box1",
			"from": [5.75, -10, 7],
			"to": [7, -9.75, 9.25],
			"rotation": {"angle": -22.5, "axis": "z", "origin": [6.625, -9.625, 8.125]},
			"faces": {
				"north": {"uv": [12, 4.5, 11, 4.25], "texture": "#0"},
				"east": {"uv": [9, 4.25, 11, 4.5], "texture": "#0"},
				"south": {"uv": [12, 4.5, 11, 4.25], "texture": "#0"},
				"west": {"uv": [9, 4.25, 11, 4.5], "texture": "#0"},
				"up": {"uv": [12, 4.25, 11, 2.25], "texture": "#0"},
				"down": {"uv": [13, 4.25, 12, 2.25], "texture": "#0"}
			}
		},
		{
			"name": "Box1",
			"from": [9, -10, 7],
			"to": [10.25, -9.75, 9.25],
			"rotation": {"angle": 22.5, "axis": "z", "origin": [9.375, -9.625, 8.125]},
			"faces": {
				"north": {"uv": [12, 4.5, 11, 4.25], "texture": "#0"},
				"east": {"uv": [9, 4.25, 11, 4.5], "texture": "#0"},
				"south": {"uv": [12, 4.5, 11, 4.25], "texture": "#0"},
				"west": {"uv": [9, 4.25, 11, 4.5], "texture": "#0"},
				"up": {"uv": [12, 4.25, 11, 2.25], "texture": "#0"},
				"down": {"uv": [13, 4.25, 12, 2.25], "texture": "#0"}
			}
		},
		{
			"name": "Box1",
			"from": [7, -9.75, 7],
			"to": [9, -6.5, 9],
			"rotation": {"angle": 0, "axis": "y", "origin": [8, 22.125, 7.75]},
			"faces": {
				"north": {"uv": [5, 12, 6, 14], "texture": "#0"},
				"east": {"uv": [6, 12, 7, 14], "texture": "#0"},
				"south": {"uv": [7, 12, 8, 14], "texture": "#0"},
				"west": {"uv": [4, 12, 5, 14], "texture": "#0"},
				"up": {"uv": [5, 1, 4, 0], "rotation": 180, "texture": "#0"},
				"down": {"uv": [6, 1, 5, 0], "rotation": 180, "texture": "#0"}
			}
		}
	],
	"display": {
		"thirdperson_righthand": {
			"rotation": [75, 45, 0],
			"translation": [0, 0.5, 0],
			"scale": [0.5, 0.5, 0.5]
		},
		"thirdperson_lefthand": {
			"rotation": [75, 45, 0],
			"translation": [0, 0.5, 0],
			"scale": [0.5, 0.5, 0.5]
		},
		"firstperson_righthand": {
			"rotation": [0, 140, 0],
			"translation": [0, 3.75, 0]
		},
		"firstperson_lefthand": {
			"rotation": [0, 140, 0],
			"translation": [0, 3.75, 0]
		},
		"ground": {
			"translation": [0, 18.25, 0]
		},
		"gui": {
			"rotation": [30, 225, 0],
			"translation": [0, -1, 0],
			"scale": [0.5, 0.5, 0.5]
		},
		"head": {
			"translation": [0, 78.5, 0],
			"scale": [4, 4, 4]
		},
		"fixed": {
			"translation": [0, 2, -1.5]
		}
	},
	"groups": [
		{
			"name": "group",
			"origin": [8, 8, 8],
			"color": 0,
			"children": [
				0,
				1,
				{
					"name": "group",
					"origin": [-10, 0, 8],
					"color": 0,
					"children": [2, 3, 4, 5]
				}
			]
		}
	]
}