{
  "credit": "MadewithBlockbench",
  "texture_size": [
    64,
    64
  ],
  "textures": {
    "0": "elitecreatures:dungeon_decoration_v1/dungeon_decorate_heads",
    "particle": "elitecreatures:dungeon_decoration_v1/dungeon_decorate_heads"
  },
  "elements": [
    {
      "from": [
        -3,
        2,
        4
      ],
      "to": [
        5,
        8,
        12
      ],
      "rotation": {
        "angle": 22.5,
        "axis": "y",
        "origin": [
          0,
          0,
          0
        ]
      },
      "faces": {
        "north": {
          "uv": [
            4,
            0,
            6,
            1.5
          ],
          "texture": "#0"
        },
        "east": {
          "uv": [
            4,
            1.5,
            6,
            3
          ],
          "texture": "#0"
        },
        "south": {
          "uv": [
            4,
            3,
            6,
            4.5
          ],
          "texture": "#0"
        },
        "west": {
          "uv": [
            4,
            1.5,
            6,
            3
          ],
          "texture": "#0"
        },
        "up": {
          "uv": [
            2,
            5.25,
            0,
            3.25
          ],
          "texture": "#0"
        },
        "down": {
          "uv": [
            2,
            5.25,
            0,
            3.25
          ],
          "texture": "#0"
        }
      }
    },
    {
      "from": [
        -2.1,
        5,
        1.8
      ],
      "to": [
        0.4,
        6,
        2.3
      ],
      "rotation": {
        "angle": 22.5,
        "axis": "y",
        "origin": [
          5,
          29,
          0
        ]
      },
      "faces": {
        "north": {
          "uv": [
            1.125,
            7.75,
            0.5,
            8
          ],
          "texture": "#0"
        },
        "east": {
          "uv": [
            1.25,
            7.75,
            1.125,
            8
          ],
          "texture": "#0"
        },
        "south": {
          "uv": [
            1.125,
            7.75,
            0.5,
            8
          ],
          "texture": "#0"
        },
        "west": {
          "uv": [
            1.25,
            7.75,
            1.125,
            8
          ],
          "texture": "#0"
        },
        "up": {
          "uv": [
            1.125,
            8,
            0.5,
            8.125
          ],
          "texture": "#0"
        },
        "down": {
          "uv": [
            1.125,
            8,
            0.5,
            8.125
          ],
          "texture": "#0"
        }
      }
    },
    {
      "from": [
        2.8,
        5,
        -0.5
      ],
      "to": [
        5.3,
        6,
        0
      ],
      "rotation": {
        "angle": 22.5,
        "axis": "y",
        "origin": [
          11,
          29,
          0
        ]
      },
      "faces": {
        "north": {
          "uv": [
            0.5,
            7.75,
            1.125,
            8
          ],
          "texture": "#0"
        },
        "east": {
          "uv": [
            1.125,
            7.75,
            1.25,
            8
          ],
          "texture": "#0"
        },
        "south": {
          "uv": [
            0.5,
            7.75,
            1.125,
            8
          ],
          "texture": "#0"
        },
        "west": {
          "uv": [
            1.125,
            7.75,
            1.25,
            8
          ],
          "texture": "#0"
        },
        "up": {
          "uv": [
            0.5,
            8,
            1.125,
            8.125
          ],
          "texture": "#0"
        },
        "down": {
          "uv": [
            0.5,
            8,
            1.125,
            8.125
          ],
          "texture": "#0"
        }
      }
    },
    {
      "from": [
        -2,
        0,
        7
      ],
      "to": [
        4,
        2,
        12
      ],
      "rotation": {
        "angle": 22.5,
        "axis": "y",
        "origin": [
          0,
          0,
          0
        ]
      },
      "faces": {
        "north": {
          "uv": [
            6,
            3.75,
            7.5,
            4.25
          ],
          "texture": "#0"
        },
        "east": {
          "uv": [
            6,
            3.25,
            7.25,
            3.75
          ],
          "texture": "#0"
        },
        "south": {
          "uv": [
            0.5,
            6.25,
            2,
            6.75
          ],
          "texture": "#0"
        },
        "west": {
          "uv": [
            6,
            3.25,
            7.25,
            3.75
          ],
          "texture": "#0"
        },
        "up": {
          "uv": [
            5.5,
            5.75,
            4,
            4.5
          ],
          "texture": "#0"
        },
        "down": {
          "uv": [
            5.5,
            5.75,
            4,
            4.5
          ],
          "texture": "#0"
        }
      }
    },
    {
      "from": [
        -2,
        0,
        5
      ],
      "to": [
        4,
        1,
        7
      ],
      "rotation": {
        "angle": 22.5,
        "axis": "y",
        "origin": [
          0,
          0,
          0
        ]
      },
      "faces": {
        "north": {
          "uv": [
            0.5,
            6.75,
            2,
            7
          ],
          "texture": "#0"
        },
        "east": {
          "uv": [
            0.5,
            7.5,
            1,
            7.75
          ],
          "texture": "#0"
        },
        "south": {
          "uv": [
            0.5,
            6.75,
            2,
            7
          ],
          "texture": "#0"
        },
        "west": {
          "uv": [
            0.5,
            7.5,
            1,
            7.75
          ],
          "texture": "#0"
        },
        "up": {
          "uv": [
            2,
            7.5,
            0.5,
            7
          ],
          "texture": "#0"
        },
        "down": {
          "uv": [
            2,
            7.5,
            0.5,
            7
          ],
          "texture": "#0"
        }
      }
    },
    {
      "from": [
        9,
        0.5,
        -3
      ],
      "to": [
        14,
        1.5,
        -1.5
      ],
      "rotation": {
        "angle": -22.5,
        "axis": "y",
        "origin": [
          0,
          0,
          0
        ]
      },
      "faces": {
        "north": {
          "uv": [
            0,
            15.375,
            1.25,
            15.625
          ],
          "texture": "#0"
        },
        "east": {
          "uv": [
            1.25,
            15.375,
            1.625,
            15.625
          ],
          "texture": "#0"
        },
        "south": {
          "uv": [
            0,
            15.375,
            1.25,
            15.625
          ],
          "texture": "#0"
        },
        "west": {
          "uv": [
            1.25,
            15.375,
            1.625,
            15.625
          ],
          "texture": "#0"
        },
        "up": {
          "uv": [
            0,
            15.625,
            1.25,
            16
          ],
          "texture": "#0"
        },
        "down": {
          "uv": [
            0,
            15.625,
            1.25,
            16
          ],
          "texture": "#0"
        }
      }
    },
    {
      "from": [
        14,
        0,
        -4
      ],
      "to": [
        16,
        2,
        -2
      ],
      "rotation": {
        "angle": -22.5,
        "axis": "y",
        "origin": [
          0,
          0,
          0
        ]
      },
      "faces": {
        "north": {
          "uv": [
            0,
            14.875,
            0.5,
            15.375
          ],
          "texture": "#0"
        },
        "east": {
          "uv": [
            1,
            14.875,
            1.5,
            15.375
          ],
          "texture": "#0"
        },
        "south": {
          "uv": [
            0,
            14.875,
            0.5,
            15.375
          ],
          "texture": "#0"
        },
        "west": {
          "uv": [
            1,
            14.875,
            1.5,
            15.375
          ],
          "texture": "#0"
        },
        "up": {
          "uv": [
            0.5,
            14.875,
            1,
            15.375
          ],
          "texture": "#0"
        },
        "down": {
          "uv": [
            0.5,
            14.875,
            1,
            15.375
          ],
          "texture": "#0"
        }
      }
    },
    {
      "from": [
        14,
        0.4,
        -2
      ],
      "to": [
        15.5,
        1.6,
        -0.5
      ],
      "rotation": {
        "angle": -22.5,
        "axis": "y",
        "origin": [
          0,
          0,
          0
        ]
      },
      "faces": {
        "north": {
          "uv": [
            0.375,
            14.5,
            0.75,
            14.8
          ],
          "texture": "#0"
        },
        "east": {
          "uv": [
            0.75,
            14.5,
            1.125,
            14.8
          ],
          "texture": "#0"
        },
        "south": {
          "uv": [
            0.375,
            14.5,
            0.75,
            14.8
          ],
          "texture": "#0"
        },
        "west": {
          "uv": [
            0.75,
            14.5,
            1.125,
            14.8
          ],
          "texture": "#0"
        },
        "up": {
          "uv": [
            0,
            14.375,
            0.375,
            14.75
          ],
          "texture": "#0"
        },
        "down": {
          "uv": [
            0,
            14.375,
            0.375,
            14.75
          ],
          "texture": "#0"
        }
      }
    },
    {
      "from": [
        2.6,
        0.4,
        3.5
      ],
      "to": [
        4.1,
        1.6,
        5
      ],
      "rotation": {
        "angle": -22.5,
        "axis": "y",
        "origin": [
          16,
          0,
          16
        ]
      },
      "faces": {
        "north": {
          "uv": [
            0.375,
            14.5,
            0.75,
            14.8
          ],
          "texture": "#0"
        },
        "east": {
          "uv": [
            0.75,
            14.5,
            1.125,
            14.8
          ],
          "texture": "#0"
        },
        "south": {
          "uv": [
            0.375,
            14.5,
            0.75,
            14.8
          ],
          "texture": "#0"
        },
        "west": {
          "uv": [
            0.75,
            14.5,
            1.125,
            14.8
          ],
          "texture": "#0"
        },
        "up": {
          "uv": [
            0.375,
            14.75,
            0,
            14.375
          ],
          "texture": "#0"
        },
        "down": {
          "uv": [
            0.375,
            14.75,
            0,
            14.375
          ],
          "texture": "#0"
        }
      }
    },
    {
      "from": [
        2.1,
        0,
        5
      ],
      "to": [
        4.1,
        2,
        7
      ],
      "rotation": {
        "angle": -22.5,
        "axis": "y",
        "origin": [
          16,
          0,
          16
        ]
      },
      "faces": {
        "north": {
          "uv": [
            0,
            14.875,
            0.5,
            15.375
          ],
          "texture": "#0"
        },
        "east": {
          "uv": [
            1,
            14.875,
            1.5,
            15.375
          ],
          "texture": "#0"
        },
        "south": {
          "uv": [
            0,
            14.875,
            0.5,
            15.375
          ],
          "texture": "#0"
        },
        "west": {
          "uv": [
            1,
            14.875,
            1.5,
            15.375
          ],
          "texture": "#0"
        },
        "up": {
          "uv": [
            1,
            15.375,
            0.5,
            14.875
          ],
          "texture": "#0"
        },
        "down": {
          "uv": [
            1,
            15.375,
            0.5,
            14.875
          ],
          "texture": "#0"
        }
      }
    },
    {
      "from": [
        6,
        0.5,
        10
      ],
      "to": [
        11,
        1.5,
        11.5
      ],
      "rotation": {
        "angle": -22.5,
        "axis": "y",
        "origin": [
          0,
          0,
          0
        ]
      },
      "faces": {
        "north": {
          "uv": [
            0,
            15.375,
            1.25,
            15.625
          ],
          "texture": "#0"
        },
        "east": {
          "uv": [
            1.25,
            15.375,
            1.625,
            15.625
          ],
          "texture": "#0"
        },
        "south": {
          "uv": [
            0,
            15.375,
            1.25,
            15.625
          ],
          "texture": "#0"
        },
        "west": {
          "uv": [
            1.25,
            15.375,
            1.625,
            15.625
          ],
          "texture": "#0"
        },
        "up": {
          "uv": [
            0,
            15.625,
            1.25,
            16
          ],
          "texture": "#0"
        },
        "down": {
          "uv": [
            0,
            15.625,
            1.25,
            16
          ],
          "texture": "#0"
        }
      }
    },
    {
      "from": [
        11,
        0,
        9
      ],
      "to": [
        13,
        2,
        11
      ],
      "rotation": {
        "angle": -22.5,
        "axis": "y",
        "origin": [
          0,
          0,
          0
        ]
      },
      "faces": {
        "north": {
          "uv": [
            0,
            14.875,
            0.5,
            15.375
          ],
          "texture": "#0"
        },
        "east": {
          "uv": [
            1,
            14.875,
            1.5,
            15.375
          ],
          "texture": "#0"
        },
        "south": {
          "uv": [
            0,
            14.875,
            0.5,
            15.375
          ],
          "texture": "#0"
        },
        "west": {
          "uv": [
            1,
            14.875,
            1.5,
            15.375
          ],
          "texture": "#0"
        },
        "up": {
          "uv": [
            0.5,
            14.875,
            1,
            15.375
          ],
          "texture": "#0"
        },
        "down": {
          "uv": [
            0.5,
            14.875,
            1,
            15.375
          ],
          "texture": "#0"
        }
      }
    },
    {
      "from": [
        11,
        0.4,
        11
      ],
      "to": [
        12.5,
        1.6,
        12.5
      ],
      "rotation": {
        "angle": -22.5,
        "axis": "y",
        "origin": [
          0,
          0,
          0
        ]
      },
      "faces": {
        "north": {
          "uv": [
            0.375,
            14.5,
            0.75,
            14.8
          ],
          "texture": "#0"
        },
        "east": {
          "uv": [
            0.75,
            14.5,
            1.125,
            14.8
          ],
          "texture": "#0"
        },
        "south": {
          "uv": [
            0.375,
            14.5,
            0.75,
            14.8
          ],
          "texture": "#0"
        },
        "west": {
          "uv": [
            0.75,
            14.5,
            1.125,
            14.8
          ],
          "texture": "#0"
        },
        "up": {
          "uv": [
            0,
            14.375,
            0.375,
            14.75
          ],
          "texture": "#0"
        },
        "down": {
          "uv": [
            0,
            14.375,
            0.375,
            14.75
          ],
          "texture": "#0"
        }
      }
    },
    {
      "from": [
        -0.4,
        0.4,
        16.5
      ],
      "to": [
        1.1,
        1.6,
        18
      ],
      "rotation": {
        "angle": -22.5,
        "axis": "y",
        "origin": [
          16,
          0,
          16
        ]
      },
      "faces": {
        "north": {
          "uv": [
            0.375,
            14.5,
            0.75,
            14.8
          ],
          "texture": "#0"
        },
        "east": {
          "uv": [
            0.75,
            14.5,
            1.125,
            14.8
          ],
          "texture": "#0"
        },
        "south": {
          "uv": [
            0.375,
            14.5,
            0.75,
            14.8
          ],
          "texture": "#0"
        },
        "west": {
          "uv": [
            0.75,
            14.5,
            1.125,
            14.8
          ],
          "texture": "#0"
        },
        "up": {
          "uv": [
            0.375,
            14.75,
            0,
            14.375
          ],
          "texture": "#0"
        },
        "down": {
          "uv": [
            0.375,
            14.75,
            0,
            14.375
          ],
          "texture": "#0"
        }
      }
    },
    {
      "from": [
        -0.9,
        0,
        18
      ],
      "to": [
        1.1,
        2,
        20
      ],
      "rotation": {
        "angle": -22.5,
        "axis": "y",
        "origin": [
          16,
          0,
          16
        ]
      },
      "faces": {
        "north": {
          "uv": [
            0,
            14.875,
            0.5,
            15.375
          ],
          "texture": "#0"
        },
        "east": {
          "uv": [
            1,
            14.875,
            1.5,
            15.375
          ],
          "texture": "#0"
        },
        "south": {
          "uv": [
            0,
            14.875,
            0.5,
            15.375
          ],
          "texture": "#0"
        },
        "west": {
          "uv": [
            1,
            14.875,
            1.5,
            15.375
          ],
          "texture": "#0"
        },
        "up": {
          "uv": [
            1,
            15.375,
            0.5,
            14.875
          ],
          "texture": "#0"
        },
        "down": {
          "uv": [
            1,
            15.375,
            0.5,
            14.875
          ],
          "texture": "#0"
        }
      }
    },
    {
      "from": [
        13,
        2,
        -5
      ],
      "to": [
        21,
        8,
        3
      ],
      "rotation": {
        "angle": -45,
        "axis": "y",
        "origin": [
          0,
          0,
          0
        ]
      },
      "faces": {
        "north": {
          "uv": [
            4,
            0,
            6,
            1.5
          ],
          "texture": "#0"
        },
        "east": {
          "uv": [
            4,
            1.5,
            6,
            3
          ],
          "texture": "#0"
        },
        "south": {
          "uv": [
            4,
            3,
            6,
            4.5
          ],
          "texture": "#0"
        },
        "west": {
          "uv": [
            4,
            1.5,
            6,
            3
          ],
          "texture": "#0"
        },
        "up": {
          "uv": [
            2,
            5.25,
            0,
            3.25
          ],
          "texture": "#0"
        },
        "down": {
          "uv": [
            2,
            5.25,
            0,
            3.25
          ],
          "texture": "#0"
        }
      }
    },
    {
      "from": [
        15,
        5,
        -1.8
      ],
      "to": [
        17.5,
        6,
        -1.3
      ],
      "rotation": {
        "angle": -45,
        "axis": "y",
        "origin": [
          5,
          29,
          0
        ]
      },
      "faces": {
        "north": {
          "uv": [
            1.125,
            7.75,
            0.5,
            8
          ],
          "texture": "#0"
        },
        "east": {
          "uv": [
            1.25,
            7.75,
            1.125,
            8
          ],
          "texture": "#0"
        },
        "south": {
          "uv": [
            1.125,
            7.75,
            0.5,
            8
          ],
          "texture": "#0"
        },
        "west": {
          "uv": [
            1.25,
            7.75,
            1.125,
            8
          ],
          "texture": "#0"
        },
        "up": {
          "uv": [
            1.125,
            8,
            0.5,
            8.125
          ],
          "texture": "#0"
        },
        "down": {
          "uv": [
            1.125,
            8,
            0.5,
            8.125
          ],
          "texture": "#0"
        }
      }
    },
    {
      "from": [
        21.2,
        5,
        2.5
      ],
      "to": [
        23.7,
        6,
        3
      ],
      "rotation": {
        "angle": -45,
        "axis": "y",
        "origin": [
          11,
          29,
          0
        ]
      },
      "faces": {
        "north": {
          "uv": [
            0.5,
            7.75,
            1.125,
            8
          ],
          "texture": "#0"
        },
        "east": {
          "uv": [
            1.125,
            7.75,
            1.25,
            8
          ],
          "texture": "#0"
        },
        "south": {
          "uv": [
            0.5,
            7.75,
            1.125,
            8
          ],
          "texture": "#0"
        },
        "west": {
          "uv": [
            1.125,
            7.75,
            1.25,
            8
          ],
          "texture": "#0"
        },
        "up": {
          "uv": [
            0.5,
            8,
            1.125,
            8.125
          ],
          "texture": "#0"
        },
        "down": {
          "uv": [
            0.5,
            8,
            1.125,
            8.125
          ],
          "texture": "#0"
        }
      }
    },
    {
      "from": [
        14,
        0,
        -2
      ],
      "to": [
        20,
        2,
        3
      ],
      "rotation": {
        "angle": -45,
        "axis": "y",
        "origin": [
          0,
          0,
          0
        ]
      },
      "faces": {
        "north": {
          "uv": [
            6,
            3.75,
            7.5,
            4.25
          ],
          "texture": "#0"
        },
        "east": {
          "uv": [
            6,
            3.25,
            7.25,
            3.75
          ],
          "texture": "#0"
        },
        "south": {
          "uv": [
            0.5,
            6.25,
            2,
            6.75
          ],
          "texture": "#0"
        },
        "west": {
          "uv": [
            6,
            3.25,
            7.25,
            3.75
          ],
          "texture": "#0"
        },
        "up": {
          "uv": [
            5.5,
            5.75,
            4,
            4.5
          ],
          "texture": "#0"
        },
        "down": {
          "uv": [
            5.5,
            5.75,
            4,
            4.5
          ],
          "texture": "#0"
        }
      }
    },
    {
      "from": [
        14,
        0,
        -4
      ],
      "to": [
        20,
        1,
        -2
      ],
      "rotation": {
        "angle": -45,
        "axis": "y",
        "origin": [
          0,
          0,
          0
        ]
      },
      "faces": {
        "north": {
          "uv": [
            0.5,
            6.75,
            2,
            7
          ],
          "texture": "#0"
        },
        "east": {
          "uv": [
            0.5,
            7.5,
            1,
            7.75
          ],
          "texture": "#0"
        },
        "south": {
          "uv": [
            0.5,
            6.75,
            2,
            7
          ],
          "texture": "#0"
        },
        "west": {
          "uv": [
            0.5,
            7.5,
            1,
            7.75
          ],
          "texture": "#0"
        },
        "up": {
          "uv": [
            2,
            7.5,
            0.5,
            7
          ],
          "texture": "#0"
        },
        "down": {
          "uv": [
            2,
            7.5,
            0.5,
            7
          ],
          "texture": "#0"
        }
      }
    },
    {
      "from": [
        4,
        10,
        6
      ],
      "to": [
        12,
        16,
        14
      ],
      "faces": {
        "north": {
          "uv": [
            4,
            0,
            6,
            1.5
          ],
          "texture": "#0"
        },
        "east": {
          "uv": [
            4,
            1.5,
            6,
            3
          ],
          "texture": "#0"
        },
        "south": {
          "uv": [
            4,
            3,
            6,
            4.5
          ],
          "texture": "#0"
        },
        "west": {
          "uv": [
            4,
            1.5,
            6,
            3
          ],
          "texture": "#0"
        },
        "up": {
          "uv": [
            2,
            5.25,
            0,
            3.25
          ],
          "texture": "#0"
        },
        "down": {
          "uv": [
            2,
            5.25,
            0,
            3.25
          ],
          "texture": "#0"
        }
      }
    },
    {
      "from": [
        15,
        11,
        5.5
      ],
      "to": [
        17.5,
        12,
        6
      ],
      "rotation": {
        "angle": -22.5,
        "axis": "z",
        "origin": [
          17,
          27,
          0
        ]
      },
      "faces": {
        "north": {
          "uv": [
            0.5,
            7.75,
            1.125,
            8
          ],
          "texture": "#0"
        },
        "east": {
          "uv": [
            1.125,
            7.75,
            1.25,
            8
          ],
          "texture": "#0"
        },
        "south": {
          "uv": [
            0.5,
            7.75,
            1.125,
            8
          ],
          "texture": "#0"
        },
        "west": {
          "uv": [
            1.125,
            7.75,
            1.25,
            8
          ],
          "texture": "#0"
        },
        "up": {
          "uv": [
            0.5,
            8,
            1.125,
            8.125
          ],
          "texture": "#0"
        },
        "down": {
          "uv": [
            0.5,
            8,
            1.125,
            8.125
          ],
          "texture": "#0"
        }
      }
    },
    {
      "from": [
        -1.5,
        11,
        5.5
      ],
      "to": [
        1,
        12,
        6
      ],
      "rotation": {
        "angle": 22.5,
        "axis": "z",
        "origin": [
          -1,
          27,
          0
        ]
      },
      "faces": {
        "north": {
          "uv": [
            1.125,
            7.75,
            0.5,
            8
          ],
          "texture": "#0"
        },
        "east": {
          "uv": [
            1.25,
            7.75,
            1.125,
            8
          ],
          "texture": "#0"
        },
        "south": {
          "uv": [
            1.125,
            7.75,
            0.5,
            8
          ],
          "texture": "#0"
        },
        "west": {
          "uv": [
            1.25,
            7.75,
            1.125,
            8
          ],
          "texture": "#0"
        },
        "up": {
          "uv": [
            1.125,
            8,
            0.5,
            8.125
          ],
          "texture": "#0"
        },
        "down": {
          "uv": [
            1.125,
            8,
            0.5,
            8.125
          ],
          "texture": "#0"
        }
      }
    },
    {
      "from": [
        5,
        8,
        9
      ],
      "to": [
        11,
        10,
        14
      ],
      "faces": {
        "north": {
          "uv": [
            6,
            3.75,
            7.5,
            4.25
          ],
          "texture": "#0"
        },
        "east": {
          "uv": [
            6,
            3.25,
            7.25,
            3.75
          ],
          "texture": "#0"
        },
        "south": {
          "uv": [
            0.5,
            6.25,
            2,
            6.75
          ],
          "texture": "#0"
        },
        "west": {
          "uv": [
            6,
            3.25,
            7.25,
            3.75
          ],
          "texture": "#0"
        },
        "up": {
          "uv": [
            5.5,
            5.75,
            4,
            4.5
          ],
          "texture": "#0"
        },
        "down": {
          "uv": [
            5.5,
            5.75,
            4,
            4.5
          ],
          "texture": "#0"
        }
      }
    },
    {
      "from": [
        5,
        8,
        7
      ],
      "to": [
        11,
        9,
        9
      ],
      "faces": {
        "north": {
          "uv": [
            0.5,
            6.75,
            2,
            7
          ],
          "texture": "#0"
        },
        "east": {
          "uv": [
            0.5,
            7.5,
            1,
            7.75
          ],
          "texture": "#0"
        },
        "south": {
          "uv": [
            0.5,
            6.75,
            2,
            7
          ],
          "texture": "#0"
        },
        "west": {
          "uv": [
            0.5,
            7.5,
            1,
            7.75
          ],
          "texture": "#0"
        },
        "up": {
          "uv": [
            2,
            7.5,
            0.5,
            7
          ],
          "texture": "#0"
        },
        "down": {
          "uv": [
            2,
            7.5,
            0.5,
            7
          ],
          "texture": "#0"
        }
      }
    }
  ],
  "gui_light": "front",
  "display": {
    "gui": {
      "rotation": [
        30,
        225,
        0
      ],
      "scale": [
        0.625,
        0.625,
        0.625
      ]
    },
    "head": {
      "translation": [
        0,
        -35.25,
        0
      ]
    },
    "fixed": {
      "rotation": [
        -90,
        0,
        0
      ],
      "translation": [
        -0.75,
        0.25,
        -12.5
      ],
      "scale": [
        1.6,
        1.6,
        1.6
      ]
    }
  },
  "groups": [
    {
      "name": "group",
      "origin": [
        0,
        0,
        0
      ],
      "color": 0,
      "children": [
        0,
        1,
        2,
        3,
        4,
        {
          "name": "group",
          "origin": [
            0,
            0,
            0
          ],
          "color": 0,
          "children": [
            5,
            6,
            7,
            8,
            9
          ]
        },
        {
          "name": "group",
          "origin": [
            0,
            0,
            0
          ],
          "color": 0,
          "children": [
            10,
            11,
            12,
            13,
            14
          ]
        }
      ]
    },
    {
      "name": "group",
      "origin": [
        0,
        0,
        0
      ],
      "color": 0,
      "children": [
        15,
        16,
        17,
        18,
        19
      ]
    },
    {
      "name": "group",
      "origin": [
        0,
        0,
        0
      ],
      "color": 0,
      "children": [
        20,
        21,
        22,
        23,
        24
      ]
    }
  ]
}