{
  "credit": "MadewithBlockbench",
  "texture_size": [
    64,
    64
  ],
  "textures": {
    "0": "elitecreatures:dungeon_decoration_v1/dungeon_wood_box",
    "particle": "elitecreatures:dungeon_decoration_v1/dungeon_wood_box"
  },
  "elements": [
    {
      "from": [
        -1,
        13,
        4
      ],
      "to": [
        15,
        16,
        8
      ],
      "faces": {
        "north": {
          "uv": [
            6.5,
            0,
            10.5,
            0.75
          ],
          "texture": "#0"
        },
        "east": {
          "uv": [
            6.5,
            4.75,
            7.5,
            5.5
          ],
          "texture": "#0"
        },
        "south": {
          "uv": [
            6.5,
            0,
            10.5,
            0.75
          ],
          "texture": "#0"
        },
        "west": {
          "uv": [
            6.5,
            4.75,
            7.5,
            5.5
          ],
          "texture": "#0"
        },
        "up": {
          "uv": [
            7,
            6.5,
            3,
            5.5
          ],
          "texture": "#0"
        },
        "down": {
          "uv": [
            7,
            6.5,
            3,
            5.5
          ],
          "texture": "#0"
        }
      }
    },
    {
      "from": [
        0,
        13,
        12
      ],
      "to": [
        16,
        16,
        16
      ],
      "faces": {
        "north": {
          "uv": [
            6.5,
            0,
            10.5,
            0.75
          ],
          "texture": "#0"
        },
        "east": {
          "uv": [
            6.5,
            4.75,
            7.5,
            5.5
          ],
          "texture": "#0"
        },
        "south": {
          "uv": [
            6.5,
            0,
            10.5,
            0.75
          ],
          "texture": "#0"
        },
        "west": {
          "uv": [
            6.5,
            4.75,
            7.5,
            5.5
          ],
          "texture": "#0"
        },
        "up": {
          "uv": [
            7,
            6.5,
            3,
            5.5
          ],
          "texture": "#0"
        },
        "down": {
          "uv": [
            7,
            6.5,
            3,
            5.5
          ],
          "texture": "#0"
        }
      }
    },
    {
      "from": [
        1,
        13,
        8
      ],
      "to": [
        17,
        16,
        12
      ],
      "faces": {
        "north": {
          "uv": [
            6.5,
            0.75,
            10.5,
            1.5
          ],
          "texture": "#0"
        },
        "east": {
          "uv": [
            4.75,
            7,
            5.75,
            7.75
          ],
          "texture": "#0"
        },
        "south": {
          "uv": [
            6.5,
            0.75,
            10.5,
            1.5
          ],
          "texture": "#0"
        },
        "west": {
          "uv": [
            4.75,
            7,
            5.75,
            7.75
          ],
          "texture": "#0"
        },
        "up": {
          "uv": [
            4,
            7.5,
            0,
            6.5
          ],
          "texture": "#0"
        },
        "down": {
          "uv": [
            4,
            7.5,
            0,
            6.5
          ],
          "texture": "#0"
        }
      }
    },
    {
      "from": [
        0,
        13,
        0
      ],
      "to": [
        16,
        16,
        4
      ],
      "faces": {
        "north": {
          "uv": [
            6.5,
            0.75,
            10.5,
            1.5
          ],
          "texture": "#0"
        },
        "east": {
          "uv": [
            4.75,
            7,
            5.75,
            7.75
          ],
          "texture": "#0"
        },
        "south": {
          "uv": [
            6.5,
            0.75,
            10.5,
            1.5
          ],
          "texture": "#0"
        },
        "west": {
          "uv": [
            4.75,
            7,
            5.75,
            7.75
          ],
          "texture": "#0"
        },
        "up": {
          "uv": [
            4,
            7.5,
            0,
            6.5
          ],
          "texture": "#0"
        },
        "down": {
          "uv": [
            4,
            7.5,
            0,
            6.5
          ],
          "texture": "#0"
        }
      }
    },
    {
      "from": [
        12,
        2,
        1
      ],
      "to": [
        15,
        13,
        4
      ],
      "faces": {
        "north": {
          "uv": [
            6.5,
            1.5,
            7.25,
            4.25
          ],
          "texture": "#0"
        },
        "east": {
          "uv": [
            7.25,
            1.5,
            6.5,
            4.25
          ],
          "texture": "#0"
        },
        "south": {
          "uv": [
            6.5,
            1.5,
            7.25,
            4.25
          ],
          "texture": "#0"
        },
        "west": {
          "uv": [
            4,
            6.5,
            4.75,
            9.25
          ],
          "texture": "#0"
        },
        "up": {
          "uv": [
            7.75,
            6.25,
            7,
            5.5
          ],
          "texture": "#0"
        },
        "down": {
          "uv": [
            7.75,
            6.25,
            7,
            5.5
          ],
          "texture": "#0"
        }
      }
    },
    {
      "from": [
        1,
        2,
        1
      ],
      "to": [
        4,
        13,
        4
      ],
      "rotation": {
        "angle": 0,
        "axis": "y",
        "origin": [
          16,
          0,
          0
        ]
      },
      "faces": {
        "north": {
          "uv": [
            7.25,
            1.5,
            6.5,
            4.25
          ],
          "texture": "#0"
        },
        "east": {
          "uv": [
            4.75,
            6.5,
            4,
            9.25
          ],
          "texture": "#0"
        },
        "south": {
          "uv": [
            7.25,
            1.5,
            6.5,
            4.25
          ],
          "rotation": 180,
          "texture": "#0"
        },
        "west": {
          "uv": [
            7.25,
            1.5,
            6.5,
            4.25
          ],
          "texture": "#0"
        },
        "up": {
          "uv": [
            7,
            6.25,
            7.75,
            5.5
          ],
          "texture": "#0"
        },
        "down": {
          "uv": [
            7,
            6.25,
            7.75,
            5.5
          ],
          "texture": "#0"
        }
      }
    },
    {
      "from": [
        1,
        2,
        12
      ],
      "to": [
        4,
        13,
        15
      ],
      "rotation": {
        "angle": 0,
        "axis": "y",
        "origin": [
          16,
          0,
          16
        ]
      },
      "faces": {
        "north": {
          "uv": [
            6.5,
            1.5,
            7.25,
            4.25
          ],
          "texture": "#0"
        },
        "east": {
          "uv": [
            4,
            6.5,
            4.75,
            9.25
          ],
          "texture": "#0"
        },
        "south": {
          "uv": [
            6.5,
            1.5,
            7.25,
            4.25
          ],
          "texture": "#0"
        },
        "west": {
          "uv": [
            7.25,
            1.5,
            6.5,
            4.25
          ],
          "texture": "#0"
        },
        "up": {
          "uv": [
            7,
            5.5,
            7.75,
            6.25
          ],
          "texture": "#0"
        },
        "down": {
          "uv": [
            7,
            5.5,
            7.75,
            6.25
          ],
          "texture": "#0"
        }
      }
    },
    {
      "from": [
        12,
        2,
        12
      ],
      "to": [
        15,
        13,
        15
      ],
      "rotation": {
        "angle": 0,
        "axis": "y",
        "origin": [
          0,
          0,
          16
        ]
      },
      "faces": {
        "north": {
          "uv": [
            7.25,
            1.5,
            6.5,
            4.25
          ],
          "texture": "#0"
        },
        "east": {
          "uv": [
            7.25,
            1.5,
            6.5,
            4.25
          ],
          "texture": "#0"
        },
        "south": {
          "uv": [
            7.25,
            1.5,
            6.5,
            4.25
          ],
          "texture": "#0"
        },
        "west": {
          "uv": [
            4.75,
            6.5,
            4,
            9.25
          ],
          "texture": "#0"
        },
        "up": {
          "uv": [
            7.75,
            5.5,
            7,
            6.25
          ],
          "texture": "#0"
        },
        "down": {
          "uv": [
            7.75,
            5.5,
            7,
            6.25
          ],
          "texture": "#0"
        }
      }
    },
    {
      "from": [
        1,
        0,
        1
      ],
      "to": [
        15,
        2,
        15
      ],
      "faces": {
        "north": {
          "uv": [
            6.5,
            4.25,
            10,
            4.75
          ],
          "texture": "#0"
        },
        "east": {
          "uv": [
            4.75,
            6.5,
            8.25,
            7
          ],
          "texture": "#0"
        },
        "south": {
          "uv": [
            6.5,
            4.25,
            10,
            4.75
          ],
          "texture": "#0"
        },
        "west": {
          "uv": [
            4.75,
            6.5,
            8.25,
            7
          ],
          "texture": "#0"
        },
        "up": {
          "uv": [
            3.5,
            3.5,
            0,
            0
          ],
          "texture": "#0"
        },
        "down": {
          "uv": [
            3.5,
            3.5,
            0,
            0
          ],
          "texture": "#0"
        }
      }
    },
    {
      "from": [
        2,
        2,
        2
      ],
      "to": [
        14,
        13,
        14
      ],
      "faces": {
        "north": {
          "uv": [
            3.5,
            0,
            6.5,
            2.75
          ],
          "texture": "#0"
        },
        "east": {
          "uv": [
            3.5,
            0,
            6.5,
            2.75
          ],
          "texture": "#0"
        },
        "south": {
          "uv": [
            3.5,
            0,
            6.5,
            2.75
          ],
          "texture": "#0"
        },
        "west": {
          "uv": [
            3.5,
            0,
            6.5,
            2.75
          ],
          "texture": "#0"
        },
        "up": {
          "uv": [
            3,
            6.5,
            0,
            3.5
          ],
          "texture": "#0"
        },
        "down": {
          "uv": [
            3,
            6.5,
            0,
            3.5
          ],
          "texture": "#0"
        }
      }
    }
  ],
  "display": {
    "thirdperson_righthand": {
      "translation": [
        0,
        0,
        1.5
      ],
      "scale": [
        0.29,
        0.29,
        0.29
      ]
    },
    "thirdperson_lefthand": {
      "translation": [
        0,
        0,
        1.5
      ],
      "scale": [
        0.29,
        0.29,
        0.29
      ]
    },
    "firstperson_righthand": {
      "translation": [
        0,
        1,
        1.5
      ],
      "scale": [
        0.59,
        0.59,
        0.59
      ]
    },
    "firstperson_lefthand": {
      "translation": [
        0,
        1,
        1.5
      ],
      "scale": [
        0.59,
        0.59,
        0.59
      ]
    },
    "ground": {
      "translation": [
        0,
        2,
        0
      ],
      "scale": [
        0.5,
        0.5,
        0.5
      ]
    },
    "gui": {
      "rotation": [
        30,
        225,
        0
      ],
      "scale": [
        0.47,
        0.47,
        0.47
      ]
    },
    "head": {
      "translation": [
        0,
        -30.25,
        0
      ],
      "scale": [
        1.6,
        1.6,
        1.6
      ]
    }
  }
}