{
  "credit": "MadewithBlockbench",
  "texture_size": [
    256,
    128
  ],
  "textures": {
    "2": "elitecreatures:dungeon_decoration_v1/dungeon_wood_chair_with_bone"
  },
  "elements": [
    {
      "from": [
        1,
        6,
        -1
      ],
      "to": [
        15,
        10,
        13
      ],
      "faces": {
        "north": {
          "uv": [
            5.125,
            2.5,
            6.875,
            3.5
          ],
          "texture": "#2"
        },
        "east": {
          "uv": [
            5.125,
            3.5,
            6.875,
            4.5
          ],
          "texture": "#2"
        },
        "south": {
          "uv": [
            5.125,
            2.5,
            6.875,
            3.5
          ],
          "texture": "#2"
        },
        "west": {
          "uv": [
            5.125,
            4.5,
            6.875,
            5.5
          ],
          "texture": "#2"
        },
        "up": {
          "uv": [
            4.75,
            3.5,
            3,
            0
          ],
          "texture": "#2"
        },
        "down": {
          "uv": [
            4.75,
            3.5,
            3,
            7
          ],
          "texture": "#2"
        }
      }
    },
    {
      "from": [
        1,
        0,
        1
      ],
      "to": [
        15,
        6,
        13
      ],
      "faces": {
        "north": {
          "uv": [
            4.75,
            7.5,
            6.5,
            9
          ],
          "texture": "#2"
        },
        "east": {
          "uv": [
            5.125,
            0,
            6.625,
            1.5
          ],
          "texture": "#2"
        },
        "south": {
          "uv": [
            4.75,
            7.5,
            6.5,
            9
          ],
          "texture": "#2"
        },
        "west": {
          "uv": [
            5.125,
            0,
            6.625,
            1.5
          ],
          "texture": "#2"
        },
        "up": {
          "uv": [
            4.75,
            10,
            3,
            7
          ],
          "texture": "#2"
        },
        "down": {
          "uv": [
            4.75,
            10,
            3,
            7
          ],
          "texture": "#2"
        }
      }
    },
    {
      "from": [
        2,
        0,
        13
      ],
      "to": [
        14,
        32,
        16
      ],
      "faces": {
        "north": {
          "uv": [
            0,
            0,
            1.5,
            8
          ],
          "texture": "#2"
        },
        "east": {
          "uv": [
            2.625,
            8,
            3,
            16
          ],
          "texture": "#2"
        },
        "south": {
          "uv": [
            1.5,
            0,
            3,
            8
          ],
          "texture": "#2"
        },
        "west": {
          "uv": [
            2.625,
            8,
            3,
            16
          ],
          "texture": "#2"
        },
        "up": {
          "uv": [
            6.625,
            6.25,
            5.125,
            5.5
          ],
          "texture": "#2"
        },
        "down": {
          "uv": [
            6.625,
            6.25,
            5.125,
            5.5
          ],
          "texture": "#2"
        }
      }
    },
    {
      "from": [
        15,
        0,
        0
      ],
      "to": [
        18,
        12,
        13
      ],
      "faces": {
        "north": {
          "uv": [
            4.375,
            10,
            4.75,
            13
          ],
          "texture": "#2"
        },
        "east": {
          "uv": [
            0,
            8,
            1.625,
            11
          ],
          "texture": "#2"
        },
        "south": {
          "uv": [
            4.375,
            10,
            4.75,
            13
          ],
          "texture": "#2"
        },
        "west": {
          "uv": [
            0,
            8,
            1.625,
            11
          ],
          "texture": "#2"
        },
        "up": {
          "uv": [
            4,
            13.25,
            3.625,
            10
          ],
          "texture": "#2"
        },
        "down": {
          "uv": [
            4.375,
            10,
            4,
            13.25
          ],
          "texture": "#2"
        }
      }
    },
    {
      "from": [
        14,
        12,
        -2
      ],
      "to": [
        19,
        16,
        13
      ],
      "faces": {
        "north": {
          "uv": [
            5.125,
            6.25,
            5.75,
            7.25
          ],
          "texture": "#2"
        },
        "east": {
          "uv": [
            5.125,
            1.5,
            7,
            2.5
          ],
          "texture": "#2"
        },
        "south": {
          "uv": [
            5.125,
            6.25,
            5.75,
            7.25
          ],
          "texture": "#2"
        },
        "west": {
          "uv": [
            5.125,
            1.5,
            7,
            2.5
          ],
          "texture": "#2"
        },
        "up": {
          "uv": [
            5.375,
            12.75,
            4.75,
            9
          ],
          "texture": "#2"
        },
        "down": {
          "uv": [
            3.625,
            10,
            3,
            13.75
          ],
          "texture": "#2"
        }
      }
    },
    {
      "from": [
        14,
        0,
        13
      ],
      "to": [
        18,
        30,
        16
      ],
      "faces": {
        "north": {
          "uv": [
            1.625,
            8,
            2.125,
            15.5
          ],
          "texture": "#2"
        },
        "east": {
          "uv": [
            4.75,
            0,
            5.125,
            7.5
          ],
          "texture": "#2"
        },
        "south": {
          "uv": [
            2.125,
            8,
            2.625,
            15.5
          ],
          "texture": "#2"
        },
        "west": {
          "uv": [
            4.75,
            0,
            5.125,
            7.5
          ],
          "texture": "#2"
        },
        "up": {
          "uv": [
            5.875,
            10.75,
            5.375,
            10
          ],
          "texture": "#2"
        },
        "down": {
          "uv": [
            5.875,
            10.75,
            5.375,
            10
          ],
          "texture": "#2"
        }
      }
    },
    {
      "from": [
        -2,
        0,
        0
      ],
      "to": [
        1,
        12,
        13
      ],
      "rotation": {
        "angle": 0,
        "axis": "y",
        "origin": [
          16,
          0,
          0
        ]
      },
      "faces": {
        "north": {
          "uv": [
            4.75,
            10,
            4.375,
            13
          ],
          "texture": "#2"
        },
        "east": {
          "uv": [
            1.625,
            8,
            0,
            11
          ],
          "texture": "#2"
        },
        "south": {
          "uv": [
            4.75,
            10,
            4.375,
            13
          ],
          "texture": "#2"
        },
        "west": {
          "uv": [
            1.625,
            8,
            0,
            11
          ],
          "texture": "#2"
        },
        "up": {
          "uv": [
            3.625,
            13.25,
            4,
            10
          ],
          "texture": "#2"
        },
        "down": {
          "uv": [
            4,
            10,
            4.375,
            13.25
          ],
          "texture": "#2"
        }
      }
    },
    {
      "from": [
        -3,
        12,
        -2
      ],
      "to": [
        2,
        16,
        13
      ],
      "rotation": {
        "angle": 0,
        "axis": "y",
        "origin": [
          16,
          0,
          0
        ]
      },
      "faces": {
        "north": {
          "uv": [
            5.75,
            6.25,
            5.125,
            7.25
          ],
          "texture": "#2"
        },
        "east": {
          "uv": [
            7,
            1.5,
            5.125,
            2.5
          ],
          "texture": "#2"
        },
        "south": {
          "uv": [
            5.125,
            6.25,
            5.75,
            7.25
          ],
          "texture": "#2"
        },
        "west": {
          "uv": [
            7,
            1.5,
            5.125,
            2.5
          ],
          "texture": "#2"
        },
        "up": {
          "uv": [
            4.75,
            12.75,
            5.375,
            9
          ],
          "texture": "#2"
        },
        "down": {
          "uv": [
            3,
            10,
            3.625,
            13.75
          ],
          "texture": "#2"
        }
      }
    },
    {
      "from": [
        -2,
        0,
        13
      ],
      "to": [
        2,
        30,
        16
      ],
      "rotation": {
        "angle": 0,
        "axis": "y",
        "origin": [
          16,
          0,
          0
        ]
      },
      "faces": {
        "north": {
          "uv": [
            2.125,
            8,
            1.625,
            15.5
          ],
          "texture": "#2"
        },
        "east": {
          "uv": [
            5.125,
            0,
            4.75,
            7.5
          ],
          "texture": "#2"
        },
        "south": {
          "uv": [
            2.625,
            8,
            2.125,
            15.5
          ],
          "texture": "#2"
        },
        "west": {
          "uv": [
            5.125,
            0,
            4.75,
            7.5
          ],
          "texture": "#2"
        },
        "up": {
          "uv": [
            5.375,
            10.75,
            5.875,
            10
          ],
          "texture": "#2"
        },
        "down": {
          "uv": [
            5.375,
            10.75,
            5.875,
            10
          ],
          "texture": "#2"
        }
      }
    },
    {
      "from": [
        4,
        25,
        5
      ],
      "to": [
        12,
        31,
        13
      ],
      "rotation": {
        "angle": 22.5,
        "axis": "z",
        "origin": [
          8,
          23,
          1
        ]
      },
      "faces": {
        "north": {
          "uv": [
            10,
            0,
            11,
            1.5
          ],
          "texture": "#2"
        },
        "east": {
          "uv": [
            10,
            1.5,
            11,
            3
          ],
          "texture": "#2"
        },
        "south": {
          "uv": [
            10,
            3,
            11,
            4.5
          ],
          "texture": "#2"
        },
        "west": {
          "uv": [
            10,
            1.5,
            11,
            3
          ],
          "texture": "#2"
        },
        "up": {
          "uv": [
            9,
            5.25,
            8,
            3.25
          ],
          "texture": "#2"
        },
        "down": {
          "uv": [
            9,
            5.25,
            8,
            3.25
          ],
          "texture": "#2"
        }
      }
    },
    {
      "from": [
        3.9,
        29,
        4.9
      ],
      "to": [
        3.9,
        32,
        13.1
      ],
      "rotation": {
        "angle": 22.5,
        "axis": "z",
        "origin": [
          8,
          23,
          1
        ]
      },
      "faces": {
        "east": {
          "uv": [
            15,
            1.5,
            16,
            0.75
          ],
          "texture": "#2"
        },
        "west": {
          "uv": [
            14.975,
            1.5,
            16,
            0.75
          ],
          "texture": "#2"
        }
      }
    },
    {
      "from": [
        12.1,
        29,
        4.9
      ],
      "to": [
        12.1,
        32,
        13.1
      ],
      "rotation": {
        "angle": 22.5,
        "axis": "z",
        "origin": [
          8,
          23,
          1
        ]
      },
      "faces": {
        "east": {
          "uv": [
            16,
            1.5,
            14.975,
            0.75
          ],
          "texture": "#2"
        },
        "west": {
          "uv": [
            16,
            1.5,
            15,
            0.75
          ],
          "texture": "#2"
        }
      }
    },
    {
      "from": [
        3.9,
        29,
        4.9
      ],
      "to": [
        12.1,
        32,
        4.9
      ],
      "rotation": {
        "angle": 22.5,
        "axis": "z",
        "origin": [
          8,
          23,
          1
        ]
      },
      "faces": {
        "north": {
          "uv": [
            14.94375,
            0,
            16,
            0.75
          ],
          "texture": "#2"
        },
        "south": {
          "uv": [
            16,
            0,
            14.94375,
            0.75
          ],
          "texture": "#2"
        }
      }
    },
    {
      "from": [
        4.5,
        28,
        4.5
      ],
      "to": [
        7,
        29,
        5
      ],
      "rotation": {
        "angle": 22.5,
        "axis": "z",
        "origin": [
          8,
          23,
          1
        ]
      },
      "faces": {
        "north": {
          "uv": [
            8.5625,
            7.75,
            8.25,
            8
          ],
          "texture": "#2"
        },
        "east": {
          "uv": [
            8.625,
            7.75,
            8.5625,
            8
          ],
          "texture": "#2"
        },
        "south": {
          "uv": [
            8.5625,
            7.75,
            8.25,
            8
          ],
          "texture": "#2"
        },
        "west": {
          "uv": [
            8.625,
            7.75,
            8.5625,
            8
          ],
          "texture": "#2"
        },
        "up": {
          "uv": [
            8.5625,
            8,
            8.25,
            8.125
          ],
          "texture": "#2"
        },
        "down": {
          "uv": [
            8.5625,
            8,
            8.25,
            8.125
          ],
          "texture": "#2"
        }
      }
    },
    {
      "from": [
        9,
        28,
        4.5
      ],
      "to": [
        11.5,
        29,
        5
      ],
      "rotation": {
        "angle": 22.5,
        "axis": "z",
        "origin": [
          8,
          23,
          1
        ]
      },
      "faces": {
        "north": {
          "uv": [
            8.25,
            7.75,
            8.5625,
            8
          ],
          "texture": "#2"
        },
        "east": {
          "uv": [
            8.5625,
            7.75,
            8.625,
            8
          ],
          "texture": "#2"
        },
        "south": {
          "uv": [
            8.25,
            7.75,
            8.5625,
            8
          ],
          "texture": "#2"
        },
        "west": {
          "uv": [
            8.5625,
            7.75,
            8.625,
            8
          ],
          "texture": "#2"
        },
        "up": {
          "uv": [
            8.25,
            8,
            8.5625,
            8.125
          ],
          "texture": "#2"
        },
        "down": {
          "uv": [
            8.25,
            8,
            8.5625,
            8.125
          ],
          "texture": "#2"
        }
      }
    },
    {
      "from": [
        5,
        23,
        8
      ],
      "to": [
        11,
        25,
        13
      ],
      "rotation": {
        "angle": 22.5,
        "axis": "z",
        "origin": [
          8,
          23,
          1
        ]
      },
      "faces": {
        "north": {
          "uv": [
            11,
            3.75,
            11.75,
            4.25
          ],
          "texture": "#2"
        },
        "east": {
          "uv": [
            11,
            3.25,
            11.625,
            3.75
          ],
          "texture": "#2"
        },
        "south": {
          "uv": [
            8.25,
            6.25,
            9,
            6.75
          ],
          "texture": "#2"
        },
        "west": {
          "uv": [
            11,
            3.25,
            11.625,
            3.75
          ],
          "texture": "#2"
        },
        "up": {
          "uv": [
            10.75,
            5.75,
            10,
            4.5
          ],
          "texture": "#2"
        },
        "down": {
          "uv": [
            10.75,
            5.75,
            10,
            4.5
          ],
          "texture": "#2"
        }
      }
    },
    {
      "from": [
        5,
        23,
        6
      ],
      "to": [
        11,
        24,
        8
      ],
      "rotation": {
        "angle": 22.5,
        "axis": "z",
        "origin": [
          8,
          23,
          1
        ]
      },
      "faces": {
        "north": {
          "uv": [
            8.25,
            6.75,
            9,
            7
          ],
          "texture": "#2"
        },
        "east": {
          "uv": [
            8.25,
            7.5,
            8.5,
            7.75
          ],
          "texture": "#2"
        },
        "south": {
          "uv": [
            8.25,
            6.75,
            9,
            7
          ],
          "texture": "#2"
        },
        "west": {
          "uv": [
            8.25,
            7.5,
            8.5,
            7.75
          ],
          "texture": "#2"
        },
        "up": {
          "uv": [
            9,
            7.5,
            8.25,
            7
          ],
          "texture": "#2"
        },
        "down": {
          "uv": [
            9,
            7.5,
            8.25,
            7
          ],
          "texture": "#2"
        }
      }
    },
    {
      "from": [
        4,
        9,
        8
      ],
      "to": [
        12,
        22,
        8
      ],
      "rotation": {
        "angle": 22.5,
        "axis": "x",
        "origin": [
          0,
          22,
          12
        ]
      },
      "faces": {
        "north": {
          "uv": [
            8,
            0,
            9,
            3.25
          ],
          "texture": "#2"
        },
        "south": {
          "uv": [
            8,
            0,
            9,
            3.25
          ],
          "texture": "#2"
        }
      }
    },
    {
      "from": [
        12,
        9,
        8
      ],
      "to": [
        12,
        22,
        12
      ],
      "rotation": {
        "angle": 22.5,
        "axis": "x",
        "origin": [
          0,
          22,
          12
        ]
      },
      "faces": {
        "east": {
          "uv": [
            9.5,
            3.25,
            10,
            6.5
          ],
          "texture": "#2"
        },
        "west": {
          "uv": [
            9.5,
            3.25,
            10,
            6.5
          ],
          "texture": "#2"
        }
      }
    },
    {
      "from": [
        4,
        22,
        8
      ],
      "to": [
        12,
        22,
        12
      ],
      "rotation": {
        "angle": 22.5,
        "axis": "x",
        "origin": [
          0,
          22,
          12
        ]
      },
      "faces": {
        "up": {
          "uv": [
            9,
            6.25,
            8,
            5.25
          ],
          "texture": "#2"
        },
        "down": {
          "uv": [
            9,
            6.25,
            8,
            5.25
          ],
          "texture": "#2"
        }
      }
    },
    {
      "from": [
        4,
        9,
        12
      ],
      "to": [
        12,
        22,
        12
      ],
      "rotation": {
        "angle": 22.5,
        "axis": "x",
        "origin": [
          0,
          22,
          12
        ]
      },
      "faces": {
        "north": {
          "uv": [
            9,
            0,
            10,
            3.25
          ],
          "texture": "#2"
        },
        "south": {
          "uv": [
            9,
            0,
            10,
            3.25
          ],
          "texture": "#2"
        }
      }
    },
    {
      "from": [
        4,
        9,
        8
      ],
      "to": [
        4,
        22,
        12
      ],
      "rotation": {
        "angle": 22.5,
        "axis": "x",
        "origin": [
          0,
          22,
          12
        ]
      },
      "faces": {
        "east": {
          "uv": [
            9,
            3.25,
            9.5,
            6.5
          ],
          "texture": "#2"
        },
        "west": {
          "uv": [
            9,
            3.25,
            9.5,
            6.5
          ],
          "texture": "#2"
        }
      }
    },
    {
      "from": [
        4,
        9,
        8
      ],
      "to": [
        12,
        9,
        12
      ],
      "rotation": {
        "angle": 22.5,
        "axis": "x",
        "origin": [
          0,
          22,
          12
        ]
      },
      "faces": {
        "up": {
          "uv": [
            11.75,
            4.5,
            10.75,
            5.5
          ],
          "texture": "#2"
        },
        "down": {
          "uv": [
            11.75,
            4.5,
            10.75,
            5.5
          ],
          "texture": "#2"
        }
      }
    },
    {
      "from": [
        11,
        10,
        -4
      ],
      "to": [
        13,
        12,
        7
      ],
      "rotation": {
        "angle": -22.5,
        "axis": "y",
        "origin": [
          18,
          -1,
          3
        ]
      },
      "faces": {
        "north": {
          "uv": [
            10.5,
            6.75,
            10.25,
            6.25
          ],
          "rotation": 180,
          "texture": "#2"
        },
        "east": {
          "uv": [
            8,
            6.25,
            8.25,
            9
          ],
          "rotation": 270,
          "texture": "#2"
        },
        "south": {
          "uv": [
            10.5,
            6.75,
            10.25,
            6.25
          ],
          "texture": "#2"
        },
        "west": {
          "uv": [
            8,
            6.25,
            8.25,
            9
          ],
          "rotation": 90,
          "texture": "#2"
        },
        "up": {
          "uv": [
            11,
            5.5,
            11.25,
            8.25
          ],
          "rotation": 180,
          "texture": "#2"
        },
        "down": {
          "uv": [
            11,
            5.5,
            11.25,
            8.25
          ],
          "texture": "#2"
        }
      }
    },
    {
      "from": [
        2,
        10,
        -9
      ],
      "to": [
        4,
        12,
        2
      ],
      "rotation": {
        "angle": 22.5,
        "axis": "y",
        "origin": [
          13,
          -1,
          -2
        ]
      },
      "faces": {
        "north": {
          "uv": [
            10.25,
            6.75,
            10.5,
            6.25
          ],
          "rotation": 180,
          "texture": "#2"
        },
        "east": {
          "uv": [
            8.25,
            6.25,
            8,
            9
          ],
          "rotation": 270,
          "texture": "#2"
        },
        "south": {
          "uv": [
            10.25,
            6.75,
            10.5,
            6.25
          ],
          "texture": "#2"
        },
        "west": {
          "uv": [
            8.25,
            6.25,
            8,
            9
          ],
          "rotation": 90,
          "texture": "#2"
        },
        "up": {
          "uv": [
            11.25,
            5.5,
            11,
            8.25
          ],
          "rotation": 180,
          "texture": "#2"
        },
        "down": {
          "uv": [
            11.25,
            5.5,
            11,
            8.25
          ],
          "texture": "#2"
        }
      }
    },
    {
      "from": [
        -16,
        0,
        9
      ],
      "to": [
        -14,
        13,
        11
      ],
      "rotation": {
        "angle": -45,
        "axis": "z",
        "origin": [
          7,
          -5,
          1
        ]
      },
      "faces": {
        "north": {
          "uv": [
            11,
            5.5,
            10.75,
            8.75
          ],
          "texture": "#2"
        },
        "east": {
          "uv": [
            11.25,
            0,
            11,
            3.25
          ],
          "texture": "#2"
        },
        "south": {
          "uv": [
            11,
            5.5,
            10.75,
            8.75
          ],
          "texture": "#2"
        },
        "west": {
          "uv": [
            11.25,
            0,
            11,
            3.25
          ],
          "texture": "#2"
        },
        "up": {
          "uv": [
            10,
            6.75,
            10.25,
            6.25
          ],
          "texture": "#2"
        },
        "down": {
          "uv": [
            10,
            6.75,
            10.25,
            6.25
          ],
          "texture": "#2"
        }
      }
    },
    {
      "from": [
        21,
        -3,
        9
      ],
      "to": [
        23,
        10,
        11
      ],
      "rotation": {
        "angle": 45,
        "axis": "z",
        "origin": [
          0,
          4,
          -7
        ]
      },
      "faces": {
        "north": {
          "uv": [
            10.75,
            5.5,
            11,
            8.75
          ],
          "texture": "#2"
        },
        "east": {
          "uv": [
            11,
            0,
            11.25,
            3.25
          ],
          "texture": "#2"
        },
        "south": {
          "uv": [
            10.75,
            5.5,
            11,
            8.75
          ],
          "texture": "#2"
        },
        "west": {
          "uv": [
            11,
            0,
            11.25,
            3.25
          ],
          "texture": "#2"
        },
        "up": {
          "uv": [
            10.25,
            6.75,
            10,
            6.25
          ],
          "texture": "#2"
        },
        "down": {
          "uv": [
            10.25,
            6.75,
            10,
            6.25
          ],
          "texture": "#2"
        }
      }
    },
    {
      "from": [
        -1.36396,
        18.54163,
        8.5
      ],
      "to": [
        1.63604,
        19.54163,
        11.5
      ],
      "rotation": {
        "angle": -45,
        "axis": "z",
        "origin": [
          0.63604,
          19.04163,
          10
        ]
      },
      "faces": {
        "north": {
          "uv": [
            14.9375,
            0,
            14.5625,
            0.25
          ],
          "texture": "#2"
        },
        "east": {
          "uv": [
            14.9375,
            0,
            14.5625,
            0.25
          ],
          "texture": "#2"
        },
        "south": {
          "uv": [
            14.9375,
            0,
            14.5625,
            0.25
          ],
          "texture": "#2"
        },
        "west": {
          "uv": [
            14.9375,
            0,
            14.5625,
            0.25
          ],
          "texture": "#2"
        },
        "up": {
          "uv": [
            14.9375,
            0.25,
            14.5625,
            1
          ],
          "texture": "#2"
        },
        "down": {
          "uv": [
            14.9375,
            0.25,
            14.5625,
            1
          ],
          "texture": "#2"
        }
      }
    }
  ],
  "gui_light": "front",
  "display": {
    "thirdperson_righthand": {
      "translation": [
        0,
        0,
        1.5
      ],
      "scale": [
        0.29,
        0.29,
        0.29
      ]
    },
    "thirdperson_lefthand": {
      "translation": [
        0,
        0,
        1.5
      ],
      "scale": [
        0.29,
        0.29,
        0.29
      ]
    },
    "firstperson_righthand": {
      "rotation": [
        0,
        145,
        0
      ],
      "translation": [
        0,
        1,
        1.5
      ],
      "scale": [
        0.33,
        0.33,
        0.33
      ]
    },
    "firstperson_lefthand": {
      "rotation": [
        0,
        145,
        0
      ],
      "translation": [
        0,
        1,
        1.5
      ],
      "scale": [
        0.33,
        0.33,
        0.33
      ]
    },
    "ground": {
      "translation": [
        0,
        2,
        0
      ],
      "scale": [
        0.5,
        0.5,
        0.5
      ]
    },
    "gui": {
      "rotation": [
        30,
        225,
        0
      ],
      "translation": [
        0,
        -2,
        0
      ],
      "scale": [
        0.3,
        0.3,
        0.3
      ]
    },
    "head": {
      "rotation": [
        0,
        180,
        0
      ],
      "translation": [
        0,
        -30.25,
        0
      ],
      "scale": [
        1.6,
        1.6,
        1.6
      ]
    },
    "fixed": {
      "translation": [
        0,
        -4,
        -4.25
      ],
      "scale": [
        0.53,
        0.53,
        0.53
      ]
    }
  },
  "groups": [
    0,
    1,
    2,
    3,
    4,
    5,
    6,
    7,
    8,
    {
      "name": "dungeon_skeleton_01",
      "origin": [
        8,
        8,
        8
      ],
      "color": 0,
      "children": [
        {
          "name": "group",
          "origin": [
            0,
            0,
            0
          ],
          "color": 0,
          "children": [
            9,
            10,
            11,
            12,
            13,
            14,
            15,
            16
          ]
        },
        {
          "name": "group",
          "origin": [
            0,
            0,
            0
          ],
          "color": 0,
          "children": [
            17,
            18,
            19,
            20,
            21,
            22
          ]
        },
        {
          "name": "group",
          "origin": [
            16,
            0,
            0
          ],
          "color": 0,
          "children": [
            23,
            24
          ]
        },
        {
          "name": "group",
          "origin": [
            0,
            0,
            0
          ],
          "color": 0,
          "children": [
            25,
            26
          ]
        }
      ]
    },
    27
  ]
}