{
  "parent": "item/generated",
  "textures": {
    "layer0": "item/leather_leggings",
    "layer1": "item/leather_leggings_overlay"
  },
  "overrides": [
    {
      "predicate": {
        "custom_model_data": 10000
      },
      "model": "saintpatricksset:ia_auto_gen/saintpatrickleggings"
    },
    {
      "predicate": {
        "custom_model_data": 10003
      },
      "model": "valentines:ia_auto_gen/my_armor_leggings"
    },
    {
      "predicate": {
        "custom_model_data": 10004
      },
      "model": "minehammer:item/nitro/ia_auto_gen/discordnitroleggings"
    },
    {
      "predicate": {
        "custom_model_data": 10005
      },
      "model": "item/leather_leggings"
    }
  ]
}