{
  "parent": "minecraft:item/handheld",
  "textures": {
    "layer0": "minecraft:item/netherite_pickaxe"
  },
  "overrides": [
    {
      "predicate": {
        "custom_model_data": 1
      },
      "model": "minehammer:item/valentines/cupids_pickaxe"
    },
    {
      "predicate": {
        "custom_model_data": 2
      },
      "model": "minehammer:item/pearl/pearl_pickaxe"
    },
    {
      "predicate": {
        "custom_model_data": 3
      },
      "model": "minehammer:item/legendary-set/legendary_pickaxe"
    },
    {
      "predicate": {
        "custom_model_data": 4
      },
      "model": "minehammer:item/steampunk/steampunk_pickaxe"
    },
    {
      "predicate": {
        "custom_model_data": 5
      },
      "model": "minehammer:item/fallenset/pickaxe"
    },
    {
      "predicate": {
        "custom_model_data": 6
      },
      "model": "minecraft:item/netherite_pickaxe"
    },
    {
      "predicate": {
        "custom_model_data": 10000
      },
      "model": "saintpatricksset:pickaxe"
    },
    {
      "predicate": {
        "custom_model_data": 10001
      },
      "model": "littlebunny_set:hammer"
    },
    {
      "predicate": {
        "custom_model_data": 10002
      },
      "model": "littlebunny_set:pickaxe"
    },
    {
      "predicate": {
        "custom_model_data": 10003
      },
      "model": "minehammer:item/nitro/pickaxe"
    },
    {
      "predicate": {
        "custom_model_data": 10004
      },
      "model": "littlecatset:pickaxe"
    },
	{
      "predicate": {
        "custom_model_data": 10005
      },
      "model": "minecraft:blossom/blossom_pickaxe"
    },
    {
      "predicate": {
        "custom_model_data": 10006
      },
      "model": "steampunk_v2:steampunk_v2/pickaxe"
    },
    {
      "predicate": {
        "custom_model_data": 10007
      },
      "model": "item/netherite_pickaxe"
    }
  ]
}