{
  "parent": "item/generated",
  "textures": {
    "layer0": "item/leather_chestplate",
    "layer1": "item/leather_chestplate_overlay"
  },
  "overrides": [
    {
      "predicate": {
        "custom_model_data": 10000
      },
      "model": "saintpatricksset:ia_auto_gen/saintpatrickchestplate"
    },
    {
      "predicate": {
        "custom_model_data": 10003
      },
      "model": "valentines:ia_auto_gen/my_armor_chestplate"
    },
    {
      "predicate": {
        "custom_model_data": 10004
      },
      "model": "minehammer:item/nitro/ia_auto_gen/discordnitrochestplate"
    },
    {
      "predicate": {
        "custom_model_data": 10005
      },
      "model": "item/leather_chestplate"
    }
  ]
}