{
  "credit": "Made by PolygonMC",
  "texture_size": [
    24,
    24
  ],
  "textures": {
    "1": "littlebunny_set:flag",
    "particle": "littlebunny_set:flag"
  },
  "elements": [
    {
      "from": [
        7.5,
        0.75,
        7.5
      ],
      "to": [
        8.5,
        1.75,
        8.5
      ],
      "rotation": {
        "angle": 0,
        "axis": "y",
        "origin": [
          7.5,
          0,
          6.5
        ]
      },
      "faces": {
        "north": {
          "uv": [
            8,
            2.66667,
            8.66667,
            3.33333
          ],
          "texture": "#1"
        },
        "east": {
          "uv": [
            8,
            8.66667,
            8.66667,
            9.33333
          ],
          "texture": "#1"
        },
        "south": {
          "uv": [
            8.66667,
            8.66667,
            9.33333,
            9.33333
          ],
          "texture": "#1"
        },
        "west": {
          "uv": [
            9.33333,
            0,
            10,
            0.66667
          ],
          "texture": "#1"
        },
        "up": {
          "uv": [
            10,
            1.33333,
            9.33333,
            0.66667
          ],
          "texture": "#1"
        },
        "down": {
          "uv": [
            10,
            1.33333,
            9.33333,
            2
          ],
          "texture": "#1"
        }
      }
    },
    {
      "from": [
        7.5,
        2.65,
        7.5
      ],
      "to": [
        8.5,
        3.25,
        8.5
      ],
      "rotation": {
        "angle": 0,
        "axis": "y",
        "origin": [
          7.5,
          -0.25,
          6.5
        ]
      },
      "faces": {
        "north": {
          "uv": [
            0.66667,
            10.66667,
            1.33333,
            11
          ],
          "texture": "#1"
        },
        "east": {
          "uv": [
            10.66667,
            0.66667,
            11.33333,
            1
          ],
          "texture": "#1"
        },
        "south": {
          "uv": [
            1.33333,
            10.66667,
            2,
            11
          ],
          "texture": "#1"
        },
        "west": {
          "uv": [
            10.66667,
            1.33333,
            11.33333,
            1.66667
          ],
          "texture": "#1"
        },
        "up": {
          "uv": [
            10,
            2.66667,
            9.33333,
            2
          ],
          "texture": "#1"
        },
        "down": {
          "uv": [
            7.33333,
            9.33333,
            6.66667,
            10
          ],
          "texture": "#1"
        }
      }
    },
    {
      "from": [
        7.5,
        4.15,
        7.5
      ],
      "to": [
        8.5,
        5.15,
        8.5
      ],
      "rotation": {
        "angle": 0,
        "axis": "y",
        "origin": [
          7.5,
          -0.5,
          6.5
        ]
      },
      "faces": {
        "north": {
          "uv": [
            7.33333,
            9.33333,
            8,
            10
          ],
          "texture": "#1"
        },
        "east": {
          "uv": [
            9.33333,
            7.33333,
            10,
            8
          ],
          "texture": "#1"
        },
        "south": {
          "uv": [
            8,
            9.33333,
            8.66667,
            10
          ],
          "texture": "#1"
        },
        "west": {
          "uv": [
            9.33333,
            8,
            10,
            8.66667
          ],
          "texture": "#1"
        },
        "up": {
          "uv": [
            9.33333,
            10,
            8.66667,
            9.33333
          ],
          "texture": "#1"
        },
        "down": {
          "uv": [
            10,
            8.66667,
            9.33333,
            9.33333
          ],
          "texture": "#1"
        }
      }
    },
    {
      "from": [
        7.5,
        10.15,
        7.5
      ],
      "to": [
        8.5,
        11.15,
        8.5
      ],
      "rotation": {
        "angle": 0,
        "axis": "x",
        "origin": [
          8,
          10.65,
          8
        ]
      },
      "faces": {
        "north": {
          "uv": [
            10,
            8.66667,
            10.66667,
            9.33333
          ],
          "texture": "#1"
        },
        "east": {
          "uv": [
            9.33333,
            10,
            10,
            10.66667
          ],
          "texture": "#1"
        },
        "south": {
          "uv": [
            10,
            9.33333,
            10.66667,
            10
          ],
          "texture": "#1"
        },
        "west": {
          "uv": [
            10,
            10,
            10.66667,
            10.66667
          ],
          "texture": "#1"
        },
        "up": {
          "uv": [
            0.66667,
            11.33333,
            0,
            10.66667
          ],
          "texture": "#1"
        },
        "down": {
          "uv": [
            11.33333,
            0,
            10.66667,
            0.66667
          ],
          "texture": "#1"
        }
      }
    },
    {
      "from": [
        7.5,
        23.15,
        7.5
      ],
      "to": [
        8.5,
        24.15,
        8.5
      ],
      "rotation": {
        "angle": 0,
        "axis": "y",
        "origin": [
          7.5,
          10.5,
          6.5
        ]
      },
      "faces": {
        "north": {
          "uv": [
            9.33333,
            9.33333,
            10,
            10
          ],
          "texture": "#1"
        },
        "east": {
          "uv": [
            0,
            10,
            0.66667,
            10.66667
          ],
          "texture": "#1"
        },
        "south": {
          "uv": [
            10,
            0,
            10.66667,
            0.66667
          ],
          "texture": "#1"
        },
        "west": {
          "uv": [
            0.66667,
            10,
            1.33333,
            10.66667
          ],
          "texture": "#1"
        },
        "up": {
          "uv": [
            10.66667,
            1.33333,
            10,
            0.66667
          ],
          "texture": "#1"
        },
        "down": {
          "uv": [
            2,
            10,
            1.33333,
            10.66667
          ],
          "texture": "#1"
        }
      }
    },
    {
      "from": [
        7.6,
        1.75,
        7.6
      ],
      "to": [
        8.4,
        2.65,
        8.4
      ],
      "rotation": {
        "angle": 0,
        "axis": "y",
        "origin": [
          7.5,
          0,
          6.5
        ]
      },
      "faces": {
        "north": {
          "uv": [
            10,
            1.33333,
            10.66667,
            2
          ],
          "texture": "#1"
        },
        "east": {
          "uv": [
            2,
            10,
            2.66667,
            10.66667
          ],
          "texture": "#1"
        },
        "south": {
          "uv": [
            10,
            2,
            10.66667,
            2.66667
          ],
          "texture": "#1"
        },
        "west": {
          "uv": [
            10,
            2.66667,
            10.66667,
            3.33333
          ],
          "texture": "#1"
        }
      }
    },
    {
      "from": [
        7.6,
        3.25,
        7.6
      ],
      "to": [
        8.4,
        4.15,
        8.4
      ],
      "rotation": {
        "angle": 0,
        "axis": "y",
        "origin": [
          7.5,
          -0.25,
          6.5
        ]
      },
      "faces": {
        "north": {
          "uv": [
            10,
            3.33333,
            10.66667,
            4
          ],
          "texture": "#1"
        },
        "east": {
          "uv": [
            10,
            4,
            10.66667,
            4.66667
          ],
          "texture": "#1"
        },
        "south": {
          "uv": [
            10,
            4.66667,
            10.66667,
            5.33333
          ],
          "texture": "#1"
        },
        "west": {
          "uv": [
            5.33333,
            10,
            6,
            10.66667
          ],
          "texture": "#1"
        }
      }
    },
    {
      "from": [
        7.6,
        11.15,
        7.6
      ],
      "to": [
        8.4,
        23.15,
        8.4
      ],
      "rotation": {
        "angle": 0,
        "axis": "y",
        "origin": [
          7.5,
          -0.35,
          6.5
        ]
      },
      "faces": {
        "north": {
          "uv": [
            12.33333,
            0,
            11.66667,
            8
          ],
          "texture": "#1"
        },
        "east": {
          "uv": [
            11.66667,
            0,
            12.33333,
            8
          ],
          "texture": "#1"
        },
        "south": {
          "uv": [
            12.33333,
            0,
            11.66667,
            8
          ],
          "texture": "#1"
        },
        "west": {
          "uv": [
            11.66667,
            0,
            12.33333,
            8
          ],
          "texture": "#1"
        }
      }
    },
    {
      "from": [
        7.41,
        -0.09,
        7.41
      ],
      "to": [
        8.59,
        1.09,
        8.59
      ],
      "rotation": {
        "angle": -45,
        "axis": "x",
        "origin": [
          8,
          0.5,
          8
        ]
      },
      "faces": {
        "north": {
          "uv": [
            10,
            5.33333,
            10.66667,
            6
          ],
          "texture": "#1"
        },
        "east": {
          "uv": [
            6,
            10,
            6.66667,
            10.66667
          ],
          "texture": "#1"
        },
        "south": {
          "uv": [
            10,
            6,
            10.66667,
            6.66667
          ],
          "texture": "#1"
        },
        "west": {
          "uv": [
            6.66667,
            10,
            7.33333,
            10.66667
          ],
          "texture": "#1"
        },
        "up": {
          "uv": [
            10.66667,
            7.33333,
            10,
            6.66667
          ],
          "texture": "#1"
        },
        "down": {
          "uv": [
            8,
            10,
            7.33333,
            10.66667
          ],
          "texture": "#1"
        }
      }
    },
    {
      "from": [
        7.975,
        -3.75,
        6.125
      ],
      "to": [
        8.025,
        0.75,
        9.875
      ],
      "rotation": {
        "angle": 0,
        "axis": "y",
        "origin": [
          8,
          -1.5,
          8
        ]
      },
      "faces": {
        "east": {
          "uv": [
            2.66667,
            5.33333,
            0,
            8.33333
          ],
          "texture": "#1"
        },
        "west": {
          "uv": [
            0,
            5.33333,
            2.66667,
            8.33333
          ],
          "texture": "#1"
        }
      }
    },
    {
      "from": [
        7.4,
        24.15,
        6.9
      ],
      "to": [
        8.6,
        25.15,
        9.1
      ],
      "rotation": {
        "angle": 0,
        "axis": "y",
        "origin": [
          7.5,
          24.15,
          7
        ]
      },
      "faces": {
        "north": {
          "uv": [
            10,
            7.33333,
            10.66667,
            8
          ],
          "texture": "#1"
        },
        "east": {
          "uv": [
            6.66667,
            8.66667,
            8,
            9.33333
          ],
          "texture": "#1"
        },
        "south": {
          "uv": [
            8,
            10,
            8.66667,
            10.66667
          ],
          "texture": "#1"
        },
        "west": {
          "uv": [
            8.66667,
            6.66667,
            10,
            7.33333
          ],
          "texture": "#1"
        },
        "down": {
          "uv": [
            9.33333,
            7.33333,
            8.66667,
            8.66667
          ],
          "texture": "#1"
        }
      }
    },
    {
      "from": [
        7.3,
        24.45,
        7
      ],
      "to": [
        8.7,
        26.45,
        9
      ],
      "rotation": {
        "angle": -45,
        "axis": "x",
        "origin": [
          8,
          25.45,
          8
        ]
      },
      "faces": {
        "north": {
          "uv": [
            7.33333,
            6,
            8.33333,
            7.33333
          ],
          "texture": "#1"
        },
        "east": {
          "uv": [
            7.33333,
            3.33333,
            8.66667,
            4.66667
          ],
          "texture": "#1"
        },
        "south": {
          "uv": [
            7.33333,
            7.33333,
            8.33333,
            8.66667
          ],
          "texture": "#1"
        },
        "west": {
          "uv": [
            7.33333,
            4.66667,
            8.66667,
            6
          ],
          "texture": "#1"
        },
        "up": {
          "uv": [
            9,
            1.33333,
            8,
            0
          ],
          "texture": "#1"
        },
        "down": {
          "uv": [
            9,
            1.33333,
            8,
            2.66667
          ],
          "texture": "#1"
        }
      }
    },
    {
      "from": [
        7,
        24.75,
        7.3
      ],
      "to": [
        9,
        26.15,
        8.7
      ],
      "rotation": {
        "angle": -45,
        "axis": "x",
        "origin": [
          8,
          25.45,
          8
        ]
      },
      "faces": {
        "north": {
          "uv": [
            0,
            8.66667,
            1.33333,
            9.66667
          ],
          "texture": "#1"
        },
        "east": {
          "uv": [
            5.33333,
            8.66667,
            6.33333,
            9.66667
          ],
          "texture": "#1"
        },
        "south": {
          "uv": [
            1.33333,
            8.66667,
            2.66667,
            9.66667
          ],
          "texture": "#1"
        },
        "west": {
          "uv": [
            8.66667,
            5.33333,
            9.66667,
            6.33333
          ],
          "texture": "#1"
        },
        "up": {
          "uv": [
            10,
            3.66667,
            8.66667,
            2.66667
          ],
          "texture": "#1"
        },
        "down": {
          "uv": [
            10,
            4,
            8.66667,
            5
          ],
          "texture": "#1"
        }
      }
    },
    {
      "from": [
        7.4,
        5.15,
        7.4
      ],
      "to": [
        8.6,
        10.15,
        8.6
      ],
      "rotation": {
        "angle": 0,
        "axis": "y",
        "origin": [
          6.5,
          5.15,
          7.5
        ]
      },
      "faces": {
        "north": {
          "uv": [
            5.33333,
            5.33333,
            6,
            8.66667
          ],
          "texture": "#1"
        },
        "east": {
          "uv": [
            6,
            5.33333,
            6.66667,
            8.66667
          ],
          "texture": "#1"
        },
        "south": {
          "uv": [
            6.66667,
            5.33333,
            7.33333,
            8.66667
          ],
          "texture": "#1"
        },
        "west": {
          "uv": [
            7.33333,
            0,
            8,
            3.33333
          ],
          "texture": "#1"
        },
        "up": {
          "uv": [
            10.66667,
            8.66667,
            10,
            8
          ],
          "texture": "#1"
        },
        "down": {
          "uv": [
            9.33333,
            10,
            8.66667,
            10.66667
          ],
          "texture": "#1"
        }
      }
    },
    {
      "from": [
        7.975,
        18,
        -3.25
      ],
      "to": [
        8.025,
        26,
        7.75
      ],
      "rotation": {
        "angle": 0,
        "axis": "y",
        "origin": [
          7.975,
          0,
          0
        ]
      },
      "faces": {
        "east": {
          "uv": [
            7.33333,
            0,
            0,
            5.33333
          ],
          "texture": "#1"
        },
        "west": {
          "uv": [
            0,
            0,
            7.33333,
            5.33333
          ],
          "texture": "#1"
        }
      }
    }
  ],
  "gui_light": "front",
  "display": {
    "thirdperson_righthand": {
      "rotation": [
        67.75,
        0,
        0
      ],
      "translation": [
        0,
        1.75,
        5.25
      ]
    },
    "thirdperson_lefthand": {
      "rotation": [
        67.75,
        0,
        0
      ],
      "translation": [
        0,
        1.75,
        5.25
      ]
    },
    "firstperson_righthand": {
      "rotation": [
        -10,
        0,
        0
      ],
      "translation": [
        0,
        -1.25,
        1.25
      ]
    },
    "firstperson_lefthand": {
      "rotation": [
        -10,
        0,
        0
      ],
      "translation": [
        0,
        -1.25,
        1.25
      ]
    },
    "ground": {
      "rotation": [
        -40,
        0,
        0
      ],
      "translation": [
        0,
        12.25,
        5.5
      ]
    },
    "gui": {
      "rotation": [
        -90,
        45,
        90
      ],
      "translation": [
        3.5,
        -1.5,
        0
      ],
      "scale": [
        0.57422,
        0.57422,
        0.57422
      ]
    },
    "head": {
      "rotation": [
        0,
        90,
        0
      ],
      "translation": [
        0,
        -17.25,
        0
      ],
      "scale": [
        2.22656,
        2.22656,
        2.22656
      ]
    },
    "fixed": {
      "rotation": [
        -90,
        -90,
        0
      ],
      "translation": [
        0,
        -0.25,
        -23.25
      ],
      "scale": [
        2,
        2,
        2
      ]
    }
  }
}