{
	"credit": "Made with Blockbench",
	"texture_size": [128, 128],
	"textures": {
		"0": "minehammer:item/valentines/valentines_cosmetics",
		"particle": "minehammer:item/valentines/valentines_cosmetics"
	},
	"elements": [
		{
			"from": [-3, 0, -4.5],
			"to": [-3, 32, 27.5],
			"rotation": {"angle": -45, "axis": "y", "origin": [-3, 16, 11]},
			"faces": {
				"east": {"uv": [0, 0, 4, 4], "texture": "#0"},
				"west": {"uv": [4, 0, 0, 4], "texture": "#0"}
			}
		},
		{
			"from": [18.9196, 0, -4.49929],
			"to": [18.9196, 32, 27.50071],
			"rotation": {"angle": 45, "axis": "y", "origin": [18.9196, 16, 11.00071]},
			"faces": {
				"east": {"uv": [0, 0, 4, 4], "texture": "#0"},
				"west": {"uv": [4, 0, 0, 4], "texture": "#0"}
			}
		}
	],
	"display": {
		"thirdperson_righthand": {
			"scale": [0.25, 0.25, 0.25]
		},
		"thirdperson_lefthand": {
			"scale": [0.25, 0.25, 0.25]
		},
		"firstperson_righthand": {
			"scale": [0.25, 0.25, 0.25]
		},
		"firstperson_lefthand": {
			"scale": [0.25, 0.25, 0.25]
		},
		"ground": {
			"scale": [0.44, 0.44, 0.44]
		},
		"gui": {
			"translation": [0, -3.25, 0],
			"scale": [0.33, 0.33, 0.33]
		},
		"head": {
			"rotation": [-5, 0, 0],
			"translation": [0, -60, 14.25],
			"scale": [1.4, 1.4, 1.4]
		},
		"fixed": {
			"rotation": [0, 180, 0],
			"translation": [0, -8, -3.5],
			"scale": [0.76, 0.76, 0.76]
		}
	}
}