{
	"credit": "Made with Blockbench",
	"texture_size": [128, 128],
	"textures": {
		"2": "modelengine:entity/magnusshield"
	},
	"elements": [
		{
			"from": [5.9698, -7.25137, 2.51685],
			"to": [8.5698, 17.70863, 13.43685],
			"rotation": {"angle": 0, "axis": "y", "origin": [5.50241, 10.55968, 8.05902]},
			"faces": {
				"north": {"uv": [7.375, 6, 6.75, 12], "rotation": 180, "texture": "#2"},
				"east": {"uv": [0, 0, 6, 2.625], "rotation": 270, "texture": "#2"},
				"south": {"uv": [7.375, 6, 6.75, 0], "texture": "#2"},
				"west": {"uv": [0, 2.625, 6, 5.25], "rotation": 90, "texture": "#2"},
				"up": {"uv": [8.875, 2, 9.5, 4.625], "rotation": 180, "texture": "#2"},
				"down": {"uv": [8.625, 8.875, 9.25, 11.5], "texture": "#2"}
			}
		},
		{
			"from": [7.9698, 3.74863, 4.51685],
			"to": [13.5698, 8.70863, 8.43685],
			"rotation": {"angle": 0, "axis": "y", "origin": [5.50241, 6.55968, 6.05902]},
			"faces": {
				"north": {"uv": [10, 3.125, 10.75, 4], "rotation": 180, "texture": "#2"},
				"east": {"uv": [11.25, 0, 11.87, 0.49], "rotation": 270, "texture": "#2"},
				"south": {"uv": [10, 3.125, 10.75, 4], "texture": "#2"},
				"west": {"uv": [0, 2.625, 6, 5.25], "rotation": 90, "texture": "#2"},
				"up": {"uv": [10.375, 0, 11.075, 0.49], "rotation": 180, "texture": "#2"},
				"down": {"uv": [10.75, 0.5, 11.45, 0.99], "texture": "#2"}
			}
		},
		{
			"from": [-1.93806, 7.6271, 12.39066],
			"to": [6.38194, 15.9471, 12.39066],
			"rotation": {"angle": 22.5, "axis": "z", "origin": [2.22194, 11.7871, 12.39066]},
			"faces": {
				"north": {"uv": [6.75, 7.25, 4.75, 5.25], "texture": "#2"},
				"east": {"uv": [2, 0, 0, 0], "rotation": 270, "texture": "#2"},
				"south": {"uv": [6.75, 5.25, 4.75, 7.25], "rotation": 180, "texture": "#2"},
				"west": {"uv": [2, 0, 0, 0], "rotation": 90, "texture": "#2"},
				"up": {"uv": [2, 0, 0, 0], "rotation": 180, "texture": "#2"},
				"down": {"uv": [2, 0, 0, 0], "texture": "#2"}
			}
		},
		{
			"from": [-0.74053, 4.94039, 7.71066],
			"to": [7.57947, 13.26039, 7.71066],
			"rotation": {"angle": 0, "axis": "y", "origin": [6.50241, 12.55968, 8.05902]},
			"faces": {
				"north": {"uv": [4.75, 7.25, 2.75, 5.25], "texture": "#2"},
				"east": {"uv": [2, 0, 0, 0], "rotation": 270, "texture": "#2"},
				"south": {"uv": [4.75, 5.25, 2.75, 7.25], "rotation": 180, "texture": "#2"},
				"west": {"uv": [2, 0, 0, 0], "rotation": 90, "texture": "#2"},
				"up": {"uv": [2, 0, 0, 0], "rotation": 180, "texture": "#2"},
				"down": {"uv": [2, 0, 0, 0], "texture": "#2"}
			}
		},
		{
			"from": [4.9298, -8.81137, 0.43685],
			"to": [9.0898, -7.25137, 15.51685],
			"rotation": {"angle": 0, "axis": "y", "origin": [5.50241, 10.55968, 8.05902]},
			"faces": {
				"north": {"uv": [11.875, 4, 10.875, 4.375], "rotation": 180, "texture": "#2"},
				"east": {"uv": [2.25, 8.875, 2.625, 12.5], "rotation": 270, "texture": "#2"},
				"south": {"uv": [4.25, 11.25, 3.25, 10.875], "texture": "#2"},
				"west": {"uv": [9.375, 5.125, 9.75, 8.75], "rotation": 90, "texture": "#2"},
				"up": {"uv": [2.75, 7.25, 3.75, 10.875], "rotation": 180, "texture": "#2"},
				"down": {"uv": [3.75, 7.25, 4.75, 10.875], "texture": "#2"}
			}
		},
		{
			"from": [4.4098, -8.81137, 4.07685],
			"to": [5.9698, 17.70863, 5.11685],
			"rotation": {"angle": 0, "axis": "y", "origin": [5.50241, 10.55968, 8.05902]},
			"faces": {
				"north": {"uv": [1.5, 8.875, 1.125, 15.25], "rotation": 180, "texture": "#2"},
				"east": {"uv": [8.875, 4.625, 15.25, 4.875], "rotation": 270, "texture": "#2"},
				"south": {"uv": [1.125, 15.25, 0.75, 8.875], "texture": "#2"},
				"west": {"uv": [8.875, 4.875, 15.25, 5.125], "rotation": 90, "texture": "#2"},
				"up": {"uv": [8.25, 6.5, 8.625, 6.75], "rotation": 180, "texture": "#2"},
				"down": {"uv": [8.25, 6.75, 8.625, 7], "texture": "#2"}
			}
		},
		{
			"from": [5.73629, 13.97944, 4.07685],
			"to": [6.77629, 16.57944, 5.11685],
			"rotation": {"angle": 22.5, "axis": "z", "origin": [5.50241, 10.55968, 8.05902]},
			"faces": {
				"north": {"uv": [6.75, 7.875, 6.5, 8.5], "rotation": 180, "texture": "#2"},
				"east": {"uv": [11.875, 2.5, 12.5, 2.75], "rotation": 270, "texture": "#2"},
				"south": {"uv": [6.75, 7.875, 6.5, 7.25], "texture": "#2"},
				"west": {"uv": [11.875, 2.75, 12.5, 3], "rotation": 90, "texture": "#2"},
				"up": {"uv": [8.25, 7.5, 8.5, 7.75], "rotation": 180, "texture": "#2"},
				"down": {"uv": [6.5, 8.5, 6.75, 8.75], "texture": "#2"}
			}
		},
		{
			"from": [7.94299, 15.63372, 4.07685],
			"to": [10.02299, 18.23372, 5.11685],
			"rotation": {"angle": 45, "axis": "z", "origin": [5.50241, 10.55968, 8.05902]},
			"faces": {
				"north": {"uv": [11.625, 9.875, 11.125, 10.5], "rotation": 180, "texture": "#2"},
				"east": {"uv": [11.875, 3, 12.5, 3.25], "rotation": 270, "texture": "#2"},
				"south": {"uv": [11.625, 7, 11.125, 6.375], "texture": "#2"},
				"west": {"uv": [3.125, 11.875, 3.75, 12.125], "rotation": 90, "texture": "#2"},
				"up": {"uv": [11.125, 7, 11.625, 7.25], "rotation": 180, "texture": "#2"},
				"down": {"uv": [11.125, 10.5, 11.625, 10.75], "texture": "#2"}
			}
		},
		{
			"from": [-0.2702, 17.70863, 4.07685],
			"to": [3.3698, 19.78863, 5.11685],
			"rotation": {"angle": 0, "axis": "y", "origin": [5.50241, 10.55968, 8.05902]},
			"faces": {
				"north": {"uv": [10.875, 4, 10, 4.5], "rotation": 180, "texture": "#2"},
				"east": {"uv": [3.75, 11.875, 4.25, 12.125], "rotation": 270, "texture": "#2"},
				"south": {"uv": [10.625, 8.75, 9.75, 8.25], "texture": "#2"},
				"west": {"uv": [4.75, 11.875, 5.25, 12.125], "rotation": 90, "texture": "#2"},
				"up": {"uv": [10.875, 4.375, 11.75, 4.625], "rotation": 180, "texture": "#2"},
				"down": {"uv": [11.75, 4.375, 12.625, 4.625], "texture": "#2"}
			}
		},
		{
			"from": [-0.2702, 17.70863, 10.31685],
			"to": [3.3698, 19.78863, 11.35685],
			"rotation": {"angle": 0, "axis": "y", "origin": [5.50241, 10.55968, 8.05902]},
			"faces": {
				"north": {"uv": [11.125, 5.625, 10.25, 6.125], "rotation": 180, "texture": "#2"},
				"east": {"uv": [11.875, 5.125, 12.375, 5.375], "rotation": 270, "texture": "#2"},
				"south": {"uv": [11.125, 5.625, 10.25, 5.125], "texture": "#2"},
				"west": {"uv": [11.875, 5.375, 12.375, 5.625], "rotation": 90, "texture": "#2"},
				"up": {"uv": [11.75, 11.375, 12.625, 11.625], "rotation": 180, "texture": "#2"},
				"down": {"uv": [11.75, 11.625, 12.625, 11.875], "texture": "#2"}
			}
		},
		{
			"from": [7.94299, 15.63372, 10.31685],
			"to": [10.02299, 18.23372, 11.35685],
			"rotation": {"angle": 45, "axis": "z", "origin": [5.50241, 10.55968, 8.05902]},
			"faces": {
				"north": {"uv": [4.25, 11.25, 3.75, 11.875], "rotation": 180, "texture": "#2"},
				"east": {"uv": [11.875, 3.25, 12.5, 3.5], "rotation": 270, "texture": "#2"},
				"south": {"uv": [3.75, 11.875, 3.25, 11.25], "texture": "#2"},
				"west": {"uv": [11.875, 3.5, 12.5, 3.75], "rotation": 90, "texture": "#2"},
				"up": {"uv": [5.75, 11.875, 6.25, 12.125], "rotation": 180, "texture": "#2"},
				"down": {"uv": [6.25, 11.875, 6.75, 12.125], "texture": "#2"}
			}
		},
		{
			"from": [5.73629, 13.97944, 10.31685],
			"to": [6.77629, 16.57944, 11.35685],
			"rotation": {"angle": 22.5, "axis": "z", "origin": [5.50241, 10.55968, 8.05902]},
			"faces": {
				"north": {"uv": [8.5, 5.875, 8.25, 6.5], "rotation": 180, "texture": "#2"},
				"east": {"uv": [11.875, 3.75, 12.5, 4], "rotation": 270, "texture": "#2"},
				"south": {"uv": [8.5, 5.875, 8.25, 5.25], "texture": "#2"},
				"west": {"uv": [11.875, 4, 12.5, 4.25], "rotation": 90, "texture": "#2"},
				"up": {"uv": [6.5, 8.75, 6.75, 9], "rotation": 180, "texture": "#2"},
				"down": {"uv": [6.5, 9, 6.75, 9.25], "texture": "#2"}
			}
		},
		{
			"from": [4.4098, -8.81137, 10.31685],
			"to": [5.9698, 17.70863, 11.35685],
			"rotation": {"angle": 0, "axis": "y", "origin": [5.50241, 10.55968, 8.05902]},
			"faces": {
				"north": {"uv": [2.25, 8.875, 1.875, 15.25], "rotation": 180, "texture": "#2"},
				"east": {"uv": [9.25, 8.875, 15.625, 9.125], "rotation": 270, "texture": "#2"},
				"south": {"uv": [1.875, 15.25, 1.5, 8.875], "texture": "#2"},
				"west": {"uv": [9.25, 9.125, 15.625, 9.375], "rotation": 90, "texture": "#2"},
				"up": {"uv": [8.25, 7, 8.625, 7.25], "rotation": 180, "texture": "#2"},
				"down": {"uv": [8.25, 7.25, 8.625, 7.5], "texture": "#2"}
			}
		},
		{
			"from": [3.3698, 17.70863, 0.43685],
			"to": [9.0898, 20.82863, 15.51685],
			"rotation": {"angle": 0, "axis": "y", "origin": [5.50241, 10.55968, 8.05902]},
			"faces": {
				"north": {"uv": [11.375, 3.25, 10, 4], "rotation": 180, "texture": "#2"},
				"east": {"uv": [8.625, 5.25, 9.375, 8.875], "rotation": 270, "texture": "#2"},
				"south": {"uv": [11.375, 3.25, 10, 2.5], "texture": "#2"},
				"west": {"uv": [0, 8.875, 0.75, 12.5], "rotation": 90, "texture": "#2"},
				"up": {"uv": [0, 5.25, 1.375, 8.875], "rotation": 180, "texture": "#2"},
				"down": {"uv": [1.375, 5.25, 2.75, 8.875], "texture": "#2"}
			}
		},
		{
			"from": [5.9698, 17.70863, -3.20315],
			"to": [8.5698, 20.30863, 18.63685],
			"rotation": {"angle": 0, "axis": "y", "origin": [5.50241, 10.55968, 8.05902]},
			"faces": {
				"north": {"uv": [3.25, 10.875, 2.625, 11.5], "rotation": 180, "texture": "#2"},
				"east": {"uv": [7.375, 7.75, 8, 13], "rotation": 270, "texture": "#2"},
				"south": {"uv": [11.25, 8.875, 10.625, 8.25], "texture": "#2"},
				"west": {"uv": [8.25, 0, 8.875, 5.25], "rotation": 90, "texture": "#2"},
				"up": {"uv": [6, 0, 6.625, 5.25], "rotation": 180, "texture": "#2"},
				"down": {"uv": [8, 7.75, 8.625, 13], "texture": "#2"}
			}
		},
		{
			"from": [5.4498, 1.58863, 0.43685],
			"to": [9.0898, 17.70863, 2.51685],
			"rotation": {"angle": 0, "axis": "y", "origin": [5.50241, 10.55968, 8.05902]},
			"faces": {
				"north": {"uv": [6.5, 7.25, 5.625, 11.125], "rotation": 180, "texture": "#2"},
				"east": {"uv": [8.875, 0, 12.75, 0.5], "rotation": 270, "texture": "#2"},
				"south": {"uv": [5.625, 11.125, 4.75, 7.25], "texture": "#2"},
				"west": {"uv": [8.875, 0.5, 12.75, 1], "rotation": 90, "texture": "#2"},
				"up": {"uv": [10.25, 6.125, 11.125, 6.625], "rotation": 180, "texture": "#2"},
				"down": {"uv": [10.25, 6.625, 11.125, 7.125], "texture": "#2"}
			}
		},
		{
			"from": [7.0098, -7.25137, 0.43685],
			"to": [9.0898, 1.58863, 2.51685],
			"rotation": {"angle": 0, "axis": "y", "origin": [5.50241, 10.55968, 8.05902]},
			"faces": {
				"north": {"uv": [10.25, 5.125, 9.75, 7.25], "rotation": 180, "texture": "#2"},
				"east": {"uv": [9.25, 9.375, 11.375, 9.875], "rotation": 270, "texture": "#2"},
				"south": {"uv": [10, 4.625, 9.5, 2.5], "texture": "#2"},
				"west": {"uv": [9.5, 2, 11.625, 2.5], "rotation": 90, "texture": "#2"},
				"up": {"uv": [11.25, 8.25, 11.75, 8.75], "rotation": 180, "texture": "#2"},
				"down": {"uv": [11.375, 2.5, 11.875, 3], "texture": "#2"}
			}
		},
		{
			"from": [-1.41634, -0.58111, 0.43685],
			"to": [0.79366, 1.62889, 2.51685],
			"rotation": {"angle": 45, "axis": "z", "origin": [2.06533, 9.89693, 8.05902]},
			"faces": {
				"north": {"uv": [11.75, 11.375, 11.25, 11.875], "rotation": 180, "texture": "#2"},
				"east": {"uv": [11.375, 3.5, 11.875, 4], "rotation": 270, "texture": "#2"},
				"south": {"uv": [11.25, 11.875, 10.75, 11.375], "texture": "#2"},
				"west": {"uv": [10.25, 11.375, 10.75, 11.875], "rotation": 90, "texture": "#2"},
				"up": {"uv": [11.375, 3, 11.875, 3.5], "rotation": 180, "texture": "#2"},
				"down": {"uv": [11.375, 9.375, 11.875, 9.875], "texture": "#2"}
			}
		},
		{
			"from": [9.0495, 14.00273, 0.43685],
			"to": [11.1295, 17.12273, 2.51685],
			"rotation": {"angle": 45, "axis": "z", "origin": [5.50241, 10.55968, 8.05902]},
			"faces": {
				"north": {"uv": [5.25, 11.125, 4.75, 11.875], "rotation": 180, "texture": "#2"},
				"east": {"uv": [10.25, 10.875, 11, 11.375], "rotation": 270, "texture": "#2"},
				"south": {"uv": [4.75, 11.625, 4.25, 10.875], "texture": "#2"},
				"west": {"uv": [11, 10.875, 11.75, 11.375], "rotation": 90, "texture": "#2"},
				"up": {"uv": [2.625, 11.5, 3.125, 12], "rotation": 180, "texture": "#2"},
				"down": {"uv": [8.625, 11.5, 9.125, 12], "texture": "#2"}
			}
		},
		{
			"from": [5.4498, 1.58863, 13.43685],
			"to": [9.0898, 17.70863, 15.51685],
			"rotation": {"angle": 0, "axis": "y", "origin": [5.50241, 10.55968, 8.05902]},
			"faces": {
				"north": {"uv": [8.25, 3.875, 7.375, 7.75], "rotation": 180, "texture": "#2"},
				"east": {"uv": [8.875, 1, 12.75, 1.5], "rotation": 270, "texture": "#2"},
				"south": {"uv": [8.25, 3.875, 7.375, 0], "texture": "#2"},
				"west": {"uv": [8.875, 1.5, 12.75, 2], "rotation": 90, "texture": "#2"},
				"up": {"uv": [10.25, 9.875, 11.125, 10.375], "rotation": 180, "texture": "#2"},
				"down": {"uv": [10.25, 10.375, 11.125, 10.875], "texture": "#2"}
			}
		},
		{
			"from": [7.0098, -7.25137, 13.43685],
			"to": [9.0898, 1.58863, 15.51685],
			"rotation": {"angle": 0, "axis": "y", "origin": [5.50241, 10.55968, 8.05902]},
			"faces": {
				"north": {"uv": [10.25, 9.875, 9.75, 12], "rotation": 180, "texture": "#2"},
				"east": {"uv": [9.75, 7.25, 11.875, 7.75], "rotation": 270, "texture": "#2"},
				"south": {"uv": [9.75, 12, 9.25, 9.875], "texture": "#2"},
				"west": {"uv": [9.75, 7.75, 11.875, 8.25], "rotation": 90, "texture": "#2"},
				"up": {"uv": [11.625, 2, 12.125, 2.5], "rotation": 180, "texture": "#2"},
				"down": {"uv": [4.25, 11.625, 4.75, 12.125], "texture": "#2"}
			}
		},
		{
			"from": [-1.41634, -0.58111, 13.43685],
			"to": [0.79366, 1.62889, 15.51685],
			"rotation": {"angle": 45, "axis": "z", "origin": [2.06533, 9.89693, 8.05902]},
			"faces": {
				"north": {"uv": [12.125, 10.375, 11.625, 10.875], "rotation": 180, "texture": "#2"},
				"east": {"uv": [11.625, 5.625, 12.125, 6.125], "rotation": 270, "texture": "#2"},
				"south": {"uv": [12.125, 10.375, 11.625, 9.875], "texture": "#2"},
				"west": {"uv": [11.625, 6.625, 12.125, 7.125], "rotation": 90, "texture": "#2"},
				"up": {"uv": [5.25, 11.625, 5.75, 12.125], "rotation": 180, "texture": "#2"},
				"down": {"uv": [11.625, 6.125, 12.125, 6.625], "texture": "#2"}
			}
		},
		{
			"from": [9.0495, 14.00273, 13.43685],
			"to": [11.1295, 17.12273, 15.51685],
			"rotation": {"angle": 45, "axis": "z", "origin": [5.50241, 10.55968, 8.05902]},
			"faces": {
				"north": {"uv": [6.5, 11.125, 6, 11.875], "rotation": 180, "texture": "#2"},
				"east": {"uv": [11.125, 5.125, 11.875, 5.625], "rotation": 270, "texture": "#2"},
				"south": {"uv": [11.625, 6.375, 11.125, 5.625], "texture": "#2"},
				"west": {"uv": [5.25, 11.125, 6, 11.625], "rotation": 90, "texture": "#2"},
				"up": {"uv": [11.75, 8.25, 12.25, 8.75], "rotation": 180, "texture": "#2"},
				"down": {"uv": [11.75, 10.875, 12.25, 11.375], "texture": "#2"}
			}
		}
	],
	"display": {
		"thirdperson_righthand": {
			"rotation": [28, -116, -27],
			"translation": [3.25, 0.75, 2]
		},
		"thirdperson_lefthand": {
			"rotation": [55, 38, 2],
			"translation": [3.5, 0.5, 2.25]
		},
		"firstperson_righthand": {
			"rotation": [-23, -95, -27],
			"translation": [-4.5, -4.5, 0.75]
		},
		"firstperson_lefthand": {
			"rotation": [27, 89, -21],
			"translation": [-5.75, -3.75, 0.75]
		},
		"ground": {
			"rotation": [0, 0, -45],
			"translation": [0, 5.25, 0],
			"scale": [0.5, 0.5, 0.5]
		},
		"gui": {
			"rotation": [-4, 93, -23],
			"translation": [0, 0.5, 0],
			"scale": [0.5, 0.5, 0.5]
		}
	}
}