{
  "credit": "Made by LZLeon with Blockbench, Contact - Discord: LZBlocks#0261 - E-Mail: lzblocks@outlook.com",
  "texture_size": [
    32,
    32
  ],
  "textures": {
    "0": "lzfurniture:furniture/outdoor/outdoor_rocks_tiny",
    "particle": "lzfurniture:furniture/outdoor/outdoor_rocks_tiny"
  },
  "elements": [
    {
      "from": [
        6,
        0,
        5
      ],
      "to": [
        11,
        2,
        9
      ],
      "rotation": {
        "angle": -22.5,
        "axis": "y",
        "origin": [
          1,
          0,
          1
        ]
      },
      "faces": {
        "north": {
          "uv": [
            2,
            2,
            4.5,
            3
          ],
          "texture": "#0"
        },
        "east": {
          "uv": [
            0,
            2,
            2,
            3
          ],
          "texture": "#0"
        },
        "south": {
          "uv": [
            6.5,
            2,
            9,
            3
          ],
          "texture": "#0"
        },
        "west": {
          "uv": [
            4.5,
            2,
            6.5,
            3
          ],
          "texture": "#0"
        },
        "up": {
          "uv": [
            4.5,
            2,
            2,
            0
          ],
          "texture": "#0"
        },
        "down": {
          "uv": [
            7,
            0,
            4.5,
            2
          ],
          "texture": "#0"
        }
      }
    },
    {
      "from": [
        5,
        0,
        12
      ],
      "to": [
        8,
        1,
        15
      ],
      "rotation": {
        "angle": 22.5,
        "axis": "y",
        "origin": [
          1,
          0,
          1
        ]
      },
      "faces": {
        "north": {
          "uv": [
            6.5,
            6,
            8,
            6.5
          ],
          "texture": "#0"
        },
        "east": {
          "uv": [
            5,
            6,
            6.5,
            6.5
          ],
          "texture": "#0"
        },
        "south": {
          "uv": [
            9.5,
            6,
            11,
            6.5
          ],
          "texture": "#0"
        },
        "west": {
          "uv": [
            8,
            6,
            9.5,
            6.5
          ],
          "texture": "#0"
        },
        "up": {
          "uv": [
            8,
            6,
            6.5,
            4.5
          ],
          "texture": "#0"
        },
        "down": {
          "uv": [
            9.5,
            4.5,
            8,
            6
          ],
          "texture": "#0"
        }
      }
    },
    {
      "from": [
        7,
        0,
        1
      ],
      "to": [
        10,
        1,
        4
      ],
      "rotation": {
        "angle": -22.5,
        "axis": "y",
        "origin": [
          1,
          0,
          1
        ]
      },
      "faces": {
        "north": {
          "uv": [
            1.5,
            5,
            3,
            5.5
          ],
          "texture": "#0"
        },
        "east": {
          "uv": [
            0,
            5,
            1.5,
            5.5
          ],
          "texture": "#0"
        },
        "south": {
          "uv": [
            4.5,
            5,
            6,
            5.5
          ],
          "texture": "#0"
        },
        "west": {
          "uv": [
            3,
            5,
            4.5,
            5.5
          ],
          "texture": "#0"
        },
        "up": {
          "uv": [
            3,
            5,
            1.5,
            3.5
          ],
          "texture": "#0"
        },
        "down": {
          "uv": [
            4.5,
            3.5,
            3,
            5
          ],
          "texture": "#0"
        }
      }
    }
  ],
  "display": {
    "thirdperson_righthand": {
      "rotation": [
        60,
        -160,
        0
      ],
      "translation": [
        0,
        4.5,
        3.25
      ],
      "scale": [
        -0.6,
        0.6,
        -0.6
      ]
    },
    "thirdperson_lefthand": {
      "rotation": [
        60,
        -160,
        0
      ],
      "translation": [
        0,
        4.5,
        3.25
      ],
      "scale": [
        -0.6,
        0.6,
        -0.6
      ]
    },
    "firstperson_righthand": {
      "rotation": [
        0,
        -73,
        6
      ],
      "translation": [
        -0.5,
        5.75,
        0
      ],
      "scale": [
        -0.6,
        0.6,
        -0.6
      ]
    },
    "firstperson_lefthand": {
      "rotation": [
        0,
        -73,
        6
      ],
      "translation": [
        -0.5,
        5.75,
        0
      ],
      "scale": [
        -0.6,
        0.6,
        -0.6
      ]
    },
    "ground": {
      "translation": [
        0,
        1.5,
        0
      ],
      "scale": [
        0.35,
        0.35,
        0.35
      ]
    },
    "gui": {
      "rotation": [
        30,
        -40,
        0
      ],
      "translation": [
        -0.25,
        4.5,
        0
      ],
      "scale": [
        -0.8,
        0.8,
        -0.8
      ]
    },
    "head": {
      "translation": [
        0,
        -30.4,
        0
      ],
      "scale": [
        1.6,
        1.6,
        1.6
      ]
    },
    "fixed": {
      "rotation": [
        90,
        0,
        -180
      ],
      "translation": [
        0,
        0,
        -15
      ],
      "scale": [
        2,
        2,
        2
      ]
    }
  }
}