{
	"credit": "Made with Blockbench",
	"texture_size": [128, 128],
	"textures": {
		"0": "minehammer:item/coins/animated",
		"particle": "minehammer:item/coins/animated"
	},
	"elements": [
		{
			"from": [8, 2, 9],
			"to": [10, 4, 9],
			"faces": {
				"north": {"uv": [0, 0, 16, 16], "texture": "#0"},
				"east": {"uv": [0, 0, 0, 0], "texture": "#0"},
				"south": {"uv": [0, 0, 16, 16], "texture": "#0"},
				"west": {"uv": [0, 0, 0.25, 0.25], "texture": "#0"},
				"up": {"uv": [0, 0, 0, 0], "texture": "#0"},
				"down": {"uv": [0, 0, 0, 0], "texture": "#0"}
			}
		}
	],
	"display": {
		"thirdperson_righthand": {
			"translation": [-5.25, 23.5, -3.25],
			"scale": [4, 4, 4]
		},
		"thirdperson_lefthand": {
			"translation": [4, 22.5, -1],
			"scale": [4, 4, 0.98]
		},
		"firstperson_righthand": {
			"translation": [29, 3.75, -33.5],
			"scale": [4, 4, 4]
		},
		"firstperson_lefthand": {
			"translation": [37.5, 2.5, -34.75],
			"scale": [4, 4, 4]
		},
		"ground": {
			"translation": [0, 20, 0],
			"scale": [4, 4, 1.08]
		},
		"gui": {
			"translation": [-4, 20, 0],
			"scale": [4, 4, 1]
		},
		"fixed": {
			"translation": [-4, 18.25, -0.75],
			"scale": [4, 4, 1]
		}
	}
}