{
	"credit": "MadewithBlockbench",
	"texture_size": [128, 128],
	"textures": {
		"0": "elitecreatures:industrial_kitchen_v1/ik_table_long",
		"particle": "elitecreatures:industrial_kitchen_v1/ik_table_long"
	},
	"elements": [
		{
			"from": [0, 1, -6],
			"to": [12, 2, 26],
			"faces": {
				"north": {"uv": [5.5, 0.75, 7, 0.875], "texture": "#0"},
				"east": {"uv": [4.5, 0, 8.5, 0.125], "texture": "#0"},
				"south": {"uv": [5.5, 0.875, 7, 1], "texture": "#0"},
				"west": {"uv": [4.5, 0.125, 8.5, 0.25], "texture": "#0"},
				"up": {"uv": [1.5, 4, 0, 0], "texture": "#0"},
				"down": {"uv": [3, 0, 1.5, 4], "texture": "#0"}
			}
		},
		{
			"from": [0, 15, -6],
			"to": [12, 16, 26],
			"faces": {
				"north": {"uv": [5.5, 1, 7, 1.125], "texture": "#0"},
				"east": {"uv": [4.5, 0.25, 8.5, 0.375], "texture": "#0"},
				"south": {"uv": [5.5, 1.125, 7, 1.25], "texture": "#0"},
				"west": {"uv": [4.5, 0.375, 8.5, 0.5], "texture": "#0"},
				"up": {"uv": [4.5, 4, 3, 0], "texture": "#0"},
				"down": {"uv": [3, 0, 1.5, 4], "texture": "#0"}
			}
		},
		{
			"from": [0, 9, 13],
			"to": [12, 10, 26],
			"faces": {
				"north": {"uv": [5.5, 1.25, 7, 1.375], "texture": "#0"},
				"east": {"uv": [5.5, 0.5, 7.125, 0.625], "texture": "#0"},
				"south": {"uv": [5.5, 1.375, 7, 1.5], "texture": "#0"},
				"west": {"uv": [5.5, 0.625, 7.125, 0.75], "texture": "#0"},
				"up": {"uv": [3, 5.625, 1.5, 4], "texture": "#0"},
				"down": {"uv": [4.5, 4, 3, 5.625], "texture": "#0"}
			}
		},
		{
			"from": [1, 0, -5],
			"to": [2, 15, -4],
			"faces": {
				"north": {"uv": [4.75, 2.5, 4.875, 4.5], "texture": "#0"},
				"east": {"uv": [4.75, 2.5, 4.875, 4.5], "texture": "#0"},
				"south": {"uv": [4.75, 2.5, 4.875, 4.5], "texture": "#0"},
				"west": {"uv": [4.75, 2.5, 4.875, 4.5], "texture": "#0"},
				"up": {"uv": [5.625, 2, 5.5, 1.875], "texture": "#0"},
				"down": {"uv": [5.625, 1.875, 5.5, 2], "texture": "#0"}
			}
		},
		{
			"from": [10, 0, -5],
			"to": [11, 15, -4],
			"faces": {
				"north": {"uv": [4.75, 2.5, 4.875, 4.5], "texture": "#0"},
				"east": {"uv": [4.75, 2.5, 4.875, 4.5], "texture": "#0"},
				"south": {"uv": [4.75, 2.5, 4.875, 4.5], "texture": "#0"},
				"west": {"uv": [4.75, 2.5, 4.875, 4.5], "texture": "#0"},
				"up": {"uv": [5.625, 2, 5.5, 1.875], "texture": "#0"},
				"down": {"uv": [5.625, 1.875, 5.5, 2], "texture": "#0"}
			}
		},
		{
			"from": [10, 0, 14],
			"to": [11, 15, 15],
			"faces": {
				"north": {"uv": [4.5, 2.5, 4.625, 4.5], "texture": "#0"},
				"east": {"uv": [4.5, 2.5, 4.625, 4.5], "texture": "#0"},
				"south": {"uv": [4.5, 2.5, 4.625, 4.5], "texture": "#0"},
				"west": {"uv": [4.5, 2.5, 4.625, 4.5], "texture": "#0"},
				"up": {"uv": [5.625, 1.75, 5.5, 1.625], "texture": "#0"},
				"down": {"uv": [5.625, 1.625, 5.5, 1.75], "texture": "#0"}
			}
		},
		{
			"from": [1, 0, 14],
			"to": [2, 15, 15],
			"faces": {
				"north": {"uv": [4.5, 2.5, 4.625, 4.5], "texture": "#0"},
				"east": {"uv": [4.5, 2.5, 4.625, 4.5], "texture": "#0"},
				"south": {"uv": [4.5, 2.5, 4.625, 4.5], "texture": "#0"},
				"west": {"uv": [4.5, 2.5, 4.625, 4.5], "texture": "#0"},
				"up": {"uv": [5.625, 1.75, 5.5, 1.625], "texture": "#0"},
				"down": {"uv": [5.625, 1.625, 5.5, 1.75], "texture": "#0"}
			}
		},
		{
			"from": [1, 0, 24],
			"to": [2, 15, 25],
			"faces": {
				"north": {"uv": [4.5, 2.5, 4.625, 4.5], "texture": "#0"},
				"east": {"uv": [4.5, 2.5, 4.625, 4.5], "texture": "#0"},
				"south": {"uv": [4.5, 2.5, 4.625, 4.5], "texture": "#0"},
				"west": {"uv": [4.5, 2.5, 4.625, 4.5], "texture": "#0"},
				"up": {"uv": [5.625, 1.75, 5.5, 1.625], "texture": "#0"},
				"down": {"uv": [5.625, 1.625, 5.5, 1.75], "texture": "#0"}
			}
		},
		{
			"from": [10, 0, 24],
			"to": [11, 15, 25],
			"faces": {
				"north": {"uv": [4.5, 2.5, 4.625, 4.5], "texture": "#0"},
				"east": {"uv": [4.5, 2.5, 4.625, 4.5], "texture": "#0"},
				"south": {"uv": [4.5, 2.5, 4.625, 4.5], "texture": "#0"},
				"west": {"uv": [4.5, 2.5, 4.625, 4.5], "texture": "#0"},
				"up": {"uv": [5.625, 1.75, 5.5, 1.625], "texture": "#0"},
				"down": {"uv": [5.625, 1.625, 5.5, 1.75], "texture": "#0"}
			}
		}
	],
	"display": {
		"thirdperson_righthand": {
			"rotation": [-14.13, -86.44, 11.48],
			"translation": [2.25, 0, 0.5],
			"scale": [0.26, 0.26, 0.26]
		},
		"thirdperson_lefthand": {
			"rotation": [-14.13, -86.44, 11.48],
			"translation": [2.25, 0, 0.5],
			"scale": [0.26, 0.26, 0.26]
		},
		"firstperson_righthand": {
			"rotation": [-14.13, -86.44, 11.48],
			"translation": [2.25, 0, 0.5],
			"scale": [0.26, 0.26, 0.26]
		},
		"firstperson_lefthand": {
			"rotation": [-14.13, -86.44, 11.48],
			"translation": [2.25, 0, 0.5],
			"scale": [0.26, 0.26, 0.26]
		},
		"ground": {
			"rotation": [-14.13, -86.44, 11.48],
			"translation": [0, 0, 0.5],
			"scale": [0.26, 0.26, 0.26]
		},
		"gui": {
			"rotation": [-156.04, 152, 179.9],
			"translation": [0.75, 0, 0.5],
			"scale": [0.34, 0.34, 0.34]
		},
		"head": {
			"rotation": [-180, 90, -180],
			"translation": [-1.5, -29.75, -3.5],
			"scale": [1.7, 1.7, 1.6]
		},
		"fixed": {
			"rotation": [-14.13, -90, 11.48],
			"translation": [1, 0, 0.5],
			"scale": [0.52, 0.52, 0.52]
		}
	}
}