{
	"credit": "MadewithBlockbench",
	"texture_size": [128, 128],
	"textures": {
		"0": "elitecreatures:industrial_kitchen_v1/ik_table_bar",
		"particle": "elitecreatures:industrial_kitchen_v1/ik_table_bar"
	},
	"elements": [
		{
			"from": [-12.25, 1, 8.75],
			"to": [7.75, 21, 14.75],
			"rotation": {"angle": 0, "axis": "y", "origin": [6, 12.55, 7.75]},
			"faces": {
				"north": {"uv": [0, 2.5, 2.5, 5], "texture": "#0"},
				"east": {"uv": [4, 0, 4.75, 2.5], "texture": "#0"},
				"south": {"uv": [0, 0, 2.5, 2.5], "texture": "#0"},
				"west": {"uv": [4, 2.5, 4.75, 5], "texture": "#0"},
				"up": {"uv": [5.5, 2.5, 4.75, 0], "rotation": 90, "texture": "#0"},
				"down": {"uv": [5.5, 2.5, 4.75, 5], "rotation": 270, "texture": "#0"}
			}
		},
		{
			"from": [-12.25, 13, 2.75],
			"to": [7.75, 16, 8.75],
			"rotation": {"angle": 0, "axis": "y", "origin": [6, 12.55, 7.75]},
			"faces": {
				"north": {"uv": [3.25, 6.375, 5.75, 6.75], "texture": "#0"},
				"east": {"uv": [3.25, 6, 4, 6.375], "texture": "#0"},
				"south": {"uv": [6, 4.375, 8.5, 4.75], "texture": "#0"},
				"west": {"uv": [4, 6.75, 4.75, 7.125], "texture": "#0"},
				"up": {"uv": [0.75, 7.5, 0, 5], "rotation": 90, "texture": "#0"},
				"down": {"uv": [1.5, 5, 0.75, 7.5], "rotation": 270, "texture": "#0"}
			}
		},
		{
			"from": [-12.25, 1, 2.75],
			"to": [-11.25, 13, 8.75],
			"rotation": {"angle": 0, "axis": "y", "origin": [6, 12.55, 7.75]},
			"faces": {
				"north": {"uv": [4.875, 6.75, 5, 8.25], "texture": "#0"},
				"east": {"uv": [6, 0, 6.75, 1.5], "texture": "#0"},
				"south": {"uv": [4.75, 6.75, 4.875, 8.25], "texture": "#0"},
				"west": {"uv": [6, 1.5, 6.75, 3], "texture": "#0"},
				"up": {"uv": [5.75, 6.875, 5, 6.75], "rotation": 90, "texture": "#0"},
				"down": {"uv": [5.75, 6.875, 5, 7], "rotation": 270, "texture": "#0"}
			}
		},
		{
			"from": [-12.25, 0, 2.75],
			"to": [11.75, 1, 14.75],
			"rotation": {"angle": 0, "axis": "y", "origin": [6, 12.55, 7.75]},
			"faces": {
				"north": {"uv": [6.75, 4, 9.75, 4.125], "texture": "#0"},
				"east": {"uv": [6.75, 4.125, 8.25, 4.25], "texture": "#0"},
				"south": {"uv": [6.75, 3.875, 9.75, 4], "texture": "#0"},
				"west": {"uv": [6.75, 4.25, 8.25, 4.375], "texture": "#0"},
				"up": {"uv": [4, 3, 2.5, 0], "rotation": 90, "texture": "#0"},
				"down": {"uv": [4, 3, 2.5, 6], "rotation": 270, "texture": "#0"}
			}
		},
		{
			"from": [-2.25, 1, 2.75],
			"to": [7.75, 12, 8.75],
			"rotation": {"angle": 0, "axis": "y", "origin": [6, 12.55, 7.75]},
			"faces": {
				"north": {"uv": [5.25, 5, 6.5, 6.375], "texture": "#0"},
				"east": {"uv": [2.5, 6, 3.25, 7.375], "texture": "#0"},
				"south": {"uv": [4, 5, 5.25, 6.375], "texture": "#0"},
				"west": {"uv": [6, 3, 6.75, 4.375], "texture": "#0"},
				"up": {"uv": [6.5, 7.625, 5.75, 6.375], "rotation": 90, "texture": "#0"},
				"down": {"uv": [7.25, 4.75, 6.5, 6], "rotation": 270, "texture": "#0"}
			}
		},
		{
			"from": [-2.25, 12, 3.75],
			"to": [7.75, 13, 8.75],
			"rotation": {"angle": 0, "axis": "y", "origin": [6, 12.55, 7.75]},
			"faces": {
				"north": {"uv": [7.125, 6.125, 8.375, 6.25], "texture": "#0"},
				"east": {"uv": [5, 7, 5.625, 7.125], "texture": "#0"},
				"south": {"uv": [7.125, 6, 8.375, 6.125], "texture": "#0"},
				"west": {"uv": [4, 7.125, 4.625, 7.25], "texture": "#0"},
				"up": {"uv": [7.125, 7.25, 6.5, 6], "rotation": 90, "texture": "#0"},
				"down": {"uv": [7.375, 0, 6.75, 1.25], "rotation": 270, "texture": "#0"}
			}
		},
		{
			"from": [7.75, 12, 2.75],
			"to": [7.75, 13, 3.75],
			"rotation": {"angle": 0, "axis": "y", "origin": [6, 12.55, 7.75]},
			"faces": {
				"north": {"uv": [0, 0, 0, 0.125], "texture": "#0"},
				"east": {"uv": [6, 4.75, 6.125, 4.875], "texture": "#0"},
				"south": {"uv": [0, 0, 0, 0.125], "texture": "#0"},
				"west": {"uv": [6, 4.875, 6.125, 5], "texture": "#0"},
				"up": {"uv": [0.125, 0, 0, 0], "rotation": 90, "texture": "#0"},
				"down": {"uv": [0.125, 0, 0, 0], "rotation": 270, "texture": "#0"}
			}
		},
		{
			"from": [7.75, 17, 2.75],
			"to": [11.75, 17, 14.75],
			"rotation": {"angle": 0, "axis": "y", "origin": [6, 12.55, 7.75]},
			"faces": {
				"north": {"uv": [0, 0, 0.5, 0], "texture": "#0"},
				"east": {"uv": [0, 0, 1.5, 0], "texture": "#0"},
				"south": {"uv": [0, 0, 0.5, 0], "texture": "#0"},
				"west": {"uv": [0, 0, 1.5, 0], "texture": "#0"},
				"up": {"uv": [8.25, 1.75, 6.75, 1.25], "rotation": 90, "texture": "#0"},
				"down": {"uv": [8.25, 1.75, 6.75, 2.25], "rotation": 270, "texture": "#0"}
			}
		},
		{
			"from": [7.75, 16, 2.75],
			"to": [7.75, 21, 8.75],
			"rotation": {"angle": 0, "axis": "y", "origin": [6, 12.55, 7.75]},
			"faces": {
				"north": {"uv": [0, 0, 0, 0.625], "texture": "#0"},
				"east": {"uv": [3.25, 6.75, 4, 7.375], "texture": "#0"},
				"south": {"uv": [0, 0, 0, 0.625], "texture": "#0"},
				"west": {"uv": [6.75, 3.25, 7.5, 3.875], "texture": "#0"},
				"up": {"uv": [0.75, 0, 0, 0], "rotation": 90, "texture": "#0"},
				"down": {"uv": [0.75, 0, 0, 0], "rotation": 270, "texture": "#0"}
			}
		},
		{
			"from": [11.75, 17, 2.75],
			"to": [11.75, 21, 14.75],
			"rotation": {"angle": 0, "axis": "y", "origin": [6, 12.55, 7.75]},
			"faces": {
				"north": {"uv": [0, 0, 0, 0.5], "texture": "#0"},
				"east": {"uv": [6.75, 2.25, 8.25, 2.75], "texture": "#0"},
				"south": {"uv": [0, 0, 0, 0.5], "texture": "#0"},
				"west": {"uv": [6.75, 2.25, 8.25, 2.75], "texture": "#0"},
				"up": {"uv": [1.5, 0, 0, 0], "rotation": 90, "texture": "#0"},
				"down": {"uv": [1.5, 0, 0, 0], "rotation": 270, "texture": "#0"}
			}
		},
		{
			"from": [7.75, 1, 2.75],
			"to": [11.75, 21, 2.75],
			"rotation": {"angle": 0, "axis": "y", "origin": [6, 12.55, 7.75]},
			"faces": {
				"north": {"uv": [5.5, 2.5, 6, 5], "texture": "#0"},
				"east": {"uv": [0, 0, 0, 2.5], "texture": "#0"},
				"south": {"uv": [5.5, 0, 6, 2.5], "texture": "#0"},
				"west": {"uv": [0, 0, 0, 2.5], "texture": "#0"},
				"up": {"uv": [0, 0.5, 0, 0], "rotation": 90, "texture": "#0"},
				"down": {"uv": [0, 0, 0, 0.5], "rotation": 270, "texture": "#0"}
			}
		},
		{
			"from": [7.75, 1, 14.75],
			"to": [11.75, 21, 14.75],
			"rotation": {"angle": 0, "axis": "y", "origin": [6, 12.55, 7.75]},
			"faces": {
				"north": {"uv": [5.5, 0, 6, 2.5], "texture": "#0"},
				"east": {"uv": [0, 0, 0, 2.5], "texture": "#0"},
				"south": {"uv": [6, 0, 5.5, 2.5], "texture": "#0"},
				"west": {"uv": [0, 0, 0, 2.5], "texture": "#0"},
				"up": {"uv": [0, 0.5, 0, 0], "rotation": 90, "texture": "#0"},
				"down": {"uv": [0, 0, 0, 0.5], "rotation": 270, "texture": "#0"}
			}
		},
		{
			"from": [8, 17.1, 2.95],
			"to": [11, 24.1, 5.95],
			"rotation": {"angle": 0, "axis": "y", "origin": [6, 12.55, 7.75]},
			"faces": {
				"north": {"uv": [7.375, 0, 7.75, 0.875], "texture": "#0"},
				"east": {"uv": [8.5, 0, 8.875, 0.875], "texture": "#0"},
				"south": {"uv": [8.125, 0, 8.5, 0.875], "texture": "#0"},
				"west": {"uv": [7.75, 0, 8.125, 0.875], "texture": "#0"},
				"up": {"uv": [8.875, 0, 9.25, 0.375], "rotation": 90, "texture": "#0"},
				"down": {"uv": [8.875, 0, 9.25, 0.375], "rotation": 270, "texture": "#0"}
			}
		},
		{
			"from": [8.5, 24.1, 3.45],
			"to": [10.5, 25.1, 5.45],
			"rotation": {"angle": 0, "axis": "y", "origin": [6, 12.55, 7.75]},
			"faces": {
				"north": {"uv": [8.875, 0.625, 9.125, 0.75], "texture": "#0"},
				"east": {"uv": [8.875, 1, 9.125, 1.125], "texture": "#0"},
				"south": {"uv": [8.875, 0.875, 9.125, 1], "texture": "#0"},
				"west": {"uv": [8.875, 0.75, 9.125, 0.875], "texture": "#0"},
				"up": {"uv": [8.875, 0.375, 9.125, 0.625], "rotation": 90, "texture": "#0"},
				"down": {"uv": [8.875, 0.375, 9.125, 0.625], "rotation": 270, "texture": "#0"}
			}
		},
		{
			"from": [8, 17.1, 6.95],
			"to": [11, 24.1, 9.95],
			"rotation": {"angle": 0, "axis": "y", "origin": [6, 12.55, 7.75]},
			"faces": {
				"north": {"uv": [9.25, 0, 9.625, 0.875], "texture": "#0"},
				"east": {"uv": [10.375, 0, 10.75, 0.875], "texture": "#0"},
				"south": {"uv": [10, 0, 10.375, 0.875], "texture": "#0"},
				"west": {"uv": [9.625, 0, 10, 0.875], "texture": "#0"},
				"up": {"uv": [10.75, 0, 11.125, 0.375], "rotation": 90, "texture": "#0"},
				"down": {"uv": [10.75, 0, 11.125, 0.375], "rotation": 270, "texture": "#0"}
			}
		},
		{
			"from": [8.5, 24.1, 7.45],
			"to": [10.5, 25.1, 9.45],
			"rotation": {"angle": 0, "axis": "y", "origin": [6, 12.55, 7.75]},
			"faces": {
				"north": {"uv": [8.875, 0.625, 9.125, 0.75], "texture": "#0"},
				"east": {"uv": [8.875, 1, 9.125, 1.125], "texture": "#0"},
				"south": {"uv": [8.875, 0.875, 9.125, 1], "texture": "#0"},
				"west": {"uv": [8.875, 0.75, 9.125, 0.875], "texture": "#0"},
				"up": {"uv": [8.875, 0.375, 9.125, 0.625], "rotation": 90, "texture": "#0"},
				"down": {"uv": [8.875, 0.375, 9.125, 0.625], "rotation": 270, "texture": "#0"}
			}
		},
		{
			"from": [8.75, 1, 4.75],
			"to": [11.75, 6, 7.75],
			"rotation": {"angle": 0, "axis": "y", "origin": [6, 12.55, 7.75]},
			"faces": {
				"north": {"uv": [10.375, 0.875, 10.75, 1.5], "texture": "#0"},
				"east": {"uv": [10.75, 0.375, 11.125, 1], "texture": "#0"},
				"south": {"uv": [9.625, 0.875, 10, 1.5], "texture": "#0"},
				"west": {"uv": [10, 0.875, 10.375, 1.5], "texture": "#0"},
				"up": {"uv": [11.25, 0.125, 11.625, 0.5], "rotation": 90, "texture": "#0"},
				"down": {"uv": [11.25, 0.125, 11.625, 0.5], "rotation": 270, "texture": "#0"}
			}
		},
		{
			"from": [9.75, 6, 5.75],
			"to": [10.75, 10, 6.75],
			"rotation": {"angle": 0, "axis": "y", "origin": [6, 12.55, 7.75]},
			"faces": {
				"north": {"uv": [11.125, 0, 11.25, 0.5], "texture": "#0"},
				"east": {"uv": [11.125, 0, 11.25, 0.5], "texture": "#0"},
				"south": {"uv": [11.125, 0, 11.25, 0.5], "texture": "#0"},
				"west": {"uv": [11.125, 0, 11.25, 0.5], "texture": "#0"},
				"up": {"uv": [11.25, 0, 11.375, 0.125], "rotation": 90, "texture": "#0"},
				"down": {"uv": [11.25, 0, 11.375, 0.125], "rotation": 270, "texture": "#0"}
			}
		},
		{
			"from": [8.75, 1, 9.75],
			"to": [11.75, 6, 12.75],
			"rotation": {"angle": 0, "axis": "y", "origin": [6, 12.55, 7.75]},
			"faces": {
				"north": {"uv": [10.375, 0.875, 10.75, 1.5], "texture": "#0"},
				"east": {"uv": [10.75, 0.375, 11.125, 1], "texture": "#0"},
				"south": {"uv": [9.625, 0.875, 10, 1.5], "texture": "#0"},
				"west": {"uv": [10, 0.875, 10.375, 1.5], "texture": "#0"},
				"up": {"uv": [11.25, 0.125, 11.625, 0.5], "rotation": 90, "texture": "#0"},
				"down": {"uv": [11.25, 0.125, 11.625, 0.5], "rotation": 270, "texture": "#0"}
			}
		},
		{
			"from": [9.75, 6, 10.75],
			"to": [10.75, 10, 11.75],
			"rotation": {"angle": 0, "axis": "y", "origin": [6, 12.55, 7.75]},
			"faces": {
				"north": {"uv": [11.125, 0, 11.25, 0.5], "texture": "#0"},
				"east": {"uv": [11.125, 0, 11.25, 0.5], "texture": "#0"},
				"south": {"uv": [11.125, 0, 11.25, 0.5], "texture": "#0"},
				"west": {"uv": [11.125, 0, 11.25, 0.5], "texture": "#0"},
				"up": {"uv": [11.25, 0, 11.375, 0.125], "rotation": 90, "texture": "#0"},
				"down": {"uv": [11.25, 0, 11.375, 0.125], "rotation": 270, "texture": "#0"}
			}
		}
	],
	"gui_light": "front",
	"display": {
		"thirdperson_righthand": {
			"rotation": [-14.13, -86.44, 11.48],
			"translation": [-0.25, 3, 0.5],
			"scale": [0.26, 0.26, 0.26]
		},
		"thirdperson_lefthand": {
			"rotation": [-14.13, -86.44, 11.48],
			"translation": [0.25, 0, 0.5],
			"scale": [0.26, 0.26, 0.26]
		},
		"firstperson_righthand": {
			"rotation": [-14.13, -86.44, 11.48],
			"translation": [2.25, 0, 0.5],
			"scale": [0.26, 0.26, 0.26]
		},
		"firstperson_lefthand": {
			"rotation": [-14.13, -86.44, 11.48],
			"translation": [-1.75, 0, 0.5],
			"scale": [0.26, 0.26, 0.26]
		},
		"ground": {
			"rotation": [-14.13, -86.44, 11.48],
			"translation": [0, 1.75, 2.25],
			"scale": [0.26, 0.26, 0.26]
		},
		"gui": {
			"rotation": [-156.04, -53.55, 179.9],
			"translation": [-1.5, -1.5, 0.5],
			"scale": [0.34, 0.34, 0.34]
		},
		"head": {
			"rotation": [-180, 0, -180],
			"translation": [-16.75, -30.25, 1.5],
			"scale": [2.1, 1.6, 2]
		},
		"fixed": {
			"translation": [5.5, -2.75, 0],
			"scale": [0.68, 0.68, 0.68]
		}
	},
	"groups": [
		0,
		1,
		2,
		3,
		4,
		5,
		6,
		7,
		8,
		9,
		10,
		11,
		{
			"name": "group",
			"origin": [8, 8, 8],
			"color": 0,
			"children": [12, 13]
		},
		{
			"name": "group",
			"origin": [8, 8, 8],
			"color": 0,
			"children": [14, 15]
		},
		{
			"name": "group",
			"origin": [8, 8, 8],
			"color": 0,
			"children": [16, 17]
		},
		{
			"name": "group",
			"origin": [8, 8, 8],
			"color": 0,
			"children": [18, 19]
		}
	]
}