{
	"texture_size": [64, 64],
	"textures": {
		"11": "blossom/blossom_staff"
	},
	"elements": [
		{
			"from": [5.25, 8.5, 7.24],
			"to": [7.75, 17.5, 7.26],
			"rotation": {"angle": -22.5, "axis": "z", "origin": [6.5, 13, 7.25]},
			"faces": {
				"north": {"uv": [2.5, 5.5, 3.125, 7.75], "texture": "#11"},
				"east": {"uv": [0.25, 7.75, 0.375, 10], "texture": "#11"},
				"south": {"uv": [3.25, 5.5, 3.875, 7.75], "texture": "#11"},
				"west": {"uv": [0.5, 7.75, 0.625, 10], "texture": "#11"},
				"up": {"uv": [4.375, 8.625, 3.75, 8.5], "texture": "#11"},
				"down": {"uv": [9.125, 6.25, 8.5, 6.375], "texture": "#11"}
			}
		},
		{
			"from": [9.5, 8.5, 7.24],
			"to": [12, 17.5, 7.26],
			"rotation": {"angle": 22.5, "axis": "z", "origin": [10.75, 13, 7.25]},
			"faces": {
				"north": {"uv": [6.375, 2.25, 5.75, 4.5], "texture": "#11"},
				"east": {"uv": [5.75, 2.25, 6.375, 4.5], "texture": "#11"},
				"south": {"uv": [5.75, 2.25, 6.375, 4.5], "texture": "#11"},
				"west": {"uv": [5.75, 2.25, 6.375, 4.5], "texture": "#11"},
				"up": {"uv": [5.75, 2.25, 6.375, 4.5], "texture": "#11"},
				"down": {"uv": [5.75, 2.25, 6.375, 4.5], "texture": "#11"}
			}
		},
		{
			"from": [6.25, 1.5, 7.24],
			"to": [9.75, 10.5, 7.26],
			"rotation": {"angle": -22.5, "axis": "z", "origin": [7.5, 6, 7.25]},
			"faces": {
				"north": {"uv": [0.875, 4.5, 0, 6.75], "texture": "#11"},
				"east": {"uv": [6.25, 8, 6.375, 10.25], "texture": "#11"},
				"south": {"uv": [0, 4.5, 0.875, 6.75], "texture": "#11"},
				"west": {"uv": [6.5, 8, 6.625, 10.25], "texture": "#11"},
				"up": {"uv": [3.875, 8.375, 3, 8.25], "texture": "#11"},
				"down": {"uv": [4.875, 8.25, 4, 8.375], "texture": "#11"}
			}
		},
		{
			"from": [7.53125, 2.5, 7.24],
			"to": [11.03125, 11.5, 7.26],
			"rotation": {"angle": 22.5, "axis": "z", "origin": [9.78125, 7, 7.25]},
			"faces": {
				"north": {"uv": [6.125, 0, 5.25, 2.25], "texture": "#11"},
				"east": {"uv": [6.75, 8, 6.875, 10.25], "texture": "#11"},
				"south": {"uv": [5.25, 0, 6.125, 2.25], "texture": "#11"},
				"west": {"uv": [7, 8, 7.125, 10.25], "texture": "#11"},
				"up": {"uv": [9.125, 5.625, 8.25, 5.5], "texture": "#11"},
				"down": {"uv": [9.125, 5.75, 8.25, 5.875], "texture": "#11"}
			}
		},
		{
			"from": [1.78125, 15.75, 7.24],
			"to": [6.28125, 17.25, 7.26],
			"rotation": {"angle": -22.5, "axis": "z", "origin": [5.78125, 17, 7.25]},
			"faces": {
				"north": {"uv": [7.75, 4.5, 8.875, 4.875], "texture": "#11"},
				"east": {"uv": [8.875, 4.5, 7.75, 4.875], "texture": "#11"},
				"south": {"uv": [8.875, 4.5, 7.75, 4.875], "texture": "#11"},
				"west": {"uv": [8.875, 4.5, 7.75, 4.875], "texture": "#11"},
				"up": {"uv": [8.875, 4.5, 7.75, 4.875], "texture": "#11"},
				"down": {"uv": [8.875, 4.5, 7.75, 4.875], "texture": "#11"}
			}
		},
		{
			"from": [10.96875, 15.75, 7.24],
			"to": [15.46875, 17.25, 7.26],
			"rotation": {"angle": 22.5, "axis": "z", "origin": [11.46875, 17, 7.25]},
			"faces": {
				"north": {"uv": [8.875, 4.5, 7.75, 4.875], "texture": "#11"},
				"east": {"uv": [5.75, 8.75, 5.875, 9.125], "texture": "#11"},
				"south": {"uv": [7.75, 4.5, 8.875, 4.875], "texture": "#11"},
				"west": {"uv": [7.25, 8.75, 7.375, 9.125], "texture": "#11"},
				"up": {"uv": [9.125, 7.375, 8, 7.25], "texture": "#11"},
				"down": {"uv": [9.125, 7.5, 8, 7.625], "texture": "#11"}
			}
		},
		{
			"from": [7.41667, 15.7848, 6.20162],
			"to": [9.91667, 19.0848, 6.22162],
			"rotation": {"angle": -22.5, "axis": "x", "origin": [8.66667, 17.4348, 6.21162]},
			"faces": {
				"north": {"uv": [6.25, 1, 6.875, 1.875], "texture": "#11"},
				"east": {"uv": [5.25, 8.25, 5.375, 9.125], "texture": "#11"},
				"south": {"uv": [6.25, 1, 6.875, 1.875], "texture": "#11"},
				"west": {"uv": [5.5, 8.25, 5.625, 9.125], "texture": "#11"},
				"up": {"uv": [9.125, 7.875, 8.5, 7.75], "texture": "#11"},
				"down": {"uv": [9.125, 8, 8.5, 8.125], "texture": "#11"}
			}
		},
		{
			"from": [7.41667, 12.93002, 7.13414],
			"to": [9.91667, 16.23002, 7.15414],
			"rotation": {"angle": 22.5, "axis": "x", "origin": [8.66667, 16.91667, 6.64063]},
			"faces": {
				"north": {"uv": [6.5, 3, 7.125, 3.875], "texture": "#11"},
				"east": {"uv": [6, 8.25, 6.125, 9.125], "texture": "#11"},
				"south": {"uv": [6.5, 3, 7.125, 3.875], "texture": "#11"},
				"west": {"uv": [8, 8.25, 8.125, 9.125], "texture": "#11"},
				"up": {"uv": [8.875, 8.625, 8.25, 8.5], "texture": "#11"},
				"down": {"uv": [1.375, 8.75, 0.75, 8.875], "texture": "#11"}
			}
		},
		{
			"from": [8.34225, 14.75, 6.75069],
			"to": [11.64225, 17.25, 6.77069],
			"rotation": {"angle": 22.5, "axis": "y", "origin": [8.66667, 16, 6.21162]},
			"faces": {
				"north": {"uv": [0.75, 6.75, 1.625, 7.375], "texture": "#11"},
				"east": {"uv": [4.5, 8.5, 4.625, 9.125], "texture": "#11"},
				"south": {"uv": [1.625, 6.75, 0.75, 7.375], "texture": "#11"},
				"west": {"uv": [4.75, 8.5, 4.875, 9.125], "texture": "#11"},
				"up": {"uv": [9.125, 6.125, 8.25, 6], "texture": "#11"},
				"down": {"uv": [9.125, 8.25, 8.25, 8.375], "texture": "#11"}
			}
		},
		{
			"from": [5.69109, 14.75, 6.75069],
			"to": [8.99109, 17.25, 6.77069],
			"rotation": {"angle": -22.5, "axis": "y", "origin": [8.66667, 16, 6.21162]},
			"faces": {
				"north": {"uv": [8.625, 1, 7.75, 1.625], "texture": "#11"},
				"east": {"uv": [7.75, 1, 8.625, 1.625], "texture": "#11"},
				"south": {"uv": [7.75, 1, 8.625, 1.625], "texture": "#11"},
				"west": {"uv": [7.75, 1, 8.625, 1.625], "texture": "#11"},
				"up": {"uv": [7.75, 1, 8.625, 1.625], "texture": "#11"},
				"down": {"uv": [7.75, 1, 8.625, 1.625], "texture": "#11"}
			}
		},
		{
			"from": [7.41667, 15.7848, 8.419],
			"to": [9.91667, 19.0848, 8.439],
			"rotation": {"angle": 22.5, "axis": "x", "origin": [8.66667, 17.4348, 8.429]},
			"faces": {
				"north": {"uv": [7, 1, 7.625, 1.875], "texture": "#11"},
				"east": {"uv": [8.5, 2, 8.625, 2.875], "texture": "#11"},
				"south": {"uv": [7, 1, 7.625, 1.875], "texture": "#11"},
				"west": {"uv": [3, 8.5, 3.125, 9.375], "texture": "#11"},
				"up": {"uv": [9.375, 2.125, 8.75, 2], "texture": "#11"},
				"down": {"uv": [9.375, 2.25, 8.75, 2.375], "texture": "#11"}
			}
		},
		{
			"from": [7.41667, 12.93002, 7.48648],
			"to": [9.91667, 16.23002, 7.50648],
			"rotation": {"angle": -22.5, "axis": "x", "origin": [8.66667, 16.91667, 8]},
			"faces": {
				"north": {"uv": [7.25, 3, 7.875, 3.875], "texture": "#11"},
				"east": {"uv": [3.25, 8.5, 3.375, 9.375], "texture": "#11"},
				"south": {"uv": [7.25, 3, 7.875, 3.875], "texture": "#11"},
				"west": {"uv": [3.5, 8.5, 3.625, 9.375], "texture": "#11"},
				"up": {"uv": [9.375, 2.625, 8.75, 2.5], "texture": "#11"},
				"down": {"uv": [9.375, 2.75, 8.75, 2.875], "texture": "#11"}
			}
		},
		{
			"from": [8.34225, 14.75, 7.86993],
			"to": [11.64225, 17.25, 7.88993],
			"rotation": {"angle": -22.5, "axis": "y", "origin": [8.66667, 16, 8.429]},
			"faces": {
				"north": {"uv": [1.625, 7.5, 0.75, 8.125], "texture": "#11"},
				"east": {"uv": [1.75, 8.75, 1.875, 9.375], "texture": "#11"},
				"south": {"uv": [0.75, 7.5, 1.625, 8.125], "texture": "#11"},
				"west": {"uv": [2.5, 8.75, 2.625, 9.375], "texture": "#11"},
				"up": {"uv": [9.375, 0.625, 8.5, 0.5], "texture": "#11"},
				"down": {"uv": [9.375, 0.75, 8.5, 0.875], "texture": "#11"}
			}
		},
		{
			"from": [5.69109, 14.75, 7.86993],
			"to": [8.99109, 17.25, 7.88993],
			"rotation": {"angle": 22.5, "axis": "y", "origin": [8.66667, 16, 8.429]},
			"faces": {
				"north": {"uv": [8.625, 1, 7.75, 1.625], "texture": "#11"},
				"east": {"uv": [2.75, 8.75, 2.875, 9.375], "texture": "#11"},
				"south": {"uv": [7.75, 1, 8.625, 1.625], "texture": "#11"},
				"west": {"uv": [3.75, 8.75, 3.875, 9.375], "texture": "#11"},
				"up": {"uv": [9.375, 3.125, 8.5, 3], "texture": "#11"},
				"down": {"uv": [9.375, 3.25, 8.5, 3.375], "texture": "#11"}
			}
		},
		{
			"from": [4.66667, 14.44791, 7.27145],
			"to": [6.41667, 16.75791, 7.28545],
			"rotation": {"angle": 22.5, "axis": "x", "origin": [5.54167, 14.675, 7.6628]},
			"faces": {
				"north": {"uv": [7, 1, 7.625, 1.875], "texture": "#11"},
				"east": {"uv": [8.5, 2, 8.625, 2.875], "texture": "#11"},
				"south": {"uv": [7, 1, 7.625, 1.875], "texture": "#11"},
				"west": {"uv": [3, 8.5, 3.125, 9.375], "texture": "#11"},
				"up": {"uv": [9.375, 2.125, 8.75, 2], "texture": "#11"},
				"down": {"uv": [9.375, 2.25, 8.75, 2.375], "texture": "#11"}
			}
		},
		{
			"from": [4.66667, 12.59209, 7.27145],
			"to": [6.41667, 14.90209, 7.28545],
			"rotation": {"angle": -22.5, "axis": "x", "origin": [5.54167, 14.675, 7.6628]},
			"faces": {
				"north": {"uv": [7.25, 3, 7.875, 3.875], "texture": "#11"},
				"east": {"uv": [3.25, 8.5, 3.375, 9.375], "texture": "#11"},
				"south": {"uv": [7.25, 3, 7.875, 3.875], "texture": "#11"},
				"west": {"uv": [3.5, 8.5, 3.625, 9.375], "texture": "#11"},
				"up": {"uv": [9.375, 2.625, 8.75, 2.5], "texture": "#11"},
				"down": {"uv": [9.375, 2.75, 8.75, 2.875], "texture": "#11"}
			}
		},
		{
			"from": [5.31457, 13.8, 7.27145],
			"to": [7.62457, 15.55, 7.28545],
			"rotation": {"angle": -22.5, "axis": "y", "origin": [5.54167, 14.675, 7.6628]},
			"faces": {
				"north": {"uv": [1.625, 7.5, 0.75, 8.125], "texture": "#11"},
				"east": {"uv": [1.75, 8.75, 1.875, 9.375], "texture": "#11"},
				"south": {"uv": [0.75, 7.5, 1.625, 8.125], "texture": "#11"},
				"west": {"uv": [2.5, 8.75, 2.625, 9.375], "texture": "#11"},
				"up": {"uv": [9.375, 0.625, 8.5, 0.5], "texture": "#11"},
				"down": {"uv": [9.375, 0.75, 8.5, 0.875], "texture": "#11"}
			}
		},
		{
			"from": [3.45876, 13.8, 7.27145],
			"to": [5.76876, 15.55, 7.28545],
			"rotation": {"angle": 22.5, "axis": "y", "origin": [5.54167, 14.675, 7.6628]},
			"faces": {
				"north": {"uv": [8.625, 1, 7.75, 1.625], "texture": "#11"},
				"east": {"uv": [2.75, 8.75, 2.875, 9.375], "texture": "#11"},
				"south": {"uv": [7.75, 1, 8.625, 1.625], "texture": "#11"},
				"west": {"uv": [3.75, 8.75, 3.875, 9.375], "texture": "#11"},
				"up": {"uv": [9.375, 3.125, 8.5, 3], "texture": "#11"},
				"down": {"uv": [9.375, 3.25, 8.5, 3.375], "texture": "#11"}
			}
		},
		{
			"from": [10.84896, 14.44791, 7.27145],
			"to": [12.59896, 16.75791, 7.28545],
			"rotation": {"angle": 22.5, "axis": "x", "origin": [11.72396, 14.675, 7.6628]},
			"faces": {
				"north": {"uv": [7.625, 1, 7, 1.875], "texture": "#11"},
				"east": {"uv": [3.125, 8.5, 3, 9.375], "texture": "#11"},
				"south": {"uv": [7.625, 1, 7, 1.875], "texture": "#11"},
				"west": {"uv": [8.625, 2, 8.5, 2.875], "texture": "#11"},
				"up": {"uv": [8.75, 2.125, 9.375, 2], "texture": "#11"},
				"down": {"uv": [8.75, 2.25, 9.375, 2.375], "texture": "#11"}
			}
		},
		{
			"from": [10.84896, 12.59209, 7.27145],
			"to": [12.59896, 14.90209, 7.28545],
			"rotation": {"angle": -22.5, "axis": "x", "origin": [11.72396, 14.675, 7.6628]},
			"faces": {
				"north": {"uv": [7.875, 3, 7.25, 3.875], "texture": "#11"},
				"east": {"uv": [3.625, 8.5, 3.5, 9.375], "texture": "#11"},
				"south": {"uv": [7.875, 3, 7.25, 3.875], "texture": "#11"},
				"west": {"uv": [3.375, 8.5, 3.25, 9.375], "texture": "#11"},
				"up": {"uv": [8.75, 2.625, 9.375, 2.5], "texture": "#11"},
				"down": {"uv": [8.75, 2.75, 9.375, 2.875], "texture": "#11"}
			}
		},
		{
			"from": [9.64105, 13.8, 7.27145],
			"to": [11.95105, 15.55, 7.28545],
			"rotation": {"angle": 22.5, "axis": "y", "origin": [11.72396, 14.675, 7.6628]},
			"faces": {
				"north": {"uv": [0.75, 7.5, 1.625, 8.125], "texture": "#11"},
				"east": {"uv": [2.625, 8.75, 2.5, 9.375], "texture": "#11"},
				"south": {"uv": [1.625, 7.5, 0.75, 8.125], "texture": "#11"},
				"west": {"uv": [1.875, 8.75, 1.75, 9.375], "texture": "#11"},
				"up": {"uv": [8.5, 0.625, 9.375, 0.5], "texture": "#11"},
				"down": {"uv": [8.5, 0.75, 9.375, 0.875], "texture": "#11"}
			}
		},
		{
			"from": [11.49686, 13.8, 7.27145],
			"to": [13.80686, 15.55, 7.28545],
			"rotation": {"angle": -22.5, "axis": "y", "origin": [11.72396, 14.675, 7.6628]},
			"faces": {
				"north": {"uv": [7.75, 1, 8.625, 1.625], "texture": "#11"},
				"east": {"uv": [3.875, 8.75, 3.75, 9.375], "texture": "#11"},
				"south": {"uv": [8.625, 1, 7.75, 1.625], "texture": "#11"},
				"west": {"uv": [2.875, 8.75, 2.75, 9.375], "texture": "#11"},
				"up": {"uv": [8.5, 3.125, 9.375, 3], "texture": "#11"},
				"down": {"uv": [8.5, 3.25, 9.375, 3.375], "texture": "#11"}
			}
		},
		{
			"from": [7.91667, 1.5, 6.58333],
			"to": [9.41667, 8, 8.08333],
			"rotation": {"angle": 0, "axis": "y", "origin": [8.66667, 25.08333, 8]},
			"faces": {
				"north": {"uv": [4.25, 2.25, 4.625, 3.875], "texture": "#11"},
				"east": {"uv": [4.75, 2.25, 5.125, 3.875], "texture": "#11"},
				"south": {"uv": [6.25, 4.5, 6.625, 6.125], "texture": "#11"},
				"west": {"uv": [6.25, 6.25, 6.625, 7.875], "texture": "#11"},
				"up": {"uv": [8.375, 8.125, 8, 7.75], "texture": "#11"},
				"down": {"uv": [1.125, 8.25, 0.75, 8.625], "texture": "#11"}
			}
		},
		{
			"from": [7.91667, -8, 6.58333],
			"to": [9.41667, -5, 8.08333],
			"rotation": {"angle": 0, "axis": "y", "origin": [8.66667, 15.08333, 8]},
			"faces": {
				"north": {"uv": [7.75, 5.5, 8.125, 6.25], "texture": "#11"},
				"east": {"uv": [8, 2, 8.375, 2.75], "texture": "#11"},
				"south": {"uv": [8, 2.75, 8.375, 3.5], "texture": "#11"},
				"west": {"uv": [7.25, 8, 7.625, 8.75], "texture": "#11"},
				"up": {"uv": [1.625, 8.625, 1.25, 8.25], "texture": "#11"},
				"down": {"uv": [2.875, 8.25, 2.5, 8.625], "texture": "#11"}
			}
		},
		{
			"from": [8.16667, -7, 6.83333],
			"to": [9.16667, 17, 7.83333],
			"rotation": {"angle": 0, "axis": "y", "origin": [8.66667, 15.08333, 8]},
			"faces": {
				"north": {"uv": [2, 4.5, 2.25, 10.5], "texture": "#11"},
				"east": {"uv": [5.25, 2.25, 5.5, 8.25], "texture": "#11"},
				"south": {"uv": [2.25, 5.5, 2.5, 11.5], "texture": "#11"},
				"west": {"uv": [5.5, 2.25, 5.75, 8.25], "texture": "#11"},
				"up": {"uv": [6.5, 2.25, 6.25, 2], "texture": "#11"},
				"down": {"uv": [6.75, 4, 6.5, 4.25], "texture": "#11"}
			}
		},
		{
			"from": [4.66667, 17, 6.83333],
			"to": [12.66667, 25, 7.83333],
			"rotation": {"angle": 0, "axis": "y", "origin": [8.16667, 15.08333, 8]},
			"faces": {
				"north": {"uv": [2.25, 0, 4.25, 2], "texture": "#11"},
				"east": {"uv": [1.75, 6.75, 2, 8.75], "texture": "#11"},
				"south": {"uv": [2.25, 2, 4.25, 4], "texture": "#11"},
				"west": {"uv": [5.75, 6.75, 6, 8.75], "texture": "#11"},
				"up": {"uv": [9.5, 7.25, 7.5, 7], "texture": "#11"},
				"down": {"uv": [9.75, 1.75, 7.75, 2], "texture": "#11"}
			}
		},
		{
			"from": [4.41667, 16.75, 6.58333],
			"to": [12.91667, 25.25, 8.08333],
			"rotation": {"angle": 0, "axis": "y", "origin": [8.16667, 15.08333, 8]},
			"faces": {
				"north": {"uv": [0, 0, 2.125, 2.125], "texture": "#11"},
				"east": {"uv": [4.75, 5.5, 5.125, 7.625], "texture": "#11"},
				"south": {"uv": [0, 2.25, 2.125, 4.375], "texture": "#11"},
				"west": {"uv": [5.75, 4.5, 6.125, 6.625], "texture": "#11"},
				"up": {"uv": [8.375, 0.375, 6.25, 0], "texture": "#11"},
				"down": {"uv": [8.375, 0.5, 6.25, 0.875], "texture": "#11"}
			}
		},
		{
			"from": [5.66667, 24, 6.83333],
			"to": [11.66667, 18, 7.83333],
			"rotation": {"angle": 0, "axis": "y", "origin": [8.16667, 20.91667, 8]},
			"faces": {
				"north": {"uv": [2.25, 4, 3.75, 5.5], "texture": "#11"},
				"east": {"uv": [6, 6.75, 6.25, 8.25], "texture": "#11"},
				"south": {"uv": [3.75, 4, 5.25, 5.5], "texture": "#11"},
				"west": {"uv": [0, 7.75, 0.25, 9.25], "texture": "#11"},
				"up": {"uv": [9.25, 5.25, 7.75, 5], "texture": "#11"},
				"down": {"uv": [9.25, 5.25, 7.75, 5.5], "texture": "#11"}
			}
		}
	],
	"gui_light": "front",
	"display": {
		"thirdperson_righthand": {
			"rotation": [0, 90, 0],
			"translation": [0.5, 1, 1.5],
			"scale": [0.9, 0.9, 0.9]
		},
		"thirdperson_lefthand": {
			"rotation": [0, 90, 0],
			"translation": [0.5, 1, 1.5],
			"scale": [0.9, 0.9, 0.9]
		},
		"firstperson_righthand": {
			"rotation": [180, 90, -180],
			"translation": [0.5, 1.25, 0.5],
			"scale": [0.7, 0.7, 0.7]
		},
		"firstperson_lefthand": {
			"rotation": [180, 90, -180],
			"translation": [0.5, 1.25, 0.5],
			"scale": [0.7, 0.7, 0.7]
		},
		"ground": {
			"rotation": [45, 0, 0],
			"translation": [0, 4, 0],
			"scale": [0.6, 0.6, 0.6]
		},
		"gui": {
			"rotation": [-180, 0, -136],
			"translation": [-0.25, -1, 0],
			"scale": [0.5, 0.5, 0.5]
		},
		"fixed": {
			"translation": [0, 0, -1]
		}
	},
	"groups": [
		{
			"name": "group",
			"origin": [8, 8, 8],
			"color": 0,
			"children": [
				{
					"name": "group",
					"origin": [11.46875, 17, 7.25],
					"color": 0,
					"children": [0, 1, 2, 3, 4, 5]
				},
				{
					"name": "group",
					"origin": [8, 8, 8],
					"color": 0,
					"children": [
						{
							"name": "group",
							"origin": [10.75, 8.25, 15.875],
							"color": 0,
							"children": [6, 7, 8, 9]
						},
						{
							"name": "group",
							"origin": [10.75, 8.25, 15.875],
							"color": 0,
							"children": [10, 11, 12, 13]
						},
						{
							"name": "group",
							"origin": [10.75, 8.25, 15.875],
							"color": 0,
							"children": [14, 15, 16, 17]
						},
						{
							"name": "group",
							"origin": [10.75, 8.25, 15.875],
							"color": 0,
							"children": [18, 19, 20, 21]
						}
					]
				},
				{
					"name": "group",
					"origin": [8.66667, 15.08333, 8],
					"color": 0,
					"children": [22, 23]
				},
				{
					"name": "group",
					"origin": [8.16667, 20.91667, 8],
					"color": 0,
					"children": [24, 25, 26, 27]
				}
			]
		}
	]
}