{
  "credit": "Made with Blockbench",
  "texture_size": [
    64,
    64
  ],
  "textures": {
    "0": "elitecreatures:nightclub_furniture_v2/nightclub_bar_shelf",
    "particle": "elitecreatures:nightclub_furniture_v2/nightclub_bar_shelf"
  },
  "elements": [
    {
      "from": [
        0,
        3,
        3
      ],
      "to": [
        16,
        4,
        13
      ],
      "faces": {
        "north": {
          "uv": [
            4,
            0,
            8,
            0.25
          ],
          "texture": "#0"
        },
        "east": {
          "uv": [
            4,
            0.25,
            6.5,
            0.5
          ],
          "texture": "#0"
        },
        "south": {
          "uv": [
            4,
            0,
            8,
            0.25
          ],
          "texture": "#0"
        },
        "west": {
          "uv": [
            4,
            0.25,
            6.5,
            0.5
          ],
          "texture": "#0"
        },
        "up": {
          "uv": [
            4,
            2.5,
            0,
            0
          ],
          "texture": "#0"
        },
        "down": {
          "uv": [
            4,
            0,
            0,
            2.5
          ],
          "texture": "#0"
        }
      }
    },
    {
      "from": [
        0,
        10,
        3
      ],
      "to": [
        16,
        11,
        13
      ],
      "faces": {
        "north": {
          "uv": [
            4,
            0,
            8,
            0.25
          ],
          "texture": "#0"
        },
        "east": {
          "uv": [
            4,
            0.25,
            6.5,
            0.5
          ],
          "texture": "#0"
        },
        "south": {
          "uv": [
            4,
            0,
            8,
            0.25
          ],
          "texture": "#0"
        },
        "west": {
          "uv": [
            4,
            0.25,
            6.5,
            0.5
          ],
          "texture": "#0"
        },
        "up": {
          "uv": [
            4,
            2.5,
            0,
            0
          ],
          "texture": "#0"
        },
        "down": {
          "uv": [
            4,
            0,
            0,
            2.5
          ],
          "texture": "#0"
        }
      }
    },
    {
      "from": [
        0.5,
        4.5,
        3.5
      ],
      "to": [
        15.5,
        5.5,
        12.5
      ],
      "faces": {
        "north": {
          "uv": [
            0.25,
            3,
            4,
            3.25
          ],
          "texture": "#0"
        },
        "east": {
          "uv": [
            0.25,
            3.25,
            2.5,
            3.5
          ],
          "texture": "#0"
        },
        "south": {
          "uv": [
            0.25,
            3,
            4,
            3.25
          ],
          "texture": "#0"
        },
        "west": {
          "uv": [
            0.25,
            3.25,
            2.5,
            3.5
          ],
          "texture": "#0"
        }
      }
    },
    {
      "from": [
        0.5,
        11.5,
        3.5
      ],
      "to": [
        15.5,
        12.5,
        12.5
      ],
      "faces": {
        "north": {
          "uv": [
            0.25,
            3,
            4,
            3.25
          ],
          "texture": "#0"
        },
        "east": {
          "uv": [
            0.25,
            3.25,
            2.5,
            3.5
          ],
          "texture": "#0"
        },
        "south": {
          "uv": [
            0.25,
            3,
            4,
            3.25
          ],
          "texture": "#0"
        },
        "west": {
          "uv": [
            0.25,
            3.25,
            2.5,
            3.5
          ],
          "texture": "#0"
        }
      }
    },
    {
      "from": [
        5.63486,
        11,
        8.88429
      ],
      "to": [
        8.63486,
        15,
        10.88429
      ],
      "rotation": {
        "angle": 22.5,
        "axis": "y",
        "origin": [
          7.63486,
          14.25,
          10.88429
        ]
      },
      "faces": {
        "north": {
          "uv": [
            0.375,
            3.625,
            1.125,
            4.625
          ],
          "texture": "#0"
        },
        "east": {
          "uv": [
            1.125,
            3.625,
            1.625,
            4.625
          ],
          "texture": "#0"
        },
        "south": {
          "uv": [
            0.375,
            3.625,
            1.125,
            4.625
          ],
          "texture": "#0"
        },
        "west": {
          "uv": [
            1.125,
            3.625,
            1.625,
            4.625
          ],
          "texture": "#0"
        },
        "up": {
          "uv": [
            1.125,
            5.125,
            0.375,
            4.625
          ],
          "texture": "#0"
        },
        "down": {
          "uv": [
            1.125,
            4.625,
            0.375,
            5.125
          ],
          "texture": "#0"
        }
      }
    },
    {
      "from": [
        9.38486,
        11,
        9.88429
      ],
      "to": [
        12.38486,
        16,
        12.88429
      ],
      "rotation": {
        "angle": 22.5,
        "axis": "y",
        "origin": [
          7.63486,
          14.25,
          10.88429
        ]
      },
      "faces": {
        "north": {
          "uv": [
            1.75,
            4.375,
            2.5,
            5.625
          ],
          "texture": "#0"
        },
        "east": {
          "uv": [
            1.75,
            4.375,
            2.5,
            5.625
          ],
          "texture": "#0"
        },
        "south": {
          "uv": [
            1.75,
            4.375,
            2.5,
            5.625
          ],
          "texture": "#0"
        },
        "west": {
          "uv": [
            1.75,
            4.375,
            2.5,
            5.625
          ],
          "texture": "#0"
        },
        "up": {
          "uv": [
            2.5,
            4.375,
            1.75,
            3.625
          ],
          "texture": "#0"
        },
        "down": {
          "uv": [
            2.5,
            5.625,
            1.75,
            6.375
          ],
          "texture": "#0"
        }
      }
    },
    {
      "from": [
        10.13486,
        16,
        10.63429
      ],
      "to": [
        11.63486,
        18,
        12.13429
      ],
      "rotation": {
        "angle": 22.5,
        "axis": "y",
        "origin": [
          7.63486,
          14.25,
          10.88429
        ]
      },
      "faces": {
        "north": {
          "uv": [
            2.625,
            4,
            3,
            4.5
          ],
          "texture": "#0"
        },
        "east": {
          "uv": [
            2.625,
            4,
            3,
            4.5
          ],
          "texture": "#0"
        },
        "south": {
          "uv": [
            2.625,
            4,
            3,
            4.5
          ],
          "texture": "#0"
        },
        "west": {
          "uv": [
            2.625,
            4,
            3,
            4.5
          ],
          "texture": "#0"
        },
        "up": {
          "uv": [
            3,
            4,
            2.625,
            3.625
          ],
          "texture": "#0"
        },
        "down": {
          "uv": [
            3,
            3.625,
            2.625,
            4
          ],
          "texture": "#0"
        }
      }
    },
    {
      "from": [
        13.32881,
        11,
        7.35251
      ],
      "to": [
        16.32881,
        16,
        10.35251
      ],
      "rotation": {
        "angle": 45,
        "axis": "y",
        "origin": [
          10.82881,
          15.25,
          10.10251
        ]
      },
      "faces": {
        "north": {
          "uv": [
            1.75,
            4.375,
            2.5,
            5.625
          ],
          "texture": "#0"
        },
        "east": {
          "uv": [
            1.75,
            4.375,
            2.5,
            5.625
          ],
          "texture": "#0"
        },
        "south": {
          "uv": [
            1.75,
            4.375,
            2.5,
            5.625
          ],
          "texture": "#0"
        },
        "west": {
          "uv": [
            1.75,
            4.375,
            2.5,
            5.625
          ],
          "texture": "#0"
        },
        "up": {
          "uv": [
            2.5,
            4.375,
            1.75,
            3.625
          ],
          "texture": "#0"
        },
        "down": {
          "uv": [
            2.5,
            5.625,
            1.75,
            6.375
          ],
          "texture": "#0"
        }
      }
    },
    {
      "from": [
        14.07881,
        16,
        8.10251
      ],
      "to": [
        15.57881,
        18,
        9.60251
      ],
      "rotation": {
        "angle": 45,
        "axis": "y",
        "origin": [
          10.82881,
          15.25,
          10.10251
        ]
      },
      "faces": {
        "north": {
          "uv": [
            2.625,
            4,
            3,
            4.5
          ],
          "texture": "#0"
        },
        "east": {
          "uv": [
            2.625,
            4,
            3,
            4.5
          ],
          "texture": "#0"
        },
        "south": {
          "uv": [
            2.625,
            4,
            3,
            4.5
          ],
          "texture": "#0"
        },
        "west": {
          "uv": [
            2.625,
            4,
            3,
            4.5
          ],
          "texture": "#0"
        },
        "up": {
          "uv": [
            3,
            4,
            2.625,
            3.625
          ],
          "texture": "#0"
        },
        "down": {
          "uv": [
            3,
            3.625,
            2.625,
            4
          ],
          "texture": "#0"
        }
      }
    },
    {
      "from": [
        6.03008,
        11,
        0.31655
      ],
      "to": [
        7.53008,
        13,
        1.81655
      ],
      "rotation": {
        "angle": 45,
        "axis": "y",
        "origin": [
          11.03008,
          15.25,
          5.81655
        ]
      },
      "faces": {
        "north": {
          "uv": [
            3.25,
            3.25,
            3.625,
            3.75
          ],
          "texture": "#0"
        },
        "east": {
          "uv": [
            3.25,
            3.25,
            3.625,
            3.75
          ],
          "texture": "#0"
        },
        "south": {
          "uv": [
            3.25,
            3.25,
            3.625,
            3.75
          ],
          "texture": "#0"
        },
        "west": {
          "uv": [
            3.25,
            3.25,
            3.625,
            3.75
          ],
          "texture": "#0"
        },
        "up": {
          "uv": [
            4,
            3.625,
            3.625,
            3.25
          ],
          "texture": "#0"
        },
        "down": {
          "uv": [
            4,
            3.625,
            3.625,
            4
          ],
          "texture": "#0"
        }
      }
    },
    {
      "from": [
        2.85546,
        11,
        7.18787
      ],
      "to": [
        4.35546,
        13,
        8.68787
      ],
      "rotation": {
        "angle": -22.5,
        "axis": "y",
        "origin": [
          3.60546,
          12,
          7.93787
        ]
      },
      "faces": {
        "north": {
          "uv": [
            3.25,
            3.25,
            3.625,
            3.75
          ],
          "texture": "#0"
        },
        "east": {
          "uv": [
            3.25,
            3.25,
            3.625,
            3.75
          ],
          "texture": "#0"
        },
        "south": {
          "uv": [
            3.25,
            3.25,
            3.625,
            3.75
          ],
          "texture": "#0"
        },
        "west": {
          "uv": [
            3.25,
            3.25,
            3.625,
            3.75
          ],
          "texture": "#0"
        },
        "up": {
          "uv": [
            4,
            3.625,
            3.625,
            3.25
          ],
          "rotation": 270,
          "texture": "#0"
        },
        "down": {
          "uv": [
            4,
            3.625,
            3.625,
            4
          ],
          "rotation": 90,
          "texture": "#0"
        }
      }
    },
    {
      "from": [
        5.08591,
        11,
        7.02936
      ],
      "to": [
        6.58591,
        13,
        8.52936
      ],
      "rotation": {
        "angle": -45,
        "axis": "y",
        "origin": [
          5.83591,
          12,
          7.77936
        ]
      },
      "faces": {
        "north": {
          "uv": [
            3.25,
            3.25,
            3.625,
            3.75
          ],
          "texture": "#0"
        },
        "east": {
          "uv": [
            3.25,
            3.25,
            3.625,
            3.75
          ],
          "texture": "#0"
        },
        "south": {
          "uv": [
            3.25,
            3.25,
            3.625,
            3.75
          ],
          "texture": "#0"
        },
        "west": {
          "uv": [
            3.25,
            3.25,
            3.625,
            3.75
          ],
          "texture": "#0"
        },
        "up": {
          "uv": [
            4,
            3.625,
            3.625,
            3.25
          ],
          "rotation": 270,
          "texture": "#0"
        },
        "down": {
          "uv": [
            4,
            3.625,
            3.625,
            4
          ],
          "rotation": 90,
          "texture": "#0"
        }
      }
    },
    {
      "from": [
        6.63486,
        15,
        9.38429
      ],
      "to": [
        7.63486,
        16,
        10.38429
      ],
      "rotation": {
        "angle": 22.5,
        "axis": "y",
        "origin": [
          7.63486,
          14.25,
          10.88429
        ]
      },
      "faces": {
        "north": {
          "uv": [
            1.125,
            4.625,
            1.375,
            4.875
          ],
          "texture": "#0"
        },
        "east": {
          "uv": [
            1.125,
            4.625,
            1.375,
            4.875
          ],
          "texture": "#0"
        },
        "south": {
          "uv": [
            1.125,
            4.625,
            1.375,
            4.875
          ],
          "texture": "#0"
        },
        "west": {
          "uv": [
            1.125,
            4.625,
            1.375,
            4.875
          ],
          "texture": "#0"
        },
        "up": {
          "uv": [
            1.375,
            4.875,
            1.125,
            4.625
          ],
          "texture": "#0"
        },
        "down": {
          "uv": [
            1.375,
            4.625,
            1.125,
            4.875
          ],
          "texture": "#0"
        }
      }
    },
    {
      "from": [
        1.79023,
        11,
        10.90175
      ],
      "to": [
        4.79023,
        15,
        12.90175
      ],
      "rotation": {
        "angle": -22.5,
        "axis": "y",
        "origin": [
          6.79023,
          14.25,
          10.15175
        ]
      },
      "faces": {
        "north": {
          "uv": [
            0.375,
            3.625,
            1.125,
            4.625
          ],
          "texture": "#0"
        },
        "east": {
          "uv": [
            1.125,
            3.625,
            1.625,
            4.625
          ],
          "texture": "#0"
        },
        "south": {
          "uv": [
            0.375,
            3.625,
            1.125,
            4.625
          ],
          "texture": "#0"
        },
        "west": {
          "uv": [
            1.125,
            3.625,
            1.625,
            4.625
          ],
          "texture": "#0"
        },
        "up": {
          "uv": [
            1.125,
            5.125,
            0.375,
            4.625
          ],
          "texture": "#0"
        },
        "down": {
          "uv": [
            1.125,
            4.625,
            0.375,
            5.125
          ],
          "texture": "#0"
        }
      }
    },
    {
      "from": [
        2.79023,
        15,
        11.40175
      ],
      "to": [
        3.79023,
        16,
        12.40175
      ],
      "rotation": {
        "angle": -22.5,
        "axis": "y",
        "origin": [
          6.79023,
          14.25,
          10.15175
        ]
      },
      "faces": {
        "north": {
          "uv": [
            1.125,
            4.625,
            1.375,
            4.875
          ],
          "texture": "#0"
        },
        "east": {
          "uv": [
            1.125,
            4.625,
            1.375,
            4.875
          ],
          "texture": "#0"
        },
        "south": {
          "uv": [
            1.125,
            4.625,
            1.375,
            4.875
          ],
          "texture": "#0"
        },
        "west": {
          "uv": [
            1.125,
            4.625,
            1.375,
            4.875
          ],
          "texture": "#0"
        },
        "up": {
          "uv": [
            1.375,
            4.875,
            1.125,
            4.625
          ],
          "texture": "#0"
        },
        "down": {
          "uv": [
            1.375,
            4.625,
            1.125,
            4.875
          ],
          "texture": "#0"
        }
      }
    },
    {
      "from": [
        15,
        0,
        3
      ],
      "to": [
        16,
        13,
        4
      ],
      "faces": {
        "north": {
          "uv": [
            4,
            0.5,
            4.25,
            3.75
          ],
          "texture": "#0"
        },
        "east": {
          "uv": [
            4,
            0.5,
            4.25,
            3.75
          ],
          "texture": "#0"
        },
        "south": {
          "uv": [
            4,
            0.5,
            4.25,
            3.75
          ],
          "texture": "#0"
        },
        "west": {
          "uv": [
            4,
            0.5,
            4.25,
            3.75
          ],
          "texture": "#0"
        },
        "down": {
          "uv": [
            4.25,
            3.75,
            4,
            4
          ],
          "texture": "#0"
        }
      }
    },
    {
      "from": [
        15,
        0,
        12
      ],
      "to": [
        16,
        13,
        13
      ],
      "rotation": {
        "angle": 0,
        "axis": "y",
        "origin": [
          0,
          0,
          16
        ]
      },
      "faces": {
        "north": {
          "uv": [
            4.25,
            0.5,
            4,
            3.75
          ],
          "texture": "#0"
        },
        "east": {
          "uv": [
            4.25,
            0.5,
            4,
            3.75
          ],
          "texture": "#0"
        },
        "south": {
          "uv": [
            4.25,
            0.5,
            4,
            3.75
          ],
          "texture": "#0"
        },
        "west": {
          "uv": [
            4.25,
            0.5,
            4,
            3.75
          ],
          "texture": "#0"
        },
        "down": {
          "uv": [
            4.25,
            4,
            4,
            3.75
          ],
          "texture": "#0"
        }
      }
    },
    {
      "from": [
        15,
        13,
        3
      ],
      "to": [
        16,
        14,
        13
      ],
      "faces": {
        "north": {
          "uv": [
            0.25,
            2.75,
            0.5,
            3
          ],
          "texture": "#0"
        },
        "east": {
          "uv": [
            0.25,
            2.5,
            2.75,
            2.75
          ],
          "texture": "#0"
        },
        "south": {
          "uv": [
            0.5,
            2.75,
            0.25,
            3
          ],
          "texture": "#0"
        },
        "west": {
          "uv": [
            0.25,
            2.5,
            2.75,
            2.75
          ],
          "texture": "#0"
        },
        "up": {
          "uv": [
            0.25,
            5,
            0,
            2.5
          ],
          "texture": "#0"
        },
        "down": {
          "uv": [
            0.25,
            2.5,
            0,
            5
          ],
          "texture": "#0"
        }
      }
    },
    {
      "from": [
        0,
        0,
        12
      ],
      "to": [
        1,
        13,
        13
      ],
      "rotation": {
        "angle": 0,
        "axis": "y",
        "origin": [
          16,
          0,
          16
        ]
      },
      "faces": {
        "north": {
          "uv": [
            4,
            0.5,
            4.25,
            3.75
          ],
          "texture": "#0"
        },
        "east": {
          "uv": [
            4,
            0.5,
            4.25,
            3.75
          ],
          "texture": "#0"
        },
        "south": {
          "uv": [
            4,
            0.5,
            4.25,
            3.75
          ],
          "texture": "#0"
        },
        "west": {
          "uv": [
            4,
            0.5,
            4.25,
            3.75
          ],
          "texture": "#0"
        },
        "down": {
          "uv": [
            4,
            4,
            4.25,
            3.75
          ],
          "texture": "#0"
        }
      }
    },
    {
      "from": [
        0,
        13,
        3
      ],
      "to": [
        1,
        14,
        13
      ],
      "rotation": {
        "angle": 0,
        "axis": "y",
        "origin": [
          16,
          0,
          0
        ]
      },
      "faces": {
        "north": {
          "uv": [
            0.5,
            2.75,
            0.25,
            3
          ],
          "texture": "#0"
        },
        "east": {
          "uv": [
            2.75,
            2.5,
            0.25,
            2.75
          ],
          "texture": "#0"
        },
        "south": {
          "uv": [
            0.25,
            2.75,
            0.5,
            3
          ],
          "texture": "#0"
        },
        "west": {
          "uv": [
            2.75,
            2.5,
            0.25,
            2.75
          ],
          "texture": "#0"
        },
        "up": {
          "uv": [
            0,
            5,
            0.25,
            2.5
          ],
          "texture": "#0"
        },
        "down": {
          "uv": [
            0,
            2.5,
            0.25,
            5
          ],
          "texture": "#0"
        }
      }
    },
    {
      "from": [
        0,
        0,
        3
      ],
      "to": [
        1,
        13,
        4
      ],
      "rotation": {
        "angle": 0,
        "axis": "y",
        "origin": [
          16,
          0,
          0
        ]
      },
      "faces": {
        "north": {
          "uv": [
            4.25,
            0.5,
            4,
            3.75
          ],
          "texture": "#0"
        },
        "east": {
          "uv": [
            4.25,
            0.5,
            4,
            3.75
          ],
          "texture": "#0"
        },
        "south": {
          "uv": [
            4.25,
            0.5,
            4,
            3.75
          ],
          "texture": "#0"
        },
        "west": {
          "uv": [
            4.25,
            0.5,
            4,
            3.75
          ],
          "texture": "#0"
        },
        "down": {
          "uv": [
            4,
            3.75,
            4.25,
            4
          ],
          "texture": "#0"
        }
      }
    }
  ],
  "gui_light": "front",
  "display": {
    "thirdperson_righthand": {
      "scale": [
        0.36,
        0.36,
        0.36
      ]
    },
    "thirdperson_lefthand": {
      "scale": [
        0.36,
        0.36,
        0.36
      ]
    },
    "firstperson_righthand": {
      "scale": [
        0.63,
        0.63,
        0.63
      ]
    },
    "firstperson_lefthand": {
      "scale": [
        0.63,
        0.63,
        0.63
      ]
    },
    "ground": {
      "translation": [
        0,
        3,
        0
      ],
      "scale": [
        0.51,
        0.51,
        0.51
      ]
    },
    "gui": {
      "rotation": [
        30,
        225,
        0
      ],
      "scale": [
        0.5,
        0.5,
        0.5
      ]
    },
    "head": {
      "rotation": [
        0,
        180,
        0
      ],
      "translation": [
        0,
        -30.25,
        0
      ],
      "scale": [
        1.6,
        1.6,
        1.6
      ]
    },
    "fixed": {
      "rotation": [
        0,
        180,
        0
      ],
      "translation": [
        0,
        0,
        -3.5
      ]
    }
  }
}