{"textures":{"0":"modelengine:entity/boost"},"elements":[{"from":[-0.70167065,5.428571,7.714286],"to":[5.5840445,6.5714283,8.285714],"rotation":{"angle":45.0,"axis":"z","origin":[0.4411869,11.714286,8.0]},"faces":{"east":{"uv":[9.0,13.0,9.5,13.5],"rotation":0,"texture":"#0","tintindex":0},"south":{"uv":[3.5,0.5,4.0,1.0],"rotation":0,"texture":"#0","tintindex":0},"north":{"uv":[4.0,1.0,4.5,1.5],"rotation":0,"texture":"#0","tintindex":0},"west":{"uv":[8.5,13.0,10.0,13.5],"rotation":0,"texture":"#0","tintindex":0},"up":{"uv":[9.5,13.0,10.5,13.5],"rotation":0,"texture":"#0","tintindex":0},"down":{"uv":[9.0,13.0,9.5,13.5],"rotation":0,"texture":"#0","tintindex":0}}},{"from":[1.0126152,9.428572,7.714286],"to":[5.5840445,10.571428,8.285714],"rotation":{"angle":45.0,"axis":"z","origin":[0.4411869,15.714286,8.0]},"faces":{"east":{"uv":[9.0,13.0,9.5,13.5],"rotation":0,"texture":"#0","tintindex":0},"south":{"uv":[3.5,0.5,4.0,1.0],"rotation":0,"texture":"#0","tintindex":0},"north":{"uv":[4.0,1.0,4.5,1.5],"rotation":0,"texture":"#0","tintindex":0},"west":{"uv":[8.5,13.0,10.0,13.5],"rotation":0,"texture":"#0","tintindex":0},"up":{"uv":[9.5,13.0,10.5,13.5],"rotation":0,"texture":"#0","tintindex":0},"down":{"uv":[9.0,13.0,9.5,13.5],"rotation":0,"texture":"#0","tintindex":0}}},{"from":[10.987384,5.428571,7.714286],"to":[16.130241,6.5714283,8.285714],"rotation":{"angle":-45.0,"axis":"z","origin":[14.987385,11.714286,8.0]},"faces":{"east":{"uv":[10.0,13.0,8.5,13.5],"rotation":0,"texture":"#0","tintindex":0},"south":{"uv":[4.0,0.5,3.5,1.0],"rotation":0,"texture":"#0","tintindex":0},"north":{"uv":[4.5,1.0,4.0,1.5],"rotation":0,"texture":"#0","tintindex":0},"west":{"uv":[0.5,0.0,0.0,1.0],"rotation":0,"texture":"#0","tintindex":0},"up":{"uv":[10.5,13.0,9.5,13.5],"rotation":0,"texture":"#0","tintindex":0},"down":{"uv":[9.5,13.0,9.0,13.5],"rotation":0,"texture":"#0","tintindex":0}}},{"from":[10.987384,9.428572,7.714286],"to":[14.4159565,10.571428,8.285714],"rotation":{"angle":-45.0,"axis":"z","origin":[14.987385,15.714286,8.0]},"faces":{"east":{"uv":[10.0,13.0,8.5,13.5],"rotation":0,"texture":"#0","tintindex":0},"south":{"uv":[4.0,0.5,3.5,1.0],"rotation":0,"texture":"#0","tintindex":0},"north":{"uv":[4.5,1.0,4.0,1.5],"rotation":0,"texture":"#0","tintindex":0},"west":{"uv":[0.5,0.0,0.0,1.0],"rotation":0,"texture":"#0","tintindex":0},"up":{"uv":[10.5,13.0,9.5,13.5],"rotation":0,"texture":"#0","tintindex":0},"down":{"uv":[9.5,13.0,9.0,13.5],"rotation":0,"texture":"#0","tintindex":0}}}],"display":{"head":{"translation":[0.0,-6.4,0.0],"scale":[4.0,4.0,4.0]}}}