{
	"credit": "Made with Blockbench",
	"texture_size": [64, 64],
	"textures": {
		"0": "minehammer:item/valentines/valentines_teddy_bear",
		"particle": "minehammer:item/valentines/valentines_teddy_bear"
	},
	"elements": [
		{
			"from": [10, 0.025, 3],
			"to": [13, 3.025, 10],
			"rotation": {"angle": -22.5, "axis": "y", "origin": [11.5, 1.525, 6.5]},
			"faces": {
				"north": {"uv": [2.25, 6, 3, 6.75], "texture": "#0"},
				"east": {"uv": [4, 4, 5.75, 4.75], "texture": "#0"},
				"south": {"uv": [5.25, 6.25, 6, 7], "texture": "#0"},
				"west": {"uv": [2, 4.5, 3.75, 5.25], "texture": "#0"},
				"up": {"uv": [4.5, 6.5, 3.75, 4.75], "texture": "#0"},
				"down": {"uv": [5.25, 4.75, 4.5, 6.5], "texture": "#0"}
			}
		},
		{
			"from": [3, 0.025, 3],
			"to": [6, 3.025, 9],
			"rotation": {"angle": 22.5, "axis": "y", "origin": [4.5, 1.525, 6]},
			"faces": {
				"north": {"uv": [6, 6.5, 6.75, 7.25], "texture": "#0"},
				"east": {"uv": [0, 5, 1.5, 5.75], "texture": "#0"},
				"south": {"uv": [2.25, 6.75, 3, 7.5], "texture": "#0"},
				"west": {"uv": [1.5, 5.25, 3, 6], "texture": "#0"},
				"up": {"uv": [3.75, 6.75, 3, 5.25], "texture": "#0"},
				"down": {"uv": [6, 4.75, 5.25, 6.25], "texture": "#0"}
			}
		},
		{
			"from": [10, 6, 4],
			"to": [13, 9, 10],
			"rotation": {"angle": 0, "axis": "y", "origin": [0, 0, 1]},
			"faces": {
				"north": {"uv": [3, 6.75, 3.75, 7.5], "texture": "#0"},
				"east": {"uv": [5.5, 0, 7, 0.75], "texture": "#0"},
				"south": {"uv": [6.75, 6.5, 7.5, 7.25], "texture": "#0"},
				"west": {"uv": [5.5, 0.75, 7, 1.5], "texture": "#0"},
				"up": {"uv": [6.25, 3, 5.5, 1.5], "texture": "#0"},
				"down": {"uv": [0.75, 5.75, 0, 7.25], "texture": "#0"}
			}
		},
		{
			"from": [3, 6, 4],
			"to": [6, 9, 10],
			"rotation": {"angle": 0, "axis": "y", "origin": [0, 0, 1]},
			"faces": {
				"north": {"uv": [7, 0, 7.75, 0.75], "texture": "#0"},
				"east": {"uv": [5.5, 3, 7, 3.75], "texture": "#0"},
				"south": {"uv": [7, 0.75, 7.75, 1.5], "texture": "#0"},
				"west": {"uv": [5.75, 3.75, 7.25, 4.5], "texture": "#0"},
				"up": {"uv": [0.75, 7.25, 1.5, 5.75], "texture": "#0"},
				"down": {"uv": [2.25, 6, 1.5, 7.5], "texture": "#0"}
			}
		},
		{
			"from": [4, 0, 8],
			"to": [12, 10, 12],
			"rotation": {"angle": 0, "axis": "y", "origin": [0, 0, 1]},
			"faces": {
				"north": {"uv": [0, 0, 2, 2.5], "texture": "#0"},
				"east": {"uv": [0, 2.5, 1, 5], "texture": "#0"},
				"south": {"uv": [2, 0, 4, 2.5], "texture": "#0"},
				"west": {"uv": [1, 2.5, 2, 5], "texture": "#0"},
				"up": {"uv": [4, 3.5, 2, 2.5], "texture": "#0"},
				"down": {"uv": [4, 3.5, 2, 4.5], "texture": "#0"}
			}
		},
		{
			"from": [5, 10, 7],
			"to": [11, 14, 11],
			"rotation": {"angle": 0, "axis": "y", "origin": [0, 0, 1]},
			"faces": {
				"north": {"uv": [4, 0, 5.5, 1], "texture": "#0"},
				"east": {"uv": [6, 4.5, 7, 5.5], "texture": "#0"},
				"south": {"uv": [4, 1, 5.5, 2], "texture": "#0"},
				"west": {"uv": [6, 5.5, 7, 6.5], "texture": "#0"},
				"up": {"uv": [5.5, 3, 4, 2], "texture": "#0"},
				"down": {"uv": [5.5, 3, 4, 4], "texture": "#0"}
			}
		},
		{
			"from": [7, 10, 5],
			"to": [9, 12, 7],
			"rotation": {"angle": 0, "axis": "y", "origin": [0, 0, 1]},
			"faces": {
				"north": {"uv": [6.25, 2.5, 6.75, 3], "texture": "#0"},
				"east": {"uv": [6.75, 2.5, 7, 3], "texture": "#0"},
				"south": {"uv": [4.75, 6.5, 5.25, 7], "texture": "#0"},
				"west": {"uv": [0, 7.5, 0.25, 8], "texture": "#0"},
				"up": {"uv": [2, 5.25, 1.5, 5], "texture": "#0"},
				"down": {"uv": [0.75, 7.5, 0.25, 7.75], "texture": "#0"}
			}
		},
		{
			"from": [6, 14, 7],
			"to": [10, 15, 11],
			"rotation": {"angle": 0, "axis": "y", "origin": [0, 0, 1]},
			"faces": {
				"north": {"uv": [0, 7.25, 1, 7.5], "texture": "#0"},
				"east": {"uv": [7.25, 1.5, 8.25, 1.75], "texture": "#0"},
				"south": {"uv": [7.25, 1.75, 8.25, 2], "texture": "#0"},
				"west": {"uv": [7.25, 2, 8.25, 2.25], "texture": "#0"},
				"up": {"uv": [7.25, 2.5, 6.25, 1.5], "texture": "#0"},
				"down": {"uv": [4.75, 6.5, 3.75, 7.5], "texture": "#0"}
			}
		},
		{
			"from": [10, 13, 9],
			"to": [13, 16, 10],
			"rotation": {"angle": 0, "axis": "y", "origin": [0, 0, 1]},
			"faces": {
				"north": {"uv": [7, 2.5, 7.75, 3.25], "texture": "#0"},
				"east": {"uv": [5.5, 7, 5.75, 7.75], "texture": "#0"},
				"south": {"uv": [7, 4.5, 7.75, 5.25], "texture": "#0"},
				"west": {"uv": [5.75, 7, 6, 7.75], "texture": "#0"},
				"up": {"uv": [8, 4.25, 7.25, 4], "texture": "#0"},
				"down": {"uv": [8, 4.25, 7.25, 4.5], "texture": "#0"}
			}
		},
		{
			"from": [3, 13, 9],
			"to": [6, 16, 10],
			"rotation": {"angle": 0, "axis": "y", "origin": [0, 0, 1]},
			"faces": {
				"north": {"uv": [4.75, 7, 5.5, 7.75], "texture": "#0"},
				"east": {"uv": [1, 7.25, 1.25, 8], "texture": "#0"},
				"south": {"uv": [7, 5.25, 7.75, 6], "texture": "#0"},
				"west": {"uv": [1.25, 7.25, 1.5, 8], "texture": "#0"},
				"up": {"uv": [6.75, 7.5, 6, 7.25], "texture": "#0"},
				"down": {"uv": [7.5, 7.25, 6.75, 7.5], "texture": "#0"}
			}
		},
		{
			"from": [6, 6, 5],
			"to": [10, 8, 6],
			"rotation": {"angle": 0, "axis": "y", "origin": [0, 0, 1]},
			"faces": {
				"north": {"uv": [7, 3.25, 8, 3.75], "texture": "#0"},
				"east": {"uv": [0.75, 7.5, 1, 8], "texture": "#0"},
				"south": {"uv": [7, 6, 8, 6.5], "texture": "#0"},
				"west": {"uv": [1.5, 7.5, 1.75, 8], "texture": "#0"},
				"up": {"uv": [8.25, 2.5, 7.25, 2.25], "texture": "#0"},
				"down": {"uv": [8.25, 3.75, 7.25, 4], "texture": "#0"}
			}
		},
		{
			"from": [9, 8, 5],
			"to": [10, 9, 6],
			"rotation": {"angle": 0, "axis": "y", "origin": [0, 0, 1]},
			"faces": {
				"north": {"uv": [3.75, 4.5, 4, 4.75], "texture": "#0"},
				"east": {"uv": [5.5, 3.75, 5.75, 4], "texture": "#0"},
				"south": {"uv": [5.75, 4.5, 6, 4.75], "texture": "#0"},
				"west": {"uv": [3.75, 7.5, 4, 7.75], "texture": "#0"},
				"up": {"uv": [4.25, 7.75, 4, 7.5], "texture": "#0"}
			}
		},
		{
			"from": [6, 8, 5],
			"to": [7, 9, 6],
			"rotation": {"angle": 0, "axis": "y", "origin": [0, 0, 1]},
			"faces": {
				"north": {"uv": [4.5, 7.5, 4.75, 7.75], "texture": "#0"},
				"east": {"uv": [6, 7.5, 6.25, 7.75], "texture": "#0"},
				"south": {"uv": [6.25, 7.5, 6.5, 7.75], "texture": "#0"},
				"west": {"uv": [6.5, 7.5, 6.75, 7.75], "texture": "#0"},
				"up": {"uv": [7.75, 6.75, 7.5, 6.5], "texture": "#0"}
			}
		},
		{
			"from": [7, 5, 5],
			"to": [9, 6, 6],
			"rotation": {"angle": 0, "axis": "y", "origin": [0, 0, 1]},
			"faces": {
				"north": {"uv": [1.75, 7.5, 2.25, 7.75], "texture": "#0"},
				"east": {"uv": [7.5, 6.75, 7.75, 7], "texture": "#0"},
				"south": {"uv": [2.25, 7.5, 2.75, 7.75], "texture": "#0"},
				"west": {"uv": [7, 7.5, 7.25, 7.75], "texture": "#0"},
				"down": {"uv": [3.75, 7.5, 3.25, 7.75], "texture": "#0"}
			}
		}
	],
	"display": {
		"firstperson_righthand": {
			"rotation": [0, 125, 0]
		},
		"firstperson_lefthand": {
			"rotation": [0, 125, 0]
		},
		"gui": {
			"rotation": [0, 180, 0]
		},
		"head": {
			"rotation": [0, 180, 0],
			"translation": [0, -50, 8.75],
			"scale": [1.4, 1.4, 1.4]
		}
	},
	"groups": [
		{
			"name": "bear",
			"origin": [0, 0, 0],
			"color": 0,
			"children": [0, 1, 2, 3, 4, 5, 6, 7, 8, 9]
		},
		{
			"name": "heart",
			"origin": [0, 0, 0],
			"color": 0,
			"children": [10, 11, 12, 13]
		}
	]
}